timestamp,pm2_5,pm10,temperature,humidity,pressure,gas_resistance,mq135,aqi
2026-06-25T07:44:22.229Z,19.4,21.4,33.5,49.8,999,123.2,336,66
2026-06-25T07:44:22.248Z,19.2,21.2,33.5,49.8,999,123.5,336,65
2026-06-25T07:44:23.055Z,18.8,20.8,33.5,49.8,999,123.7,335,65
2026-06-25T07:44:24.028Z,18.6,20.6,33.5,49.8,999,123.9,334,64
2026-06-25T07:44:25.032Z,18.4,20.4,33.5,49.8,999,124.1,335,64
2026-06-25T07:44:26.254Z,18.4,20.4,33.5,49.8,999,124.3,335,64
2026-06-25T07:44:27.020Z,18.4,20.4,33.5,49.8,999,124.6,334,64
2026-06-25T07:44:28.020Z,18.6,20.6,33.6,49.8,999,124.8,333,64
2026-06-25T07:44:29.002Z,18.8,20.6,33.6,49.8,999,125,333,65
2026-06-25T07:44:30.013Z,19,20.6,33.6,49.8,999,125.2,333,65
2026-06-25T07:44:31.052Z,19,20.4,33.6,49.8,999,125.4,333,65
2026-06-25T07:44:32.038Z,18.8,20.2,33.6,49.8,999,125.6,333,65
2026-06-25T07:44:33.016Z,18.6,20,33.6,49.8,999,125.8,333,64
2026-06-25T07:44:34.027Z,18.4,20,33.6,49.8,999,126,333,64
2026-06-25T07:44:35.024Z,18.4,20.2,33.6,49.8,999,126.2,333,64
2026-06-25T07:44:36.021Z,18.6,20.4,33.6,49.8,999,126.4,333,64
2026-06-25T07:44:37.008Z,19,20.6,33.6,49.8,999,126.6,333,65
2026-06-25T07:44:38.023Z,19.2,20.6,33.6,49.8,999,126.8,334,65
2026-06-25T07:44:39.049Z,19.4,20.6,33.6,49.8,999,127,335,66
2026-06-25T07:44:40.024Z,19.4,20.4,33.6,49.8,999,127.2,335,66
2026-06-25T07:44:41.077Z,19.4,20.6,33.6,49.8,999,127.3,336,66
2026-06-25T07:44:42.019Z,19.4,20.8,33.6,49.8,999,127.5,335,66
2026-06-25T07:44:43.021Z,19.4,20.8,33.6,49.8,999,127.7,335,66
2026-06-25T07:44:44.005Z,19.6,21.2,33.6,49.8,999,127.9,334,66
2026-06-25T07:44:45.024Z,19.8,21.6,33.6,49.8,999,128.1,334,67
2026-06-25T07:44:46.033Z,20,22,33.6,49.8,999,128.2,333,67
2026-06-25T07:44:47.021Z,19.8,21.6,33.6,49.8,999,128.4,334,67
2026-06-25T07:44:48.031Z,19.6,21.2,33.6,49.8,999,128.6,333,66
2026-06-25T07:44:49.577Z,19.4,20.8,33.6,49.9,999,128.7,332,66
2026-06-25T07:44:50.011Z,19.4,20.6,33.6,49.9,999,128.9,332,66
2026-06-25T07:44:51.032Z,19.4,20.4,33.6,49.9,999,129.1,332,66
2026-06-25T07:44:52.027Z,19.6,20.6,33.6,49.9,999,129.3,331,66
2026-06-25T07:44:53.081Z,19.6,20.6,33.6,49.9,999,129.5,331,66
2026-06-25T07:44:54.017Z,19.6,20.6,33.6,49.9,999,129.6,331,66
2026-06-25T07:44:55.029Z,19.4,20.4,33.6,49.9,999,129.8,331,66
2026-06-25T07:44:56.032Z,19.4,20.4,33.6,49.9,999,130,331,66
2026-06-25T07:44:57.014Z,19.2,20.2,33.6,49.9,999,130.2,331,65
2026-06-25T07:44:58.037Z,19.2,20.2,33.6,49.9,999,130.3,331,65
2026-06-25T07:44:59.045Z,19.2,20.2,33.6,49.9,999,130.5,331,65
2026-06-25T07:45:00.026Z,19.2,20.2,33.6,49.9,999,130.6,333,65
2026-06-25T07:45:01.025Z,19,20,33.6,49.9,999,130.8,333,65
2026-06-25T07:45:02.024Z,18.8,19.8,33.6,49.9,999,130.9,333,65
2026-06-25T07:45:03.022Z,18.6,19.6,33.6,49.9,999,131.1,333,64
2026-06-25T07:45:04.037Z,18.6,19.6,33.6,49.9,999,131.2,333,64
2026-06-25T07:45:05.040Z,18.6,19.6,33.6,49.9,999,131.4,334,64
2026-06-25T07:45:06.030Z,18.6,19.6,33.6,49.9,999,131.5,333,64
2026-06-25T07:45:07.084Z,18.6,19.6,33.6,49.9,999,131.6,333,64
2026-06-25T07:45:08.020Z,18.8,19.8,33.6,49.9,999,131.7,333,65
2026-06-25T07:45:09.009Z,19,20,33.6,49.9,999,131.9,332,65
2026-06-25T07:45:10.036Z,19,20,33.6,49.9,999,132.1,332,65
2026-06-25T07:45:11.049Z,19,20,33.6,49.9,999,132.2,332,65
2026-06-25T07:45:12.024Z,19,20,33.6,49.9,999,132.3,332,65
2026-06-25T07:45:13.022Z,19,20,33.6,49.9,999,132.5,331,65
2026-06-25T07:45:14.048Z,18.8,19.8,33.6,49.9,999,132.5,331,65
2026-06-25T07:45:15.012Z,18.6,19.6,33.6,49.9,999,132.6,331,64
2026-06-25T07:45:16.013Z,18.4,19.4,33.6,49.9,999,132.8,331,64
2026-06-25T07:45:17.039Z,18.4,19.4,33.6,49.9,999,133,331,64
2026-06-25T07:45:18.016Z,18.4,19.4,33.6,49.9,999,133.1,331,64
2026-06-25T07:45:19.009Z,18.6,19.8,33.6,49.9,999,133.3,331,64
2026-06-25T07:45:20.021Z,18.8,20.2,33.6,49.9,999,133.4,331,65
2026-06-25T07:45:21.027Z,19,20.6,33.6,49.9,999,133.5,331,65
2026-06-25T07:45:22.037Z,19,20.8,33.6,49.9,999,133.7,331,65
2026-06-25T07:45:23.012Z,19,21,33.6,49.9,999,133.8,331,65
2026-06-25T07:45:24.054Z,19,21,33.6,49.9,999,133.9,333,65
2026-06-25T07:45:25.028Z,19,21,33.6,49.9,999,134,333,65
2026-06-25T07:45:26.029Z,19,21,33.6,49.9,999,134.2,333,65
2026-06-25T07:45:27.035Z,19,21,33.6,49.9,999,134.3,333,65
2026-06-25T07:45:28.024Z,19,21,33.6,49.9,999,134.5,333,65
2026-06-25T07:45:29.021Z,18.8,20.8,33.6,49.9,999,134.6,333,65
2026-06-25T07:45:30.026Z,18.6,20.6,33.6,49.9,999,134.7,332,64
2026-06-25T07:45:31.023Z,18.4,20.4,33.6,49.9,999,134.8,332,64
2026-06-25T07:45:32.027Z,18.2,20.2,33.6,49.9,999,134.9,330,63
2026-06-25T07:45:33.055Z,18,20.2,33.6,49.9,999,135,330,63
2026-06-25T07:45:34.020Z,18,20.4,33.6,49.9,999,135.1,330,63
2026-06-25T07:45:35.030Z,18.2,20.8,33.6,49.9,999,135.1,330,63
2026-06-25T07:45:36.052Z,18.4,21.2,33.6,49.9,999,135.4,329,64
2026-06-25T07:45:37.024Z,18.6,21.8,33.6,49.9,999,135.5,329,64
2026-06-25T07:45:38.018Z,18.8,22.2,33.6,49.9,998.9,135.6,330,65
2026-06-25T07:45:39.039Z,19,22.6,33.6,49.9,998.9,135.7,329,65
2026-06-25T07:45:40.076Z,19,22.8,33.6,49.9,998.9,135.8,326,65
2026-06-25T07:45:41.034Z,18.8,22.8,33.6,49.9,999,135.9,329,65
2026-06-25T07:45:42.025Z,18.6,22.6,33.6,49.9,999,136,330,64
2026-06-25T07:45:43.030Z,18.4,22.4,33.6,49.9,999,136.1,330,64
2026-06-25T07:45:44.045Z,18.4,22.4,33.6,49.9,999,136.2,329,64
2026-06-25T07:45:45.020Z,18.2,22.2,33.6,49.9,999,136.3,330,63
2026-06-25T07:45:46.014Z,18,22,33.6,49.9,999,136.4,330,63
2026-06-25T07:45:47.020Z,17.8,21.8,33.6,49.9,999,136.5,331,62
2026-06-25T07:45:48.040Z,17.6,21.6,33.6,50,999,136.6,330,62
2026-06-25T07:45:49.022Z,17.2,21.2,33.6,49.9,999,136.7,331,61
2026-06-25T07:45:50.024Z,17.2,21.2,33.6,49.9,999,136.8,331,61
2026-06-25T07:45:51.014Z,17,21,33.7,49.9,999,136.9,331,61
2026-06-25T07:45:52.007Z,17,21,33.7,49.9,999,137.1,331,61
2026-06-25T07:45:52.989Z,17.4,21.4,33.7,49.9,999,137.2,330,62
2026-06-25T07:45:54.038Z,17.8,21.8,33.7,49.9,999,137.3,329,62
2026-06-25T07:45:55.079Z,18.2,22.4,33.7,49.9,999,137.4,330,63
2026-06-25T07:45:56.028Z,18.6,22.8,33.7,49.9,999,137.5,330,64
2026-06-25T07:45:57.081Z,19,23.2,33.7,49.9,999,137.5,329,65
2026-06-25T07:45:58.018Z,19,23.4,33.7,49.9,999,137.6,329,65
2026-06-25T07:45:59.031Z,19.2,23.8,33.7,49.9,999,137.7,329,65
2026-06-25T07:46:00.028Z,19.6,24,33.7,49.9,999,137.8,329,66
2026-06-25T07:46:01.014Z,20,24.6,33.7,49.9,999,137.9,329,67
2026-06-25T07:46:02.046Z,20.4,25.2,33.7,49.9,999,137.9,329,68
2026-06-25T07:46:03.021Z,20.8,25.6,33.7,49.9,999,137.9,329,69
2026-06-25T07:46:04.022Z,21,25.8,33.7,50,999,138,329,69
2026-06-25T07:46:05.025Z,20.8,25.8,33.7,50,999,138.1,329,69
2026-06-25T07:46:06.028Z,20.6,25.6,33.7,50,999,138.2,329,68
2026-06-25T07:46:07.010Z,20.6,25.6,33.7,50,999,138.2,329,68
2026-06-25T07:46:07.987Z,20.6,25.6,33.7,50,999,138.3,331,68
2026-06-25T07:46:09.038Z,20.8,25.4,33.7,50,999,138.3,331,69
2026-06-25T07:46:10.031Z,21,25.4,33.7,50,999,138.4,331,69
2026-06-25T07:46:16.837Z,21.2,25.4,33.7,50,999,138.5,331,70
2026-06-25T07:46:17.149Z,21.2,25.2,33.7,50,999,138.7,331,70
2026-06-25T07:46:17.150Z,21.2,25.2,33.7,50,999,138.7,331,70
2026-06-25T07:46:17.151Z,21,24.6,33.7,50,999,138.8,331,69
2026-06-25T07:46:17.151Z,20.6,24.2,33.7,50,999,138.8,331,68
2026-06-25T07:46:17.152Z,20.4,23.8,33.7,49.9,999,138.9,331,68
2026-06-25T07:46:17.152Z,20.2,23.2,33.7,49.9,999,139,331,68
2026-06-25T07:46:18.028Z,20,22.6,33.7,49.9,999,139.1,330,67
2026-06-25T07:46:19.010Z,20,22.4,33.7,49.9,999,139.2,327,67
2026-06-25T07:46:20.015Z,20.2,22.4,33.7,49.9,999,139.2,327,68
2026-06-25T07:46:21.016Z,20.4,22.4,33.7,49.9,999,139.3,327,68
2026-06-25T07:46:22.040Z,20.6,22.6,33.7,49.9,999,139.4,327,68
2026-06-25T07:46:23.082Z,20.8,22.8,33.7,49.9,999,139.5,327,69
2026-06-25T07:46:24.035Z,21,23,33.7,49.9,999,139.6,327,69
2026-06-25T07:46:25.040Z,21,23,33.7,49.9,999,139.6,327,69
2026-06-25T07:46:26.009Z,20.8,22.8,33.7,49.9,999,139.6,327,69
2026-06-25T07:46:27.050Z,20.6,22.6,33.7,49.9,999,139.7,326,68
2026-06-25T07:46:28.056Z,20.6,22.6,33.7,49.9,999,139.8,327,68
2026-06-25T07:46:29.012Z,20.6,22.6,33.7,49.9,999,139.8,327,68
2026-06-25T07:46:30.019Z,20.6,22.6,33.7,49.9,999,140,327,68
2026-06-25T07:46:31.019Z,20.6,22.6,33.7,49.9,999,140,327,68
2026-06-25T07:46:32.014Z,20.6,22.6,33.7,49.9,999,140.1,330,68
2026-06-25T07:46:33.040Z,20.4,22.4,33.7,49.9,999,140.1,330,68
2026-06-25T07:46:34.043Z,20.2,22.2,33.7,49.9,999,140.2,330,68
2026-06-25T07:46:35.026Z,20.2,22.2,33.7,49.9,999,140.3,330,68
2026-06-25T07:46:36.007Z,20,22,33.7,49.9,999,140.3,330,67
2026-06-25T07:46:37.015Z,20,22,33.7,49.9,999,140.4,330,67
2026-06-25T07:46:38.058Z,20,22,33.7,49.9,999,140.4,330,67
2026-06-25T07:46:39.033Z,20,22,33.7,49.9,999,140.5,327,67
2026-06-25T07:46:40.089Z,20,22.2,33.7,49.9,999,140.5,327,67
2026-06-25T07:46:41.032Z,20,22.4,33.7,49.9,999,140.5,327,67
2026-06-25T07:46:42.022Z,20,22.6,33.7,49.9,999,140.6,328,67
2026-06-25T07:46:43.026Z,20,22.8,33.7,49.9,999,140.6,328,67
2026-06-25T07:46:44.086Z,20.2,23.2,33.8,49.9,999,140.7,327,68
2026-06-25T07:46:45.037Z,20.4,23.4,33.8,49.9,999,140.7,327,68
2026-06-25T07:46:46.023Z,20.6,23.6,33.8,49.9,999,140.7,327,68
2026-06-25T07:46:47.040Z,20.8,23.8,33.8,49.9,999,140.8,327,69
2026-06-25T07:46:48.103Z,21,24,33.8,49.9,999,140.8,327,69
2026-06-25T07:46:49.095Z,20.8,23.8,33.8,49.9,999,140.9,328,69
2026-06-25T07:46:50.203Z,20.6,23.6,33.8,49.9,999,141,329,68
2026-06-25T07:46:51.023Z,20.4,23.2,33.8,49.9,999,141,329,68
2026-06-25T07:46:52.043Z,20.4,23,33.8,49.9,999,141,326,68
2026-06-25T07:46:53.010Z,20.4,22.8,33.8,49.9,999,141.1,326,68
2026-06-25T07:46:54.032Z,20.6,22.8,33.8,49.9,999,141.1,325,68
2026-06-25T07:46:55.049Z,20.6,22.6,33.8,49.9,999,141.2,326,68
2026-06-25T07:46:56.033Z,20.6,22.6,33.8,49.9,999,141.3,325,68
2026-06-25T07:46:57.013Z,20.4,22.4,33.8,49.9,999,141.4,326,68
2026-06-25T07:46:58.086Z,20.4,22.4,33.8,49.9,999,141.4,326,68
2026-06-25T07:46:59.035Z,20.4,22.4,33.8,49.9,999,141.4,327,68
2026-06-25T07:47:00.033Z,20.4,22.4,33.8,49.9,999,141.5,327,68
2026-06-25T07:47:01.011Z,20.6,22.6,33.8,49.9,999,141.5,326,68
2026-06-25T07:47:02.033Z,20.6,22.6,33.8,49.9,999,141.5,326,68
2026-06-25T07:47:03.025Z,20.8,22.6,33.8,49.9,999,141.5,327,69
2026-06-25T07:47:04.028Z,20.8,22.4,33.8,49.9,999,141.5,326,69
2026-06-25T07:47:05.033Z,21,22.4,33.8,49.9,999,141.5,326,69
2026-06-25T07:47:06.024Z,21.2,22.4,33.8,49.9,999,141.6,326,70
2026-06-25T07:47:07.031Z,21.4,22.6,33.8,49.9,999,141.6,326,70
2026-06-25T07:47:08.046Z,21.4,22.8,33.8,50,999,141.7,327,70
2026-06-25T07:47:09.069Z,21.4,23,33.8,50,999,141.7,326,70
2026-06-25T07:47:10.165Z,21,22.8,33.8,50,999,141.7,326,69
2026-06-25T07:47:11.147Z,20.6,22.6,33.8,50,999,141.8,326,68
2026-06-25T07:47:12.025Z,20.4,22.2,33.8,50,999,141.8,327,68
2026-06-25T07:47:13.085Z,20.4,22,33.8,50,999,141.9,327,68
2026-06-25T07:47:14.010Z,20.4,21.8,33.8,50,999,141.9,326,68
2026-06-25T07:47:15.001Z,20.4,21.8,33.8,50,999,142,327,68
2026-06-25T07:47:16.012Z,20.2,21.4,33.8,50,999,142,327,68
2026-06-25T07:47:17.012Z,20,21.2,33.8,50,999,142.1,327,67
2026-06-25T07:47:18.025Z,19.6,20.8,33.8,50,999,142.2,327,66
2026-06-25T07:47:19.021Z,19.4,20.6,33.8,50,999,142.2,327,66
2026-06-25T07:47:20.026Z,19.4,20.6,33.8,50,999,142.1,327,66
2026-06-25T07:47:21.027Z,19.4,20.4,33.8,50,999,142.1,327,66
2026-06-25T07:47:22.023Z,19.6,20.6,33.8,50,999,142.1,326,66
2026-06-25T07:47:23.047Z,19.8,20.8,33.8,50.1,999,142.1,326,67
2026-06-25T07:47:24.046Z,20,21,33.8,50.1,999,142.1,327,67
2026-06-25T07:47:25.026Z,19.8,21,33.8,50.1,999,142.2,327,67
2026-06-25T07:47:26.019Z,19.6,21,33.8,50.1,999,142.1,326,66
2026-06-25T07:47:27.019Z,19.4,21,33.8,50.1,999,142.3,326,66
2026-06-25T07:47:28.042Z,19.2,20.8,33.8,50.1,999,142.3,326,65
2026-06-25T07:47:29.012Z,18.8,20.4,33.8,50.1,999,142.3,326,65
2026-06-25T07:47:30.038Z,18.6,20,33.8,50.1,999,142.4,326,64
2026-06-25T07:47:31.027Z,18.4,19.6,33.8,50.1,999,142.4,326,64
2026-06-25T07:47:32.027Z,18.2,19,33.8,50.1,999,142.3,326,63
2026-06-25T07:47:33.046Z,18,18.6,33.8,50.1,999,142.4,326,63
2026-06-25T07:47:34.067Z,18.2,18.6,33.8,50.1,999,142.4,326,63
2026-06-25T07:47:35.020Z,18.4,18.6,33.8,50.1,999,142.3,326,64
2026-06-25T07:47:36.036Z,18.6,18.6,33.8,50.1,999,142.4,326,64
2026-06-25T07:47:37.008Z,18.6,18.6,33.8,50.1,999,142.4,329,64
2026-06-25T07:47:38.004Z,18.6,18.6,33.8,50.1,999,142.4,329,64
2026-06-25T07:47:39.065Z,18.4,18.4,33.8,50.1,999,142.5,329,64
2026-06-25T07:47:40.017Z,18.4,18.4,33.8,50.2,999,142.5,329,64
2026-06-25T07:47:41.035Z,18.4,18.4,33.8,50.2,999,142.5,330,64
2026-06-25T07:47:42.013Z,18.4,18.4,33.8,50.2,999,142.5,330,64
2026-06-25T07:47:43.084Z,18.6,18.8,33.8,50.2,999,142.5,330,64
2026-06-25T07:47:44.006Z,18.8,19.2,33.8,50.2,999,142.5,330,65
2026-06-25T07:47:45.015Z,19,19.6,33.8,50.2,999,142.4,329,65
2026-06-25T07:47:46.092Z,19,19.8,33.8,50.2,999,142.3,329,65
2026-06-25T07:47:47.120Z,19,19.8,33.8,50.2,999,142.3,328,65
2026-06-25T07:47:48.052Z,19,19.6,33.8,50.2,999,142.3,327,65
2026-06-25T07:47:49.107Z,19,19.4,33.8,50.2,999,142.3,327,65
2026-06-25T07:47:51.156Z,19,19.2,33.8,50.2,999,142.3,327,65
2026-06-25T07:47:51.158Z,19,19,33.8,50.2,999,142.4,327,65
2026-06-25T07:47:52.082Z,19,19,33.8,50.2,999,142.4,326,65
2026-06-25T07:47:54.387Z,19,19,33.8,50.2,999,142.4,326,65
2026-06-25T07:47:54.388Z,19,19,33.8,50.2,999,142.4,327,65
2026-06-25T07:47:55.074Z,19,19,33.8,50.2,999,142.5,326,65
2026-06-25T07:47:56.014Z,19,19,33.8,50.2,999,142.5,322,65
2026-06-25T07:47:57.602Z,19,19,33.8,50.2,999,142.6,322,65
2026-06-25T07:47:58.016Z,19.2,19.2,33.8,50.2,999,142.6,327,65
2026-06-25T07:47:59.049Z,19.4,19.4,33.8,50.2,999,142.6,329,66
2026-06-25T07:48:00.022Z,19.6,19.6,33.8,50.2,999,142.6,329,66
2026-06-25T07:48:01.015Z,19.6,19.8,33.8,50.2,999,142.6,333,66
2026-06-25T07:48:02.020Z,19.6,20,33.8,50.2,999,142.7,334,66
2026-06-25T07:48:03.019Z,19.4,20,33.8,50.2,999,142.7,335,66
2026-06-25T07:48:04.016Z,19.2,20.2,33.8,50.2,999,142.8,335,65
2026-06-25T07:48:05.052Z,19.2,20.2,33.8,50.2,999,142.8,335,65
2026-06-25T07:48:06.035Z,19,20.4,33.8,50.2,999,142.8,335,65
2026-06-25T07:48:07.030Z,19,20.6,33.8,50.2,999,142.8,335,65
2026-06-25T07:48:08.004Z,19,20.8,33.8,50.2,999,142.8,335,65
2026-06-25T07:48:09.026Z,19,21,33.8,50.2,999,142.8,335,65
2026-06-25T07:48:10.015Z,19,21,33.8,50.2,999,142.9,334,65
2026-06-25T07:48:11.018Z,19,21,33.8,50.2,999,143,334,65
2026-06-25T07:48:12.013Z,19,21,33.8,50.2,999,143.1,334,65
2026-06-25T07:48:13.007Z,18.8,20.8,33.8,50.2,999,143.2,333,65
2026-06-25T07:48:14.037Z,18.6,20.6,33.8,50.2,999,143.2,333,64
2026-06-25T07:48:15.020Z,18.4,20.4,33.8,50.2,999,143.3,333,64
2026-06-25T07:48:16.015Z,18.4,20.2,33.8,50.2,999,143.3,334,64
2026-06-25T07:48:17.026Z,18.4,20,33.8,50.2,999,143.2,333,64
2026-06-25T07:48:18.009Z,18.6,20,33.8,50.2,999,143.2,333,64
2026-06-25T07:48:19.013Z,18.6,20,33.8,50.2,999,143.2,333,64
2026-06-25T07:48:20.073Z,18.6,20,33.8,50.2,999,143.2,334,64
2026-06-25T07:48:21.016Z,18.4,20,33.8,50.1,999,143.2,335,64
2026-06-25T07:48:23.722Z,18,19.6,33.8,50.1,999,143.3,335,63
2026-06-25T07:48:23.723Z,17.6,19.2,33.8,50.1,999,143.4,335,62
2026-06-25T07:48:24.025Z,17.4,18.8,33.8,50.1,999,143.5,335,62
2026-06-25T07:48:25.020Z,17.4,18.6,33.8,50.2,999,143.5,335,62
2026-06-25T07:48:26.076Z,17.4,18.4,33.8,50.2,999,143.5,335,62
2026-06-25T07:48:27.043Z,17.4,18.4,33.8,50.2,999,143.5,335,62
2026-06-25T07:48:33.903Z,17.6,18.6,33.8,50.2,999,143.5,335,62
2026-06-25T07:48:34.257Z,17.8,18.8,33.8,50.2,999,143.5,334,62
2026-06-25T07:48:34.258Z,18,19,33.8,50.2,999,143.5,334,63
2026-06-25T07:48:34.259Z,18,19,33.8,50.2,999,143.5,334,63
2026-06-25T07:48:34.259Z,18,18.8,33.8,50.2,999,143.6,333,63
2026-06-25T07:48:34.325Z,18,18.6,33.8,50.2,999,143.7,334,63
2026-06-25T07:48:34.326Z,18,18.4,33.8,50.2,999,143.7,333,63
2026-06-25T07:48:35.164Z,18,18.2,33.8,50.2,999,143.7,333,63
2026-06-25T07:48:36.061Z,18,18.2,33.8,50.2,999,143.8,333,63
2026-06-25T07:48:37.045Z,18,18.4,33.8,50.2,999,143.9,333,63
2026-06-25T07:48:38.023Z,18,18.6,33.8,50.2,999,143.9,333,63
2026-06-25T07:48:39.009Z,18,18.8,33.8,50.2,999,143.9,333,63
2026-06-25T07:48:40.045Z,18,19,33.8,50.2,999,143.9,333,63
2026-06-25T07:48:41.066Z,18,19,33.8,50.2,999,143.9,333,63
2026-06-25T07:48:42.031Z,18.2,19.2,33.8,50.2,999,143.8,333,63
2026-06-25T07:48:43.000Z,18.6,19.6,33.8,50.2,999,143.9,333,64
2026-06-25T07:48:44.029Z,19,20,33.8,50.2,999,143.9,333,65
2026-06-25T07:48:45.043Z,19.4,20.4,33.8,50.2,999,143.9,334,66
2026-06-25T07:48:46.021Z,19.6,20.4,33.8,50.2,999,143.8,334,66
2026-06-25T07:48:47.033Z,19.6,20.2,33.8,50.2,999,143.8,334,66
2026-06-25T07:48:48.016Z,19.4,19.8,33.8,50.2,999,143.9,334,66
2026-06-25T07:48:49.019Z,19.4,19.8,33.8,50.2,999,143.8,334,66
2026-06-25T07:48:50.047Z,19.4,19.6,33.8,50.2,999,143.8,334,66
2026-06-25T07:48:51.022Z,19.4,19.4,33.8,50.2,999,143.8,334,66
2026-06-25T07:48:52.041Z,19.6,19.6,33.8,50.2,999,143.8,326,66
2026-06-25T07:48:53.028Z,19.6,19.6,33.8,50.2,999,143.8,321,66
2026-06-25T07:48:54.029Z,19.6,19.6,33.8,50.3,999,143.9,323,66
2026-06-25T07:48:55.052Z,19.6,19.8,33.8,50.3,999,143.9,323,66
2026-06-25T07:48:56.129Z,19.8,20,33.8,50.3,999,143.9,321,67
2026-06-25T07:48:57.056Z,20,20.2,33.8,50.3,999,143.9,321,67
2026-06-25T07:48:58.012Z,20.4,20.6,33.8,50.3,999,143.9,323,68
2026-06-25T07:48:59.014Z,20.8,21,33.8,50.2,999,143.9,323,69
2026-06-25T07:49:00.024Z,21,21,33.8,50.2,999,143.9,321,69
2026-06-25T07:49:01.008Z,21,21,33.8,50.2,999,143.9,323,69
2026-06-25T07:49:02.040Z,20.8,20.8,33.8,50.2,999,143.9,327,69
2026-06-25T07:49:03.014Z,20.6,20.6,33.8,50.2,999,143.9,334,68
2026-06-25T07:49:04.018Z,20.4,20.4,33.9,50.3,999,144,334,68
2026-06-25T07:49:04.994Z,20.2,20.2,33.9,50.3,999,143.9,334,68
2026-06-25T07:49:06.012Z,20,20,33.9,50.3,999,143.8,334,67
2026-06-25T07:49:07.016Z,20,20,33.9,50.4,999,143.5,334,67
2026-06-25T07:49:08.008Z,20,20,33.9,50.5,999,143,336,67
2026-06-25T07:49:09.015Z,20,20,33.9,50.7,999,142.4,336,67
2026-06-25T07:49:10.015Z,20.2,20.2,33.9,51,999,141.6,336,68
2026-06-25T07:49:11.018Z,20.2,20.2,33.9,51.3,999,140.6,336,68
2026-06-25T07:49:12.002Z,20.4,20.4,33.9,51.8,999,139.9,337,68
2026-06-25T07:49:13.011Z,20.6,20.8,34,52.1,999,138.9,365,68
2026-06-25T07:49:14.015Z,20.8,21.2,34,52.7,999,137.6,370,69
2026-06-25T07:49:15.018Z,21,21.6,34,53.2,999,136.4,376,69
2026-06-25T07:49:16.012Z,21,21.8,34,53.7,999,135.7,376,69
2026-06-25T07:49:17.013Z,21,22,34.1,54,999,135.2,376,69
2026-06-25T07:49:18.021Z,21,22,34.1,54.2,999,135,376,69
2026-06-25T07:49:19.026Z,21,22.2,34.1,54.2,999,134.8,376,69
2026-06-25T07:49:20.012Z,21,22.4,34.1,54.1,999,134.9,373,69
2026-06-25T07:49:21.005Z,21,22.6,34.1,54,999,134.8,373,69
2026-06-25T07:49:22.028Z,21,22.8,34.2,53.8,999,134.9,371,69
2026-06-25T07:49:23.004Z,21,23,34.2,53.6,999,135,370,69
2026-06-25T07:49:24.036Z,21,23,34.2,53.3,999,135.2,370,69
2026-06-25T07:49:25.020Z,20.8,22.8,34.2,53.1,999,135.4,371,69
2026-06-25T07:49:26.015Z,20.6,22.6,34.2,52.9,999,135.6,370,68
2026-06-25T07:49:27.016Z,20.4,22.4,34.2,52.6,999,135.8,371,68
2026-06-25T07:49:28.020Z,20.4,22.4,34.2,52.4,999,136,371,68
2026-06-25T07:49:29.023Z,20.4,22.4,34.2,52.2,999,136.2,371,68
2026-06-25T07:49:30.017Z,20.6,22.6,34.2,52,999,136.4,371,68
2026-06-25T07:49:31.034Z,20.6,22.6,34.2,51.8,999,136.6,370,68
2026-06-25T07:49:32.033Z,20.6,22.4,34.2,51.7,999,136.8,370,68
2026-06-25T07:49:33.038Z,20.4,22,34.2,51.5,999,137.1,369,68
2026-06-25T07:49:34.010Z,20.4,22,34.2,51.4,999,137.3,369,68
2026-06-25T07:49:35.021Z,20,21.6,34.2,51.2,999,137.5,369,67
2026-06-25T07:49:37.650Z,19.6,21,34.2,51.1,999,137.7,369,66
2026-06-25T07:49:37.651Z,19.6,20.8,34.2,51,999,137.9,369,66
2026-06-25T07:49:38.026Z,19.6,20.8,34.2,50.9,999,138,368,66
2026-06-25T07:49:39.007Z,19.4,20.8,34.2,50.8,999,138.1,368,66
2026-06-25T07:49:40.017Z,19.4,20.8,34.2,50.7,999,138.3,368,66
2026-06-25T07:49:41.028Z,19.4,21,34.2,50.7,999,138.5,368,66
2026-06-25T07:49:42.026Z,19.2,21,34.2,50.6,999,138.7,368,65
2026-06-25T07:49:43.016Z,19,20.8,34.2,50.5,999,138.8,368,65
2026-06-25T07:49:44.012Z,19,20.6,34.2,50.5,999,139,368,65
2026-06-25T07:49:45.005Z,19,20.4,34.2,50.4,999,139.1,368,65
2026-06-25T07:49:46.013Z,19,20.2,34.2,50.4,999,139.3,368,65
2026-06-25T07:49:47.012Z,19,20,34.2,50.4,999,139.4,368,65
2026-06-25T07:49:48.002Z,19,20,34.1,50.3,999,139.5,370,65
2026-06-25T07:49:49.014Z,19.2,20.4,34.1,50.3,999,139.6,370,65
2026-06-25T07:49:50.017Z,19.6,20.8,34.1,50.3,999,139.6,371,66
2026-06-25T07:49:51.011Z,20,21.2,34.1,50.2,999,139.8,371,67
2026-06-25T07:49:52.007Z,20.4,21.6,34.1,50.2,999,139.9,372,68
2026-06-25T07:49:53.014Z,20.8,22,34.1,50.2,999,140,372,69
2026-06-25T07:49:54.064Z,21,22,34.1,50.2,999,140.1,372,69
2026-06-25T07:49:55.019Z,21,22,34.1,50.2,999,140.2,372,69
2026-06-25T07:49:56.018Z,21,22,34.1,50.2,999,140.2,372,69
2026-06-25T07:49:57.004Z,21,22,34.1,50.2,999,140.4,372,69
2026-06-25T07:49:58.040Z,21,22,34.1,50.1,999,140.4,372,69
2026-06-25T07:49:59.026Z,21,21.8,34.1,50.1,999,140.5,371,69
2026-06-25T07:50:00.020Z,20.8,21.6,34.1,50.1,999,140.5,371,69
2026-06-25T07:50:01.025Z,20.4,21.2,34.1,50.1,999,140.6,369,68
2026-06-25T07:50:02.009Z,20,20.8,34.1,50.1,999,140.7,370,67
2026-06-25T07:50:03.021Z,19.6,20.4,34.1,50.1,999,140.7,370,66
2026-06-25T07:50:04.004Z,19.2,20.2,34.1,50.1,999,140.8,369,65
2026-06-25T07:50:04.997Z,19,20,34.1,50.1,999,140.9,369,65
2026-06-25T07:50:06.018Z,19,20,34.1,50.1,999,141,369,65
2026-06-25T07:50:07.020Z,19,20,34.1,50.1,999,141.1,369,65
2026-06-25T07:50:08.017Z,19,19.8,34.1,50.1,999,141.2,369,65
2026-06-25T07:50:09.019Z,19,19.6,34.1,50.1,999,141.2,369,65
2026-06-25T07:50:10.016Z,19,19.6,34.1,50.1,999,141.2,369,65
2026-06-25T07:50:11.023Z,19,19.6,34.1,50.1,999,141.3,369,65
2026-06-25T07:50:12.024Z,19,19.6,34.1,50.1,999,141.3,369,65
2026-06-25T07:50:13.011Z,19.2,20,34.1,50.1,999,141.4,368,65
2026-06-25T07:50:14.019Z,19.4,20.4,34.1,50.1,999,141.4,368,66
2026-06-25T07:50:15.018Z,19.6,20.6,34.1,50.1,999,141.4,369,66
2026-06-25T07:50:16.018Z,19.8,20.8,34.1,50.1,999,141.4,370,67
2026-06-25T07:50:17.016Z,20,21,34.1,50.1,999,141.5,369,67
2026-06-25T07:50:18.015Z,20,21,34.1,50.1,999,141.5,370,67
2026-06-25T07:50:19.022Z,19.8,20.8,34.1,50.1,999,141.6,370,67
2026-06-25T07:50:20.002Z,19.8,20.8,34.1,50.1,999,141.8,369,67
2026-06-25T07:50:21.008Z,19.8,20.8,34.1,50.1,999,141.8,369,67
2026-06-25T07:50:21.994Z,19.8,20.8,34.1,50.1,999,141.8,369,67
2026-06-25T07:50:23.046Z,19.8,20.8,34.1,50.1,999,141.9,369,67
2026-06-25T07:50:24.008Z,20,21,34.1,50.1,999,142,369,67
2026-06-25T07:50:25.014Z,20.2,21.2,34.1,50.1,999,142,369,68
2026-06-25T07:50:26.007Z,20.4,21.4,34.1,50.1,999,142.1,369,68
2026-06-25T07:50:26.995Z,20.6,21.6,34.1,50.1,999,142.2,369,68
2026-06-25T07:50:28.005Z,20.6,21.6,34.1,50.1,999,142.2,369,68
2026-06-25T07:50:29.003Z,20.6,21.6,34.1,50.1,999,142.2,369,68
2026-06-25T07:50:30.006Z,20.4,21.4,34.1,50.1,999,142.2,368,68
2026-06-25T07:50:31.008Z,20.4,21.2,34.1,50.1,999,142.2,368,68
2026-06-25T07:50:31.996Z,20.4,21,34.1,50.1,999,142.3,369,68
2026-06-25T07:50:33.012Z,20.6,21,34,50.1,999,142.3,369,68
2026-06-25T07:50:34.008Z,20.6,21,34,50.1,999,142.4,368,68
2026-06-25T07:50:35.003Z,20.6,21,34,50.1,999,142.4,369,68
2026-06-25T07:50:36.006Z,20.4,21,34,50.1,999,142.4,369,68
2026-06-25T07:50:37.007Z,20.2,21,34,50.1,999,142.5,370,68
2026-06-25T07:50:38.009Z,20,21.2,34,50.1,999,142.6,370,67
2026-06-25T07:50:39.007Z,19.8,21.2,34,50.1,999,142.5,370,67
2026-06-25T07:50:39.999Z,19.8,21.2,34.1,50.1,999,142.6,370,67
2026-06-25T07:50:41.004Z,19.6,21.2,34.1,50.1,999,142.5,370,66
2026-06-25T07:50:42.006Z,19.4,21.2,34.1,50.1,999,142.6,369,66
2026-06-25T07:50:42.996Z,19.4,21.4,34.1,50.1,999,142.6,369,66
2026-06-25T07:50:44.007Z,19.4,21.4,34.1,50.1,999,142.6,368,66
2026-06-25T07:50:46.624Z,19.6,21.4,34.1,50.1,999,142.6,369,66
2026-06-25T07:50:46.624Z,19.8,21.4,34.1,50.1,999,142.6,369,67
2026-06-25T07:50:47.003Z,20,21.4,34.1,50.1,999,142.6,368,67
2026-06-25T07:50:48.002Z,20,21.2,34.1,50.1,999,142.6,368,67
2026-06-25T07:50:49.004Z,19.8,20.8,34.1,50.1,999,142.7,368,67
2026-06-25T07:50:50.005Z,19.6,20.6,34.1,50.1,999,142.7,368,66
2026-06-25T07:50:51.007Z,19.4,20.4,34.1,50.1,999,142.7,368,66
2026-06-25T07:50:52.008Z,19.4,20.4,34.1,50.1,999,142.7,368,66
2026-06-25T07:50:53.007Z,19.4,20.4,34.1,50.1,999,142.7,368,66
2026-06-25T07:50:54.027Z,19.6,20.6,34.1,50.1,999,142.7,368,66
2026-06-25T07:50:55.001Z,19.6,20.6,34.1,50.1,999,142.8,368,66
2026-06-25T07:50:56.003Z,19.6,20.6,34.1,50.1,999,142.7,368,66
2026-06-25T07:50:56.995Z,19.4,20.4,34.1,50.1,999,142.6,368,66
2026-06-25T07:50:58.012Z,19.4,20.2,34.1,50.1,999,142.7,368,66
2026-06-25T07:50:59.021Z,19.2,20,34.1,50.1,999,142.8,368,65
2026-06-25T07:51:00.001Z,19.4,20.2,34.1,50.1,999,142.7,368,66
2026-06-25T07:51:01.019Z,19.6,20.4,34.1,50.2,999,142.7,368,66
2026-06-25T07:51:02.003Z,19.8,20.6,34.1,50.2,999,142.6,368,67
2026-06-25T07:51:03.012Z,19.8,20.6,34.1,50.2,999,142.6,368,67
2026-06-25T07:51:04.001Z,19.6,20.6,34.1,50.2,999,142.6,368,66
2026-06-25T07:51:05.010Z,19.6,20.8,34.1,50.2,999,142.5,368,66
2026-06-25T07:51:06.018Z,19.4,20.8,34.1,50.2,999,142.6,368,66
2026-06-25T07:51:07.005Z,19.4,21,34.1,50.2,999,142.6,368,66
2026-06-25T07:51:08.012Z,19.4,21.2,34.1,50.2,999,142.6,368,66
2026-06-25T07:51:09.010Z,19.6,21.6,34.1,50.2,999,142.6,368,66
2026-06-25T07:51:10.005Z,19.8,21.8,34.1,50.2,999,142.6,368,67
2026-06-25T07:51:11.004Z,20,22,34.1,50.2,999,142.6,368,67
2026-06-25T07:51:12.003Z,20,21.8,34.1,50.2,999,142.5,368,67
2026-06-25T07:51:13.005Z,19.8,21.4,34.1,50.2,999,142.5,368,67
2026-06-25T07:51:14.002Z,19.4,21,34.1,50.2,999,142.4,368,66
2026-06-25T07:51:15.003Z,19,20.6,34.1,50.2,999,142.4,368,65
2026-06-25T07:51:16.004Z,18.6,20,34.1,50.2,999,142.3,368,64
2026-06-25T07:51:17.011Z,18.2,19.6,34.1,50.2,999,142.3,368,63
2026-06-25T07:51:18.002Z,18,19.4,34.1,50.2,999,142.3,368,63
2026-06-25T07:51:19.018Z,18,19.4,34.1,50.2,999,142.3,368,63
2026-06-25T07:51:20.549Z,18,19.4,34.1,50.2,999,142.2,368,63
2026-06-25T07:51:21.010Z,17.8,19.4,34.1,50.2,999,142.3,368,62
2026-06-25T07:51:22.007Z,17.6,19.2,34.1,50.2,999,142.2,368,62
2026-06-25T07:51:22.990Z,17.4,19,34.1,50.2,999,142.2,368,62
2026-06-25T07:51:24.014Z,17.2,18.8,34.1,50.2,999,142.2,368,61
2026-06-25T07:51:24.998Z,17.2,18.8,34.1,50.2,999,142.2,368,61
2026-06-25T07:51:25.994Z,17,18.6,34.1,50.2,999,142.1,368,61
2026-06-25T07:51:27.011Z,17,18.6,34.1,50.2,999,142.1,368,61
2026-06-25T07:51:28.010Z,17,18.8,34.1,50.2,999,142.1,368,61
2026-06-25T07:51:28.991Z,17,19,34.1,50.2,999,142.1,368,61
2026-06-25T07:51:30.011Z,17,19,34.1,50.2,999,142.1,368,61
2026-06-25T07:51:31.005Z,16.8,18.8,34.1,50.2,999,142.1,368,60
2026-06-25T07:51:32.000Z,16.6,18.6,34.1,50.2,999,142.2,368,60
2026-06-25T07:51:33.012Z,16.6,18.4,34.1,50.2,999,142.2,368,60
2026-06-25T07:51:34.006Z,16.8,18.4,34.1,50.2,999,142.2,368,60
2026-06-25T07:51:35.014Z,17,18.6,34.1,50.2,999,142.3,368,61
2026-06-25T07:51:36.005Z,17.4,19,34.1,50.2,999,142.3,368,62
2026-06-25T07:51:37.009Z,17.8,19.2,34.1,50.2,999,142.2,368,62
2026-06-25T07:51:38.012Z,18,19.4,34.1,50.2,999,142.2,368,63
2026-06-25T07:51:39.029Z,18,19.4,34.1,50.2,999,142.2,368,63
2026-06-25T07:51:40.006Z,18.2,19.6,34.1,50.2,999,142.2,368,63
2026-06-25T07:51:41.009Z,18.4,19.8,34.1,50.2,999,142.2,368,64
2026-06-25T07:51:42.024Z,18.6,20.2,34.1,50.2,999,142.1,368,64
2026-06-25T07:51:43.007Z,19,20.6,34.1,50.2,999,142,368,65
2026-06-25T07:51:43.999Z,19.4,21,34.1,50.2,999,141.9,368,66
2026-06-25T07:51:45.009Z,19.6,21,34.1,50.2,999,141.9,369,66
2026-06-25T07:51:46.008Z,19.8,21,34.1,50.2,999,141.9,369,67
2026-06-25T07:51:47.033Z,19.8,21,34.1,50.2,999,141.9,368,67
2026-06-25T07:51:48.002Z,20,21,34.1,50.2,999,141.9,368,67
2026-06-25T07:51:49.035Z,20,21.2,34.1,50.3,999,141.9,368,67
2026-06-25T07:51:49.990Z,20.2,21.4,34.1,50.3,999,141.9,368,68
2026-06-25T07:51:50.989Z,20.4,21.6,34.1,50.3,999,141.9,368,68
2026-06-25T07:51:52.101Z,20.4,21.6,34.1,50.3,999,141.8,368,68
2026-06-25T07:51:53.022Z,20.2,21.6,34.1,50.3,999,141.8,368,68
2026-06-25T07:51:54.015Z,20,21.4,34.1,50.3,999,141.8,365,67
2026-06-25T07:51:55.043Z,19.6,21.2,34.1,50.3,999,141.8,363,66
2026-06-25T07:51:56.016Z,19.2,21,34.1,50.3,999,141.8,363,65
2026-06-25T07:51:56.992Z,19,20.8,34.1,50.3,999,141.7,363,65
2026-06-25T07:51:58.013Z,19,20.6,34.1,50.3,999,141.8,363,65
2026-06-25T07:51:59.004Z,19,20.4,34.1,50.3,999,141.8,363,65
2026-06-25T07:51:59.980Z,19,20.2,34.1,50.3,999,141.7,363,65
2026-06-25T07:52:01.001Z,19.2,20.2,34.1,50.3,999,141.7,363,65
2026-06-25T07:52:01.996Z,19.6,20.4,34.1,50.3,999,141.6,363,66
2026-06-25T07:52:03.017Z,20,20.6,34.1,50.3,999,141.6,363,67
2026-06-25T07:52:04.008Z,20.4,20.8,34.1,50.3,999,141.6,365,68
2026-06-25T07:52:04.997Z,20.8,21.2,34.1,50.3,999,141.6,365,69
2026-06-25T07:52:06.004Z,21,21.2,34.2,50.3,999,141.5,366,69
2026-06-25T07:52:07.004Z,21,21.2,34.2,50.3,999,141.5,366,69
2026-06-25T07:52:07.998Z,21,21.2,34.2,50.3,999,141.5,365,69
2026-06-25T07:52:09.014Z,21,21.2,34.2,50.3,999,141.5,365,69
2026-06-25T07:52:10.010Z,21.2,21.4,34.2,50.3,999,141.6,365,70
2026-06-25T07:52:11.009Z,21.2,21.4,34.2,50.3,999,141.6,365,70
2026-06-25T07:52:12.006Z,21.2,21.6,34.2,50.3,999,141.6,365,70
2026-06-25T07:52:12.996Z,21,21.6,34.2,50.3,999,141.6,365,69
2026-06-25T07:52:14.013Z,20.8,21.6,34.2,50.3,999,141.6,365,69
2026-06-25T07:52:15.006Z,20.4,21.4,34.2,50.3,999,141.5,365,68
2026-06-25T07:52:16.026Z,20.4,21.2,34.2,50.3,999,141.4,365,68
2026-06-25T07:52:16.995Z,20.4,21,34.2,50.3,999,141.4,365,68
2026-06-25T07:52:18.039Z,20.6,21,34.2,50.3,999,141.4,365,68
2026-06-25T07:52:19.008Z,20.8,21,34.2,50.3,999,141.4,367,69
2026-06-25T07:52:20.009Z,21,21,34.2,50.3,999,141.4,365,69
2026-06-25T07:52:21.023Z,21,21,34.2,50.3,999,141.4,367,69
2026-06-25T07:52:22.020Z,21,21,34.2,50.3,999,141.3,367,69
2026-06-25T07:52:23.018Z,21,21,34.2,50.3,999,141.3,367,69
2026-06-25T07:52:24.026Z,20.8,20.8,34.2,50.3,999,141.2,367,69
2026-06-25T07:52:25.031Z,20.6,20.6,34.2,50.3,999,141.2,367,68
2026-06-25T07:52:26.015Z,20.4,20.4,34.2,50.3,999,141.2,367,68
2026-06-25T07:52:27.023Z,20.4,20.4,34.2,50.3,999,141.2,367,68
2026-06-25T07:52:28.016Z,20.4,20.6,34.2,50.3,999,141.2,367,68
2026-06-25T07:52:29.025Z,20.6,21,34.2,50.3,999,141.1,367,68
2026-06-25T07:52:30.014Z,20.4,21.2,34.2,50.2,999,141.2,367,68
2026-06-25T07:52:31.003Z,20.2,21.4,34.2,50.2,999,141.2,367,68
2026-06-25T07:52:32.023Z,20.2,21.4,34.2,50.2,999,141.2,368,68
2026-06-25T07:52:33.016Z,19.8,21.4,34.2,50.2,999,141.2,367,67
2026-06-25T07:52:34.018Z,19.4,21.2,34.2,50.2,999,141.2,367,66
2026-06-25T07:52:35.008Z,19,21,34.2,50.2,999,141.2,367,65
2026-06-25T07:52:36.010Z,19,21,34.2,50.2,999,141.3,367,65
2026-06-25T07:52:36.999Z,19.2,21.2,34.2,50.2,999,141.2,367,65
2026-06-25T07:52:38.010Z,19.2,21.4,34.2,50.2,999,141.2,367,65
2026-06-25T07:52:39.048Z,19.2,21.6,34.2,50.2,999,141.3,367,65
2026-06-25T07:52:40.021Z,19.2,21.8,34.2,50.2,999,141.3,367,65
2026-06-25T07:52:41.021Z,19.2,21.8,34.2,50.2,999,141.3,366,65
2026-06-25T07:52:42.002Z,19,21.6,34.2,50.2,999,141.2,366,65
2026-06-25T07:52:43.027Z,18.8,21.2,34.2,50.2,999,141.2,366,65
2026-06-25T07:52:44.020Z,18.6,20.8,34.2,50.2,999,141.2,366,64
2026-06-25T07:52:45.046Z,18.6,20.6,34.2,50.2,999,141.2,366,64
2026-06-25T07:52:46.016Z,18.6,20.6,34.2,50.2,999,141.1,366,64
2026-06-25T07:52:47.001Z,18.6,20.4,34.2,50.2,999,141.2,366,64
2026-06-25T07:52:48.020Z,18.6,20.2,34.2,50.2,999,141.2,366,64
2026-06-25T07:52:49.018Z,18.6,20,34.3,50.2,999,141.2,367,64
2026-06-25T07:52:50.018Z,18.4,19.6,34.3,50.2,999,141.2,366,64
2026-06-25T07:52:51.007Z,18.4,19.4,34.3,50.2,999,141.2,367,64
2026-06-25T07:52:52.017Z,18.6,19.6,34.3,50.2,999,141.2,368,64
2026-06-25T07:52:53.021Z,19,20,34.3,50.2,999,141.2,368,65
2026-06-25T07:52:54.013Z,19,20,34.3,50.2,999,141.2,367,65
2026-06-25T07:52:55.017Z,19.4,20.4,34.3,50.2,999,141.2,367,66
2026-06-25T07:52:56.035Z,19.8,20.6,34.3,50.2,999,141.1,366,67
2026-06-25T07:52:57.001Z,20,20.6,34.3,50.3,999,141.1,366,67
2026-06-25T07:52:58.024Z,19.8,20.2,34.3,50.3,999,141.1,366,67
2026-06-25T07:52:59.540Z,19.6,19.8,34.3,50.3,999,141.1,366,66
2026-06-25T07:53:00.005Z,19.4,19.4,34.3,50.3,999,141.1,366,66
2026-06-25T07:53:01.010Z,19.4,19.4,34.3,50.3,999,141.1,366,66
2026-06-25T07:53:02.018Z,19.4,19.4,34.3,50.3,999,141.1,365,66
2026-06-25T07:53:03.015Z,19.6,19.6,34.3,50.3,999,141.1,365,66
2026-06-25T07:53:04.008Z,19.6,19.6,34.3,50.3,999,141.1,365,66
2026-06-25T07:53:05.015Z,19.6,19.6,34.3,50.3,999,141,365,66
2026-06-25T07:53:06.010Z,19.6,19.6,34.3,50.3,999,141,365,66
2026-06-25T07:53:07.019Z,19.6,19.6,34.3,50.3,999,141,365,66
2026-06-25T07:53:08.067Z,19.6,19.6,34.3,50.3,999,141,365,66
2026-06-25T07:53:09.031Z,19.8,19.8,34.3,50.3,999,141.1,365,67
2026-06-25T07:53:10.793Z,20,20,34.3,50.3,999,141,365,67
2026-06-25T07:53:11.246Z,20.2,20.2,34.3,50.3,999,141,365,68
2026-06-25T07:53:12.243Z,20.4,20.4,34.3,50.3,999,141,366,68
2026-06-25T07:53:13.122Z,20.6,20.6,34.3,50.3,999,141,366,68
2026-06-25T07:53:14.623Z,20.8,20.8,34.3,50.3,999,141,366,69
2026-06-25T07:53:15.605Z,20.8,20.8,34.3,50.3,999,141,366,69
2026-06-25T07:53:16.082Z,20.8,20.8,34.3,50.3,999,140.9,366,69
2026-06-25T07:53:17.142Z,20.6,20.6,34.3,50.3,999,140.9,366,68
2026-06-25T07:53:18.481Z,20.4,20.4,34.3,50.3,999,140.8,366,68
2026-06-25T07:53:19.031Z,20.4,20.4,34.3,50.4,999,140.8,366,68
2026-06-25T07:53:20.316Z,20.4,20.4,34.3,50.4,999,140.7,365,68
2026-06-25T07:53:21.873Z,20.6,20.6,34.3,50.4,999,140.7,365,68
2026-06-25T07:53:22.763Z,20.4,20.6,34.3,50.4,999,140.7,365,68
2026-06-25T07:53:24.080Z,20.2,20.6,34.3,50.4,999,140.7,365,68
2026-06-25T07:53:24.147Z,19.8,20.4,34.3,50.4,999,140.7,365,67
2026-06-25T07:53:25.093Z,19.4,20.2,34.3,50.4,999,140.7,365,66
2026-06-25T07:53:26.025Z,19,20,34.3,50.4,999,140.7,365,65
2026-06-25T07:53:27.044Z,19,20,34.3,50.4,999,140.7,365,65
2026-06-25T07:53:28.065Z,19,20,34.3,50.4,999,140.7,365,65
2026-06-25T07:53:29.027Z,19,20,34.3,50.4,999,140.7,365,65
2026-06-25T07:53:30.027Z,19,20,34.3,50.4,999,140.6,365,65
2026-06-25T07:53:31.029Z,19,20,34.3,50.4,999,140.6,365,65
2026-06-25T07:53:32.108Z,19.2,20,34.3,50.4,999,140.7,366,65
2026-06-25T07:53:33.031Z,19.6,20.2,34.3,50.4,999,140.7,366,66
2026-06-25T07:53:34.038Z,20,20.6,34.3,50.4,999,140.8,366,67
2026-06-25T07:53:35.008Z,20.4,21,34.3,50.4,999,140.8,367,68
2026-06-25T07:53:36.020Z,20.6,21.2,34.3,50.4,999,140.7,367,68
2026-06-25T07:53:37.019Z,20.6,21.4,34.3,50.4,999,140.8,367,68
2026-06-25T07:53:37.995Z,20.6,21.4,34.3,50.4,999,140.8,367,68
2026-06-25T07:53:39.006Z,20.4,21.4,34.3,50.4,999,140.8,367,68
2026-06-25T07:53:40.022Z,20.4,21.4,34.3,50.4,999,140.8,367,68
2026-06-25T07:53:41.011Z,20.4,21.4,34.3,50.4,999,140.7,367,68
2026-06-25T07:53:42.024Z,20.6,21.6,34.3,50.4,999,140.7,367,68
2026-06-25T07:53:43.056Z,20.6,21.6,34.3,50.4,999,140.7,366,68
2026-06-25T07:53:44.016Z,20.4,21.6,34.3,50.4,999,140.7,367,68
2026-06-25T07:53:45.016Z,20,21.4,34.3,50.4,999,140.7,366,67
2026-06-25T07:53:46.024Z,19.8,21.4,34.2,50.4,999,140.7,364,67
2026-06-25T07:53:47.023Z,19.6,21.2,34.2,50.4,999,140.6,364,66
2026-06-25T07:53:48.021Z,19.4,21,34.2,50.4,999,140.6,365,66
2026-06-25T07:53:49.017Z,19.2,20.8,34.2,50.4,999,140.7,365,65
2026-06-25T07:53:50.009Z,19,20.6,34.2,50.4,999,140.7,364,65
2026-06-25T07:53:51.002Z,18.8,20.4,34.2,50.4,999,140.7,364,65
2026-06-25T07:53:52.000Z,18.6,20.4,34.2,50.4,999,140.7,365,64
2026-06-25T07:53:53.016Z,18.4,20.6,34.2,50.4,999,140.7,365,64
2026-06-25T07:53:54.010Z,18.2,20.6,34.2,50.4,999,140.8,365,63
2026-06-25T07:53:55.031Z,18,20.6,34.2,50.4,999,140.8,365,63
2026-06-25T07:53:56.010Z,17.6,20.2,34.2,50.4,999,140.7,365,62
2026-06-25T07:53:57.009Z,17.4,20,34.2,50.4,999,140.7,365,62
2026-06-25T07:53:58.019Z,17.4,19.8,34.2,50.4,999,140.8,365,62
2026-06-25T07:53:59.016Z,17.6,19.8,34.2,50.4,999,140.8,365,62
2026-06-25T07:54:00.006Z,17.6,19.8,34.2,50.4,999,140.8,366,62
2026-06-25T07:54:01.009Z,17.6,19.6,34.2,50.4,999,140.8,367,62
2026-06-25T07:54:02.018Z,17.6,19.6,34.2,50.5,999,140.8,367,62
2026-06-25T07:54:03.033Z,17.4,19.4,34.2,50.5,999,140.9,366,62
2026-06-25T07:54:04.024Z,17.4,19.4,34.2,50.5,999,140.9,366,62
2026-06-25T07:54:05.042Z,17.4,19.4,34.2,50.5,999,141,366,62
2026-06-25T07:54:06.015Z,17.6,19.6,34.2,50.5,999,141,365,62
2026-06-25T07:54:07.037Z,17.8,19.8,34.2,50.5,999,141,365,62
2026-06-25T07:54:08.009Z,18,20,34.2,50.5,999,141,365,63
2026-06-25T07:54:09.056Z,18,20,34.2,50.5,999,141,365,63
2026-06-25T07:54:10.229Z,18,19.8,34.2,50.5,999,141,365,63
2026-06-25T07:54:11.034Z,18,19.6,34.2,50.5,999,141,365,63
2026-06-25T07:54:11.998Z,18,19.4,34.2,50.5,999,141,365,63
2026-06-25T07:54:13.010Z,18,19.2,34.2,50.5,999,141.1,365,63
2026-06-25T07:54:13.989Z,18,19,34.2,50.5,999,141.1,365,63
2026-06-25T07:54:15.016Z,18,19,34.2,50.5,999,141.1,365,63
2026-06-25T07:54:16.012Z,18,19,34.2,50.5,999,141.1,365,63
2026-06-25T07:54:17.010Z,18,19,34.2,50.5,999,141.2,365,63
2026-06-25T07:54:18.011Z,18,19,34.2,50.6,999,141.1,365,63
2026-06-25T07:54:19.016Z,18,19,34.2,50.6,999,141.1,366,63
2026-06-25T07:54:20.025Z,18,19,34.2,50.6,999,141.2,365,63
2026-06-25T07:54:21.023Z,18,19,34.2,50.6,999,141.2,366,63
2026-06-25T07:54:22.125Z,18,19,34.2,50.6,999,141.1,366,63
2026-06-25T07:54:23.032Z,18,19,34.2,50.6,999,141.1,365,63
2026-06-25T07:54:24.014Z,18,19,34.2,50.6,999,141.2,365,63
2026-06-25T07:54:25.034Z,18.2,19.2,34.2,50.6,999,141.1,365,63
2026-06-25T07:54:26.015Z,18.4,19.4,34.2,50.6,999,141.2,365,64
2026-06-25T07:54:27.067Z,18.8,19.8,34.2,50.6,999,141.2,365,65
2026-06-25T07:54:32.595Z,19,20,34.2,50.6,999,141.2,365,65
2026-06-25T07:54:32.919Z,19.2,20.2,34.2,50.6,999,141.3,363,65
2026-06-25T07:54:32.920Z,19.4,20.4,34.2,50.6,999,141.3,363,66
2026-06-25T07:54:32.920Z,19.6,20.6,34.2,50.6,999,141.4,363,66
2026-06-25T07:54:32.921Z,19.6,20.6,34.2,50.6,999,141.3,363,66
2026-06-25T07:54:33.023Z,19.6,20.6,34.2,50.6,999,141.3,362,66
2026-06-25T07:54:34.012Z,19.6,20.6,34.2,50.6,999,141.3,362,66
2026-06-25T07:54:35.011Z,19.4,20.4,34.2,50.6,999,141.3,363,66
2026-06-25T07:54:36.024Z,19.2,20.2,34.2,50.6,999,141.3,363,65
2026-06-25T07:54:37.015Z,19.2,20,34.2,50.6,999,141.2,363,65
2026-06-25T07:54:38.010Z,19.4,20.2,34.2,50.6,999,141.2,363,66
2026-06-25T07:54:39.016Z,19.8,20.6,34.2,50.6,999,141.2,363,67
2026-06-25T07:54:40.011Z,20.2,21,34.2,50.6,999,141.1,365,68
2026-06-25T07:54:41.559Z,20.6,21.4,34.2,50.6,999,141.1,365,68
2026-06-25T07:54:42.011Z,21,21.8,34.2,50.6,999,141.1,366,69
2026-06-25T07:54:43.012Z,21.2,22,34.2,50.5,999,141.1,366,70
2026-06-25T07:54:44.018Z,21.2,22,34.2,50.5,999,141.1,366,70
2026-06-25T07:54:45.021Z,21.2,22,34.2,50.5,999,141.1,365,70
2026-06-25T07:54:46.018Z,21,21.6,34.2,50.5,999,141,365,69
2026-06-25T07:54:47.113Z,20.8,21.2,34.2,50.5,999,141,364,69
2026-06-25T07:54:48.049Z,20.4,20.8,34.2,50.5,999,141,364,68
2026-06-25T07:54:49.025Z,20.2,20.4,34.2,50.5,999,141,363,68
2026-06-25T07:54:50.036Z,20,20,34.2,50.5,999,141.1,363,67
2026-06-25T07:54:51.009Z,20.2,20.2,34.2,50.5,999,141,363,68
2026-06-25T07:54:52.012Z,20.4,20.4,34.2,50.5,999,141,363,68
2026-06-25T07:54:53.006Z,20.6,20.6,34.2,50.5,999,140.9,363,68
2026-06-25T07:54:54.041Z,20.6,20.6,34.2,50.5,999,140.9,363,68
2026-06-25T07:54:55.062Z,20.4,20.6,34.2,50.5,999,140.9,363,68
2026-06-25T07:54:56.021Z,20,20.6,34.2,50.5,999,140.8,363,67
2026-06-25T07:54:57.015Z,19.8,20.8,34.2,50.5,999,140.8,363,67
2026-06-25T07:54:58.043Z,19.6,21,34.2,50.5,999,140.7,363,66
2026-06-25T07:54:59.184Z,19.6,21.4,34.2,50.5,999,140.7,363,66
2026-06-25T07:55:00.041Z,19.6,21.6,34.2,50.5,999,140.7,363,66
2026-06-25T07:55:01.117Z,19.6,21.6,34.2,50.5,999,140.7,364,66
2026-06-25T07:55:02.011Z,19.4,21.4,34.2,50.5,999,140.7,364,66
2026-06-25T07:55:03.010Z,19.2,21,34.2,50.5,999,140.7,365,65
2026-06-25T07:55:04.010Z,19,20.6,34.2,50.5,999,140.7,365,65
2026-06-25T07:55:05.015Z,19,20.4,34.2,50.5,999,140.7,365,65
2026-06-25T07:55:06.004Z,19,20.2,34.2,50.5,999,140.7,365,65
2026-06-25T07:55:07.005Z,19,20,34.2,50.5,999,140.7,365,65
2026-06-25T07:55:08.014Z,19,20,34.2,50.6,999,140.7,365,65
2026-06-25T07:55:09.015Z,19,20,34.3,50.6,999,140.7,366,65
2026-06-25T07:55:10.006Z,19.2,20.2,34.3,50.6,999,140.6,365,65
2026-06-25T07:55:11.003Z,19.4,20.4,34.3,50.6,999,140.6,365,66
2026-06-25T07:55:12.006Z,19.4,20.2,34.3,50.6,999,140.6,365,66
2026-06-25T07:55:13.012Z,19.4,20,34.3,50.6,999,140.6,365,66
2026-06-25T07:55:14.018Z,19.2,19.8,34.3,50.6,999,140.6,365,65
2026-06-25T07:55:15.015Z,18.8,19.4,34.3,50.6,999,140.5,364,65
2026-06-25T07:55:16.031Z,18.4,19,34.3,50.6,999,140.4,363,64
2026-06-25T07:55:17.023Z,18.2,19,34.3,50.6,999,140.4,363,63
2026-06-25T07:55:18.033Z,18.2,19.2,34.3,50.6,999,140.4,364,63
2026-06-25T07:55:19.017Z,18.4,19.4,34.3,50.6,999,140.3,363,64
2026-06-25T07:55:20.025Z,18.6,19.6,34.3,50.6,999,140.3,363,64
2026-06-25T07:55:21.026Z,18.8,19.8,34.3,50.5,999,140.3,363,65
2026-06-25T07:55:22.030Z,19,20,34.3,50.5,999,140.3,363,65
2026-06-25T07:55:23.026Z,19,20,34.3,50.5,999,140.3,363,65
2026-06-25T07:55:24.030Z,19,20,34.3,50.5,999,140.4,362,65
2026-06-25T07:55:25.015Z,19,19.8,34.3,50.5,999,140.3,362,65
2026-06-25T07:55:26.003Z,19,19.6,34.3,50.5,999,140.3,363,65
2026-06-25T07:55:27.015Z,19,19.4,34.3,50.5,999,140.3,363,65
2026-06-25T07:55:28.021Z,19,19.2,34.3,50.5,999,140.3,363,65
2026-06-25T07:55:29.019Z,19,19.2,34.3,50.5,999,140.4,363,65
2026-06-25T07:55:30.003Z,19,19.4,34.3,50.5,999,140.4,363,65
2026-06-25T07:55:31.023Z,19,19.4,34.3,50.5,999,140.4,363,65
2026-06-25T07:55:32.012Z,19.2,19.6,34.3,50.5,999,140.4,363,65
2026-06-25T07:55:33.010Z,19.6,20,34.3,50.5,999,140.4,363,66
2026-06-25T07:55:34.010Z,20,20.6,34.3,50.5,999,140.4,363,67
2026-06-25T07:55:35.013Z,20.4,21,34.3,50.5,999,140.4,363,68
2026-06-25T07:55:36.193Z,21,21.4,34.3,50.5,999,140.3,363,69
2026-06-25T07:55:37.010Z,21.4,21.8,34.3,50.5,999,140.4,363,70
2026-06-25T07:55:38.022Z,21.6,22,34.3,50.5,999,140.4,363,70
2026-06-25T07:55:38.999Z,21.8,22,34.3,50.5,999,140.4,363,71
2026-06-25T07:55:40.015Z,22,22,34.3,50.5,998.9,140.4,363,71
2026-06-25T07:55:41.024Z,22,22,34.3,50.5,998.9,140.4,363,71
2026-06-25T07:55:42.067Z,21.8,22,34.3,50.6,998.9,140.4,363,71
2026-06-25T07:55:42.992Z,21.6,21.8,34.3,50.6,998.9,140.4,363,70
2026-06-25T07:55:44.662Z,21.4,21.6,34.3,50.6,998.9,140.4,363,70
2026-06-25T07:55:45.015Z,21.2,21.4,34.3,50.6,998.9,140.4,363,70
2026-06-25T07:55:46.011Z,21,21.4,34.3,50.6,998.9,140.3,365,69
2026-06-25T07:55:47.015Z,21,21.4,34.3,50.6,998.9,140.3,365,69
2026-06-25T07:55:48.006Z,20.8,21.4,34.3,50.6,998.9,140.3,365,69
2026-06-25T07:55:49.014Z,20.6,21.4,34.3,50.6,998.9,140.4,365,68
2026-06-25T07:55:50.009Z,20.4,21.4,34.3,50.6,998.9,140.4,365,68
2026-06-25T07:55:51.015Z,20.2,21.2,34.3,50.6,998.9,140.4,365,68
2026-06-25T07:55:52.008Z,20,21,34.3,50.6,998.9,140.4,365,67
2026-06-25T07:55:53.013Z,20,21,34.3,50.6,998.9,140.4,365,67
2026-06-25T07:55:54.021Z,20.2,21.2,34.3,50.6,998.9,140.5,365,68
2026-06-25T07:55:55.008Z,20.4,21.4,34.3,50.6,998.9,140.5,365,68
2026-06-25T07:55:56.000Z,20.6,21.6,34.3,50.6,998.9,140.5,365,68
2026-06-25T07:55:57.027Z,20.8,21.8,34.3,50.6,998.9,140.5,365,69
2026-06-25T07:55:58.023Z,21,22,34.3,50.6,998.9,140.5,365,69
2026-06-25T07:55:58.991Z,20.8,21.8,34.3,50.6,998.9,140.5,365,69
2026-06-25T07:56:00.023Z,20.4,21.4,34.3,50.6,998.9,140.4,365,68
2026-06-25T07:56:00.994Z,20,21,34.3,50.5,998.9,140.5,365,67
2026-06-25T07:56:02.015Z,19.6,20.6,34.3,50.5,998.9,140.4,364,66
2026-06-25T07:56:03.014Z,19.4,20.4,34.3,50.5,998.9,140.4,364,66
2026-06-25T07:56:04.008Z,19.4,20.4,34.3,50.5,998.9,140.4,365,66
2026-06-25T07:56:05.012Z,19.6,20.6,34.3,50.5,998.9,140.3,365,66
2026-06-25T07:56:06.059Z,19.6,20.6,34.3,50.5,998.9,140.4,365,66
2026-06-25T07:56:07.024Z,19.6,20.6,34.3,50.5,998.9,140.4,365,66
2026-06-25T07:56:08.011Z,19.4,20.4,34.3,50.5,998.9,140.4,365,66
2026-06-25T07:56:09.012Z,19.2,20.4,34.3,50.5,998.9,140.5,365,65
2026-06-25T07:56:10.023Z,19.2,20.4,34.3,50.5,998.9,140.4,365,65
2026-06-25T07:56:11.011Z,19.2,20.4,34.3,50.5,998.9,140.4,366,65
2026-06-25T07:56:12.016Z,19.2,20.4,34.3,50.5,998.9,140.4,366,65
2026-06-25T07:56:13.029Z,19.2,20.4,34.3,50.5,998.9,140.4,366,65
2026-06-25T07:56:14.010Z,19.2,20.2,34.3,50.5,998.9,140.3,366,65
2026-06-25T07:56:15.045Z,19,20,34.3,50.5,998.9,140.3,366,65
2026-06-25T07:56:16.064Z,19,20,34.3,50.5,998.9,140.3,366,65
2026-06-25T07:56:17.004Z,19,20,34.3,50.5,998.9,140.3,366,65
2026-06-25T07:56:18.069Z,19.2,20.2,34.3,50.5,998.9,140.2,366,65
2026-06-25T07:56:19.027Z,19.4,20.2,34.3,50.5,998.9,140.2,366,66
2026-06-25T07:56:20.018Z,19.6,20.2,34.3,50.5,999,140.3,366,66
2026-06-25T07:56:21.018Z,19.8,20.2,34.3,50.5,999,140.3,366,67
2026-06-25T07:56:22.011Z,20,20.2,34.3,50.5,999,140.3,365,67
2026-06-25T07:56:23.682Z,20,20,34.3,50.5,999,140.3,365,67
2026-06-25T07:56:24.014Z,20,20,34.3,50.5,999,140.2,365,67
2026-06-25T07:56:25.035Z,20,20,34.3,50.6,999,140.1,365,67
2026-06-25T07:56:26.038Z,20,20,34.3,50.6,999,140.2,365,67
2026-06-25T07:56:27.025Z,19.8,19.8,34.3,50.6,999,140.2,364,67
2026-06-25T07:56:28.014Z,19.6,19.6,34.3,50.6,999,140.2,364,66
2026-06-25T07:56:29.019Z,19.4,19.4,34.3,50.6,999,140.1,364,66
2026-06-25T07:56:30.016Z,19.2,19.4,34.3,50.6,999,140.2,365,65
2026-06-25T07:56:31.030Z,19,19.4,34.3,50.6,999,140.2,365,65
2026-06-25T07:56:32.016Z,19,19.6,34.3,50.6,999,140.2,365,65
2026-06-25T07:56:33.586Z,19.2,20,34.3,50.6,998.9,140.1,366,65
2026-06-25T07:56:34.015Z,19.4,20.4,34.3,50.6,998.9,140.2,366,66
2026-06-25T07:56:35.029Z,19.4,20.4,34.3,50.6,998.9,140.2,366,66
2026-06-25T07:56:36.037Z,19.4,20.4,34.3,50.6,998.9,140.2,366,66
2026-06-25T07:56:37.044Z,19.4,20.4,34.3,50.6,998.9,140.2,366,66
2026-06-25T07:56:38.020Z,19.4,20.4,34.3,50.6,998.9,140.1,366,66
2026-06-25T07:56:39.026Z,19.4,20.4,34.3,50.6,998.9,140.1,365,66
2026-06-25T07:56:40.134Z,19.4,20.4,34.3,50.6,998.9,140.1,364,66
2026-06-25T07:56:41.013Z,19.4,20.4,34.3,50.6,998.9,140.1,364,66
2026-06-25T07:56:42.016Z,19.4,20.4,34.3,50.6,998.9,140.2,364,66
2026-06-25T07:56:43.024Z,19.4,20.4,34.3,50.6,998.9,140.2,364,66
2026-06-25T07:56:44.022Z,19.2,20.2,34.3,50.6,998.9,140.2,364,65
2026-06-25T07:56:45.050Z,18.8,19.8,34.3,50.6,998.9,140.3,364,65
2026-06-25T07:56:46.019Z,18.6,19.6,34.3,50.6,998.9,140.3,363,64
2026-06-25T07:56:47.022Z,18.4,19.4,34.3,50.6,998.9,140.3,363,64
2026-06-25T07:56:48.124Z,18,19,34.3,50.6,998.9,140.3,363,63
2026-06-25T07:56:49.069Z,17.6,18.6,34.3,50.6,998.9,140.3,363,62
2026-06-25T07:56:50.023Z,17.4,18.4,34.3,50.6,998.9,140.3,363,62
2026-06-25T07:56:51.786Z,17.4,18.4,34.3,50.6,998.9,140.2,363,62
2026-06-25T07:56:52.038Z,17.4,18.4,34.3,50.6,998.9,140.2,363,62
2026-06-25T07:56:53.021Z,17.6,18.6,34.3,50.6,998.9,140.1,363,62
2026-06-25T07:56:54.027Z,17.6,18.4,34.3,50.6,998.9,140,363,62
2026-06-25T07:56:55.022Z,17.6,18.2,34.3,50.6,998.9,140,363,62
2026-06-25T07:56:55.997Z,17.6,18,34.3,50.6,998.9,140.1,363,62
2026-06-25T07:56:57.032Z,17.6,17.8,34.3,50.6,998.9,140,363,62
2026-06-25T07:56:57.989Z,17.6,17.6,34.3,50.6,998.9,140.1,364,62
2026-06-25T07:56:59.011Z,17.8,17.8,34.3,50.6,998.9,140,365,62
2026-06-25T07:57:00.009Z,18,18,34.3,50.6,998.9,140,365,63
2026-06-25T07:57:01.026Z,18,18,34.3,50.6,998.9,140,365,63
2026-06-25T07:57:02.020Z,18,18,34.3,50.6,998.9,139.9,365,63
2026-06-25T07:57:03.012Z,17.8,17.8,34.3,50.7,998.9,139.9,364,62
2026-06-25T07:57:04.018Z,17.6,17.6,34.3,50.7,998.9,139.9,364,62
2026-06-25T07:57:05.017Z,17.4,17.4,34.3,50.7,998.9,139.9,365,62
2026-06-25T07:57:06.005Z,17.2,17.2,34.3,50.7,998.9,139.8,364,61
2026-06-25T07:57:07.006Z,17,17,34.3,50.7,998.9,139.8,363,61
2026-06-25T07:57:08.028Z,17.2,17.2,34.3,50.7,998.9,139.7,364,61
2026-06-25T07:57:09.010Z,17.6,17.6,34.3,50.7,998.9,139.8,364,62
2026-06-25T07:57:10.020Z,18,18,34.3,50.7,998.9,139.8,363,63
2026-06-25T07:57:11.021Z,18.4,18.4,34.3,50.7,998.9,139.9,363,64
2026-06-25T07:57:12.007Z,18.8,18.8,34.3,50.7,998.9,139.8,363,65
2026-06-25T07:57:13.015Z,19,19,34.3,50.7,998.9,139.8,363,65
2026-06-25T07:57:14.029Z,19,19,34.3,50.7,998.9,139.8,363,65
2026-06-25T07:57:15.020Z,19,19,34.3,50.7,998.9,139.7,363,65
2026-06-25T07:57:16.007Z,19,19,34.3,50.7,998.9,139.7,363,65
2026-06-25T07:57:17.024Z,19,19,34.3,50.7,998.9,139.7,364,65
2026-06-25T07:57:18.017Z,19,19,34.3,50.7,998.9,139.7,364,65
2026-06-25T07:57:19.020Z,19,19,34.3,50.7,998.9,139.7,364,65
2026-06-25T07:57:20.000Z,19,19,34.3,50.7,998.9,139.7,364,65
2026-06-25T07:57:21.010Z,19,19,34.3,50.7,998.9,139.6,365,65
2026-06-25T07:57:21.992Z,19,19,34.3,50.7,998.9,139.6,365,65
2026-06-25T07:57:22.993Z,19,19,34.3,50.7,998.9,139.5,365,65
2026-06-25T07:57:23.999Z,19,19,34.3,50.7,998.9,139.5,365,65
2026-06-25T07:57:25.000Z,19,19,34.3,50.7,998.9,139.5,365,65
2026-06-25T07:57:25.996Z,19,19,34.3,50.7,998.9,139.4,365,65
2026-06-25T07:57:26.998Z,19,19,34.3,50.7,998.9,139.5,365,65
2026-06-25T07:57:28.005Z,19,19,34.3,50.7,998.9,139.5,365,65
2026-06-25T07:57:29.007Z,19,19,34.3,50.7,998.9,139.5,365,65
2026-06-25T07:57:29.999Z,18.8,18.8,34.3,50.7,998.9,139.5,365,65
2026-06-25T07:57:30.999Z,18.6,18.6,34.3,50.7,998.9,139.5,363,64
2026-06-25T07:57:32.027Z,18.4,18.4,34.3,50.7,998.9,139.4,363,64
2026-06-25T07:57:33.002Z,18.2,18.2,34.3,50.7,998.9,139.4,363,63
2026-06-25T07:57:33.998Z,18,18,34.3,50.7,998.9,139.3,363,63
2026-06-25T07:57:35.005Z,18,18,34.3,50.7,998.9,139.3,363,63
2026-06-25T07:57:36.099Z,18,18,34.3,50.7,998.9,139.2,363,63
2026-06-25T07:57:36.978Z,18,18,34.3,50.7,998.9,139.2,363,63
2026-06-25T07:57:38.066Z,18,18,34.3,50.7,998.9,139.2,363,63
2026-06-25T07:57:39.099Z,18,18,34.3,50.7,998.9,139.3,363,63
2026-06-25T07:57:40.052Z,18,18,34.3,50.7,998.9,139.2,363,63
2026-06-25T07:57:41.078Z,18.2,18.2,34.3,50.7,998.9,139.2,363,63
2026-06-25T07:57:42.006Z,18.4,18.4,34.3,50.7,998.9,139.1,364,64
2026-06-25T07:57:43.012Z,18.6,18.6,34.3,50.7,998.9,139.1,364,64
2026-06-25T07:57:44.010Z,18.8,18.8,34.3,50.7,998.9,139.1,364,65
2026-06-25T07:57:45.003Z,19,19,34.3,50.7,998.9,139,364,65
2026-06-25T07:57:46.037Z,19,19,34.3,50.7,998.9,139,363,65
2026-06-25T07:57:46.998Z,19,19,34.3,50.7,998.9,139,364,65
2026-06-25T07:57:48.014Z,19,19,34.3,50.7,998.9,139,363,65
2026-06-25T07:57:49.008Z,19,19,34.4,50.7,998.9,138.9,363,65
2026-06-25T07:57:50.007Z,19,19,34.4,50.7,998.9,138.9,363,65
2026-06-25T07:57:51.010Z,18.8,18.8,34.4,50.7,998.9,138.8,363,65
2026-06-25T07:57:52.047Z,18.6,18.6,34.4,50.7,998.9,138.8,363,64
2026-06-25T07:57:53.025Z,18.4,18.4,34.4,50.7,998.9,138.8,362,64
2026-06-25T07:57:54.018Z,18.2,18.2,34.4,50.7,998.9,138.8,362,63
2026-06-25T07:57:54.995Z,18,18,34.4,50.7,998.9,138.8,362,63
2026-06-25T07:57:56.007Z,18.2,18.2,34.4,50.7,998.9,138.7,362,63
2026-06-25T07:57:57.015Z,18.6,18.6,34.4,50.7,998.9,138.7,361,64
2026-06-25T07:57:58.007Z,19,19,34.4,50.7,998.9,138.7,361,65
2026-06-25T07:57:59.004Z,19.2,19.2,34.4,50.7,998.9,138.8,362,65
2026-06-25T07:57:59.999Z,19.4,19.4,34.4,50.7,998.9,138.8,362,66
2026-06-25T07:58:01.014Z,19.4,19.4,34.4,50.7,998.9,138.7,362,66
2026-06-25T07:58:02.006Z,19.4,19.4,34.4,50.7,998.9,138.7,362,66
2026-06-25T07:58:02.994Z,19.4,19.4,34.4,50.7,998.9,138.7,362,66
2026-06-25T07:58:04.008Z,19.6,19.6,34.4,50.7,998.9,138.7,363,66
2026-06-25T07:58:05.018Z,19.6,19.6,34.4,50.7,998.9,138.7,363,66
2026-06-25T07:58:05.982Z,19.6,19.6,34.4,50.7,998.9,138.7,363,66
2026-06-25T07:58:07.016Z,19.4,19.4,34.4,50.7,998.9,138.7,363,66
2026-06-25T07:58:08.042Z,19.4,19.4,34.4,50.7,998.9,138.7,363,66
2026-06-25T07:58:09.022Z,19.4,19.4,34.4,50.7,998.9,138.7,363,66
2026-06-25T07:58:10.005Z,19.4,19.4,34.4,50.7,998.9,138.7,362,66
2026-06-25T07:58:10.985Z,19.6,19.6,34.4,50.7,998.9,138.7,362,66
2026-06-25T07:58:12.007Z,19.4,19.6,34.4,50.7,998.9,138.7,362,66
2026-06-25T07:58:12.998Z,19.2,19.6,34.4,50.7,998.9,138.7,362,65
2026-06-25T07:58:14.000Z,18.8,19.4,34.4,50.7,998.9,138.7,362,65
2026-06-25T07:58:15.000Z,18.6,19.4,34.4,50.7,998.9,138.7,362,64
2026-06-25T07:58:16.015Z,18.4,19.4,34.4,50.7,998.9,138.7,362,64
2026-06-25T07:58:16.996Z,18.6,19.6,34.4,50.7,998.9,138.6,362,64
2026-06-25T07:58:18.018Z,18.8,19.8,34.4,50.7,998.9,138.6,362,65
2026-06-25T07:58:19.009Z,19,20,34.4,50.7,998.9,138.6,362,65
2026-06-25T07:58:19.997Z,19,20.2,34.4,50.7,998.9,138.6,363,65
2026-06-25T07:58:20.992Z,19,20.4,34.4,50.7,998.9,138.5,363,65
2026-06-25T07:58:22.003Z,19,20.6,34.4,50.7,998.9,138.6,363,65
2026-06-25T07:58:22.993Z,19,20.8,34.4,50.7,998.9,138.6,363,65
2026-06-25T07:58:24.029Z,19.2,21.2,34.4,50.7,998.9,138.6,363,65
2026-06-25T07:58:24.999Z,19.4,21.4,34.4,50.7,998.9,138.6,363,66
2026-06-25T07:58:26.012Z,19.4,21.4,34.4,50.7,998.9,138.6,363,66
2026-06-25T07:58:27.003Z,19.4,21.4,34.4,50.7,998.9,138.6,363,66
2026-06-25T07:58:28.089Z,19.4,21.4,34.4,50.7,998.9,138.6,363,66
2026-06-25T07:58:29.015Z,19.4,21.4,34.4,50.7,998.9,138.5,365,66
2026-06-25T07:58:29.997Z,19.4,21.4,34.4,50.7,998.9,138.5,365,66
2026-06-25T07:58:31.010Z,19.4,21.4,34.4,50.7,998.9,138.5,363,66
2026-06-25T07:58:32.007Z,19.6,21.6,34.4,50.7,998.9,138.5,363,66
2026-06-25T07:58:33.013Z,19.8,21.8,34.4,50.7,998.9,138.4,364,67
2026-06-25T07:58:34.011Z,20,22,34.4,50.7,998.9,138.4,364,67
2026-06-25T07:58:35.011Z,20,21.8,34.4,50.7,998.9,138.3,364,67
2026-06-25T07:58:36.010Z,20,21.6,34.4,50.7,998.9,138.3,364,67
2026-06-25T07:58:37.031Z,20,21.4,34.4,50.7,998.9,138.3,362,67
2026-06-25T07:58:38.018Z,20,21.2,34.4,50.7,998.9,138.3,364,67
2026-06-25T07:58:39.016Z,20,21,34.4,50.7,998.9,138.3,362,67
2026-06-25T07:58:40.006Z,20,21,34.4,50.7,998.9,138.3,362,67
2026-06-25T07:58:40.993Z,19.8,21,34.4,50.7,998.9,138.3,362,67
2026-06-25T07:58:42.009Z,19.6,21,34.4,50.7,998.9,138.3,362,66
2026-06-25T07:58:43.008Z,19.4,21,34.4,50.7,998.9,138.2,363,66
2026-06-25T07:58:44.044Z,19.4,21.2,34.4,50.7,998.9,138.2,362,66
2026-06-25T07:58:45.000Z,19.4,21.4,34.4,50.7,998.9,138.2,363,66
2026-06-25T07:58:46.012Z,19.6,21.6,34.4,50.7,998.9,138.2,365,66
2026-06-25T07:58:47.011Z,19.6,21.6,34.4,50.7,998.9,138.2,365,66
2026-06-25T07:58:48.396Z,19.6,21.6,34.4,50.7,998.9,138.2,365,66
2026-06-25T07:58:48.995Z,19.4,21.4,34.4,50.7,998.9,138.2,365,66
2026-06-25T07:58:50.008Z,19.2,21,34.4,50.7,998.9,138.3,365,65
2026-06-25T07:58:51.003Z,19,20.6,34.4,50.7,998.9,138.2,365,65
2026-06-25T07:58:52.024Z,19,20.4,34.4,50.7,998.9,138.2,365,65
2026-06-25T07:58:52.998Z,19,20.4,34.4,50.7,998.9,138.2,365,65
2026-06-25T07:58:54.004Z,19,20,34.4,50.7,998.9,138.2,365,65
2026-06-25T07:58:55.006Z,19,19.6,34.4,50.7,998.9,138.2,365,65
2026-06-25T07:58:56.004Z,19,19.4,34.4,50.7,998.9,138.2,365,65
2026-06-25T07:58:57.021Z,19.2,19.4,34.4,50.7,998.9,138.2,365,65
2026-06-25T07:58:58.002Z,19.2,19.2,34.4,50.7,998.9,138.2,365,65
2026-06-25T07:58:58.997Z,19.2,19.2,34.4,50.7,998.9,138.2,365,65
2026-06-25T07:59:00.025Z,19.2,19.2,34.4,50.7,998.9,138.2,365,65
2026-06-25T07:59:01.007Z,19.2,19.2,34.4,50.7,998.9,138.2,364,65
2026-06-25T07:59:02.023Z,19,19,34.4,50.7,998.9,138.1,364,65
2026-06-25T07:59:03.007Z,19,19,34.4,50.7,998.9,138.1,364,65
2026-06-25T07:59:04.007Z,19.2,19.2,34.4,50.7,998.9,138.1,364,65
2026-06-25T07:59:05.011Z,19.2,19.2,34.4,50.7,998.9,138.1,364,65
2026-06-25T07:59:07.091Z,19.2,19.2,34.4,50.7,998.9,138,364,65
2026-06-25T07:59:07.093Z,19.2,19.2,34.4,50.7,998.9,138,364,65
2026-06-25T07:59:07.993Z,19.4,19.4,34.4,50.7,998.9,138,364,66
2026-06-25T07:59:09.012Z,19.4,19.4,34.4,50.7,998.9,138,364,66
2026-06-25T07:59:10.004Z,19.8,19.8,34.4,50.7,998.9,137.9,364,67
2026-06-25T07:59:10.997Z,20.2,20.2,34.4,50.7,998.9,137.9,364,68
2026-06-25T07:59:11.989Z,20.6,20.6,34.4,50.7,998.9,137.9,365,68
2026-06-25T07:59:12.985Z,20.8,20.8,34.4,50.7,998.9,137.8,365,69
2026-06-25T07:59:14.012Z,21,21,34.4,50.7,998.9,137.8,365,69
2026-06-25T07:59:15.019Z,21,21,34.4,50.7,998.9,137.8,365,69
2026-06-25T07:59:16.007Z,21,21,34.4,50.7,998.9,137.7,365,69
2026-06-25T07:59:17.008Z,21,21,34.4,50.7,998.9,137.7,365,69
2026-06-25T07:59:18.008Z,21,21,34.4,50.7,998.9,137.7,364,69
2026-06-25T07:59:19.020Z,21,21,34.4,50.7,998.9,137.7,364,69
2026-06-25T07:59:20.012Z,21,21,34.4,50.7,998.9,137.7,364,69
2026-06-25T07:59:20.994Z,21.2,21.2,34.4,50.7,998.9,137.7,363,70
2026-06-25T07:59:21.994Z,21.4,21.4,34.4,50.7,998.9,137.7,363,70
2026-06-25T07:59:23.014Z,21.4,21.4,34.4,50.7,998.9,137.8,363,70
2026-06-25T07:59:23.997Z,21.4,21.4,34.4,50.7,998.9,137.8,363,70
2026-06-25T07:59:25.008Z,21.4,21.4,34.4,50.7,998.9,137.7,363,70
2026-06-25T07:59:26.006Z,21.2,21.2,34.4,50.7,998.9,137.7,362,70
2026-06-25T07:59:27.008Z,21,21,34.4,50.7,998.9,137.6,362,69
2026-06-25T07:59:27.994Z,20.8,20.8,34.4,50.7,998.9,137.5,362,69
2026-06-25T07:59:28.996Z,20.8,20.8,34.4,50.7,998.9,137.5,363,69
2026-06-25T07:59:30.022Z,20.8,20.8,34.4,50.7,998.9,137.5,363,69
2026-06-25T07:59:31.011Z,20.8,20.8,34.4,50.7,998.9,137.5,363,69
2026-06-25T07:59:32.001Z,20.6,20.6,34.4,50.8,998.9,137.5,363,68
2026-06-25T07:59:33.027Z,20.6,20.6,34.4,50.8,998.9,137.5,363,68
2026-06-25T07:59:33.991Z,20.4,20.4,34.4,50.8,998.9,137.5,363,68
2026-06-25T07:59:35.007Z,20.2,20.2,34.4,50.8,998.9,137.5,362,68
2026-06-25T07:59:36.016Z,20,20,34.4,50.8,998.9,137.5,363,67
2026-06-25T07:59:37.001Z,19.8,19.8,34.4,50.8,998.9,137.5,363,67
2026-06-25T07:59:37.998Z,19.8,19.8,34.4,50.8,998.9,137.5,363,67
2026-06-25T07:59:38.998Z,19.8,19.8,34.4,50.8,998.9,137.5,363,67
2026-06-25T07:59:39.989Z,19.8,19.8,34.4,50.8,998.9,137.5,362,67
2026-06-25T07:59:41.006Z,19.8,19.8,34.4,50.8,998.9,137.4,362,67
2026-06-25T07:59:42.026Z,19.8,19.8,34.4,50.8,998.9,137.4,363,67
2026-06-25T07:59:42.976Z,20,20,34.4,50.8,998.9,137.3,362,67
2026-06-25T07:59:44.001Z,20,20,34.4,50.8,998.9,137.4,362,67
2026-06-25T07:59:45.001Z,20,20,34.4,50.8,998.9,137.3,362,67
2026-06-25T07:59:45.993Z,20,20,34.4,50.8,998.9,137.3,362,67
2026-06-25T07:59:46.991Z,20,20,34.4,50.7,998.9,137.3,362,67
2026-06-25T07:59:48.008Z,20,20.2,34.4,50.7,998.9,137.4,361,67
2026-06-25T07:59:48.993Z,20,20.4,34.4,50.7,998.9,137.3,362,67
2026-06-25T07:59:49.997Z,20,20.6,34.4,50.7,998.9,137.3,362,67
2026-06-25T07:59:51.010Z,20,20.8,34.4,50.7,998.9,137.3,363,67
2026-06-25T07:59:51.979Z,20,21,34.4,50.7,998.9,137.3,362,67
2026-06-25T07:59:52.990Z,19.8,20.8,34.4,50.7,998.9,137.3,362,67
2026-06-25T07:59:54.004Z,19.6,20.6,34.4,50.7,998.9,137.3,362,66
2026-06-25T07:59:54.993Z,19.4,20.4,34.4,50.7,998.9,137.2,363,66
2026-06-25T07:59:55.994Z,19.4,20.4,34.4,50.7,998.9,137.2,362,66
2026-06-25T07:59:57.015Z,19.4,20.4,34.4,50.7,998.9,137.2,363,66
2026-06-25T07:59:57.990Z,19.6,20.6,34.4,50.7,998.9,137.2,363,66
2026-06-25T07:59:58.994Z,19.4,20.6,34.4,50.7,998.9,137.1,363,66
2026-06-25T08:00:00.006Z,19.2,20.6,34.4,50.7,998.9,137.1,363,65
2026-06-25T08:00:00.989Z,19.2,20.6,34.4,50.7,998.9,137.1,362,65
2026-06-25T08:00:01.994Z,18.8,20.2,34.4,50.7,998.9,137.1,362,65
2026-06-25T08:00:02.979Z,18.6,20,34.4,50.7,998.9,137.1,362,64
2026-06-25T08:00:03.997Z,18.4,19.8,34.4,50.7,998.9,137.1,362,64
2026-06-25T08:00:05.562Z,18.4,19.6,34.4,50.8,998.9,137.1,361,64
2026-06-25T08:00:05.994Z,18.4,19.4,34.4,50.8,998.9,137.1,361,64
2026-06-25T08:00:07.004Z,18.4,19.4,34.4,50.8,998.9,137.1,361,64
2026-06-25T08:00:08.006Z,18.2,19.2,34.4,50.8,998.9,137,361,63
2026-06-25T08:00:09.011Z,18,19,34.4,50.8,998.9,137,361,63
2026-06-25T08:00:09.990Z,18,19,34.4,50.8,998.9,136.9,361,63
2026-06-25T08:00:11.012Z,18,19,34.4,50.8,998.9,136.9,361,63
2026-06-25T08:00:11.992Z,18,19,34.4,50.8,998.9,136.9,361,63
2026-06-25T08:00:13.011Z,18,19,34.4,50.8,998.9,136.9,361,63
2026-06-25T08:00:13.992Z,18.2,19.2,34.4,50.8,998.9,136.9,361,63
2026-06-25T08:00:14.995Z,18.4,19.4,34.4,50.8,998.9,136.9,362,64
2026-06-25T08:00:15.996Z,18.6,19.6,34.4,50.8,998.9,136.9,363,64
2026-06-25T08:00:17.003Z,18.6,19.6,34.4,50.8,998.9,136.9,363,64
2026-06-25T08:00:18.001Z,18.6,19.6,34.4,50.8,998.9,136.9,363,64
2026-06-25T08:00:18.982Z,18.4,19.4,34.4,50.8,998.9,137,363,64
2026-06-25T08:00:20.000Z,18.4,19.4,34.4,50.8,998.9,136.9,364,64
2026-06-25T08:00:20.993Z,18.4,19.4,34.4,50.8,998.9,136.9,365,64
2026-06-25T08:00:22.014Z,18.6,19.6,34.4,50.8,998.9,136.9,365,64
2026-06-25T08:00:23.009Z,18.6,19.6,34.4,50.7,998.9,136.9,365,64
2026-06-25T08:00:23.999Z,18.6,19.6,34.4,50.7,998.9,136.9,365,64
2026-06-25T08:00:25.012Z,18.4,19.6,34.4,50.7,998.9,136.9,365,64
2026-06-25T08:00:26.019Z,18.2,19.6,34.4,50.7,998.9,136.8,364,63
2026-06-25T08:00:27.016Z,18,19.6,34.4,50.7,998.9,136.8,364,63
2026-06-25T08:00:28.034Z,17.8,19.6,34.4,50.7,998.9,136.8,363,62
2026-06-25T08:00:28.999Z,17.8,19.8,34.4,50.7,998.9,136.8,363,62
2026-06-25T08:00:30.028Z,18,20,34.4,50.7,998.9,136.7,363,63
2026-06-25T08:00:31.008Z,18,20,34.4,50.7,998.9,136.7,363,63
2026-06-25T08:00:32.000Z,17.8,19.8,34.4,50.7,998.9,136.7,363,62
2026-06-25T08:00:33.017Z,17.6,19.6,34.4,50.7,998.9,136.7,363,62
2026-06-25T08:00:34.009Z,17.4,19.4,34.4,50.7,998.9,136.7,363,62
2026-06-25T08:00:35.003Z,17.2,19.2,34.4,50.7,998.9,136.7,363,61
2026-06-25T08:00:36.005Z,17,19,34.4,50.7,998.9,136.7,363,61
2026-06-25T08:00:37.033Z,17,19,34.4,50.7,998.9,136.6,364,61
2026-06-25T08:00:38.012Z,17,19,34.4,50.7,998.9,136.6,364,61
2026-06-25T08:00:39.023Z,16.8,19,34.4,50.7,998.9,136.6,364,60
2026-06-25T08:00:39.998Z,16.6,19,34.4,50.7,998.9,136.6,364,60
2026-06-25T08:00:41.005Z,16.6,19,34.4,50.7,998.9,136.5,364,60
2026-06-25T08:00:42.030Z,16.6,19,34.4,50.7,998.9,136.5,364,60
2026-06-25T08:00:43.000Z,16.6,19,34.4,50.8,998.9,136.6,364,60
2026-06-25T08:00:44.013Z,16.6,18.8,34.4,50.8,998.9,136.6,364,60
2026-06-25T08:00:45.008Z,16.6,18.6,34.4,50.8,998.9,136.6,363,60
2026-06-25T08:00:46.017Z,16.6,18.6,34.4,50.8,998.9,136.5,363,60
2026-06-25T08:00:47.025Z,16.6,18.4,34.4,50.8,998.9,136.5,363,60
2026-06-25T08:00:48.003Z,16.6,18.2,34.4,50.8,998.9,136.5,363,60
2026-06-25T08:00:49.003Z,16.6,18,34.4,50.8,998.9,136.5,363,60
2026-06-25T08:00:50.000Z,16.8,18,34.4,50.8,998.9,136.5,363,60
2026-06-25T08:00:51.025Z,17,18,34.4,50.8,998.9,136.5,363,61
2026-06-25T08:00:51.998Z,17.2,18,34.4,50.8,998.9,136.4,362,61
2026-06-25T08:00:53.016Z,17.4,18,34.4,50.8,998.9,136.4,362,62
2026-06-25T08:00:54.008Z,17.6,18,34.4,50.8,998.9,136.4,362,62
2026-06-25T08:00:55.010Z,17.8,18,34.4,50.8,998.9,136.4,362,62
2026-06-25T08:00:56.538Z,18,18,34.4,50.8,998.9,136.4,362,63
2026-06-25T08:00:57.003Z,18,18,34.4,50.8,998.9,136.3,362,63
2026-06-25T08:00:58.009Z,18,18,34.4,50.8,998.9,136.2,362,63
2026-06-25T08:00:59.120Z,18,18,34.4,50.8,998.9,136.2,362,63
2026-06-25T08:01:00.019Z,18,18,34.4,50.8,998.9,136.2,362,63
2026-06-25T08:01:01.066Z,18,18,34.4,50.8,998.9,136.2,362,63
2026-06-25T08:01:02.002Z,17.8,17.8,34.4,50.8,998.9,136.2,362,62
2026-06-25T08:01:03.004Z,17.6,17.6,34.4,50.8,998.9,136.1,362,62
2026-06-25T08:01:04.013Z,17.4,17.4,34.4,50.8,998.9,136,362,62
2026-06-25T08:01:05.028Z,17.2,17.4,34.5,50.8,998.9,136,362,61
2026-06-25T08:01:06.006Z,17,17.4,34.5,50.8,998.9,136,362,61
2026-06-25T08:01:07.012Z,17.2,17.8,34.5,50.8,998.9,136,362,61
2026-06-25T08:01:08.558Z,17.4,18.4,34.5,50.8,998.8,136,362,62
2026-06-25T08:01:09.005Z,17.4,18.4,34.5,50.8,998.8,136,362,62
2026-06-25T08:01:10.009Z,17.8,19,34.5,50.8,998.8,135.9,362,62
2026-06-25T08:01:11.000Z,18.2,19.4,34.5,50.8,998.8,135.9,362,63
2026-06-25T08:01:11.995Z,18.6,20,34.5,50.8,998.8,135.8,361,64
2026-06-25T08:01:13.004Z,18.8,20.4,34.5,50.8,998.8,135.8,361,65
2026-06-25T08:01:14.012Z,19,20.6,34.5,50.9,998.8,135.8,361,65
2026-06-25T08:01:15.013Z,19,20.8,34.5,50.9,998.8,135.8,361,65
2026-06-25T08:01:16.011Z,19,21,34.5,50.9,998.8,135.8,361,65
2026-06-25T08:01:17.019Z,19,21,34.5,50.9,998.8,135.7,361,65
2026-06-25T08:01:17.993Z,19,21,34.5,50.9,998.8,135.6,361,65
2026-06-25T08:01:19.019Z,19,21,34.5,50.9,998.8,135.6,361,65
2026-06-25T08:01:20.012Z,18.8,21,34.5,50.9,998.8,135.5,361,65
2026-06-25T08:01:21.002Z,18.6,21,34.5,50.9,998.8,135.5,361,64
2026-06-25T08:01:22.013Z,18.4,21,34.5,50.9,998.8,135.5,361,64
2026-06-25T08:01:23.022Z,18.2,21,34.5,50.9,998.8,135.5,361,63
2026-06-25T08:01:24.012Z,18,21,34.5,50.9,998.8,135.4,362,63
2026-06-25T08:01:25.012Z,18,21,34.5,51,998.8,135.4,362,63
2026-06-25T08:01:26.025Z,17.8,20.8,34.5,51,998.8,135.4,362,62
2026-06-25T08:01:27.017Z,17.6,20.6,34.5,51,998.8,135.4,362,62
2026-06-25T08:01:28.143Z,17.4,20.4,34.5,51,998.8,135.3,363,62
2026-06-25T08:01:29.014Z,17.2,20.2,34.5,51,998.8,135.3,363,61
2026-06-25T08:01:29.999Z,17,20,34.5,51,998.8,135.2,363,61
2026-06-25T08:01:31.000Z,17,20,34.5,51,998.8,135.2,363,61
2026-06-25T08:01:32.004Z,17.2,20.4,34.5,51,998.8,135.1,363,61
2026-06-25T08:01:33.015Z,17.4,20.8,34.5,51,998.8,135,363,62
2026-06-25T08:01:34.027Z,17.6,21.2,34.5,51,998.8,135,362,62
2026-06-25T08:01:35.004Z,17.8,21.6,34.5,51,998.8,135,362,62
2026-06-25T08:01:35.994Z,18,22,34.5,51,998.8,135,362,63
2026-06-25T08:01:37.022Z,18.2,22,34.5,51,998.8,135,362,63
2026-06-25T08:01:38.004Z,18.2,21.8,34.5,51,998.8,135,361,63
2026-06-25T08:01:39.027Z,18.2,21.6,34.5,51,998.8,135,360,63
2026-06-25T08:01:40.025Z,18.2,21.4,34.5,51,998.8,135,360,63
2026-06-25T08:01:41.019Z,18.4,21.4,34.5,51,998.8,134.9,361,64
2026-06-25T08:01:42.013Z,18.4,21.4,34.5,51,998.8,134.8,360,64
2026-06-25T08:01:43.002Z,18.6,21.6,34.5,51,998.8,134.6,359,64
2026-06-25T08:01:44.005Z,18.6,21.6,34.5,51,998.8,134.6,359,64
2026-06-25T08:01:45.014Z,18.6,21.6,34.5,51,998.8,134.6,361,64
2026-06-25T08:01:46.014Z,18.4,21.4,34.5,51,998.8,134.5,361,64
2026-06-25T08:01:47.000Z,18.2,21.2,34.5,51,998.8,134.4,359,63
2026-06-25T08:01:48.030Z,18,21,34.5,51,998.8,134.4,361,63
2026-06-25T08:01:49.102Z,18.2,21.2,34.6,51,998.8,134.4,362,63
2026-06-25T08:01:50.014Z,18.6,21.4,34.6,50.9,998.8,134.4,362,64
2026-06-25T08:01:51.009Z,19,21.6,34.6,50.9,998.8,134.3,362,65
2026-06-25T08:01:52.011Z,19.4,21.6,34.6,50.9,998.8,134.3,362,66
2026-06-25T08:01:53.005Z,19.8,21.6,34.6,50.9,998.8,134.2,362,67
2026-06-25T08:01:54.035Z,19.8,21.6,34.6,50.9,998.8,134.2,363,67
2026-06-25T08:01:55.043Z,20,21.4,34.6,50.9,998.8,134.2,363,67
2026-06-25T08:01:56.593Z,19.8,21,34.6,50.9,998.8,134.2,362,67
2026-06-25T08:01:57.012Z,19.6,20.6,34.6,50.9,998.8,134.1,362,66
2026-06-25T08:01:58.005Z,19.4,20.4,34.6,50.9,998.8,134.1,362,66
2026-06-25T08:01:59.031Z,19.2,20.2,34.6,50.9,998.8,134,362,65
2026-06-25T08:02:00.003Z,19,20,34.6,50.9,998.8,134,362,65
2026-06-25T08:02:01.009Z,19,20,34.6,50.9,998.8,133.9,361,65
2026-06-25T08:02:02.120Z,19,20,34.6,50.9,998.8,133.9,361,65
2026-06-25T08:02:03.031Z,19,20,34.6,50.9,998.8,133.8,361,65
2026-06-25T08:02:04.091Z,19,20,34.6,50.9,998.8,133.9,361,65
2026-06-25T08:02:05.013Z,19,20,34.6,50.9,998.8,133.8,361,65
2026-06-25T08:02:06.012Z,19,20,34.6,50.9,998.8,133.8,361,65
2026-06-25T08:02:07.004Z,19,20,34.6,50.9,998.8,133.8,361,65
2026-06-25T08:02:08.004Z,19,20,34.6,50.9,998.8,133.8,361,65
2026-06-25T08:02:09.035Z,19,19.8,34.6,50.9,998.8,133.7,361,65
2026-06-25T08:02:10.014Z,19,19.8,34.6,50.9,998.8,133.7,361,65
2026-06-25T08:02:11.018Z,19,19.8,34.6,50.9,998.8,133.6,361,65
2026-06-25T08:02:12.004Z,19,19.8,34.6,50.9,998.8,133.6,362,65
2026-06-25T08:02:13.016Z,18.8,19.6,34.6,50.9,998.8,133.5,362,65
2026-06-25T08:02:14.021Z,18.4,19.4,34.6,50.9,998.8,133.5,363,64
2026-06-25T08:02:15.010Z,18,19,34.6,50.9,998.8,133.4,363,63
2026-06-25T08:02:16.068Z,18,19,34.6,50.9,998.8,133.5,363,63
2026-06-25T08:02:17.018Z,17.8,18.8,34.6,50.9,998.8,133.4,363,62
2026-06-25T08:02:18.011Z,17.6,18.6,34.6,50.9,998.8,133.4,364,62
2026-06-25T08:02:20.018Z,17.4,18.6,34.6,50.9,998.8,133.3,364,62
2026-06-25T08:02:20.116Z,17.4,18.8,34.6,50.9,998.8,133.3,363,62
2026-06-25T08:02:20.998Z,17.4,19,34.6,50.9,998.8,133.3,362,62
2026-06-25T08:02:22.019Z,17.2,19,34.6,50.9,998.8,133.3,362,61
2026-06-25T08:02:23.007Z,17,19,34.6,50.9,998.8,133.2,361,61
2026-06-25T08:02:24.001Z,17.2,19.2,34.6,50.9,998.8,133.2,362,61
2026-06-25T08:02:25.073Z,17.4,19.4,34.6,50.9,998.8,133.1,361,62
2026-06-25T08:02:26.047Z,17.6,19.6,34.6,50.9,998.8,133.1,361,62
2026-06-25T08:02:27.027Z,17.8,19.8,34.6,50.9,998.8,133.1,361,62
2026-06-25T08:02:28.004Z,18,20,34.6,50.9,998.8,133.2,361,63
2026-06-25T08:02:29.004Z,17.8,19.8,34.6,51,998.8,133.1,361,62
2026-06-25T08:02:30.000Z,17.6,19.8,34.6,51,998.8,133.1,361,62
2026-06-25T08:02:31.019Z,17.4,19.8,34.6,51,998.8,133.1,361,62
2026-06-25T08:02:32.029Z,17.2,19.8,34.6,51,998.8,133.1,362,61
2026-06-25T08:02:33.041Z,17,19.8,34.6,51,998.8,133,362,61
2026-06-25T08:02:34.021Z,17.2,20.2,34.6,51,998.8,133,362,61
2026-06-25T08:02:35.011Z,17.4,20.4,34.6,51,998.8,133,362,62
2026-06-25T08:02:35.997Z,17.6,20.6,34.6,51,998.8,133,363,62
2026-06-25T08:02:37.019Z,18,20.8,34.6,51,998.8,132.9,363,63
2026-06-25T08:02:38.016Z,18.4,21,34.6,51,998.8,132.9,363,64
2026-06-25T08:02:39.033Z,18.4,21,34.6,51,998.8,132.8,363,64
2026-06-25T08:02:40.019Z,18.6,21,34.6,51,998.8,132.8,363,64
2026-06-25T08:02:41.742Z,18.6,20.8,34.6,51,998.8,132.8,363,64
2026-06-25T08:02:42.043Z,18.6,20.6,34.6,51,998.8,132.7,362,64
2026-06-25T08:02:43.012Z,18.4,20.4,34.6,51,998.8,132.6,363,64
2026-06-25T08:02:44.016Z,18.4,20.4,34.6,51,998.8,132.6,363,64
2026-06-25T08:02:45.023Z,18.4,20.2,34.6,51,998.8,132.6,363,64
2026-06-25T08:02:46.565Z,18.6,20.2,34.6,51.1,998.8,132.6,362,64
2026-06-25T08:02:47.042Z,18.4,19.8,34.6,51.1,998.8,132.5,361,64
2026-06-25T08:02:48.047Z,18.2,19.4,34.6,51.1,998.8,132.5,361,63
2026-06-25T08:02:49.015Z,17.8,18.8,34.6,51.1,998.8,132.4,361,62
2026-06-25T08:02:50.019Z,17.2,18.2,34.6,51.1,998.8,132.3,361,61
2026-06-25T08:02:51.019Z,16.6,17.6,34.6,51.1,998.8,132.3,361,60
2026-06-25T08:02:52.176Z,16.4,17.4,34.6,51.1,998.8,132.3,361,60
2026-06-25T08:02:53.028Z,16.2,17.2,34.6,51.1,998.8,132.2,361,59
2026-06-25T08:02:54.011Z,16,17,34.6,51.1,998.8,132.2,361,59
2026-06-25T08:02:55.023Z,16.2,17.2,34.6,51.1,998.8,132.2,361,59
2026-06-25T08:02:57.822Z,16.4,17.4,34.6,51.1,998.8,132.2,361,60
2026-06-25T08:02:57.824Z,16.6,17.6,34.6,51.1,998.8,132.2,361,60
2026-06-25T08:02:58.086Z,16.8,17.8,34.6,51.1,998.8,132.1,361,60
2026-06-25T08:02:59.015Z,17,18,34.6,51.1,998.8,132.1,361,61
2026-06-25T08:03:00.017Z,17,18.2,34.6,51.1,998.8,132,361,61
2026-06-25T08:03:01.025Z,17,18.2,34.6,51.1,998.8,132,361,61
2026-06-25T08:03:02.017Z,17.2,18.4,34.6,51.1,998.8,132,361,61
2026-06-25T08:03:03.013Z,17.4,18.6,34.6,51.1,998.8,131.9,360,62
2026-06-25T08:03:04.017Z,17.6,18.8,34.6,51.1,998.8,131.9,359,62
2026-06-25T08:03:05.008Z,17.8,19,34.6,51.2,998.8,131.9,359,62
2026-06-25T08:03:06.016Z,18,19.2,34.6,51.2,998.8,131.8,359,63
2026-06-25T08:03:07.017Z,18,19.4,34.6,51.2,998.8,131.8,359,63
2026-06-25T08:03:08.009Z,18,19.6,34.6,51.2,998.8,131.8,359,63
2026-06-25T08:03:09.004Z,18,19.8,34.6,51.2,998.8,131.7,358,63
2026-06-25T08:03:10.086Z,18,20.2,34.6,51.2,998.8,131.7,359,63
2026-06-25T08:03:11.029Z,18,20.2,34.6,51.2,998.8,131.7,359,63
2026-06-25T08:03:12.058Z,18,20.2,34.6,51.2,998.8,131.7,359,63
2026-06-25T08:03:13.017Z,18,20.2,34.6,51.2,998.8,131.7,359,63
2026-06-25T08:03:14.011Z,18,20.2,34.6,51.2,998.8,131.6,359,63
2026-06-25T08:03:15.049Z,18,20,34.7,51.2,998.8,131.6,359,63
2026-06-25T08:03:16.016Z,18,20,34.7,51.2,998.8,131.7,359,63
2026-06-25T08:03:17.012Z,18,20,34.7,51.2,998.8,131.6,359,63
2026-06-25T08:03:18.560Z,18,20,34.7,51.2,998.8,131.6,359,63
2026-06-25T08:03:19.019Z,18.2,20.2,34.7,51.2,998.8,131.5,359,63
2026-06-25T08:03:20.036Z,18.4,20.4,34.7,51.2,998.8,131.4,359,64
2026-06-25T08:03:21.013Z,18.6,20.6,34.7,51.2,998.8,131.4,359,64
2026-06-25T08:03:22.000Z,18.8,20.8,34.7,51.2,998.8,131.4,359,65
2026-06-25T08:03:22.987Z,19,21,34.7,51.2,998.8,131.3,361,65
2026-06-25T08:03:24.016Z,19,21,34.7,51.2,998.8,131.3,359,65
2026-06-25T08:03:25.575Z,19,21,34.7,51.2,998.8,131.2,359,65
2026-06-25T08:03:25.999Z,18.8,20.8,34.7,51.2,998.8,131.1,359,65
2026-06-25T08:03:27.013Z,18.6,20.6,34.7,51.2,998.8,131.1,361,64
2026-06-25T08:03:28.002Z,18.4,20.4,34.7,51.2,998.8,131,361,64
2026-06-25T08:03:29.001Z,18.4,20.4,34.7,51.3,998.8,130.9,361,64
2026-06-25T08:03:30.026Z,18.4,20.4,34.7,51.3,998.8,130.9,361,64
2026-06-25T08:03:30.995Z,18.6,20.6,34.7,51.3,998.8,130.9,361,64
2026-06-25T08:03:32.001Z,18.8,20.8,34.7,51.3,998.8,130.8,361,65
2026-06-25T08:03:32.996Z,19,21,34.7,51.3,998.8,130.7,361,65
2026-06-25T08:03:34.008Z,18.8,20.8,34.7,51.2,998.8,130.7,361,65
2026-06-25T08:03:35.014Z,18.6,20.6,34.7,51.2,998.8,130.6,361,64
2026-06-25T08:03:36.010Z,18.4,20.4,34.7,51.2,998.8,130.6,361,64
2026-06-25T08:03:37.013Z,18.4,20.4,34.7,51.2,998.8,130.6,361,64
2026-06-25T08:03:38.013Z,18.4,20.4,34.7,51.2,998.8,130.6,361,64
2026-06-25T08:03:39.007Z,18.6,20.6,34.7,51.2,998.8,130.6,361,64
2026-06-25T08:03:40.009Z,19,20.8,34.7,51.2,998.8,130.5,361,65
2026-06-25T08:03:41.004Z,19.4,21,34.7,51.3,998.8,130.5,361,66
2026-06-25T08:03:42.021Z,19.6,21,34.7,51.3,998.8,130.4,361,66
2026-06-25T08:03:43.028Z,19.6,20.8,34.7,51.3,998.8,130.4,361,66
2026-06-25T08:03:44.014Z,19.6,20.6,34.7,51.3,998.8,130.4,361,66
2026-06-25T08:03:44.997Z,19.4,20.4,34.7,51.3,998.8,130.4,361,66
2026-06-25T08:03:46.006Z,19.4,20.4,34.7,51.3,998.8,130.3,361,66
2026-06-25T08:03:47.003Z,19.2,20.2,34.7,51.3,998.8,130.3,361,65
2026-06-25T08:03:48.004Z,19,20,34.7,51.3,998.8,130.3,360,65
2026-06-25T08:03:49.018Z,19,20,34.7,51.3,998.8,130.3,360,65
2026-06-25T08:03:50.004Z,19.2,20.2,34.7,51.3,998.8,130.2,360,65
2026-06-25T08:03:51.009Z,19.4,20.4,34.7,51.3,998.8,130.2,359,66
2026-06-25T08:03:52.003Z,19.6,20.6,34.7,51.3,998.8,130.2,359,66
2026-06-25T08:03:53.041Z,19.8,20.8,34.7,51.3,998.8,130.2,359,67
2026-06-25T08:03:54.024Z,20,21,34.7,51.3,998.8,130.1,359,67
2026-06-25T08:03:55.033Z,19.8,20.8,34.7,51.3,998.8,130.1,359,67
2026-06-25T08:03:56.012Z,19.6,20.6,34.7,51.3,998.8,130,359,66
2026-06-25T08:03:57.017Z,19.4,20.4,34.7,51.3,998.8,130,359,66
2026-06-25T08:03:57.997Z,19.4,20.4,34.7,51.4,998.8,130,359,66
2026-06-25T08:03:59.013Z,19.4,20.4,34.7,51.4,998.8,129.9,359,66
2026-06-25T08:04:00.020Z,19.6,20.6,34.7,51.4,998.8,129.9,359,66
2026-06-25T08:04:01.008Z,20,21,34.7,51.4,998.8,129.9,359,67
2026-06-25T08:04:01.999Z,20.4,21.4,34.7,51.4,998.8,129.8,360,68
2026-06-25T08:04:03.005Z,20.6,21.6,34.7,51.4,998.8,129.9,360,68
2026-06-25T08:04:04.012Z,20.8,21.8,34.7,51.4,998.8,129.8,361,69
2026-06-25T08:04:05.002Z,21,22,34.7,51.4,998.8,129.7,361,69
2026-06-25T08:04:05.988Z,21,22,34.7,51.4,998.8,129.6,362,69
2026-06-25T08:04:07.055Z,20.8,21.8,34.7,51.4,998.8,129.6,361,69
2026-06-25T08:04:08.012Z,20.6,21.6,34.7,51.5,998.8,129.5,361,68
2026-06-25T08:04:09.007Z,20.6,21.6,34.7,51.5,998.8,129.5,361,68
2026-06-25T08:04:10.017Z,20.4,21.4,34.7,51.5,998.8,129.5,361,68
2026-06-25T08:04:11.002Z,20.2,21.2,34.7,51.5,998.8,129.5,361,68
2026-06-25T08:04:12.004Z,20,21,34.7,51.5,998.8,129.5,361,67
2026-06-25T08:04:13.017Z,20,21,34.7,51.5,998.8,129.4,358,67
2026-06-25T08:04:14.018Z,20.2,21,34.7,51.5,998.8,129.4,358,68
2026-06-25T08:04:15.009Z,20.4,21,34.7,51.5,998.8,129.4,358,68
2026-06-25T08:04:16.006Z,20.6,21,34.7,51.4,998.8,129.3,358,68
2026-06-25T08:04:16.995Z,20.8,21,34.8,51.4,998.8,129.3,358,69
2026-06-25T08:04:18.023Z,20.8,21,34.8,51.4,998.8,129.3,358,69
2026-06-25T08:04:19.016Z,20.6,20.8,34.8,51.4,998.8,129.3,358,68
2026-06-25T08:04:20.013Z,20.4,20.6,34.8,51.4,998.8,129.2,358,68
2026-06-25T08:04:21.010Z,20.2,20.4,34.8,51.4,998.8,129.2,358,68
2026-06-25T08:04:22.016Z,20,20.2,34.8,51.4,998.8,129.2,358,67
2026-06-25T08:04:23.007Z,20,20,34.8,51.4,998.8,129.2,358,67
2026-06-25T08:04:24.008Z,20,20,34.8,51.4,998.8,129.2,358,67
2026-06-25T08:04:25.010Z,20,20,34.8,51.4,998.8,129.1,358,67
2026-06-25T08:04:26.019Z,20,20,34.8,51.4,998.8,129.1,359,67
2026-06-25T08:04:27.009Z,20.2,20.2,34.8,51.4,998.8,129.1,359,68
2026-06-25T08:04:28.021Z,20.2,20.2,34.8,51.4,998.8,129,359,68
2026-06-25T08:04:28.988Z,20.2,20.2,34.8,51.4,998.8,129,359,68
2026-06-25T08:04:29.997Z,20.2,20.2,34.8,51.3,998.8,129,359,68
2026-06-25T08:04:31.010Z,20.4,20.4,34.8,51.3,998.8,129,360,68
2026-06-25T08:04:32.005Z,20.4,20.4,34.8,51.3,998.8,129,360,68
2026-06-25T08:04:33.141Z,20.4,20.4,34.8,51.3,998.8,129,360,68
2026-06-25T08:04:34.003Z,20.6,20.6,34.8,51.3,998.8,128.9,359,68
2026-06-25T08:04:35.006Z,20.8,20.8,34.8,51.3,998.8,128.9,359,69
2026-06-25T08:04:36.012Z,21,21,34.8,51.3,998.8,128.8,359,69
2026-06-25T08:04:37.011Z,20.8,20.8,34.8,51.3,998.8,128.8,358,69
2026-06-25T08:04:38.062Z,20.6,20.6,34.8,51.3,998.8,128.8,358,68
2026-06-25T08:04:39.004Z,20.2,20.4,34.8,51.3,998.8,128.8,358,68
2026-06-25T08:04:39.989Z,19.8,20,34.8,51.3,998.8,128.7,358,67
2026-06-25T08:04:41.014Z,19.4,19.6,34.8,51.3,998.8,128.7,358,66
2026-06-25T08:04:42.027Z,19.2,19.4,34.8,51.3,998.8,128.6,358,65
2026-06-25T08:04:43.021Z,19,19.2,34.8,51.4,998.8,128.5,358,65
2026-06-25T08:04:44.011Z,19,19,34.8,51.4,998.8,128.5,358,65
2026-06-25T08:04:45.009Z,19,19,34.8,51.4,998.8,128.5,358,65
2026-06-25T08:04:46.009Z,18.8,18.8,34.8,51.4,998.8,128.5,358,65
2026-06-25T08:04:47.023Z,18.6,18.6,34.8,51.4,998.8,128.4,358,64
2026-06-25T08:04:48.000Z,18.4,18.4,34.8,51.4,998.8,128.5,358,64
2026-06-25T08:04:49.029Z,18.4,18.4,34.8,51.4,998.8,128.4,358,64
2026-06-25T08:04:50.208Z,18.4,18.4,34.8,51.4,998.8,128.4,358,64
2026-06-25T08:04:51.006Z,18.6,18.6,34.8,51.4,998.8,128.3,358,64
2026-06-25T08:04:52.073Z,18.8,18.8,34.8,51.4,998.8,128.3,358,65
2026-06-25T08:04:53.028Z,19,19,34.8,51.4,998.8,128.3,359,65
2026-06-25T08:04:54.023Z,19,19,34.8,51.4,998.8,128.3,358,65
2026-06-25T08:04:55.160Z,19,19.2,34.8,51.4,998.8,128.3,358,65
2026-06-25T08:04:56.041Z,19,19.4,34.8,51.4,998.8,128.3,358,65
2026-06-25T08:04:57.009Z,19,19.6,34.8,51.4,998.8,128.2,359,65
2026-06-25T08:04:58.012Z,18.8,19.8,34.8,51.4,998.8,128.2,359,65
2026-06-25T08:04:59.007Z,18.6,20,34.8,51.4,998.8,128.1,358,64
2026-06-25T08:05:00.007Z,18.4,20,34.8,51.4,998.8,128,358,64
2026-06-25T08:05:01.012Z,18.4,20.2,34.8,51.4,998.8,128,359,64
2026-06-25T08:05:02.009Z,18.4,20.4,34.8,51.4,998.8,128,359,64
2026-06-25T08:05:03.019Z,18.6,20.6,34.8,51.4,998.8,128,359,64
2026-06-25T08:05:04.002Z,18.8,20.8,34.8,51.4,998.8,128,357,65
2026-06-25T08:05:05.012Z,19,21,34.8,51.4,998.8,128,358,65
2026-06-25T08:05:06.009Z,19,21,34.8,51.4,998.8,127.9,358,65
2026-06-25T08:05:07.008Z,18.8,20.8,34.8,51.4,998.8,127.9,358,65
2026-06-25T08:05:08.010Z,18.6,20.6,34.8,51.4,998.8,127.9,358,64
2026-06-25T08:05:09.004Z,18.4,20.2,34.8,51.4,998.8,127.9,358,64
2026-06-25T08:05:10.006Z,18.2,19.8,34.8,51.4,998.8,127.9,359,63
2026-06-25T08:05:11.014Z,18,19.4,34.8,51.4,998.8,127.9,359,63
2026-06-25T08:05:12.018Z,18,19.2,34.8,51.4,998.8,127.9,358,63
2026-06-25T08:05:13.008Z,18,19,34.8,51.4,998.8,127.9,358,63
2026-06-25T08:05:14.011Z,18,19,34.8,51.4,998.8,127.9,359,63
2026-06-25T08:05:15.002Z,18,19,34.8,51.4,998.8,127.9,359,63
2026-06-25T08:05:16.027Z,18.2,19.2,34.8,51.4,998.8,127.9,359,63
2026-06-25T08:05:17.013Z,18.2,19.2,34.8,51.4,998.8,127.9,361,63
2026-06-25T08:05:18.005Z,18.4,19.6,34.8,51.4,998.8,127.9,361,64
2026-06-25T08:05:19.001Z,18.6,20,34.8,51.4,998.8,127.9,359,64
2026-06-25T08:05:20.014Z,18.8,20.4,34.8,51.4,998.8,127.9,359,65
2026-06-25T08:05:21.007Z,19,20.8,34.8,51.4,998.8,127.9,358,65
2026-06-25T08:05:22.026Z,18.8,20.8,34.8,51.4,998.8,127.9,358,65
2026-06-25T08:05:23.002Z,18.6,20.6,34.8,51.4,998.8,127.8,358,64
2026-06-25T08:05:24.009Z,18.4,20.4,34.8,51.4,998.8,127.8,358,64
2026-06-25T08:05:25.013Z,18.2,20.2,34.8,51.4,998.8,127.8,358,63
2026-06-25T08:05:25.996Z,18,20,34.8,51.4,998.8,127.8,358,63
2026-06-25T08:05:27.015Z,18,20,34.8,51.4,998.8,127.7,358,63
2026-06-25T08:05:28.012Z,18,20,34.8,51.4,998.8,127.7,358,63
2026-06-25T08:05:29.546Z,18,20,34.9,51.4,998.8,127.7,358,63
2026-06-25T08:05:30.023Z,18,20,34.9,51.4,998.8,127.6,357,63
2026-06-25T08:05:31.012Z,18.2,20.2,34.9,51.4,998.8,127.6,358,63
2026-06-25T08:05:32.018Z,18.4,20.2,34.9,51.4,998.8,127.6,358,64
2026-06-25T08:05:32.995Z,18.6,20.2,34.9,51.4,998.8,127.6,358,64
2026-06-25T08:05:33.985Z,18.6,20,34.9,51.4,998.8,127.6,358,64
2026-06-25T08:05:34.999Z,18.6,19.8,34.9,51.4,998.8,127.5,358,64
2026-06-25T08:05:36.005Z,18.4,19.4,34.9,51.4,998.8,127.6,359,64
2026-06-25T08:05:37.004Z,18.4,19.4,34.9,51.4,998.8,127.5,359,64
2026-06-25T08:05:38.001Z,18.4,19.4,34.9,51.4,998.8,127.5,359,64
2026-06-25T08:05:38.997Z,18.4,19.4,34.9,51.4,998.8,127.5,359,64
2026-06-25T08:05:40.009Z,18.6,19.6,34.9,51.4,998.8,127.5,359,64
2026-06-25T08:05:41.015Z,18.8,19.8,34.9,51.4,998.8,127.5,359,65
2026-06-25T08:05:42.025Z,19.2,20,34.9,51.4,998.8,127.5,358,65
2026-06-25T08:05:43.004Z,19.2,20,34.9,51.4,998.8,127.4,358,65
2026-06-25T08:05:44.008Z,19.2,20,34.9,51.4,998.8,127.4,359,65
2026-06-25T08:05:45.004Z,19.2,20,34.9,51.4,998.8,127.4,358,65
2026-06-25T08:05:46.001Z,19.2,20,34.9,51.4,998.8,127.4,358,65
2026-06-25T08:05:47.014Z,19.2,20,34.9,51.4,998.8,127.4,358,65
2026-06-25T08:05:48.020Z,19.4,20,34.9,51.4,998.8,127.4,358,66
2026-06-25T08:05:49.006Z,19.8,20.2,34.9,51.4,998.8,127.3,358,67
2026-06-25T08:05:50.006Z,20.2,20.4,34.9,51.4,998.8,127.3,358,68
2026-06-25T08:05:51.014Z,20.6,20.6,34.9,51.4,998.8,127.3,358,68
2026-06-25T08:05:52.006Z,20.8,20.8,34.9,51.4,998.8,127.3,358,69
2026-06-25T08:05:52.998Z,21,21,34.9,51.4,998.8,127.3,359,69
2026-06-25T08:05:54.017Z,21,21,34.9,51.4,998.8,127.3,358,69
2026-06-25T08:05:55.000Z,21,21,34.9,51.4,998.8,127.2,358,69
2026-06-25T08:05:56.003Z,21,21,34.9,51.4,998.8,127.3,359,69
2026-06-25T08:05:57.001Z,21,21,34.9,51.4,998.8,127.2,359,69
2026-06-25T08:05:58.059Z,20.8,20.8,34.9,51.4,998.8,127.2,359,69
2026-06-25T08:05:59.031Z,20.6,20.6,34.9,51.4,998.8,127.2,359,68
2026-06-25T08:06:00.013Z,20.6,20.6,34.9,51.4,998.8,127.2,359,68
2026-06-25T08:06:01.001Z,20.6,20.6,34.9,51.4,998.8,127.1,359,68
2026-06-25T08:06:02.005Z,20.6,20.6,34.9,51.4,998.8,127.1,359,68
2026-06-25T08:06:03.012Z,20.4,20.4,34.9,51.4,998.8,127.2,359,68
2026-06-25T08:06:04.013Z,20.2,20.2,34.9,51.4,998.8,127.1,357,68
2026-06-25T08:06:05.009Z,20,20,34.9,51.4,998.8,127.1,357,67
2026-06-25T08:06:06.010Z,19.4,19.4,34.9,51.4,998.8,127.1,357,66
2026-06-25T08:06:07.010Z,18.8,18.8,34.9,51.4,998.8,127,357,65
2026-06-25T08:06:08.027Z,18.4,18.4,34.9,51.4,998.8,127.1,357,64
2026-06-25T08:06:09.002Z,18.2,18.2,34.9,51.4,998.8,127.1,357,63
2026-06-25T08:06:10.022Z,18,18,34.9,51.4,998.8,127.1,358,63
2026-06-25T08:06:11.012Z,18,18,34.9,51.4,998.8,127.1,357,63
2026-06-25T08:06:13.821Z,18,18,34.9,51.4,998.8,127,357,63
2026-06-25T08:06:13.826Z,17.8,17.8,34.9,51.4,998.8,126.9,357,62
2026-06-25T08:06:14.124Z,17.6,17.6,34.9,51.4,998.8,127,357,62
2026-06-25T08:06:14.998Z,17.4,17.4,34.9,51.4,998.8,126.9,357,62
2026-06-25T08:06:16.024Z,17.4,17.4,34.9,51.4,998.8,126.9,357,62
2026-06-25T08:06:17.022Z,17.4,17.4,34.9,51.4,998.8,126.9,357,62
2026-06-25T08:06:18.013Z,17.8,17.8,34.9,51.4,998.8,126.9,358,62
2026-06-25T08:06:19.037Z,18,18,34.9,51.4,998.8,126.9,358,63
2026-06-25T08:06:20.020Z,18.2,18.2,34.9,51.5,998.8,126.9,357,63
2026-06-25T08:06:21.013Z,18.2,18.2,34.9,51.5,998.8,126.9,357,63
2026-06-25T08:06:22.015Z,18.2,18.2,34.9,51.5,998.8,126.9,359,63
2026-06-25T08:06:23.000Z,18,18,34.9,51.5,998.8,126.9,359,63
2026-06-25T08:06:24.026Z,18,18,34.9,51.5,998.8,126.8,358,63
2026-06-25T08:06:25.002Z,18,18,34.9,51.5,998.8,126.9,358,63
2026-06-25T08:06:25.999Z,18,18,34.9,51.5,998.8,126.9,358,63
2026-06-25T08:06:27.045Z,18,18.2,34.9,51.5,998.8,126.9,359,63
2026-06-25T08:06:28.354Z,17.8,18.2,34.9,51.5,998.8,126.9,358,62
2026-06-25T08:06:29.010Z,17.6,18.2,34.9,51.5,998.8,126.9,358,62
2026-06-25T08:06:30.001Z,17.4,18.2,34.9,51.5,998.8,126.9,358,62
2026-06-25T08:06:31.002Z,17.4,18.4,34.9,51.5,998.8,126.9,358,62
2026-06-25T08:06:32.007Z,17.4,18.4,34.9,51.6,998.8,126.9,358,62
2026-06-25T08:06:32.999Z,17.8,18.8,34.8,51.6,998.8,126.9,358,62
2026-06-25T08:06:34.009Z,18.2,19.2,34.8,51.6,998.8,126.9,357,63
2026-06-25T08:06:35.021Z,18.6,19.6,34.8,51.6,998.8,127,358,64
2026-06-25T08:06:36.007Z,18.8,19.8,34.8,51.6,998.8,127,358,65
2026-06-25T08:06:37.010Z,18.8,19.8,34.8,51.6,998.8,127,358,65
2026-06-25T08:06:38.015Z,18.6,19.6,34.8,51.6,998.8,126.9,358,64
2026-06-25T08:06:38.993Z,18.4,19.4,34.8,51.6,998.8,127,358,64
2026-06-25T08:06:40.012Z,18.2,19,34.8,51.6,998.8,126.9,358,63
2026-06-25T08:06:41.003Z,18,18.6,34.8,51.6,998.8,126.9,358,63
2026-06-25T08:06:41.995Z,18.2,18.6,34.8,51.6,998.8,126.9,358,63
2026-06-25T08:06:42.997Z,18.4,18.6,34.8,51.6,998.8,126.9,358,64
2026-06-25T08:06:44.009Z,18.6,18.6,34.8,51.6,998.8,126.8,358,64
2026-06-25T08:06:44.999Z,18.6,18.6,34.8,51.6,998.8,126.8,358,64
2026-06-25T08:06:46.022Z,18.6,18.6,34.8,51.6,998.8,126.8,358,64
2026-06-25T08:06:47.025Z,18.4,18.4,34.8,51.6,998.8,126.8,359,64
2026-06-25T08:06:48.154Z,18.4,18.4,34.9,51.6,998.8,126.8,359,64
2026-06-25T08:06:49.053Z,18.4,18.4,34.9,51.6,998.8,126.7,357,64
2026-06-25T08:06:50.010Z,18.4,18.4,34.9,51.6,998.8,126.7,357,64
2026-06-25T08:06:51.003Z,18.6,18.6,34.9,51.6,998.8,126.6,357,64
2026-06-25T08:06:51.996Z,18.8,18.8,34.9,51.6,998.8,126.6,357,65
2026-06-25T08:06:53.018Z,19,19,34.9,51.6,998.7,126.6,356,65
2026-06-25T08:06:54.037Z,19,19.2,34.9,51.6,998.7,126.6,356,65
2026-06-25T08:06:55.008Z,18.8,19.2,34.9,51.6,998.7,126.6,356,65
2026-06-25T08:06:55.995Z,18.6,19.2,34.9,51.6,998.7,126.6,357,64
2026-06-25T08:06:56.983Z,18.4,19.2,34.9,51.6,998.7,126.5,357,64
2026-06-25T08:06:58.001Z,18.4,19.4,34.9,51.6,998.7,126.6,356,64
2026-06-25T08:06:59.134Z,18.4,19.4,34.9,51.6,998.7,126.6,357,64
2026-06-25T08:07:00.063Z,18.6,19.6,34.9,51.6,998.7,126.6,356,64
2026-06-25T08:07:01.181Z,18.8,20,34.9,51.6,998.7,126.6,357,65
2026-06-25T08:07:02.059Z,19,20.4,34.9,51.6,998.7,126.6,356,65
2026-06-25T08:07:03.023Z,18.8,20.4,34.9,51.6,998.7,126.6,357,65
2026-06-25T08:07:03.999Z,18.6,20.4,34.9,51.6,998.7,126.5,357,64
2026-06-25T08:07:04.992Z,18.4,20.4,34.9,51.6,998.7,126.5,357,64
2026-06-25T08:07:06.044Z,18.2,20.2,34.9,51.6,998.8,126.5,357,63
2026-06-25T08:07:07.019Z,18,20,34.9,51.6,998.8,126.5,357,63
2026-06-25T08:07:08.001Z,17.8,20,34.9,51.6,998.8,126.4,357,62
2026-06-25T08:07:08.994Z,17.8,20.2,34.9,51.6,998.8,126.3,358,62
2026-06-25T08:07:09.998Z,17.8,20.2,34.9,51.6,998.8,126.3,357,62
2026-06-25T08:07:10.990Z,17.8,20.4,34.9,51.6,998.8,126.2,357,62
2026-06-25T08:07:11.981Z,17.6,20.4,34.9,51.6,998.8,126.2,357,62
2026-06-25T08:07:13.005Z,17.2,20.2,34.9,51.6,998.8,126.2,357,61
2026-06-25T08:07:13.992Z,17,20,34.9,51.6,998.8,126.1,357,61
2026-06-25T08:07:15.001Z,16.6,19.6,34.9,51.6,998.8,126.1,357,60
2026-06-25T08:07:15.989Z,16.4,19.2,34.9,51.6,998.8,126.1,357,60
2026-06-25T08:07:17.004Z,16.4,19,34.9,51.6,998.8,126.1,357,60
2026-06-25T08:07:17.992Z,16.6,19,34.9,51.6,998.8,126,357,60
2026-06-25T08:07:19.002Z,16.8,19,35,51.6,998.8,126,357,60
2026-06-25T08:07:19.999Z,17,19,35,51.6,998.8,126,357,61
2026-06-25T08:07:21.013Z,17,19,35,51.6,998.8,126,357,61
2026-06-25T08:07:22.002Z,16.8,18.8,35,51.6,998.8,125.9,357,60
2026-06-25T08:07:23.018Z,16.6,18.6,35,51.6,998.8,125.9,357,60
2026-06-25T08:07:24.006Z,16.6,18.6,35,51.5,998.8,125.9,357,60
2026-06-25T08:07:25.015Z,16.6,18.6,35,51.5,998.8,125.9,357,60
2026-06-25T08:07:26.005Z,16.6,18.6,35,51.5,998.8,125.9,357,60
2026-06-25T08:07:27.019Z,16.8,18.8,35,51.5,998.8,125.9,357,60
2026-06-25T08:07:28.002Z,17,19,35,51.5,998.8,125.9,357,61
2026-06-25T08:07:29.115Z,17,19,35,51.5,998.8,125.8,357,61
2026-06-25T08:07:29.978Z,16.8,18.8,35,51.5,998.8,125.7,358,60
2026-06-25T08:07:30.995Z,16.6,18.6,35,51.5,998.8,125.7,358,60
2026-06-25T08:07:32.011Z,16.6,18.4,35,51.5,998.8,125.6,358,60
2026-06-25T08:07:32.999Z,16.6,18.4,35,51.5,998.8,125.7,355,60
2026-06-25T08:07:34.006Z,16.8,18.4,35,51.5,998.8,125.7,355,60
2026-06-25T08:07:34.990Z,17,18.4,35,51.5,998.8,125.7,355,61
2026-06-25T08:07:36.005Z,17.4,18.6,35,51.5,998.8,125.6,355,62
2026-06-25T08:07:37.009Z,17.8,18.8,35,51.5,998.8,125.6,350,62
2026-06-25T08:07:38.008Z,18,19,35,51.5,998.8,125.6,355,63
2026-06-25T08:07:39.016Z,18,19,35,51.5,998.8,125.5,355,63
2026-06-25T08:07:40.017Z,17.8,18.8,35,51.5,998.8,125.5,355,62
2026-06-25T08:07:41.011Z,17.6,18.8,35,51.5,998.8,125.5,355,62
2026-06-25T08:07:42.002Z,17.4,18.8,35,51.5,998.8,125.5,355,62
2026-06-25T08:07:43.002Z,17.4,19,35,51.5,998.8,125.4,355,62
2026-06-25T08:07:44.014Z,17.4,19.2,35,51.5,998.8,125.4,355,62
2026-06-25T08:07:45.014Z,17.6,19.6,35,51.5,998.8,125.4,355,62
2026-06-25T08:07:46.002Z,17.8,19.8,35,51.5,998.8,125.3,355,62
2026-06-25T08:07:47.154Z,18,20,35,51.5,998.8,125.3,355,63
2026-06-25T08:07:48.114Z,17.8,19.8,35,51.5,998.8,125.3,355,62
2026-06-25T08:07:49.013Z,17.6,19.4,35,51.5,998.8,125.3,355,62
2026-06-25T08:07:49.999Z,17.4,19,35,51.5,998.8,125.2,356,62
2026-06-25T08:07:51.014Z,17.4,18.8,35,51.5,998.8,125.2,356,62
2026-06-25T08:07:52.006Z,17.4,18.6,35,51.4,998.8,125.2,356,62
2026-06-25T08:07:53.001Z,17.6,18.6,35,51.4,998.8,125.2,356,62
2026-06-25T08:07:53.995Z,17.6,18.6,35,51.4,998.8,125.2,356,62
2026-06-25T08:07:54.996Z,17.6,18.6,35,51.4,998.8,125.2,356,62
2026-06-25T08:07:56.014Z,17.6,18.6,35,51.4,998.8,125.2,358,62
2026-06-25T08:07:57.005Z,17.4,18.4,35.1,51.4,998.8,125.2,358,62
2026-06-25T08:07:58.010Z,17.4,18.4,35.1,51.4,998.8,125.2,358,62
2026-06-25T08:07:59.002Z,17.4,18.4,35.1,51.4,998.7,125.1,358,62
2026-06-25T08:07:59.994Z,17.8,18.6,35.1,51.4,998.7,125.1,358,62
2026-06-25T08:08:01.009Z,18,18.6,35.1,51.4,998.7,125.1,358,63
2026-06-25T08:08:01.993Z,18.2,18.6,35.1,51.4,998.7,125,358,63
2026-06-25T08:08:03.022Z,18.2,18.6,35.1,51.4,998.7,125,358,63
2026-06-25T08:08:04.008Z,18.2,18.6,35.1,51.4,998.7,125,358,63
2026-06-25T08:08:05.014Z,18,18.6,35.1,51.4,998.7,125,358,63
2026-06-25T08:08:06.002Z,18.2,19,35.1,51.4,998.7,124.9,358,63
2026-06-25T08:08:07.006Z,18.4,19.4,35.1,51.4,998.7,124.8,358,64
2026-06-25T08:08:07.983Z,18.6,19.6,35.1,51.4,998.7,124.8,358,64
2026-06-25T08:08:08.995Z,18.8,19.8,35.1,51.4,998.7,124.8,358,65
2026-06-25T08:08:09.999Z,19,20,35.1,51.4,998.7,124.8,358,65
2026-06-25T08:08:11.254Z,19,20,35.1,51.3,998.7,124.8,358,65
2026-06-25T08:08:12.022Z,19,20,35.1,51.3,998.7,124.8,358,65
2026-06-25T08:08:12.990Z,19,20,35.1,51.3,998.7,124.8,358,65
2026-06-25T08:08:14.006Z,19,20.2,35.1,51.3,998.7,124.8,358,65
2026-06-25T08:08:15.037Z,18.8,20.2,35.1,51.3,998.7,124.8,358,65
2026-06-25T08:08:15.986Z,18.6,20.2,35.1,51.3,998.7,124.8,358,64
2026-06-25T08:08:16.994Z,18.4,20.2,35.1,51.3,998.7,124.7,359,64
2026-06-25T08:08:18.010Z,18.4,20.2,35.1,51.3,998.7,124.7,359,64
2026-06-25T08:08:19.006Z,18.4,20.2,35.1,51.3,998.7,124.6,359,64
2026-06-25T08:08:20.007Z,18.4,20.2,35.1,51.3,998.7,124.6,359,64
2026-06-25T08:08:20.997Z,18.6,20.4,35.1,51.3,998.7,124.6,359,64
2026-06-25T08:08:22.005Z,18.8,20.6,35.1,51.3,998.7,124.7,359,65
2026-06-25T08:08:23.021Z,19,20.8,35.1,51.3,998.7,124.6,357,65
2026-06-25T08:08:24.011Z,19,21,35.1,51.3,998.7,124.6,357,65
2026-06-25T08:08:25.003Z,19.2,21.2,35.1,51.3,998.7,124.6,357,65
2026-06-25T08:08:26.018Z,19.4,21.4,35.1,51.3,998.7,124.5,357,66
2026-06-25T08:08:27.008Z,19.6,21.6,35.1,51.3,998.7,124.6,357,66
2026-06-25T08:08:28.024Z,19.8,22,35.1,51.3,998.7,124.5,357,67
2026-06-25T08:08:28.992Z,20,22.4,35.1,51.3,998.7,124.5,357,67
2026-06-25T08:08:30.018Z,19.8,22.4,35.1,51.3,998.7,124.5,357,67
2026-06-25T08:08:31.021Z,19.6,22.4,35.1,51.3,998.7,124.4,357,66
2026-06-25T08:08:32.019Z,19.4,22.4,35.1,51.3,998.7,124.5,357,66
2026-06-25T08:08:33.014Z,19.2,22.2,35.1,51.3,998.7,124.4,357,65
2026-06-25T08:08:34.007Z,19,22,35.1,51.3,998.8,124.4,357,65
2026-06-25T08:08:35.015Z,19,22,35.1,51.3,998.8,124.4,357,65
2026-06-25T08:08:36.020Z,19,22,35.2,51.3,998.8,124.4,357,65
2026-06-25T08:08:36.993Z,19,22,35.2,51.3,998.8,124.4,357,65
2026-06-25T08:08:37.993Z,19,21.8,35.2,51.3,998.8,124.4,357,65
2026-06-25T08:08:39.094Z,19,21.6,35.2,51.3,998.8,124.4,358,65
2026-06-25T08:08:40.118Z,19,21.4,35.2,51.3,998.8,124.4,358,65
2026-06-25T08:08:40.998Z,19,21.4,35.2,51.3,998.8,124.3,358,65
2026-06-25T08:08:41.991Z,19,21.2,35.2,51.3,998.8,124.3,358,65
2026-06-25T08:08:42.999Z,19.2,21.2,35.2,51.3,998.8,124.3,358,65
2026-06-25T08:08:43.995Z,19.4,21.4,35.2,51.3,998.8,124.3,358,66
2026-06-25T08:08:44.988Z,19.6,21.6,35.2,51.3,998.8,124.3,358,66
2026-06-25T08:08:46.001Z,19.8,21.8,35.2,51.3,998.8,124.3,358,67
2026-06-25T08:08:46.995Z,20,22,35.2,51.3,998.8,124.2,358,67
2026-06-25T08:08:48.040Z,19.8,21.8,35.2,51.3,998.8,124.2,357,67
2026-06-25T08:08:48.995Z,19.6,21.6,35.2,51.3,998.8,124.1,357,66
2026-06-25T08:08:49.982Z,19.4,21.4,35.2,51.3,998.8,124.1,357,66
2026-06-25T08:08:51.012Z,19.2,21.2,35.2,51.3,998.8,124.1,357,65
2026-06-25T08:08:51.986Z,19,21,35.2,51.3,998.8,124.1,358,65
2026-06-25T08:08:52.990Z,19,21,35.2,51.3,998.8,124.1,357,65
2026-06-25T08:08:53.997Z,19,21,35.2,51.3,998.8,124,357,65
2026-06-25T08:08:55.046Z,19,21,35.2,51.3,998.8,124,357,65
2026-06-25T08:08:56.007Z,19,21,35.2,51.3,998.8,123.9,358,65
2026-06-25T08:08:57.022Z,19,21,35.2,51.3,998.8,123.8,358,65
2026-06-25T08:08:57.994Z,19,21,35.2,51.3,998.8,123.8,358,65
2026-06-25T08:08:59.011Z,19,21,35.2,51.3,998.8,123.8,358,65
2026-06-25T08:09:00.025Z,19,21,35.2,51.3,998.8,123.7,358,65
2026-06-25T08:09:01.016Z,19,21,35.2,51.3,998.8,123.8,359,65
2026-06-25T08:09:02.092Z,19,21,35.2,51.4,998.8,123.8,358,65
2026-06-25T08:09:02.985Z,19,21,35.2,51.4,998.8,123.7,358,65
2026-06-25T08:09:03.999Z,19,21,35.2,51.4,998.8,123.7,358,65
2026-06-25T08:09:05.111Z,19,21,35.2,51.4,998.8,123.6,357,65
2026-06-25T08:09:06.011Z,19,21,35.2,51.4,998.8,123.7,347,65
2026-06-25T08:09:06.990Z,19,21,35.2,51.4,998.8,123.6,343,65
2026-06-25T08:09:07.992Z,19,21,35.2,51.4,998.8,123.5,342,65
2026-06-25T08:09:08.999Z,18.8,20.8,35.2,51.4,998.8,123.5,342,65
2026-06-25T08:09:10.007Z,18.6,20.6,35.2,51.4,998.8,123.4,341,64
2026-06-25T08:09:10.999Z,18.4,20.4,35.2,51.4,998.8,123.4,341,64
2026-06-25T08:09:12.005Z,18.2,20.2,35.2,51.4,998.8,123.4,341,63
2026-06-25T08:09:12.987Z,18,19.8,35.2,51.4,998.8,123.4,341,63
2026-06-25T08:09:13.981Z,18,19.6,35.2,51.4,998.8,123.4,341,63
2026-06-25T08:09:15.009Z,18.2,19.6,35.2,51.4,998.8,123.4,341,63
2026-06-25T08:09:16.006Z,18.4,19.6,35.2,51.3,998.8,123.4,341,64
2026-06-25T08:09:17.012Z,18.6,19.6,35.2,51.3,998.8,123.4,342,64
2026-06-25T08:09:18.003Z,18.8,19.8,35.2,51.3,998.8,123.3,342,65
2026-06-25T08:09:18.995Z,19,20,35.2,51.3,998.8,123.3,342,65
2026-06-25T08:09:20.000Z,19,20,35.2,51.3,998.8,123.3,341,65
2026-06-25T08:09:21.009Z,18.8,19.8,35.2,51.3,998.8,123.4,342,65
2026-06-25T08:09:22.010Z,18.6,19.6,35.2,51.3,998.8,123.3,342,64
2026-06-25T08:09:22.991Z,18.4,19.4,35.2,51.3,998.8,123.3,342,64
2026-06-25T08:09:23.999Z,18.2,19.2,35.2,51.3,998.8,123.2,342,63
2026-06-25T08:09:25.006Z,18,19.2,35.2,51.3,998.8,123.2,344,63
2026-06-25T08:09:26.837Z,18,19.4,35.2,51.3,998.8,123.2,344,63
2026-06-25T08:09:27.133Z,18,19.4,35.2,51.3,998.8,123.2,344,63
2026-06-25T08:09:28.016Z,18.2,19.8,35.3,51.3,998.8,123.2,344,63
2026-06-25T08:09:28.999Z,18.4,20.2,35.3,51.3,998.7,123.2,342,64
2026-06-25T08:09:30.020Z,18.4,20.4,35.3,51.3,998.7,123.1,344,64
2026-06-25T08:09:31.017Z,18.4,20.6,35.3,51.3,998.7,123.2,344,64
2026-06-25T08:09:31.998Z,18.4,20.8,35.3,51.3,998.7,123.1,342,64
2026-06-25T08:09:33.009Z,18.2,20.8,35.3,51.3,998.7,123.1,342,63
2026-06-25T08:09:34.012Z,18,20.8,35.3,51.3,998.7,123,342,63
2026-06-25T08:09:35.011Z,18,21,35.3,51.3,998.7,123,342,63
2026-06-25T08:09:36.015Z,18.2,21.2,35.3,51.3,998.7,123,341,63
2026-06-25T08:09:36.996Z,18.4,21.2,35.3,51.3,998.7,122.9,341,64
2026-06-25T08:09:38.000Z,18.6,21.2,35.3,51.3,998.7,122.9,342,64
2026-06-25T08:09:39.076Z,18.8,21.2,35.3,51.3,998.7,122.9,343,65
2026-06-25T08:09:40.216Z,19,21.2,35.3,51.3,998.7,122.8,343,65
2026-06-25T08:09:41.018Z,19,21,35.3,51.3,998.7,122.8,342,65
2026-06-25T08:09:41.996Z,19,21,35.3,51.3,998.7,122.8,343,65
2026-06-25T08:09:43.004Z,19,21,35.3,51.3,998.7,122.8,343,65
2026-06-25T08:09:43.996Z,19,21,35.3,51.3,998.7,122.8,343,65
2026-06-25T08:09:45.015Z,18.8,20.8,35.3,51.3,998.7,122.8,343,65
2026-06-25T08:09:46.002Z,18.6,20.6,35.3,51.3,998.7,122.8,343,64
2026-06-25T08:09:46.996Z,18.2,20.2,35.3,51.3,998.7,122.8,343,63
2026-06-25T08:09:48.004Z,17.8,19.8,35.3,51.3,998.7,122.9,344,62
2026-06-25T08:09:49.010Z,17.8,19.8,35.3,51.3,998.7,122.8,343,62
2026-06-25T08:09:50.007Z,17.4,19.4,35.3,51.2,998.7,122.8,343,62
2026-06-25T08:09:50.996Z,17.4,19.4,35.3,51.3,998.7,122.8,343,62
2026-06-25T08:09:52.074Z,17.4,19.4,35.3,51.3,998.7,122.8,343,62
2026-06-25T08:09:52.999Z,17.6,19.6,35.3,51.3,998.7,122.8,342,62
2026-06-25T08:09:53.984Z,17.6,19.6,35.3,51.3,998.7,122.7,342,62
2026-06-25T08:09:54.988Z,17.6,19.4,35.3,51.3,998.7,122.7,342,62
2026-06-25T08:09:56.002Z,17.2,19,35.3,51.3,998.7,122.6,342,61
2026-06-25T08:09:57.001Z,17,18.8,35.3,51.3,998.7,122.6,342,61
2026-06-25T08:09:58.004Z,16.8,18.4,35.3,51.3,998.7,122.5,342,60
2026-06-25T08:09:58.995Z,16.8,18.2,35.3,51.3,998.7,122.5,342,60
2026-06-25T08:09:59.990Z,16.6,18,35.3,51.3,998.7,122.4,342,60
2026-06-25T08:10:01.145Z,16.6,17.8,35.3,51.3,998.7,122.4,342,60
2026-06-25T08:10:02.009Z,16.4,17.4,35.3,51.3,998.7,122.4,342,60
2026-06-25T08:10:03.022Z,16.2,17.2,35.3,51.3,998.7,122.4,342,59
2026-06-25T08:10:03.997Z,16,17,35.3,51.3,998.7,122.3,343,59
2026-06-25T08:10:05.035Z,16,17,35.3,51.3,998.7,122.3,343,59
2026-06-25T08:10:06.021Z,16.2,17.2,35.3,51.3,998.7,122.3,343,59
2026-06-25T08:10:07.042Z,16.4,17.4,35.3,51.3,998.7,122.3,343,60
2026-06-25T08:10:08.033Z,16.6,17.6,35.3,51.3,998.7,122.3,343,60
2026-06-25T08:10:08.999Z,16.8,17.8,35.3,51.3,998.7,122.2,343,60
2026-06-25T08:10:10.006Z,17.2,18,35.3,51.3,998.7,122.2,343,61
2026-06-25T08:10:11.003Z,17.4,18,35.3,51.3,998.7,122.1,343,62
2026-06-25T08:10:11.980Z,17.4,18,35.3,51.3,998.7,122.1,343,62
2026-06-25T08:10:12.989Z,17.6,18,35.3,51.3,998.7,122.2,345,62
2026-06-25T08:10:14.003Z,17.8,18,35.3,51.3,998.7,122.1,345,62
2026-06-25T08:10:14.998Z,17.8,17.8,35.3,51.3,998.8,122.1,343,62
2026-06-25T08:10:15.998Z,17.6,17.6,35.3,51.4,998.8,122.1,343,62
2026-06-25T08:10:16.998Z,17.4,17.4,35.3,51.4,998.8,122.1,345,62
2026-06-25T08:10:18.006Z,17.6,17.6,35.3,51.4,998.8,122,343,62
2026-06-25T08:10:19.006Z,17.8,17.8,35.3,51.4,998.8,121.9,343,62
2026-06-25T08:10:20.018Z,18.2,18.2,35.3,51.4,998.8,121.9,343,63
2026-06-25T08:10:21.245Z,18.6,18.6,35.3,51.4,998.8,121.8,343,64
2026-06-25T08:10:22.072Z,19,19,35.3,51.4,998.8,121.8,342,65
2026-06-25T08:10:22.996Z,19,19,35.3,51.4,998.8,121.8,342,65
2026-06-25T08:10:24.003Z,18.8,18.8,35.3,51.4,998.8,121.8,342,65
2026-06-25T08:10:25.004Z,18.8,18.8,35.3,51.4,998.8,121.8,343,65
2026-06-25T08:10:25.999Z,18.8,18.8,35.3,51.4,998.8,121.8,343,65
2026-06-25T08:10:26.990Z,19,19,35.3,51.4,998.8,121.8,342,65
2026-06-25T08:10:27.985Z,19.2,19.2,35.3,51.4,998.8,121.8,342,65
2026-06-25T08:10:28.997Z,19.6,19.6,35.3,51.3,998.8,121.8,343,66
2026-06-25T08:10:29.997Z,19.6,19.6,35.3,51.3,998.8,121.8,345,66
2026-06-25T08:10:31.023Z,19.6,19.6,35.3,51.3,998.8,121.8,345,66
2026-06-25T08:10:31.987Z,19.4,19.4,35.3,51.3,998.8,121.8,345,66
2026-06-25T08:10:33.004Z,19.2,19.2,35.3,51.3,998.8,121.8,345,65
2026-06-25T08:10:33.997Z,19,19,35.3,51.3,998.8,121.8,345,65
2026-06-25T08:10:35.027Z,19,19,35.3,51.3,998.8,121.8,345,65
2026-06-25T08:10:36.118Z,19,19,35.3,51.3,998.8,121.7,345,65
2026-06-25T08:10:37.016Z,19,19,35.3,51.3,998.8,121.7,345,65
2026-06-25T08:10:38.232Z,19,19,35.3,51.4,998.8,121.6,345,65
2026-06-25T08:10:39.011Z,19.2,19.2,35.3,51.4,998.8,121.7,345,65
2026-06-25T08:10:40.085Z,19.4,19.4,35.3,51.4,998.8,121.6,343,66
2026-06-25T08:10:40.996Z,19.6,19.6,35.4,51.4,998.8,121.6,343,66
2026-06-25T08:10:42.029Z,19.8,19.8,35.4,51.4,998.8,121.6,343,67
2026-06-25T08:10:42.989Z,20,20,35.4,51.4,998.8,121.6,343,67
2026-06-25T08:10:43.998Z,20,20,35.4,51.4,998.8,121.6,343,67
2026-06-25T08:10:45.000Z,20,20,35.4,51.4,998.8,121.6,343,67
2026-06-25T08:10:45.997Z,20,20,35.4,51.4,998.8,121.6,345,67
2026-06-25T08:10:47.003Z,19.8,19.8,35.4,51.4,998.8,121.6,345,67
2026-06-25T08:10:48.026Z,19.4,19.4,35.4,51.4,998.8,121.6,345,66
2026-06-25T08:10:48.990Z,19,19,35.4,51.4,998.8,121.5,345,65
2026-06-25T08:10:50.002Z,18.6,18.6,35.4,51.4,998.8,121.5,346,64
2026-06-25T08:10:50.992Z,18.2,18.2,35.4,51.4,998.8,121.5,346,63
2026-06-25T08:10:51.995Z,18,18,35.4,51.4,998.8,121.5,346,63
2026-06-25T08:10:52.988Z,18.2,18.2,35.4,51.3,998.8,121.5,346,63
2026-06-25T08:10:53.994Z,18.4,18.4,35.4,51.3,998.8,121.5,346,64
2026-06-25T08:10:55.562Z,18.6,18.6,35.4,51.3,998.8,121.5,346,64
2026-06-25T08:10:56.016Z,18.8,18.8,35.4,51.3,998.8,121.5,346,65
2026-06-25T08:10:57.006Z,18.8,18.8,35.4,51.3,998.8,121.5,346,65
2026-06-25T08:10:58.001Z,19,19,35.4,51.3,998.8,121.5,346,65
2026-06-25T08:10:58.994Z,19,19,35.4,51.3,998.8,121.5,346,65
2026-06-25T08:11:00.012Z,19,19,35.4,51.3,998.8,121.5,345,65
2026-06-25T08:11:01.559Z,19,19,35.4,51.2,998.8,121.5,344,65
2026-06-25T08:11:03.791Z,19,19,35.4,51.2,998.8,121.5,343,65
2026-06-25T08:11:03.792Z,19,19,35.4,51.2,998.8,121.4,343,65
2026-06-25T08:11:04.232Z,19,19.2,35.4,51.2,998.8,121.5,343,65
2026-06-25T08:11:04.993Z,19,19.4,35.4,51.2,998.8,121.4,343,65
2026-06-25T08:11:06.004Z,18.8,19.4,35.4,51.2,998.8,121.4,343,65
2026-06-25T08:11:07.004Z,18.6,19.4,35.4,51.2,998.8,121.4,343,64
2026-06-25T08:11:08.009Z,18.4,19.4,35.4,51.2,998.8,121.4,343,64
2026-06-25T08:11:09.006Z,18.4,19.4,35.4,51.2,998.8,121.4,343,64
2026-06-25T08:11:10.004Z,18.4,19.4,35.4,51.2,998.8,121.3,343,64
2026-06-25T08:11:11.055Z,18.6,19.8,35.4,51.2,998.8,121.4,343,64
2026-06-25T08:11:11.983Z,18.6,20,35.4,51.2,998.8,121.3,343,64
2026-06-25T08:11:13.017Z,18.4,20,35.4,51.2,998.8,121.3,343,64
2026-06-25T08:11:14.212Z,18,19.8,35.4,51.2,998.8,121.3,343,63
2026-06-25T08:11:15.009Z,17.6,19.6,35.4,51.2,998.8,121.3,345,62
2026-06-25T08:11:16.006Z,17.2,19.2,35.4,51.2,998.8,121.3,345,61
2026-06-25T08:11:36.633Z,18,19.5,35.7,52.1,998.7,77.5,345,63
2026-06-25T08:11:46.059Z,17.6,19.4,35.7,52.3,998.7,74.2,345,62
2026-06-25T08:11:56.043Z,17.6,18.4,35.7,52.4,998.7,70,345,62
2026-06-25T08:12:06.052Z,17,17,35.6,52.5,998.7,65.7,345,61
2026-06-25T08:12:16.036Z,16.6,16.6,35.5,52.7,998.7,61.4,345,60
2026-06-25T08:12:26.056Z,17.4,19.4,35.5,52.8,998.7,57.4,345,62
2026-06-25T08:12:36.069Z,17.6,19.6,35.4,52.9,998.7,53.6,345,62
2026-06-25T08:12:46.050Z,16.8,17.8,35.4,53,998.7,50.1,345,60
2026-06-25T08:12:56.059Z,16.4,17.4,35.3,53.1,998.7,46.9,345,60
2026-06-25T08:13:06.058Z,16.8,19,35.2,53.2,998.7,43.9,345,60
2026-06-25T08:13:16.049Z,17.8,19,35.2,53.3,998.7,41.2,343,62
2026-06-25T08:13:26.049Z,16.8,18.8,35.1,53.4,998.7,38.6,343,60
2026-06-25T08:13:36.053Z,17.4,17.6,35.1,53.5,998.7,36.3,343,62
2026-06-25T08:13:46.056Z,16.2,17.2,35,53.6,998.7,34.2,343,59
2026-06-25T08:13:56.049Z,15.4,16.6,35,53.7,998.7,32.2,343,57
2026-06-25T08:14:06.096Z,15.6,18.4,34.9,53.8,998.7,30.5,343,58
2026-06-25T08:14:16.052Z,14.6,17.6,34.9,53.8,998.7,28.8,342,56
2026-06-25T08:14:26.054Z,14.2,17,34.9,53.9,998.7,27.3,341,55
2026-06-25T08:14:36.155Z,15.2,18.4,34.8,53.9,998.7,26,341,57
2026-06-25T08:14:46.036Z,15.6,18.6,34.8,53.9,998.7,24.7,341,58
2026-06-25T08:14:56.043Z,17.8,18.8,34.8,54,998.7,23.6,341,62
2026-06-25T08:15:06.044Z,17.8,18.8,34.8,54,998.7,22.5,341,62
2026-06-25T08:15:16.077Z,18.6,19.6,34.7,54.1,998.7,21.6,341,64
2026-06-25T08:15:26.057Z,16.8,17.6,34.7,54.1,998.7,20.7,341,60
2026-06-25T08:15:36.039Z,15.4,15.4,34.7,54.1,998.7,19.9,341,57
2026-06-25T08:15:46.032Z,15.8,15.8,34.7,54.1,998.7,19.2,341,58
2026-06-25T08:15:56.037Z,17,17,34.7,54.1,998.7,18.5,341,61
2026-06-25T08:16:06.030Z,18,18,34.7,54.1,998.7,17.9,341,63
2026-06-25T08:16:16.034Z,18.4,19,34.7,54.2,998.7,17.3,341,64
2026-06-25T08:16:26.045Z,17.8,19.8,34.7,54.2,998.7,16.8,340,62
2026-06-25T08:16:36.049Z,17.6,19.6,34.6,54.2,998.7,16.3,339,62
2026-06-25T08:16:46.049Z,16.8,18.4,34.6,54.3,998.7,15.9,336,60
2026-06-25T08:16:56.061Z,17,18,34.6,54.3,998.7,15.5,336,61
2026-06-25T08:17:06.050Z,17,18.6,34.6,54.3,998.7,15.1,336,61
2026-06-25T08:17:16.222Z,17.2,18.6,34.6,54.4,998.7,14.8,336,61
2026-06-25T08:17:26.040Z,17.2,18.2,34.6,54.4,998.7,14.5,336,61
2026-06-25T08:17:36.080Z,17.4,19.4,34.6,54.4,998.7,14.2,336,62
2026-06-25T08:17:46.041Z,18.2,20.2,34.6,54.4,998.7,13.9,336,63
2026-06-25T08:17:56.044Z,19,21,34.6,54.4,998.7,13.7,336,65
2026-06-25T08:18:06.046Z,19.6,21.6,34.6,54.5,998.7,13.5,336,66
2026-06-25T08:18:16.051Z,17.2,18.6,34.6,54.5,998.7,13.3,335,61
2026-06-25T08:18:26.040Z,16.6,17.6,34.6,54.5,998.7,13.1,336,60
2026-06-25T08:18:36.090Z,18,19,34.6,54.6,998.7,12.9,335,63
2026-06-25T08:18:46.046Z,18.6,19,34.6,54.6,998.7,12.8,335,64
2026-06-25T08:18:56.049Z,19.2,19.2,34.6,54.6,998.7,12.6,335,65
2026-06-25T08:19:06.037Z,17.4,18.6,34.6,54.7,998.7,12.5,335,62
2026-06-25T08:19:16.046Z,17,19,34.6,54.7,998.7,12.4,333,61
2026-06-25T08:19:26.047Z,17.6,18,34.6,54.7,998.7,12.3,333,62
2026-06-25T08:19:36.055Z,17.6,17.6,34.6,54.7,998.7,12.2,331,62
2026-06-25T08:19:46.062Z,18,18,34.6,54.8,998.7,12.1,331,63
2026-06-25T08:19:56.041Z,16.4,16.4,34.6,54.9,998.6,12,331,60
2026-06-25T08:20:06.086Z,17.6,18,34.6,54.9,998.6,11.9,331,62
2026-06-25T08:20:16.048Z,17.8,17.8,34.6,54.9,998.6,11.8,330,62
2026-06-25T08:20:26.040Z,17.4,17.4,34.6,54.9,998.6,11.7,330,62
2026-06-25T08:20:36.067Z,16.6,18.6,34.6,54.9,998.6,11.7,330,60
2026-06-25T08:20:46.080Z,17.4,19.4,34.6,55,998.6,11.6,330,62
2026-06-25T08:20:56.050Z,17,18,34.6,55,998.6,11.6,330,61
2026-06-25T08:21:06.047Z,17.8,18.8,34.6,55.1,998.6,11.5,330,62
2026-06-25T08:21:16.127Z,17,18,34.6,55.1,998.6,11.5,330,61
2026-06-25T08:21:26.045Z,16,17,34.6,55.1,998.6,11.5,330,59
2026-06-25T08:21:36.048Z,17,17.6,34.6,55.1,998.6,11.4,330,61
2026-06-25T08:21:46.055Z,19,19,34.6,55.1,998.6,11.4,330,65
2026-06-25T08:21:56.092Z,17.6,17.6,34.6,55.1,998.6,11.4,330,62
2026-06-25T08:22:06.051Z,16.8,17,34.6,55.1,998.6,11.3,330,60
2026-06-25T08:22:16.045Z,15.8,17.8,34.6,55.1,998.6,11.3,330,58
2026-06-25T08:22:26.045Z,15,19.4,34.6,55.1,998.6,11.3,330,57
2026-06-25T08:22:36.049Z,16.4,19.4,34.6,55.1,998.6,11.3,332,60
2026-06-25T08:22:46.038Z,15.6,19.6,34.6,55.1,998.6,11.3,333,58
2026-06-25T08:22:56.042Z,16.4,19,34.6,55.1,998.6,11.3,333,60
2026-06-25T08:23:06.044Z,16.6,18.6,34.6,55.1,998.6,11.2,333,60
2026-06-25T08:23:16.031Z,17,17.8,34.6,55.2,998.6,11.2,333,61
2026-06-25T08:23:26.046Z,15.4,15.4,34.6,55.2,998.6,11.2,333,57
2026-06-25T08:23:36.036Z,15.6,17,34.6,55.2,998.6,11.2,332,58
2026-06-25T08:23:46.029Z,16.6,17.6,34.6,55.2,998.6,11.2,333,60
2026-06-25T08:23:56.044Z,15.6,16.6,34.6,55.2,998.6,11.2,332,58
2026-06-25T08:24:06.037Z,16,17,34.6,55.2,998.6,11.2,332,59
2026-06-25T08:24:16.328Z,16.6,17.6,34.6,55.2,998.6,11.2,332,60
2026-06-25T08:24:26.031Z,15.2,16.2,34.6,55.2,998.6,11.2,332,57
2026-06-25T08:24:36.034Z,14,15.8,34.6,55.2,998.6,11.2,332,54
2026-06-25T08:24:46.038Z,15,16,34.6,55.2,998.6,11.2,332,57
2026-06-25T08:24:56.053Z,14.4,15.4,34.6,55.2,998.6,11.2,332,55
2026-06-25T08:25:06.061Z,14.2,15.2,34.6,55.2,998.6,11.2,333,55
2026-06-25T08:25:16.042Z,16.2,16.2,34.6,55.2,998.6,11.2,332,59
2026-06-25T08:25:26.050Z,15.4,15.8,34.6,55.2,998.6,11.2,332,57
2026-06-25T08:25:36.032Z,15,16,34.6,55.3,998.6,11.2,332,57
2026-06-25T08:25:46.429Z,15.4,16.8,34.6,55.3,998.6,11.2,332,57
2026-06-25T08:25:56.066Z,17,19,34.6,55.3,998.6,11.2,334,61
2026-06-25T08:26:06.044Z,17,18,34.6,55.3,998.6,11.2,334,61
2026-06-25T08:26:16.043Z,15.6,17.4,34.6,55.3,998.6,11.2,334,58
2026-06-25T08:26:26.019Z,16.8,16.8,34.6,55.4,998.6,11.2,334,60
2026-06-25T08:26:36.319Z,17,17,34.6,55.4,998.6,11.2,334,61
2026-06-25T08:26:46.034Z,15.4,15.4,34.7,55.4,998.6,11.2,332,57
2026-06-25T08:26:56.022Z,16,16,34.7,55.4,998.6,11.3,332,59
2026-06-25T08:27:06.030Z,16.4,16.4,34.7,55.4,998.6,11.3,333,60
2026-06-25T08:27:16.027Z,16.6,16.6,34.7,55.4,998.6,11.3,333,60
2026-06-25T08:27:26.052Z,16.6,17,34.7,55.4,998.6,11.3,333,60
2026-06-25T08:27:36.062Z,17.6,17.8,34.7,55.4,998.6,11.3,333,62
2026-06-25T08:27:46.059Z,17.6,17.6,34.7,55.4,998.6,11.3,333,62
2026-06-25T08:27:56.067Z,17.8,18,34.7,55.4,998.6,11.3,333,62
2026-06-25T08:28:06.023Z,16.4,18.4,34.7,55.5,998.6,11.3,333,60
2026-06-25T08:28:16.156Z,16,17,34.7,55.5,998.6,11.3,333,59
2026-06-25T08:28:26.032Z,16,19.2,34.7,55.5,998.6,11.3,333,59
2026-06-25T08:28:36.048Z,15.6,18.6,34.7,55.5,998.6,11.3,333,58
2026-06-25T08:28:46.083Z,16.4,18.8,34.7,55.5,998.6,11.3,333,60
2026-06-25T08:28:56.039Z,16.6,17.6,34.7,55.5,998.6,11.4,332,60
2026-06-25T08:29:06.044Z,17.4,18.4,34.7,55.5,998.6,11.4,332,62
2026-06-25T08:29:16.041Z,18,18.4,34.7,55.5,998.6,11.4,331,63
2026-06-25T08:29:26.029Z,16.6,17.2,34.7,55.5,998.6,11.4,331,60
2026-06-25T08:29:36.016Z,17.6,18.4,34.7,55.5,998.6,11.4,331,62
2026-06-25T08:29:46.024Z,16.8,17.8,34.7,55.5,998.6,11.4,331,60
2026-06-25T08:29:56.032Z,16.4,17.4,34.7,55.6,998.6,11.4,331,60
2026-06-25T08:30:06.039Z,16.4,17.2,34.7,55.6,998.6,11.4,331,60
2026-06-25T08:30:16.022Z,16.2,16.2,34.7,55.6,998.6,11.4,331,59
2026-06-25T08:30:26.021Z,17.4,17.4,34.7,55.6,998.6,11.4,331,62
2026-06-25T08:30:36.029Z,17.4,17.4,34.7,55.6,998.6,11.4,331,62
2026-06-25T08:30:46.065Z,16.6,16.6,34.8,55.6,998.5,11.4,331,60
2026-06-25T08:30:56.039Z,17,17,34.8,55.6,998.5,11.4,333,61
2026-06-25T08:31:06.011Z,17,17,34.8,55.6,998.5,11.4,333,61
2026-06-25T08:31:16.019Z,17.8,19,34.8,55.6,998.5,11.4,331,62
2026-06-25T08:31:26.016Z,16.6,18,34.8,55.6,998.5,11.5,333,60
2026-06-25T08:31:36.005Z,15.4,16.4,34.8,55.5,998.5,11.5,332,57
2026-06-25T08:31:46.022Z,15.2,16.2,34.8,55.5,998.5,11.5,332,57
2026-06-25T08:31:56.026Z,16,17,34.8,55.5,998.5,11.5,332,59
2026-06-25T08:32:06.065Z,16,16.6,34.8,55.5,998.5,11.5,332,59
2026-06-25T08:32:16.038Z,16.4,17.4,34.8,55.5,998.5,11.5,332,60
2026-06-25T08:32:26.031Z,18,19.8,34.8,55.5,998.5,11.5,332,63
2026-06-25T08:32:36.053Z,17.6,19,34.8,55.5,998.5,11.5,331,62
2026-06-25T08:32:46.047Z,17,18.2,34.9,55.5,998.5,11.5,331,61
2026-06-25T08:32:56.037Z,16,19.4,34.9,55.5,998.5,11.5,331,59
2026-06-25T08:33:06.050Z,17,20,34.9,55.5,998.5,11.5,331,61
2026-06-25T08:33:16.052Z,17.6,20.6,34.9,55.5,998.5,11.6,331,62
2026-06-25T08:33:26.036Z,17.6,21.6,34.9,55.5,998.5,11.6,331,62
2026-06-25T08:33:36.052Z,16.8,19,34.9,55.5,998.5,11.6,331,60
2026-06-25T08:33:46.038Z,15.4,16.4,34.9,55.4,998.5,11.6,331,57
2026-06-25T08:33:56.028Z,17.8,20,34.9,55.4,998.5,11.6,330,62
2026-06-25T08:34:06.028Z,15.2,19.2,34.9,55.5,998.5,11.6,330,57
2026-06-25T08:34:16.054Z,14.6,20,34.9,55.5,998.5,11.6,331,56
2026-06-25T08:34:26.038Z,16.2,19,34.9,55.5,998.5,11.6,330,59
2026-06-25T08:34:36.056Z,19,19.4,34.9,55.5,998.5,11.7,331,65
2026-06-25T08:34:46.053Z,18.4,18.6,34.9,55.5,998.5,11.7,331,64
2026-06-25T08:34:56.035Z,17.6,18.6,34.9,55.5,998.5,11.7,331,62
2026-06-25T08:35:06.117Z,18,18.6,34.9,55.5,998.5,11.7,331,63
2026-06-25T08:35:16.053Z,17,17,34.9,55.5,998.5,11.7,331,61
2026-06-25T08:35:26.062Z,18.4,18.4,34.9,55.5,998.5,11.7,331,64
2026-06-25T08:35:36.072Z,18,18,34.9,55.5,998.5,11.7,331,63
2026-06-25T08:35:46.039Z,17.2,18,35,55.5,998.5,11.7,331,61
2026-06-25T08:35:56.048Z,17.8,19.4,35,55.5,998.5,11.8,331,62
2026-06-25T08:36:06.028Z,17,19,35,55.5,998.5,11.8,331,61
2026-06-25T08:36:16.081Z,17.6,18.6,35,55.5,998.5,11.8,331,62
2026-06-25T08:36:26.036Z,18,19,35,55.5,998.5,11.8,331,63
2026-06-25T08:36:36.042Z,17.8,19.8,35,55.5,998.5,11.8,331,62
2026-06-25T08:36:46.069Z,18.6,19.2,35,55.5,998.5,11.8,331,64
2026-06-25T08:36:56.043Z,18,18,35,55.5,998.5,11.8,331,63
2026-06-25T08:37:06.046Z,17.6,17.6,35,55.5,998.5,11.9,331,62
2026-06-25T08:37:16.029Z,17.4,17.4,35,55.5,998.5,11.9,331,62
2026-06-25T08:37:26.041Z,17.2,17.4,35,55.5,998.5,11.9,331,61
2026-06-25T08:37:36.250Z,16.4,18.4,35,55.5,998.5,11.9,331,60
2026-06-25T08:37:46.047Z,15,18.2,35,55.5,998.5,11.9,331,57
2026-06-25T08:37:56.044Z,17.6,19.2,35,55.5,998.5,11.9,331,62
2026-06-25T08:38:06.047Z,17.4,17.6,35,55.5,998.5,11.9,331,62
2026-06-25T08:38:16.599Z,17,17,35,55.5,998.5,12,331,61
2026-06-25T08:38:26.059Z,16.2,16.2,35,55.5,998.4,12,331,59
2026-06-25T08:38:36.059Z,16.6,16.6,35,55.6,998.4,12,331,60
2026-06-25T08:38:46.049Z,17.4,17.4,35,55.6,998.4,12,331,62
2026-06-25T08:38:56.046Z,17.6,17.6,35,55.6,998.4,12,331,62
2026-06-25T08:39:06.055Z,17.8,17.8,35,55.6,998.4,12,331,62
2026-06-25T08:39:16.591Z,16,17,35,55.6,998.4,12.1,329,59
2026-06-25T08:39:26.040Z,16,16.8,35,55.6,998.4,12.1,330,59
2026-06-25T08:39:36.222Z,16,19,35,55.7,998.4,12.1,330,59
2026-06-25T08:39:46.035Z,16.2,17.4,35,55.7,998.4,12.1,330,59
2026-06-25T08:39:56.055Z,16.2,18.2,35,55.7,998.4,12.1,330,59
2026-06-25T08:40:06.147Z,17.4,19.2,35,55.8,998.4,12.2,331,62
2026-06-25T08:40:16.070Z,18.2,18.6,35,55.8,998.4,12.2,331,63
2026-06-25T08:40:26.036Z,18,18,35,55.9,998.4,12.2,330,63
2026-06-25T08:40:36.037Z,18.6,20,35,55.9,998.4,12.2,331,64
2026-06-25T08:40:46.055Z,18.6,19.6,35,55.9,998.4,12.3,331,64
2026-06-25T08:40:56.038Z,17.6,19.4,35,55.9,998.4,12.3,331,62
2026-06-25T08:41:06.037Z,18,18.4,35,56,998.4,12.3,331,63
2026-06-25T08:41:16.058Z,16.8,17.8,35,56,998.4,12.3,331,60
2026-06-25T13:24:01.881Z,49.2,62.8,34.3,54.7,1000.3,18.6,352,134
2026-06-25T13:24:11.874Z,48.6,62.6,34.3,54.6,1000.3,18.7,352,133
2026-06-25T13:24:21.840Z,47.8,60.8,34.2,54.5,1000.2,18.7,358,131
2026-06-25T13:24:31.844Z,46.4,59.4,34.2,54.4,1000.2,18.8,358,127
2026-06-25T13:24:41.841Z,48.4,61.8,34.2,54.3,1000.2,18.9,358,132
2026-06-25T13:24:51.863Z,49.2,63.2,34.2,54.2,1000.2,18.9,359,134
2026-06-25T13:25:01.833Z,48.8,62.2,34.2,54.2,1000.2,19,358,133
2026-06-25T13:25:11.917Z,47.8,60.6,34.2,54.1,1000.2,19,359,131
2026-06-25T13:25:21.948Z,48.6,60.6,34.2,54,1000.2,19,359,133
2026-06-25T13:25:31.840Z,49.4,61.6,34.2,54,1000.2,19.1,359,135
2026-06-25T13:29:31.832Z,46,57,33.9,52.2,1000.2,20.3,365,126
2026-06-25T13:29:41.833Z,48.4,60.4,33.9,52.2,1000.2,20.3,366,132
2026-06-25T13:29:51.842Z,49.2,61.8,33.8,52.1,1000.2,20.4,365,134
2026-06-25T13:30:01.839Z,47.6,60.6,33.8,52.1,1000.2,20.4,365,130
2026-06-25T13:30:11.857Z,47.4,60.4,33.8,52,1000.2,20.5,366,130
2026-06-25T13:30:21.840Z,48,60,33.8,52,1000.2,20.6,367,131
2026-06-25T13:30:31.884Z,48,60.4,33.8,51.9,1000.2,20.6,367,131
2026-06-25T13:30:41.830Z,47.8,61.6,33.8,51.9,1000.2,20.7,368,131
2026-06-25T13:30:52.173Z,48,61.6,33.7,52,1000.2,20.8,368,131
2026-06-25T13:31:01.914Z,47.2,60.2,33.6,52.2,1000.2,21,368,129
2026-06-25T13:31:11.847Z,45.4,58.2,33.5,52.4,1000.2,21.2,368,125
2026-06-25T13:31:21.831Z,46,57.4,33.4,52.6,1000.2,21.3,481,126
2026-06-25T13:31:31.838Z,45.8,57.6,33.4,52.8,1000.2,21.5,496,126
2026-06-25T13:31:41.852Z,47.4,59.6,33.3,52.9,1000.2,21.7,496,130
2026-06-25T13:31:51.832Z,49,62,33.2,53.1,1000.2,21.8,496,134
2026-06-25T13:32:01.846Z,48,61.6,33.1,53.2,1000.2,22,496,131
2026-06-25T13:32:11.837Z,47.8,60.8,33,53.4,1000.2,22.1,496,131
2026-06-25T13:32:21.870Z,47.4,59.4,32.9,53.5,1000.2,22.3,496,130
2026-06-25T13:32:31.842Z,47.4,59.4,32.8,53.7,1000.2,22.4,483,130
2026-06-25T13:32:41.873Z,46.8,57.4,32.7,53.9,1000.2,22.6,481,128
2026-06-25T13:32:51.834Z,46.6,56.6,32.6,54,1000.2,22.8,336,128
2026-06-25T13:33:01.845Z,46.4,56.4,32.5,54.2,1000.2,22.9,336,127
2026-06-25T13:33:11.830Z,45.4,55.4,32.4,54.3,1000.2,23.1,334,125
2026-06-25T13:33:21.837Z,45.8,56.2,32.3,54.5,1000.2,23.3,333,126
2026-06-25T13:33:31.843Z,46.6,57.4,32.2,54.7,1000.2,23.5,333,128
2026-06-25T13:33:41.843Z,46.2,57.4,32.1,54.8,1000.2,23.7,331,127
2026-06-25T13:33:51.842Z,46,59,32,54.9,1000.2,23.9,331,126
2026-06-25T13:34:01.834Z,46.4,59.4,31.9,55.1,1000.2,24,333,127
2026-06-25T13:34:11.837Z,46.4,59.4,31.8,55.2,1000.2,24.2,331,127
2026-06-25T13:34:21.831Z,47,60,31.7,55.3,1000.2,24.3,331,129
2026-06-25T13:34:31.875Z,47,59.4,31.6,55.3,1000.2,24.4,333,129
2026-06-25T13:34:42.057Z,45.6,57.6,31.6,55.4,1000.2,24.6,331,125
2026-06-25T13:34:51.830Z,45.4,57.4,31.5,55.4,1000.2,24.7,331,125
2026-06-25T13:35:01.868Z,46,58.6,31.4,55.5,1000.2,24.8,331,126
2026-06-25T13:35:11.919Z,47.4,61.2,31.4,55.5,1000.2,24.9,331,130
2026-06-25T13:35:21.844Z,46.6,59,31.3,55.6,1000.2,25.1,334,128
2026-06-25T13:35:31.841Z,47,60,31.3,55.7,1000.3,25.2,334,129
2026-06-25T13:35:41.884Z,47.2,60.4,31.2,55.7,1000.3,25.3,334,129
2026-06-25T13:35:51.849Z,47.4,59.6,31.2,55.7,1000.3,25.4,335,130
2026-06-25T13:36:01.849Z,46.6,59.4,31.1,55.7,1000.3,25.4,335,128
2026-06-25T13:36:11.836Z,46.2,59,31.1,55.7,1000.3,25.5,335,127
2026-06-25T13:36:21.864Z,46,59.2,31.1,55.7,1000.3,25.5,335,126
2026-06-25T13:36:32.029Z,47,58.8,31.1,55.7,1000.3,25.6,335,129
2026-06-25T13:36:41.913Z,45.6,56.2,31,55.7,1000.3,25.6,336,125
2026-06-25T13:36:51.901Z,46.6,56,31,55.6,1000.3,25.6,336,128
2026-06-25T13:37:01.839Z,46.2,56.2,31,55.6,1000.3,25.6,336,127
2026-06-25T13:37:11.893Z,46.6,57.6,31,55.5,1000.3,25.6,336,128
2026-06-25T13:37:22.432Z,46.6,58.6,31,55.5,1000.3,25.6,336,128
2026-06-25T13:37:31.858Z,46,58.2,31,55.4,1000.3,25.7,336,126
2026-06-25T13:37:41.850Z,46.6,57,31,55.4,1000.3,25.7,336,128
2026-06-25T13:37:52.080Z,47.2,57.4,31,55.4,1000.3,25.7,336,129
2026-06-25T13:38:01.981Z,47,57.4,31,55.4,1000.3,25.8,336,129
2026-06-25T13:38:11.967Z,46.4,57.8,31,55.4,1000.3,25.8,336,127
2026-06-25T13:38:21.895Z,46.6,59.4,31,55.4,1000.3,25.8,336,128
2026-06-25T13:38:31.881Z,45.4,56.8,31,55.3,1000.3,25.9,336,125
2026-06-25T13:38:42.034Z,46.2,59.4,31,55.3,1000.4,25.9,336,127
2026-06-25T13:38:51.876Z,46.2,59.8,30.9,55.3,1000.4,26,336,127
2026-06-25T13:39:01.949Z,44.8,56.4,30.9,55.4,1000.4,26.1,336,123
2026-06-25T13:39:11.920Z,45.8,56,30.9,55.4,1000.4,26.2,336,126
2026-06-25T13:39:21.886Z,45.4,56.4,30.8,55.4,1000.4,26.2,336,125
2026-06-25T13:39:31.903Z,45.6,55.6,30.8,55.4,1000.4,26.3,336,125
2026-06-25T13:39:42.095Z,45,55,30.8,55.4,1000.4,26.3,336,124
2026-06-25T13:39:51.960Z,47,57.8,30.8,55.4,1000.4,26.4,336,129
2026-06-25T13:40:01.942Z,45.4,57.2,30.7,55.4,1000.4,26.5,336,125
2026-06-25T13:40:12.056Z,45.4,56.4,30.7,55.4,1000.4,26.5,336,125
2026-06-25T13:40:21.877Z,45.6,56.6,30.7,55.4,1000.4,26.6,336,125
2026-06-25T13:40:31.889Z,45.6,57,30.7,55.4,1000.4,26.6,336,125
2026-06-25T13:40:41.930Z,46,57.4,30.7,55.4,1000.4,26.7,336,126
2026-06-25T13:40:51.993Z,45.6,56.6,30.6,55.4,1000.4,26.7,336,125
2026-06-25T13:41:01.927Z,46,57.2,30.6,55.4,1000.4,26.8,336,126
2026-06-25T13:41:11.851Z,45.4,57.8,30.6,55.4,1000.4,26.8,336,125
2026-06-25T13:41:21.848Z,46.8,60.2,30.6,55.4,1000.4,26.9,336,128
2026-06-25T13:41:32.013Z,45,56,30.6,55.4,1000.4,26.9,336,124
2026-06-25T13:41:41.920Z,45.6,56.6,30.6,55.4,1000.4,27,336,125
2026-06-25T13:41:51.915Z,45.6,57,30.5,55.4,1000.4,27.1,336,125
2026-06-25T13:42:01.838Z,45,56,30.5,55.4,1000.4,27.1,336,124
2026-06-25T13:42:11.985Z,46.6,57.4,30.5,55.4,1000.4,27.2,336,128
2026-06-25T13:42:21.978Z,46.4,56.4,30.5,55.4,1000.4,27.3,336,127
2026-06-25T13:42:31.924Z,47.8,59.2,30.5,55.4,1000.4,27.3,336,131
2026-06-25T13:42:41.910Z,47.4,58,30.4,55.4,1000.5,27.4,336,130
2026-06-25T13:42:51.879Z,46,56,30.4,55.4,1000.5,27.4,336,126
2026-06-25T13:43:01.951Z,46,56,30.4,55.4,1000.5,27.5,336,126
2026-06-25T13:43:11.880Z,46.8,56.4,30.4,55.4,1000.5,27.5,336,128
2026-06-25T13:43:21.962Z,45.8,56.8,30.4,55.3,1000.5,27.5,337,126
2026-06-25T13:43:31.826Z,46,57,30.4,55.2,1000.5,27.5,338,126
2026-06-25T13:43:42.074Z,45.8,56.8,30.4,55.1,1000.5,27.5,338,126
2026-06-25T13:43:51.879Z,45.4,55.8,30.4,55,1000.5,27.4,340,125
2026-06-25T13:44:01.820Z,44.8,55.8,30.5,54.8,1000.5,27.4,340,123
2026-06-25T13:44:12.030Z,44.4,55.4,30.5,54.7,1000.5,27.3,340,122
2026-06-25T13:44:21.880Z,45.2,55.2,30.5,54.5,1000.5,27.3,340,124
2026-06-25T13:44:31.998Z,47.2,58.2,30.6,54.4,1000.5,27.2,340,129
2026-06-25T13:44:41.834Z,46.4,57.4,30.6,54.2,1000.5,27.1,340,127
2026-06-25T13:44:51.961Z,45.6,57.6,30.7,54.1,1000.5,27.1,336,125
2026-06-25T13:45:01.895Z,46,58.4,30.7,53.9,1000.5,27,336,126
2026-06-25T13:45:16.114Z,46.6,60,30.8,53.7,1000.5,26.9,336,128
2026-06-25T13:45:21.993Z,46.8,59.6,30.8,53.6,1000.5,26.9,336,128
2026-06-25T13:45:31.896Z,45.6,57.4,30.9,53.4,1000.5,26.8,336,125
2026-06-25T13:45:41.929Z,45,56,31,53.2,1000.5,26.8,336,124
2026-06-25T13:45:51.966Z,45.8,56.4,31,53.1,1000.5,26.7,336,126
2026-06-25T13:46:01.942Z,46,56.6,31.1,52.9,1000.5,26.6,336,126
2026-06-25T13:46:11.963Z,45,55,31.1,52.8,1000.5,26.6,336,124
2026-06-25T13:46:21.898Z,45.6,55.8,31.2,52.6,1000.5,26.5,336,125
2026-06-25T13:46:31.942Z,45,56.8,31.2,52.4,1000.5,26.4,336,124
2026-06-25T13:46:41.922Z,44.4,55.4,31.3,52.3,1000.5,26.4,336,122
2026-06-25T13:46:52.056Z,44.8,56,31.3,52.1,1000.5,26.3,336,123
2026-06-25T13:47:02.058Z,46,57.6,31.4,52,1000.5,26.3,336,126
2026-06-25T13:47:12.184Z,45.2,56.8,31.4,51.8,1000.5,26.2,336,124
2026-06-25T13:47:22.150Z,45.8,56.2,31.5,51.7,1000.6,26.2,336,126
2026-06-25T13:47:32.059Z,46.6,57.6,31.5,51.6,1000.6,26.2,336,128
2026-06-25T13:47:42.001Z,47,58,31.6,51.4,1000.6,26.1,336,129
2026-06-25T13:47:51.947Z,46.8,59.8,31.6,51.3,1000.6,26.1,336,128
2026-06-25T13:48:01.916Z,45.6,58.2,31.6,51.2,1000.6,26.1,336,125
2026-06-25T13:48:11.958Z,45.8,57.4,31.7,51.1,1000.6,26.1,336,126
2026-06-25T13:48:21.952Z,46.2,57.8,31.7,50.9,1000.6,26.1,336,127
2026-06-25T13:48:31.939Z,45,55.2,31.7,50.8,1000.6,26.1,336,124
2026-06-25T13:48:41.984Z,45,55.8,31.7,50.8,1000.6,26.1,336,124
2026-06-25T13:48:51.999Z,46.8,57.8,31.7,50.7,1000.6,26.2,336,128
2026-06-25T13:49:02.088Z,45.8,56.8,31.8,50.6,1000.6,26.2,336,126
2026-06-25T13:49:12.052Z,45,55.2,31.7,50.6,1000.6,26.2,336,124
2026-06-25T13:49:21.950Z,45,55.4,31.7,50.7,1000.6,26.3,336,124
2026-06-25T13:49:32.140Z,44.4,55.4,31.7,50.8,1000.6,26.4,336,122
2026-06-25T13:49:41.970Z,44.2,56.2,31.6,50.9,1000.6,26.6,336,122
2026-06-25T13:49:51.876Z,43.8,55.8,31.6,51,1000.6,26.7,336,121
2026-06-25T13:50:02.289Z,44.2,55.8,31.5,51.1,1000.7,26.8,336,122
2026-06-25T13:50:11.876Z,44.4,54.4,31.5,51.3,1000.7,27,336,122
2026-06-25T13:50:21.952Z,43,53.2,31.4,51.4,1000.7,27.1,336,119
2026-06-25T13:50:31.939Z,44.4,54.6,31.3,51.6,1000.7,27.2,336,122
2026-06-25T14:06:41.880Z,43,52.4,31.2,48.9,1001.1,29.1,343,119
2026-06-25T14:06:51.891Z,42.8,52.8,31.2,48.9,1001.1,29.1,342,118
2026-06-25T14:07:23.394Z,43,52,32.2,47.7,1001.1,61.6,343,119
2026-06-25T14:07:32.682Z,42,51.6,32.2,47.7,1001.1,60.2,345,117
2026-06-25T14:07:41.844Z,43,52,32.1,47.7,1001.1,58.2,343,119
2026-06-25T14:07:51.821Z,42,51.2,32.1,47.8,1001.1,56,345,117
2026-06-25T14:08:04.743Z,43.7,53,32.4,47.1,1001.1,72.8,343,121
2026-06-25T14:08:19.151Z,42.5,51.5,32.5,47.1,1001.1,83,333,117
2026-06-25T14:08:27.480Z,42.4,52.2,32.5,47.2,1001.1,80.6,347,117
2026-06-25T14:08:37.613Z,43.6,52.6,32.4,47.3,1001.1,77.4,347,120
2026-06-25T14:09:03.962Z,43.7,52.7,32.5,47.1,1001.2,72.6,346,121
2026-06-25T14:09:13.063Z,43,51.2,32.5,47.2,1001.2,70.6,346,119
2026-06-25T14:09:23.016Z,44,52.2,32.5,47.3,1001.2,68,346,121
2026-06-25T14:09:33.039Z,43.6,52.6,32.4,47.4,1001.2,65.2,346,120
2026-06-25T14:09:43.038Z,43.6,52,32.4,47.4,1001.2,62.4,346,120
2026-06-25T14:09:53.070Z,43.4,52.4,32.3,47.5,1001.2,59.7,346,120
2026-06-25T14:10:03.016Z,43,52.4,32.3,47.5,1001.2,57.1,346,119
2026-06-25T14:12:14.748Z,42.2,52.2,32.5,47.7,1001.2,15.1,337,117
2026-06-25T14:12:30.937Z,41.8,51.4,32.5,47.7,1001.2,15.6,337,116
2026-06-25T14:12:45.707Z,40,49.6,32.4,47.7,1001.2,16.3,337,112
2026-06-25T14:12:45.714Z,40.8,50.4,32.4,47.6,1001.2,17.1,337,114
2026-06-25T14:12:54.735Z,42,51.4,32.3,47.6,1001.2,17.8,337,117
2026-06-25T14:27:14.677Z,40.6,48.6,31.1,47.7,1001.6,30.1,337,113
2026-06-25T14:27:24.678Z,40.4,48.4,31.1,47.6,1001.6,30.1,337,113
2026-06-25T14:27:34.641Z,41,49.2,31.1,47.6,1001.6,30.1,338,114
2026-06-25T14:27:44.645Z,39.6,49,31.1,47.6,1001.6,30.1,338,111
2026-06-25T14:27:54.665Z,39.6,49.4,31.1,47.5,1001.6,30.2,338,111
2026-06-25T14:28:04.647Z,39,47,31.1,47.5,1001.6,30.2,338,109
2026-06-25T14:30:04.741Z,39.4,47.4,30.9,47.7,1001.6,30.6,339,110
2026-06-25T14:30:14.640Z,39.2,48.2,30.9,47.7,1001.6,30.6,339,110
2026-06-25T14:30:24.667Z,39,47.4,30.9,47.7,1001.6,30.6,339,109
2026-06-25T14:30:34.630Z,39.6,49.8,30.9,47.7,1001.6,30.6,340,111
2026-06-25T14:30:44.842Z,40.8,52.6,30.9,47.7,1001.6,30.6,339,114
2026-06-25T14:30:54.631Z,40.4,51.4,30.9,47.7,1001.6,30.6,340,113
2026-06-25T14:31:04.695Z,40,49.6,30.9,47.6,1001.6,30.6,343,112
2026-06-25T14:31:14.644Z,39.4,49.4,30.9,47.6,1001.6,30.6,343,110
2026-06-25T14:31:24.654Z,40.4,49.4,30.9,47.6,1001.6,30.6,346,113
2026-06-25T14:31:34.702Z,40.2,50,30.9,47.6,1001.6,30.6,346,112
2026-06-25T14:31:44.742Z,39.2,49.2,30.9,47.6,1001.6,30.7,346,110
2026-06-25T14:31:54.711Z,39.4,49.4,30.9,47.7,1001.6,30.8,346,110
2026-06-25T14:32:04.687Z,40.8,50.8,30.9,47.7,1001.6,30.9,346,114
2026-06-25T14:32:14.715Z,40.4,49.4,30.9,47.7,1001.6,31,346,113
2026-06-25T14:32:24.740Z,40,49,30.8,47.8,1001.6,31.1,346,112
2026-06-25T14:32:34.677Z,39.4,48.4,30.8,47.8,1001.6,31.2,346,110
2026-06-25T14:32:44.678Z,39.8,47.2,30.8,47.9,1001.6,31.3,346,111
2026-06-25T14:32:54.647Z,40.4,47.6,30.8,47.9,1001.6,31.4,347,113
2026-06-25T14:33:24.802Z,39.6,46.8,30.7,48,1001.6,31.5,346,111
2026-06-25T14:33:34.750Z,38.6,46.6,30.7,48,1001.6,31.6,346,108
2026-06-25T14:33:44.818Z,39,47.8,30.7,48,1001.6,31.6,346,109
2026-06-25T14:33:55.358Z,40.8,50,30.7,48,1001.6,31.6,346,114
2026-06-25T14:34:04.889Z,40.2,50,30.7,48,1001.6,31.6,346,112
2026-06-25T14:34:14.822Z,40,51,30.7,48,1001.6,31.7,346,112
2026-06-25T14:34:24.825Z,41,49.8,30.7,48,1001.6,31.7,346,114
2026-06-25T14:34:34.730Z,39.2,46.2,30.7,48,1001.6,31.7,346,110
2026-06-25T14:34:44.773Z,41,49,30.7,47.9,1001.6,31.7,346,114
2026-06-25T14:34:54.909Z,41,50.6,30.7,47.9,1001.6,31.7,346,114
2026-06-25T14:35:05.021Z,41.6,50.4,30.7,47.8,1001.6,31.6,346,116
2026-06-25T14:35:14.845Z,39.4,49,30.7,47.7,1001.6,31.6,346,110
2026-06-25T14:35:24.796Z,39.6,48.6,30.8,47.7,1001.6,31.5,347,111
2026-06-25T14:35:34.774Z,39.2,46.8,30.8,47.6,1001.6,31.5,347,110
2026-06-25T14:35:44.811Z,39.6,48,30.8,47.6,1001.6,31.5,347,111
2026-06-25T14:35:54.884Z,40.4,48.4,30.8,47.5,1001.6,31.5,347,113
2026-06-25T14:36:04.939Z,39,48,30.8,47.5,1001.6,31.5,347,109
2026-06-25T14:36:14.795Z,39,46,30.8,47.4,1001.6,31.5,347,109
2026-06-25T14:36:33.806Z,39.2,47.2,30.8,47.4,1001.6,31.5,347,110
2026-06-25T14:37:00.012Z,39,46.2,30.8,47.3,1001.6,31.5,347,110
2026-06-25T14:37:04.916Z,39.4,47,30.9,47.3,1001.6,31.6,347,110
2026-06-25T14:37:14.786Z,40.4,48.4,30.9,47.2,1001.7,31.6,348,113
2026-06-25T14:37:24.823Z,40.6,48.4,30.9,47.2,1001.7,31.6,348,113
2026-06-25T14:37:39.059Z,39.6,46.8,30.9,47.2,1001.7,31.6,348,111
2026-06-25T14:37:45.860Z,40,47,30.9,47.2,1001.7,31.6,348,112
2026-06-25T14:37:54.725Z,38.8,46.6,30.9,47.1,1001.7,31.6,345,109
2026-06-25T14:38:04.733Z,38.6,46.6,30.9,47.1,1001.7,31.5,348,108
2026-06-25T14:38:14.654Z,39,48.4,30.9,47.1,1001.7,31.5,348,109
2026-06-25T14:38:24.753Z,37.8,47.2,30.9,47,1001.7,31.5,343,106
2026-06-25T14:38:34.771Z,37,46,30.9,47.1,1001.7,31.5,343,104
2026-06-25T14:38:44.833Z,37.8,46,30.9,47.1,1001.7,31.6,343,106
2026-06-25T14:38:54.809Z,37,45,30.9,47.1,1001.7,31.6,339,104
2026-06-25T14:39:04.756Z,38.4,47.4,30.9,47.2,1001.7,31.7,339,108
2026-06-25T14:39:14.743Z,40.4,49,30.8,47.2,1001.7,31.7,343,113
2026-06-25T14:39:24.990Z,39.8,49,30.8,47.2,1001.7,31.7,343,111
2026-06-25T14:39:35.021Z,37.2,44.2,30.8,47.2,1001.7,31.7,348,105
2026-06-25T14:39:44.895Z,38.4,45.6,30.8,47.2,1001.7,31.7,349,108
2026-06-25T14:39:54.775Z,39.6,47.4,30.8,47.2,1001.7,31.7,348,111
2026-06-25T14:40:04.828Z,38.4,48.4,30.8,47.2,1001.7,31.6,348,108
2026-06-25T14:40:14.818Z,38.2,46.2,30.8,47.2,1001.7,31.6,348,107
2026-06-25T14:40:24.694Z,37.4,46.2,30.8,47.2,1001.7,31.5,348,105
2026-06-25T14:40:34.648Z,38,46,30.8,47.2,1001.7,31.5,349,107
2026-06-25T14:40:44.745Z,38,46,30.9,47.2,1001.7,31.4,349,107
2026-06-25T14:40:54.723Z,36.2,44,30.9,47.1,1001.7,31.4,348,102
2026-06-25T14:41:04.656Z,37.2,44.2,30.9,47.1,1001.7,31.3,349,105
2026-06-25T14:41:14.729Z,37,44.4,30.9,47.1,1001.7,31.3,349,104
2026-06-25T14:41:24.768Z,36.2,45.2,30.9,47,1001.7,31.3,349,102
2026-06-25T14:41:34.717Z,38,46,30.9,47,1001.7,31.2,349,107
2026-06-25T14:41:44.805Z,37.4,44.4,30.9,46.9,1001.7,31.2,349,105
2026-06-25T14:41:54.746Z,37,44.8,30.9,46.9,1001.7,31.3,349,104
2026-06-25T14:42:04.802Z,38,45,30.9,46.9,1001.7,31.3,349,107
2026-06-25T14:42:14.781Z,36,43.6,30.9,46.9,1001.7,31.3,349,102
2026-06-25T14:42:24.763Z,36.4,44.4,30.9,46.9,1001.7,31.4,349,103
2026-06-25T14:42:34.871Z,35,44,30.9,46.9,1001.7,31.4,350,99
2026-06-25T14:42:44.784Z,37,44.8,30.9,46.9,1001.7,31.5,350,104
2026-06-25T14:42:54.837Z,38,45,30.9,46.9,1001.7,31.5,350,107
2026-06-25T14:43:04.877Z,37.6,45.2,30.9,46.9,1001.7,31.6,351,106
2026-06-25T14:43:14.939Z,37.4,44.4,30.8,46.9,1001.7,31.7,350,105
2026-06-25T14:43:24.992Z,37,45.2,30.8,47,1001.7,31.7,350,104
2026-06-25T14:43:34.994Z,38,46.2,30.8,47,1001.7,31.8,351,107
2026-06-25T14:43:44.811Z,37.4,45.2,30.8,47,1001.7,31.9,351,105
2026-06-25T14:43:54.744Z,38,46,30.7,47.1,1001.7,32.1,351,107
2026-06-25T14:44:04.712Z,38.6,46.4,30.7,47.1,1001.7,32.1,351,108
2026-06-25T14:44:14.764Z,37,44,30.7,47.1,1001.7,32.2,350,104
2026-06-25T14:44:25.032Z,35.2,44.2,30.7,47.1,1001.7,32.2,350,99
2026-06-25T14:44:34.750Z,35.6,42.6,30.7,47.1,1001.7,32.3,350,101
2026-06-25T14:44:44.975Z,35.2,41.8,30.7,47.1,1001.7,32.4,350,99
2026-06-25T14:44:54.796Z,35.2,41.8,30.6,47.2,1001.7,32.4,350,99
2026-06-25T14:45:04.803Z,34.2,41.2,30.6,47.2,1001.7,32.5,350,97
2026-06-25T14:45:14.724Z,35.6,44.2,30.6,47.2,1001.7,32.5,350,101
2026-06-25T14:45:24.813Z,38,46.4,30.6,47.2,1001.7,32.6,350,107
2026-06-25T14:45:34.803Z,37.6,46.6,30.6,47.2,1001.7,32.6,350,106
2026-06-25T14:45:44.749Z,37.6,45.2,30.6,47.2,1001.7,32.7,349,106
2026-06-25T14:45:54.664Z,37.4,44.4,30.6,47.2,1001.7,32.7,349,105
2026-06-25T14:46:04.765Z,37,44,30.5,47.2,1001.7,32.8,342,104
2026-06-25T14:46:14.829Z,37.6,43.8,30.5,47.2,1001.7,32.8,342,106
2026-06-25T14:46:24.910Z,37,44,30.5,47.2,1001.7,32.9,350,104
2026-06-25T14:46:34.695Z,35.4,42.4,30.5,47.2,1001.7,33,350,100
2026-06-25T14:46:44.858Z,35.4,41.4,30.5,47.2,1001.7,33.1,350,100
2026-06-25T14:46:54.660Z,37,43,30.4,47.3,1001.7,33.1,350,104
2026-06-25T14:47:04.737Z,35,41,30.4,47.3,1001.7,33.2,350,99
2026-06-25T14:47:14.708Z,36.4,42.6,30.4,47.3,1001.8,33.3,350,103
2026-06-25T14:47:24.998Z,38,44.6,30.4,47.3,1001.8,33.3,350,107
2026-06-25T14:47:34.721Z,38.6,45.8,30.3,47.4,1001.8,33.4,350,108
2026-06-25T14:47:44.638Z,38.2,45.4,30.3,47.4,1001.8,33.4,350,107
2026-06-25T14:47:54.654Z,36.8,44,30.3,47.4,1001.8,33.5,350,104
2026-06-25T14:48:04.870Z,36.6,44.4,30.3,47.4,1001.8,33.5,350,103
2026-06-25T14:48:14.876Z,38,45,30.3,47.4,1001.8,33.5,350,107
2026-06-25T14:48:24.891Z,38,46,30.3,47.4,1001.8,33.6,350,107
2026-06-25T14:48:34.791Z,38,46.4,30.3,47.4,1001.8,33.6,350,107
2026-06-25T14:48:44.923Z,37.8,46.4,30.3,47.4,1001.8,33.7,350,106
2026-06-25T14:48:54.725Z,35,44,30.2,47.4,1001.8,33.7,350,99
2026-06-25T14:49:04.755Z,37,45,30.2,47.4,1001.8,33.8,351,104
2026-06-25T14:49:14.973Z,36.8,45.8,30.2,47.5,1001.8,33.8,350,104
2026-06-25T14:49:24.858Z,36.4,45,30.2,47.5,1001.8,33.9,350,103
2026-06-25T14:49:34.746Z,37,44.2,30.2,47.5,1001.8,34,350,104
2026-06-25T14:49:44.649Z,36,43.6,30.1,47.6,1001.8,34,350,102
2026-06-25T14:49:54.630Z,36,44.4,30.1,47.6,1001.8,34.1,350,102
2026-06-25T14:50:04.678Z,37,46,30.1,47.6,1001.8,34.1,350,104
2026-06-25T14:50:14.680Z,38,45.4,30.1,47.6,1001.8,34.2,350,107
2026-06-25T14:50:24.682Z,37.6,46.6,30.1,47.6,1001.8,34.2,349,106
2026-06-25T14:50:34.638Z,37.4,44.4,30.1,47.6,1001.8,34.2,349,105
2026-06-25T14:50:44.621Z,36.8,42.2,30.1,47.6,1001.8,34.3,349,104
2026-06-25T14:50:54.647Z,37,43,30,47.7,1001.8,34.3,349,104
2026-06-25T14:51:04.695Z,36.4,44,30,47.7,1001.8,34.4,349,103
2026-06-25T14:51:14.725Z,36.4,44.4,30,47.7,1001.8,34.4,351,103
2026-06-25T14:51:24.621Z,35.2,41.2,30,47.7,1001.8,34.4,351,99
2026-06-25T14:51:34.630Z,35,41,30,47.7,1001.8,34.4,352,99
2026-06-25T14:51:44.667Z,36,42,30,48.9,1001.8,34,352,102
2026-06-25T14:51:54.637Z,37.4,43.4,30.1,49,1001.8,33.6,352,105
2026-06-25T14:52:04.686Z,35.8,42.4,30.1,48.9,1001.8,33.3,352,101
2026-06-25T14:52:14.637Z,36,42,30.1,48.8,1001.8,33.1,352,102
2026-06-25T14:52:24.647Z,36,43.6,30.1,48.7,1001.8,32.9,345,102
2026-06-25T14:52:34.645Z,36.2,44.2,30.1,48.6,1001.8,32.8,343,102
2026-06-25T14:52:44.642Z,36.4,44.4,30.1,48.5,1001.8,32.7,342,103
2026-06-25T14:52:54.619Z,35,43.4,30.1,48.4,1001.8,32.6,342,99
2026-06-25T14:53:04.648Z,34.8,44.8,30.1,48.3,1001.8,32.5,339,98
2026-06-25T14:53:14.663Z,36,45,30.1,48.2,1001.9,32.5,339,102
2026-06-25T14:53:24.675Z,35.4,43,30.1,48.1,1001.9,32.5,339,100
2026-06-25T14:53:34.632Z,33.8,41.2,30.1,48.1,1001.9,32.5,339,96
2026-06-25T14:53:44.619Z,33.6,42,30.1,48,1001.9,32.6,339,96
2026-06-25T14:53:54.669Z,34.8,44.8,30.1,48,1001.9,32.6,339,98
2026-06-25T14:54:04.666Z,35.2,44.2,30.1,48,1001.9,32.6,339,99
2026-06-25T14:54:14.748Z,35.4,43.4,30.1,47.9,1001.9,32.7,338,100
2026-06-25T14:54:24.626Z,35.6,43.4,30.1,47.9,1001.9,32.8,337,101
2026-06-25T14:54:34.622Z,35,42,30,47.9,1001.9,32.9,337,99
2026-06-25T14:54:44.627Z,34,41,30,47.9,1001.9,32.9,337,97
2026-06-25T14:54:54.621Z,35.4,42.4,30,47.9,1001.9,33,337,100
2026-06-25T14:55:04.637Z,35.4,43,30,47.9,1001.9,33.1,337,100
2026-06-25T14:55:14.621Z,36,43,30,48,1001.9,33.2,337,102
2026-06-25T14:55:24.629Z,35.2,41.6,29.9,47.9,1001.9,33.3,337,99
2026-06-25T14:55:34.628Z,35.6,41.6,29.9,47.9,1001.9,33.3,337,101
2026-06-25T14:55:44.622Z,35.6,42,29.9,47.9,1001.9,33.4,337,101
2026-06-25T14:55:54.628Z,35.6,43.6,29.9,47.9,1001.9,33.4,337,101
2026-06-25T14:56:04.786Z,35.8,44.2,29.9,47.9,1001.9,33.5,337,101
2026-06-25T14:56:14.638Z,35.6,43,29.9,47.9,1001.9,33.5,337,101
2026-06-25T14:56:24.642Z,37.8,44.8,29.9,47.9,1001.9,33.6,338,106
2026-06-25T14:56:34.615Z,34.8,42.6,29.9,47.9,1001.9,33.6,338,98
2026-06-25T14:56:44.627Z,36,43.4,29.9,47.9,1001.9,33.7,338,102
2026-06-25T14:56:54.618Z,35.8,43,29.9,47.9,1001.9,33.7,338,101
2026-06-25T14:57:04.622Z,34.8,42.4,29.8,47.9,1001.9,33.8,338,98
2026-06-25T14:57:14.634Z,34,41,29.8,47.9,1001.9,33.9,338,97
2026-06-25T14:57:24.619Z,34.8,43.2,29.8,47.8,1001.9,33.9,338,98
2026-06-25T14:57:34.630Z,35.4,44.2,29.8,47.8,1001.9,34,338,100
2026-06-25T14:57:44.630Z,36.2,44,29.8,47.8,1001.9,34,338,102
2026-06-25T14:57:54.613Z,36.2,42.8,29.8,47.8,1001.9,34.1,338,102
2026-06-25T14:58:04.636Z,35.6,41.6,29.8,47.8,1001.9,34.1,338,101
2026-06-25T14:58:14.676Z,35,41,29.8,47.8,1001.9,34.2,339,99
2026-06-25T14:58:24.632Z,37.2,43.2,29.8,47.8,1001.9,34.2,339,105
2026-06-25T14:58:34.632Z,37,43,29.8,47.8,1001.9,34.3,340,104
2026-06-25T14:58:44.620Z,36.2,42.2,29.7,47.8,1001.9,34.3,362,102
2026-06-25T14:58:54.613Z,36.8,43,29.7,47.8,1001.9,34.4,368,104
2026-06-25T14:59:04.641Z,34,41,29.7,47.9,1001.9,34.4,368,97
2026-06-25T14:59:14.620Z,34,40.4,29.7,47.9,1001.9,34.4,368,97
2026-06-25T14:59:24.637Z,32.6,39.6,29.7,47.9,1001.9,34.5,368,94
2026-06-25T14:59:34.619Z,32.8,40.8,29.7,47.9,1001.9,34.5,368,94
2026-06-25T14:59:44.613Z,33.4,39.6,29.7,47.9,1001.9,34.6,369,95
2026-06-25T14:59:54.620Z,33.8,39.8,29.7,47.9,1001.9,34.6,370,96
2026-06-25T15:00:04.674Z,34,40,29.6,48,1001.9,34.6,370,97
2026-06-25T15:00:14.618Z,34.8,39.8,29.6,48,1001.9,34.7,370,98
2026-06-25T15:00:24.626Z,35.4,43.4,29.6,48,1001.9,34.7,371,100
2026-06-25T15:00:34.625Z,35.6,44.6,29.6,48,1001.9,34.7,371,101
2026-06-25T15:00:44.621Z,35.6,43.6,29.6,48.1,1001.9,34.7,372,101
2026-06-25T15:00:54.618Z,33.6,41.6,29.6,48.1,1001.9,34.7,375,96
2026-06-25T15:01:04.625Z,33.4,39.4,29.6,48,1001.9,34.6,375,95
2026-06-25T15:01:14.623Z,33.6,39.8,29.6,48,1001.9,34.6,375,96
2026-06-25T15:01:24.616Z,34.4,39.4,29.6,48,1001.9,34.6,375,97
2026-06-25T15:01:34.616Z,34.6,40.4,29.7,47.9,1001.9,34.5,375,98
2026-06-25T15:01:44.639Z,34,38.6,29.7,47.9,1001.9,34.5,375,97
2026-06-25T15:01:54.616Z,33.4,39,29.7,47.8,1001.9,34.5,375,95
2026-06-25T15:02:04.631Z,34.8,41.4,29.7,47.7,1001.9,34.4,375,98
2026-06-25T15:02:14.615Z,35.4,40.8,29.7,47.7,1001.9,34.4,375,100
2026-06-25T15:02:24.639Z,34.6,39.6,29.8,47.6,1001.9,34.3,375,98
2026-06-25T15:02:34.616Z,33.8,38.8,29.8,47.5,1001.9,34.3,375,96
2026-06-25T15:02:44.614Z,34.2,39.6,29.8,47.5,1001.9,34.3,375,97
2026-06-25T15:02:54.612Z,35.6,42.6,29.8,47.4,1001.9,34.2,375,101
2026-06-25T15:03:04.629Z,34.6,40.8,29.9,47.4,1001.9,34.2,375,98
2026-06-25T15:03:14.626Z,34.4,39.4,29.9,47.3,1001.9,34.1,375,97
2026-06-25T15:03:24.611Z,34.6,41.4,29.9,47.2,1001.9,34,375,98
2026-06-25T15:03:34.611Z,34.2,43,30,47.2,1001.9,34,375,97
2026-06-25T15:03:44.617Z,33.6,41,30,47.1,1001.9,33.9,377,96
2026-06-25T15:03:54.611Z,34.4,40.6,30,47,1001.9,33.9,375,97
2026-06-25T15:04:04.752Z,36,43,30,47,1001.9,33.9,377,102
2026-06-25T15:04:14.614Z,34.6,40.8,30,47,1001.9,33.9,377,98
2026-06-25T15:04:24.622Z,35.6,43,30,47.1,1001.9,34,375,101
2026-06-25T15:04:34.620Z,36,42.6,30,47.1,1001.9,34,375,102
2026-06-25T15:04:44.643Z,34,39.4,30,47.1,1001.9,34.1,377,97
2026-06-25T15:04:54.632Z,32.4,40.2,30,47.1,1001.9,34.1,377,93
2026-06-25T15:05:04.667Z,33,40.2,29.9,47.1,1001.9,34.2,377,94
2026-06-25T15:05:14.633Z,35.2,42.2,29.9,47.2,1001.9,34.3,378,99
2026-06-25T15:05:24.686Z,35.6,42.6,29.9,47.2,1001.9,34.3,377,101
2026-06-25T15:05:34.720Z,34.8,41.2,29.9,47.2,1001.9,34.4,377,98
2026-06-25T15:05:44.676Z,33,38.2,29.9,47.2,1001.9,34.4,377,94
2026-06-25T15:05:54.639Z,32.6,35.6,29.9,47.2,1001.9,34.5,378,94
2026-06-25T15:06:04.680Z,33.4,36.4,29.9,47.2,1001.9,34.5,378,95
2026-06-25T15:06:14.621Z,33,36.6,29.9,47.2,1001.9,34.5,378,94
2026-06-25T15:06:24.613Z,33.4,38.2,29.9,47.2,1001.9,34.5,378,95
2026-06-25T15:06:34.702Z,34,41,29.9,47.2,1001.9,34.6,378,97
2026-06-25T15:06:44.720Z,33.4,39.2,29.8,47.2,1001.9,34.6,378,95
2026-06-25T15:06:54.714Z,32.4,37.4,29.8,47.2,1001.9,34.6,378,93
2026-06-25T15:07:04.662Z,33.8,37.8,29.8,47.3,1001.9,34.6,377,96
2026-06-25T15:07:14.617Z,34.4,38.4,29.8,47.3,1001.9,34.6,377,97
2026-06-25T15:07:24.616Z,34,38.4,29.8,47.2,1001.9,34.6,377,97
2026-06-25T15:07:34.631Z,34.8,39.8,29.8,47.2,1001.9,34.6,378,98
2026-06-25T15:07:44.609Z,34,38.6,29.8,47.2,1001.9,34.6,377,97
2026-06-25T15:07:54.609Z,34,38.2,29.9,47.2,1001.9,34.6,377,97
2026-06-25T15:08:04.644Z,34.8,39.6,29.9,47.2,1001.9,34.5,378,98
2026-06-25T15:08:14.710Z,35.6,41.6,29.9,47.1,1001.9,34.5,377,101
2026-06-25T15:08:24.613Z,35.8,43.2,29.9,47.1,1001.9,34.5,377,101
2026-06-25T15:08:34.611Z,35.8,43.2,29.9,47.1,1001.9,34.5,377,101
2026-06-25T15:08:44.613Z,34.2,40.4,29.9,47,1001.9,34.4,377,97
2026-06-25T15:08:54.637Z,32.6,38,29.9,47,1001.9,34.4,378,94
2026-06-25T15:09:04.632Z,32.2,38,29.9,47,1001.9,34.4,378,93
2026-06-25T15:09:14.645Z,32.6,38.6,30,47,1001.9,34.4,379,94
2026-06-25T15:09:24.619Z,34.4,40.6,30,46.9,1001.9,34.4,378,97
2026-06-25T15:09:34.620Z,33.4,39,30,46.9,1001.9,34.4,379,95
2026-06-25T15:09:44.613Z,33.2,38,30,46.9,1001.9,34.4,379,95
2026-06-25T15:09:54.614Z,34.2,38.8,30,46.9,1001.9,34.3,379,97
2026-06-25T15:10:04.713Z,33,38.6,30,46.9,1001.9,34.3,379,94
2026-06-25T15:10:14.722Z,32,38,30,46.9,1001.9,34.3,379,92
2026-06-25T15:10:24.616Z,32.4,38.4,30,46.8,1001.9,34.3,379,93
2026-06-25T15:10:34.729Z,32,38.8,30,46.8,1001.9,34.3,379,92
2026-06-25T15:10:44.662Z,32,37,30,46.8,1001.9,34.3,378,92
2026-06-25T15:10:54.629Z,32.4,39.4,30,46.8,1001.9,34.3,378,93
2026-06-25T15:11:04.655Z,33,39.2,30,46.8,1001.9,34.3,378,94
2026-06-25T15:11:14.617Z,34.8,40,30,46.8,1001.9,34.3,378,98
2026-06-25T15:11:24.616Z,34.2,41.2,30,46.8,1001.9,34.3,378,97
2026-06-25T15:11:34.715Z,34.8,41.2,30,46.8,1001.9,34.4,378,98
2026-06-25T15:11:44.620Z,33.8,39.4,30,46.9,1001.9,34.4,378,96
2026-06-25T15:11:54.622Z,32.4,38.2,30,46.9,1001.9,34.4,378,93
2026-06-25T15:12:04.611Z,31.6,38,30,46.9,1001.9,34.4,377,92
2026-06-25T15:12:14.633Z,32,38,30,46.8,1001.9,34.4,377,92
2026-06-25T15:12:24.625Z,35,40.8,30,46.8,1001.9,34.3,377,99
2026-06-25T15:12:34.610Z,34.6,39.6,30,46.8,1001.9,34.3,377,98
2026-06-25T15:12:44.611Z,34.4,39.4,30,46.8,1001.9,34.3,377,97
2026-06-25T15:12:54.662Z,34.2,41.2,30,46.8,1001.9,34.3,377,97
2026-06-25T15:13:04.621Z,34.8,44.4,30,46.7,1001.9,34.3,378,98
2026-06-25T15:13:14.649Z,33.2,42.6,30,46.8,1001.9,34.4,378,95
2026-06-25T15:13:24.607Z,32.6,41.8,30,46.8,1001.9,34.4,379,94
2026-06-25T15:13:34.606Z,34.6,43.6,30,46.8,1001.9,34.4,379,98
2026-06-25T15:13:44.610Z,33,39.8,30,46.8,1001.9,34.4,379,94
2026-06-25T15:13:54.619Z,32.8,38.8,30,46.7,1001.9,34.4,379,94
2026-06-25T15:14:04.623Z,32.4,37.4,30,46.7,1001.9,34.4,379,93
2026-06-25T15:14:14.610Z,34,39,30,46.7,1001.9,34.4,379,97
2026-06-25T15:14:24.639Z,32.8,39.2,30.1,46.7,1001.9,34.4,379,94
2026-06-25T15:14:34.746Z,32,37,30.1,46.6,1001.9,34.4,379,92
2026-06-25T15:14:44.615Z,33.6,40.4,30.1,46.6,1001.9,34.4,379,96
2026-06-25T15:14:54.696Z,33.2,40.8,30.1,46.6,1001.9,34.4,379,95
2026-06-25T15:15:04.633Z,32.8,39.2,30.1,46.6,1001.9,34.4,379,94
2026-06-25T15:15:14.608Z,33,39,30.1,46.6,1001.9,34.4,379,94
2026-06-25T15:15:24.617Z,31,36.2,30.1,46.6,1001.9,34.4,379,90
2026-06-25T15:15:34.632Z,31.6,35.6,30.1,46.6,1001.9,34.4,379,92
2026-06-25T15:15:44.643Z,32.2,35.2,30.1,46.6,1001.9,34.4,379,93
2026-06-25T15:15:54.636Z,31.8,36,30.1,46.6,1001.9,34.4,378,92
2026-06-25T15:16:04.748Z,32.6,37.6,30.1,46.5,1001.9,34.4,377,94
2026-06-25T15:16:14.614Z,32.2,37.4,30.1,46.5,1001.9,34.4,378,93
2026-06-25T15:16:24.680Z,32.6,39.6,30.1,46.5,1001.9,34.4,378,94
2026-06-25T15:16:34.615Z,32.2,38.4,30.1,46.5,1001.9,34.4,377,93
2026-06-25T15:16:44.769Z,31,36.2,30.1,46.5,1001.9,34.4,378,90
2026-06-25T15:16:54.605Z,31.6,35.2,30.1,46.5,1001.9,34.4,377,92
2026-06-25T15:17:04.667Z,31.6,34.6,30.1,46.5,1001.9,34.5,377,92
2026-06-25T15:17:14.626Z,32.2,37,30.1,46.5,1001.9,34.5,378,93
2026-06-25T15:17:24.611Z,33.4,40.2,30.1,46.5,1001.9,34.5,378,95
2026-06-25T15:17:34.611Z,33.2,41.2,30.1,46.6,1001.9,34.6,378,95
2026-06-25T15:17:44.609Z,32.6,41,30,46.6,1001.9,34.6,378,94
2026-06-25T15:17:54.618Z,34.4,40.6,30,46.6,1001.9,34.7,378,97
2026-06-25T15:18:04.606Z,33.6,38.8,30,46.7,1001.9,34.7,378,96
2026-06-25T15:18:14.609Z,33.8,38.8,30,46.7,1001.9,34.8,378,96
2026-06-25T15:18:24.628Z,32.6,36.6,30,46.7,1001.9,34.9,379,94
2026-06-25T15:18:34.652Z,34.4,37.8,29.9,46.8,1001.9,34.9,379,97
2026-06-25T15:18:44.685Z,34.2,38.2,29.9,46.8,1001.9,34.9,379,97
2026-06-25T15:18:54.614Z,32.6,39.6,29.9,46.8,1001.9,35,379,94
2026-06-25T15:19:04.617Z,33,39.6,29.9,46.8,1001.9,35,379,94
2026-06-25T15:19:14.712Z,33.2,40.8,29.9,46.8,1001.9,35,379,95
2026-06-25T15:19:24.607Z,33.6,43,29.9,46.8,1001.9,35.1,379,96
2026-06-25T15:19:34.607Z,33.4,42,29.9,46.8,1001.9,35.1,379,95
2026-06-25T15:19:44.603Z,34.2,42.2,29.9,46.8,1001.9,35.1,379,97
2026-06-25T15:19:54.602Z,33,39.6,29.9,46.8,1001.9,35.1,379,94
2026-06-25T15:20:04.613Z,33.6,40.6,29.9,46.8,1001.9,35.2,380,96
2026-06-25T15:20:14.682Z,33.8,40.8,29.9,46.8,1001.9,35.2,379,96
2026-06-25T15:20:24.604Z,33,40.4,29.8,46.8,1001.9,35.2,381,94
2026-06-25T15:20:34.605Z,33,39,29.8,46.8,1001.9,35.3,381,94
2026-06-25T15:20:44.606Z,34,40.2,29.8,46.8,1001.9,35.3,381,97
2026-06-25T15:20:54.628Z,32.4,37,29.8,46.9,1001.9,35.3,381,93
2026-06-25T15:21:04.644Z,32.2,36.2,29.8,46.9,1001.9,35.3,381,93
2026-06-25T15:21:14.619Z,32.8,37.8,29.8,46.9,1001.9,35.4,381,94
2026-06-25T15:21:24.622Z,32,39,29.8,46.9,1001.9,35.4,381,92
2026-06-25T15:21:34.641Z,31,39,29.8,46.9,1001.9,35.4,381,90
2026-06-25T15:21:44.653Z,33,40.6,29.8,46.9,1001.9,35.4,380,94
2026-06-25T15:21:54.604Z,33,42.6,29.8,46.9,1001.9,35.4,380,94
2026-06-25T15:22:04.642Z,34.6,43.8,29.8,46.9,1001.9,35.4,380,98
2026-06-25T15:22:14.604Z,33.4,38.4,29.8,46.9,1001.9,35.4,380,95
2026-06-25T15:22:24.603Z,32.4,35.6,29.8,46.9,1001.9,35.4,381,93
2026-06-25T15:22:34.628Z,32.8,37.8,29.8,46.8,1001.9,35.4,381,94
2026-06-25T15:22:44.602Z,33.2,40.2,29.8,46.8,1001.9,35.3,380,95
2026-06-25T15:22:54.613Z,34.2,43,29.8,46.8,1001.9,35.3,380,97
2026-06-25T15:23:04.643Z,34.2,41.4,29.9,46.7,1001.9,35.3,380,97
2026-06-25T15:23:14.620Z,34.4,39.6,29.9,46.7,1001.9,35.3,379,97
2026-06-25T15:23:24.619Z,34.4,41.4,29.9,46.7,1001.9,35.2,380,97
2026-06-25T15:23:34.607Z,35.2,41,29.9,46.7,1001.9,35.2,380,99
2026-06-25T15:23:44.608Z,34.6,39.6,29.9,46.7,1001.9,35.2,379,98
2026-06-25T15:23:54.610Z,33.4,38,29.9,46.7,1001.9,35.2,379,95
2026-06-25T15:24:04.627Z,33.8,38.8,29.9,46.7,1001.9,35.3,379,96
2026-06-25T15:24:14.626Z,32.6,38.6,29.9,46.7,1001.9,35.2,379,94
2026-06-25T15:24:25.099Z,32.4,38.4,29.9,46.7,1001.9,35.2,379,93
2026-06-25T15:24:34.611Z,33.8,40.6,29.9,46.7,1001.9,35.2,379,96
2026-06-25T15:24:44.619Z,34.6,41.2,29.9,46.8,1001.9,35.2,379,98
2026-06-25T15:24:54.622Z,33.4,39,29.9,46.8,1001.9,35.2,381,95
2026-06-25T15:25:04.608Z,33.4,38.4,29.9,46.7,1001.9,35.1,381,95
2026-06-25T15:25:14.617Z,34.6,41.4,29.9,46.7,1001.9,35.1,381,98
2026-06-25T15:25:24.625Z,33.4,39.6,29.9,46.7,1001.9,35,381,95
2026-06-25T15:25:34.611Z,33.6,39.6,29.9,46.6,1001.9,35,381,96
2026-06-25T15:25:44.626Z,33,39,30,46.6,1001.9,34.9,381,94
2026-06-25T15:25:54.605Z,32.2,38.2,30,46.5,1001.9,34.9,382,93
2026-06-25T15:26:04.617Z,32.8,40.2,30,46.4,1001.9,34.8,382,94
2026-06-25T15:26:14.600Z,31.6,40.2,30,46.4,1001.9,34.8,381,92
2026-06-25T15:26:24.602Z,31.4,39.4,30,46.3,1001.9,34.7,382,91
2026-06-25T15:26:34.617Z,32.4,38.4,30.1,46.3,1001.9,34.7,382,93
2026-06-25T15:26:44.614Z,31.6,37,30.1,46.2,1001.9,34.7,382,92
2026-06-25T15:26:54.638Z,31.6,36.6,30.1,46.2,1001.9,34.7,382,92
2026-06-25T15:27:04.658Z,32,37.2,30.1,46.2,1001.9,34.7,382,92
2026-06-25T15:27:14.623Z,33,40.2,30.1,46.2,1001.9,34.7,382,94
2026-06-25T15:27:24.603Z,32.8,40.6,30.1,46.2,1001.9,34.7,381,94
2026-06-25T15:27:34.609Z,32,39,30.1,46.2,1001.9,34.7,382,92
2026-06-25T15:27:44.599Z,32.4,39.4,30.1,46.2,1001.9,34.8,382,93
2026-06-25T15:27:54.607Z,33,38.8,30.1,46.2,1001.9,34.9,381,94
2026-06-25T15:28:04.606Z,33,38.6,30,46.3,1001.9,34.9,382,94
2026-06-25T15:28:14.632Z,34,39.4,30,46.3,1001.9,35,382,97
2026-06-25T15:28:24.639Z,33,37.2,30,46.3,1001.9,35.1,380,94
2026-06-25T15:28:34.630Z,32.6,35.6,30,46.3,1001.9,35.1,382,94
2026-06-25T15:28:44.607Z,32,35.2,30,46.3,1001.9,35.2,382,92
2026-06-25T15:28:54.605Z,32.8,36.8,29.9,46.3,1001.9,35.3,382,94
2026-06-25T15:29:04.613Z,32.4,38.2,29.9,46.4,1001.9,35.3,382,93
2026-06-25T15:29:14.613Z,33,37.4,29.9,46.4,1001.9,35.4,382,94
2026-06-25T15:29:24.612Z,32.2,35.8,29.9,46.4,1001.9,35.4,382,93
2026-06-25T15:29:34.600Z,31.8,36.4,29.9,46.4,1001.9,35.4,382,92
2026-06-25T15:29:44.616Z,33,38,29.9,46.5,1001.9,35.4,382,94
2026-06-25T15:29:54.616Z,32,36,29.8,46.5,1001.9,35.5,381,92
2026-06-25T15:30:04.702Z,33.4,40.8,29.8,46.5,1001.9,35.5,381,95
2026-06-25T15:30:14.681Z,34,41.8,29.8,46.5,1001.9,35.6,382,97
2026-06-25T15:30:24.633Z,33.2,39.6,29.8,46.5,1001.9,35.6,382,95
2026-06-25T15:30:34.606Z,32.6,37.6,29.8,46.6,1001.9,35.6,381,94
2026-06-25T15:30:44.641Z,32,37.8,29.8,46.6,1001.9,35.7,381,92
2026-06-25T15:30:54.601Z,32.4,37.6,29.8,46.6,1001.9,35.7,382,93
2026-06-25T15:31:04.628Z,33.6,39.6,29.7,46.7,1001.9,35.7,382,96
2026-06-25T15:31:14.616Z,33,38,29.7,46.7,1001.9,35.7,382,94
2026-06-25T15:31:24.703Z,31.8,36.8,29.7,46.7,1001.9,35.8,381,92
2026-06-25T15:31:34.632Z,33,38,29.7,46.7,1001.9,35.7,381,94
2026-06-25T15:31:44.613Z,32,38,29.7,46.6,1001.9,35.8,381,92
2026-06-25T15:31:54.613Z,32.4,37.4,29.7,46.6,1001.9,35.7,381,93
2026-06-25T15:32:04.814Z,31.4,35,29.8,46.6,1001.9,35.7,381,91
2026-06-25T15:32:14.613Z,31.6,35.2,29.8,46.6,1001.9,35.7,379,92
2026-06-25T15:32:24.598Z,31,33.2,29.8,46.6,1001.9,35.6,380,90
2026-06-25T15:32:34.599Z,32.8,35,29.8,46.6,1001.9,35.6,381,94
2026-06-25T15:32:44.602Z,33.4,37.2,29.8,46.5,1001.9,35.6,380,95
2026-06-25T15:32:54.600Z,34.2,39.4,29.8,46.5,1001.9,35.5,380,97
2026-06-25T15:33:04.644Z,31.8,35.2,29.8,46.5,1001.9,35.5,381,92
2026-06-25T15:33:14.627Z,32.4,38.4,29.8,46.5,1001.9,35.5,381,93
2026-06-25T15:33:24.598Z,33.6,39.6,29.8,46.5,1001.9,35.5,381,96
2026-06-25T15:33:34.597Z,33.2,40.6,29.8,46.5,1001.9,35.4,381,95
2026-06-25T15:33:44.605Z,32.8,42.2,29.9,46.5,1001.9,35.4,380,94
2026-06-25T15:33:54.634Z,33.8,40.6,29.9,46.5,1001.9,35.4,380,96
2026-06-25T15:34:04.624Z,32.4,38.4,29.9,46.5,1001.9,35.4,381,93
2026-06-25T15:34:14.639Z,32.8,38.6,29.9,46.5,1001.9,35.4,382,94
2026-06-25T15:34:24.616Z,34,41,29.9,46.5,1001.9,35.4,382,97
2026-06-25T15:34:34.595Z,34.2,40,29.9,46.5,1001.9,35.5,382,97
2026-06-25T15:34:44.596Z,34.4,40,29.8,46.5,1001.9,35.5,382,97
2026-06-25T15:34:54.602Z,32.6,38.6,29.8,46.5,1001.9,35.5,382,94
2026-06-25T15:35:04.608Z,34,39,29.8,46.5,1001.9,35.6,382,97
2026-06-25T15:35:14.600Z,33.8,38.2,29.8,46.5,1001.9,35.6,382,96
2026-06-25T15:35:24.602Z,33,36.8,29.8,46.5,1001.9,35.6,382,94
2026-06-25T15:35:34.611Z,33.8,37,29.8,46.5,1001.9,35.6,382,96
2026-06-25T15:35:44.606Z,33.8,37.4,29.8,46.6,1001.9,35.7,382,96
2026-06-25T15:35:54.596Z,32.4,35.8,29.8,46.6,1001.9,35.7,382,93
2026-06-25T15:36:04.643Z,32.4,37.8,29.8,46.6,1001.9,35.7,382,93
2026-06-25T15:36:14.600Z,32.2,38.2,29.7,46.6,1001.9,35.8,382,93
2026-06-25T15:36:24.634Z,32.6,39,29.7,46.6,1001.8,35.8,381,94
2026-06-25T15:36:34.636Z,32.2,39,29.7,46.7,1001.8,35.8,379,93
2026-06-25T15:36:44.623Z,34.6,43,29.7,46.7,1001.8,35.8,379,98
2026-06-25T15:36:54.606Z,32.2,40.4,29.7,46.7,1001.8,35.8,379,93
2026-06-25T15:37:04.617Z,34,39.4,29.7,46.7,1001.8,35.8,378,97
2026-06-25T15:37:14.598Z,33,38.6,29.7,46.8,1001.8,35.8,378,94
2026-06-25T15:37:24.601Z,35,41,29.7,46.8,1001.8,35.9,379,99
2026-06-25T15:37:34.610Z,34.4,40.4,29.7,46.9,1001.8,35.9,379,97
2026-06-25T15:37:44.612Z,34,41,29.6,46.9,1001.8,35.9,379,97
2026-06-25T15:37:54.599Z,34.2,41,29.6,46.9,1001.8,35.9,381,97
2026-06-25T15:38:04.619Z,33.8,39.6,29.6,46.9,1001.8,35.9,380,96
2026-06-25T15:38:14.606Z,33.6,40.6,29.6,47,1001.8,36,380,96
2026-06-25T15:38:24.616Z,34,41.4,29.6,47,1001.8,36,380,97
2026-06-25T15:38:34.608Z,33.2,40.4,29.6,47,1001.8,36,380,95
2026-06-25T15:38:44.616Z,33,38.4,29.6,47,1001.8,36,381,94
2026-06-25T15:38:54.604Z,33,37,29.6,47,1001.8,36,381,94
2026-06-25T15:39:04.610Z,34,39,29.6,47,1001.8,36,381,97
2026-06-25T15:39:14.598Z,35,41.4,29.6,47.1,1001.8,36,381,99
2026-06-25T15:39:24.597Z,32.2,39.2,29.6,47.1,1001.8,36,381,93
2026-06-25T15:39:34.602Z,32.2,40.8,29.6,47.1,1001.8,36,381,93
2026-06-25T15:39:44.612Z,32.6,39.6,29.6,47.1,1001.8,36,381,94
2026-06-25T15:39:54.594Z,34,39.8,29.6,47.1,1001.8,36,381,97
2026-06-25T15:40:04.606Z,32.6,37.6,29.6,47.1,1001.8,36,381,94
2026-06-25T15:40:14.604Z,32.6,37.6,29.6,47.1,1001.8,36,381,94
2026-06-25T15:40:24.604Z,32,38,29.6,47,1001.8,36,381,92
2026-06-25T15:40:34.599Z,31.8,38.4,29.6,47,1001.8,36,381,92
2026-06-25T15:40:44.595Z,32.4,40.4,29.6,47,1001.8,36,381,93
2026-06-25T15:40:54.619Z,32.6,39.8,29.6,47,1001.8,36,381,94
2026-06-25T15:41:04.633Z,32.4,38.2,29.6,47,1001.8,36,379,93
2026-06-25T15:41:14.604Z,31.8,37.2,29.6,47,1001.8,36,381,92
2026-06-25T15:41:24.599Z,32.2,35.8,29.6,47,1001.8,36,379,93
2026-06-25T15:41:34.619Z,34.8,39.4,29.6,46.9,1001.8,36,379,98
2026-06-25T15:41:44.597Z,34.4,38.4,29.6,46.9,1001.8,36,381,97
2026-06-25T15:41:54.607Z,33.6,38,29.6,46.9,1001.7,36,379,96
2026-06-25T15:42:04.677Z,32.8,37.8,29.6,46.9,1001.7,36,379,94
2026-06-25T15:42:14.600Z,33,38.6,29.6,47,1001.7,36,379,94
2026-06-25T15:42:24.605Z,34,40.6,29.6,47,1001.7,36,379,97
2026-06-25T15:42:34.649Z,34.2,39.6,29.6,47.1,1001.7,35.9,381,97
2026-06-25T15:42:44.599Z,32,37,29.6,47.2,1001.7,35.9,381,92
2026-06-25T15:42:54.598Z,32.6,38.6,29.6,47.3,1001.7,35.9,381,94
2026-06-25T15:43:04.666Z,33.2,39.4,29.6,47.3,1001.7,35.8,379,95
2026-06-25T15:43:14.603Z,32,39,29.6,47.4,1001.7,35.8,379,92
2026-06-25T15:43:24.593Z,33.6,40.8,29.6,47.5,1001.7,35.8,370,96
2026-06-25T15:43:34.609Z,33.8,39.6,29.6,47.5,1001.7,35.8,369,96
2026-06-25T15:43:44.592Z,34,38,29.6,47.6,1001.7,35.8,369,97
2026-06-25T15:43:54.599Z,32.4,35.6,29.6,47.6,1001.7,35.7,368,93
2026-06-25T15:44:04.597Z,32,35,29.6,47.7,1001.8,35.7,368,92
2026-06-25T15:44:14.593Z,34,37.2,29.6,47.7,1001.8,35.7,368,97
2026-06-25T15:44:24.594Z,34.2,38.2,29.6,47.7,1001.8,35.7,368,97
2026-06-25T15:44:34.595Z,34.8,39.8,29.6,47.8,1001.8,35.6,368,98
2026-06-25T15:44:44.591Z,33.6,38.4,29.6,47.8,1001.8,35.6,368,96
2026-06-25T15:44:54.614Z,32.8,38.8,29.6,47.8,1001.8,35.6,368,94
2026-06-25T15:45:05.022Z,34.6,41.2,29.6,47.8,1001.8,35.5,369,98
2026-06-25T15:45:14.598Z,34.6,41.8,29.6,47.8,1001.8,35.5,368,98
2026-06-25T15:45:24.596Z,33,40,29.6,47.8,1001.8,35.5,368,94
2026-06-25T15:45:34.604Z,32,38.8,29.6,47.8,1001.8,35.4,368,92
2026-06-25T15:45:44.678Z,32.6,39.6,29.6,47.8,1001.8,35.4,368,94
2026-06-25T15:45:54.614Z,32.4,37.6,29.6,47.8,1001.8,35.3,368,93
2026-06-25T15:46:04.635Z,31.2,36.2,29.6,47.7,1001.8,35.3,369,91
2026-06-25T15:46:14.606Z,31,37.6,29.6,47.7,1001.8,35.3,368,90
2026-06-25T15:46:24.594Z,30.4,35.8,29.6,47.8,1001.8,35.3,368,89
2026-06-25T15:46:34.615Z,31.6,36.8,29.6,47.8,1001.8,35.3,368,92
2026-06-25T15:46:44.597Z,32.6,38,29.6,47.8,1001.8,35.3,368,94
2026-06-25T15:46:54.592Z,32.8,37.4,29.6,47.8,1001.8,35.4,368,94
2026-06-25T15:47:04.661Z,33,39,29.6,47.8,1001.8,35.4,370,94
2026-06-25T15:47:14.609Z,32.6,38.6,29.6,47.8,1001.8,35.3,370,94
2026-06-25T15:47:24.597Z,32,38,29.6,47.8,1001.8,35.3,370,92
2026-06-25T15:47:34.598Z,33.6,39.8,29.6,47.7,1001.8,35.3,370,96
2026-06-25T15:47:44.602Z,34.6,40.4,29.6,47.7,1001.8,35.3,370,98
2026-06-25T15:47:54.599Z,33.8,39.2,29.6,47.7,1001.8,35.3,370,96
2026-06-25T15:48:04.599Z,34.4,40.4,29.6,47.7,1001.8,35.4,370,97
2026-06-25T15:48:14.594Z,34,39.8,29.6,47.7,1001.8,35.4,370,97
2026-06-25T15:48:24.595Z,32.2,37.6,29.6,47.7,1001.8,35.4,370,93
2026-06-25T15:48:48.298Z,33.2,38.6,29.6,47.7,1001.8,35.4,370,95
2026-06-25T15:48:54.295Z,35.4,41.6,29.6,47.7,1001.8,35.4,370,100
2026-06-25T15:48:55.806Z,35,40.2,29.6,47.7,1001.8,35.4,370,99
2026-06-25T15:49:04.613Z,34.6,39.6,29.6,47.7,1001.8,35.4,370,98
2026-06-25T15:49:14.591Z,34.6,38.6,29.6,47.7,1001.8,35.4,370,98
2026-06-25T15:49:24.592Z,34.8,38.4,29.6,47.7,1001.8,35.4,370,98
2026-06-25T15:49:34.591Z,34.6,39.6,29.6,47.7,1001.8,35.5,370,98
2026-06-25T15:49:44.591Z,34,39.4,29.6,47.6,1001.8,35.5,371,97
2026-06-25T15:49:54.591Z,33.8,38.8,29.6,47.6,1001.8,35.5,371,96
2026-06-25T15:50:04.593Z,34.6,39.6,29.6,47.5,1001.8,35.5,370,98
2026-06-25T15:50:14.593Z,35.6,41.2,29.6,47.5,1001.8,35.5,370,101
2026-06-25T15:50:24.595Z,34.6,41.4,29.6,47.5,1001.8,35.5,370,98
2026-06-25T15:50:34.605Z,35,40.4,29.6,47.5,1001.7,35.5,370,99
2026-06-25T15:50:44.610Z,33.8,39.8,29.6,47.4,1001.7,35.4,370,96
2026-06-25T15:50:54.596Z,33,38.4,29.7,47.4,1001.7,35.4,371,94
2026-06-25T15:51:04.610Z,32.4,38.2,29.7,47.4,1001.7,35.4,371,93
2026-06-25T15:51:14.587Z,33,39.6,29.7,47.3,1001.7,35.3,373,94
2026-06-25T15:51:24.585Z,33.8,40.6,29.7,47.3,1001.7,35.3,373,96
2026-06-25T15:51:34.585Z,34,40,29.7,47.2,1001.7,35.3,373,97
2026-06-25T15:51:44.604Z,34,40,29.8,47.1,1001.7,35.2,373,97
2026-06-25T15:51:54.590Z,32,37.8,29.8,47.1,1001.7,35.2,373,92
2026-06-25T15:52:04.597Z,32,36.2,29.8,47,1001.7,35.2,373,92
2026-06-25T15:52:14.622Z,34,40,29.8,47,1001.7,35.2,373,97
2026-06-25T15:52:24.607Z,34.8,40.8,29.8,47,1001.7,35.2,373,98
2026-06-25T15:52:34.592Z,34,41.4,29.8,47,1001.7,35.2,372,97
2026-06-25T15:52:44.588Z,34.6,42.4,29.8,47,1001.7,35.2,372,98
2026-06-25T15:52:54.590Z,32.8,39.4,29.8,47,1001.7,35.2,371,94
2026-06-25T15:53:04.656Z,32.6,39.8,29.8,47,1001.7,35.2,371,94
2026-06-25T15:53:14.587Z,33.8,42.8,29.8,47,1001.7,35.2,372,96
2026-06-25T15:53:24.588Z,32.8,41.6,29.8,47,1001.7,35.2,371,94
2026-06-25T15:53:34.600Z,32.6,39.4,29.8,47,1001.7,35.2,371,94
2026-06-25T15:53:44.603Z,33.2,39.8,29.8,46.9,1001.7,35.2,371,95
2026-06-25T15:53:54.592Z,34.4,42,29.8,46.9,1001.7,35.3,371,97
2026-06-25T15:54:04.617Z,35.4,43.6,29.8,46.9,1001.7,35.3,371,100
2026-06-25T15:54:14.609Z,34.2,42.2,29.8,46.9,1001.7,35.3,371,97
2026-06-25T15:54:24.586Z,35,41,29.8,46.9,1001.7,35.4,370,99
2026-06-25T15:54:34.586Z,35,39,29.8,46.9,1001.7,35.4,370,99
2026-06-25T15:54:44.589Z,33.4,38.4,29.8,46.9,1001.7,35.4,371,95
2026-06-25T15:54:54.601Z,32.4,36.4,29.8,47,1001.7,35.5,371,93
2026-06-25T15:55:04.590Z,33,37.6,29.8,47,1001.7,35.5,370,94
2026-06-25T15:55:14.582Z,32.4,37.4,29.8,47,1001.7,35.5,370,93
2026-06-25T15:55:24.586Z,34.4,39.6,29.8,47,1001.7,35.6,371,97
2026-06-25T15:55:34.747Z,32.6,37.8,29.8,46.9,1001.7,35.6,371,94
2026-06-25T15:55:44.588Z,32.4,36.4,29.8,46.9,1001.7,35.6,371,93
2026-06-25T15:55:54.586Z,32.4,38.4,29.8,46.9,1001.7,35.5,371,93
2026-06-25T15:56:04.598Z,33.4,41.4,29.8,46.9,1001.7,35.5,371,95
2026-06-25T15:56:14.603Z,32.4,39.4,29.8,46.8,1001.7,35.5,371,93
2026-06-25T15:56:24.588Z,32.4,38.6,29.8,46.8,1001.7,35.5,371,93
2026-06-25T15:56:34.595Z,33,39.6,29.8,46.8,1001.7,35.5,370,94
2026-06-25T15:56:44.587Z,33,39,29.8,46.7,1001.7,35.5,370,94
2026-06-25T15:56:54.586Z,34,39.4,29.8,46.7,1001.7,35.5,370,97
2026-06-25T15:57:04.617Z,33.6,40.2,29.8,46.7,1001.7,35.6,371,96
2026-06-25T15:57:14.589Z,33.4,39.8,29.8,46.7,1001.7,35.6,370,95
2026-06-25T15:57:24.589Z,34,38.6,29.8,46.7,1001.7,35.6,370,97
2026-06-25T15:57:34.590Z,32.6,36.8,29.8,46.6,1001.7,35.5,370,94
2026-06-25T15:57:44.619Z,33.2,37.6,29.8,46.6,1001.7,35.5,370,95
2026-06-25T15:57:54.586Z,33.8,38.8,29.8,46.6,1001.7,35.5,370,96
2026-06-25T15:58:04.656Z,34.6,41.2,29.8,46.6,1001.7,35.5,371,98
2026-06-25T15:58:14.593Z,33.4,38.6,29.8,46.6,1001.7,35.5,370,95
2026-06-25T15:58:24.599Z,32.6,35.4,29.8,46.6,1001.7,35.6,370,94
2026-06-25T15:58:34.587Z,31.6,34,29.8,46.7,1001.7,35.6,371,92
2026-06-25T15:58:44.619Z,32.6,35.6,29.8,46.7,1001.7,35.6,370,94
2026-06-25T15:58:54.584Z,31.8,36.2,29.8,46.7,1001.7,35.7,370,92
2026-06-25T15:59:04.599Z,32.4,38.4,29.7,46.8,1001.7,35.7,371,93
2026-06-25T15:59:14.597Z,31,37.6,29.7,46.8,1001.7,35.8,370,90
2026-06-25T15:59:24.592Z,32,35.6,29.7,46.9,1001.7,35.9,371,92
2026-06-25T15:59:34.600Z,31,35,29.6,47,1001.7,35.9,371,90
2026-06-25T15:59:44.588Z,31.6,38.6,29.6,47,1001.7,36,371,92
2026-06-25T15:59:54.597Z,32,39.2,29.6,47.1,1001.7,36,371,92
2026-06-25T16:00:04.605Z,32,37,29.5,47.1,1001.7,36.1,371,92
2026-06-25T16:00:14.593Z,33,39.2,29.5,47.2,1001.7,36.2,371,94
2026-06-25T16:00:24.772Z,33.6,40.6,29.5,47.2,1001.7,36.3,371,96
2026-06-25T16:00:34.584Z,33.6,39.2,29.5,47.3,1001.7,36.3,371,96
2026-06-25T16:00:44.586Z,32.2,35.8,29.4,47.3,1001.7,36.4,370,93
2026-06-25T16:00:54.589Z,32,35.8,29.4,47.4,1001.7,36.4,370,92
2026-06-25T16:01:04.613Z,31.8,33.8,29.4,47.4,1001.7,36.5,370,92
2026-06-25T16:01:14.584Z,31.6,34.6,29.4,47.5,1001.7,36.5,369,92
2026-06-25T16:01:24.583Z,31.8,36,29.3,47.5,1001.7,36.6,369,92
2026-06-25T16:01:34.583Z,33.8,38.2,29.3,47.6,1001.7,36.6,368,96
2026-06-25T16:01:44.592Z,34.6,39.6,29.3,47.6,1001.7,36.7,368,98
2026-06-25T16:01:54.583Z,34.2,37.4,29.3,47.7,1001.7,36.7,369,97
2026-06-25T16:02:04.596Z,33,37.6,29.2,47.7,1001.7,36.8,368,94
2026-06-25T16:02:14.595Z,31.6,37.8,29.2,47.8,1001.7,36.8,368,92
2026-06-25T16:02:24.699Z,31,36.2,29.2,47.8,1001.7,36.9,369,90
2026-06-25T16:02:34.589Z,31.6,36.6,29.2,47.8,1001.7,36.9,368,92
2026-06-25T16:02:44.585Z,33.2,39,29.2,47.8,1001.7,36.9,368,95
2026-06-25T16:02:54.584Z,34.8,41.8,29.2,47.8,1001.7,36.9,369,98
2026-06-25T16:03:04.610Z,32.4,40.6,29.2,47.8,1001.7,37,369,93
2026-06-25T16:03:14.590Z,32.6,39.6,29.1,47.9,1001.7,37,369,94
2026-06-25T16:03:24.589Z,31.6,38.2,29.1,47.9,1001.7,37,370,92
2026-06-25T16:03:34.591Z,33,40,29.1,47.8,1001.7,37.1,370,94
2026-06-25T16:03:44.588Z,32.6,38,29.1,47.8,1001.7,37.1,370,94
2026-06-25T16:03:54.588Z,32.4,35.4,29.1,47.9,1001.7,37.1,370,93
2026-06-25T16:04:04.610Z,33.6,39,29.1,47.9,1001.7,37.1,370,96
2026-06-25T16:04:14.581Z,33.6,39.8,29.1,47.9,1001.7,37.2,370,96
2026-06-25T16:04:24.581Z,32.8,39.8,29.1,47.9,1001.7,37.2,370,94
2026-06-25T16:04:34.597Z,32.8,39.2,29.1,47.9,1001.7,37.2,370,94
2026-06-25T16:04:44.582Z,32,37,29.1,47.9,1001.7,37.3,369,92
2026-06-25T16:04:54.583Z,32.6,37.6,29.1,47.9,1001.7,37.3,368,94
2026-06-25T16:05:04.635Z,33,39.6,29.1,47.9,1001.7,37.3,368,94
2026-06-25T16:05:14.581Z,33,40,29.1,47.9,1001.7,37.3,368,94
2026-06-25T16:05:24.610Z,33,40.4,29.1,47.9,1001.7,37.4,368,94
2026-06-25T16:05:34.581Z,32,37.2,29.1,47.9,1001.7,37.4,368,92
2026-06-25T16:05:44.592Z,32,38,29.1,47.9,1001.7,37.4,369,92
2026-06-25T16:05:54.584Z,32.2,37.4,29.1,47.9,1001.7,37.4,368,93
2026-06-25T16:06:04.587Z,31.8,35.8,29,47.9,1001.7,37.4,368,92
2026-06-25T16:06:14.587Z,32.6,36.2,29,47.9,1001.7,37.4,369,94
2026-06-25T16:06:24.579Z,33.2,36.6,29,47.9,1001.7,37.5,369,95
2026-06-25T16:06:34.581Z,32.6,38,29,47.9,1001.7,37.5,369,94
2026-06-25T16:06:44.581Z,32.2,39.2,29,47.9,1001.7,37.5,369,93
2026-06-25T16:06:54.582Z,32.6,38.6,29,47.9,1001.7,37.5,369,94
2026-06-25T16:07:04.602Z,32.6,39.2,29,47.9,1001.7,37.5,369,94
2026-06-25T16:07:14.593Z,34.2,40.6,29,47.9,1001.7,37.6,369,97
2026-06-25T16:07:24.596Z,33.2,37.2,29,47.9,1001.7,37.6,369,95
2026-06-25T16:07:34.607Z,34.6,38.6,29,47.9,1001.7,37.6,369,98
2026-06-25T16:07:44.579Z,34,39,29,47.9,1001.7,37.7,369,97
2026-06-25T16:07:54.579Z,34.6,40.6,29,47.9,1001.7,37.7,369,98
2026-06-25T16:08:04.626Z,34.8,40.2,29,47.9,1001.7,37.8,368,98
2026-06-25T16:08:14.583Z,33,39,29,48,1001.7,37.8,368,94
2026-06-25T16:08:24.583Z,34.2,40.2,29,48,1001.7,37.9,368,97
2026-06-25T16:08:34.589Z,35.6,41.6,28.9,48,1001.7,37.9,368,101
2026-06-25T16:08:44.583Z,35,41.8,28.9,48,1001.7,37.9,368,99
2026-06-25T16:08:54.586Z,34.6,39.6,28.9,48,1001.7,38,368,98
2026-06-25T16:09:04.631Z,33.6,36.8,28.9,48,1001.7,38,368,96
2026-06-25T16:09:14.599Z,32,34.8,28.9,48.1,1001.6,38,368,92
2026-06-25T16:09:24.583Z,32.4,35.4,28.9,48.1,1001.6,38,368,93
2026-06-25T16:09:34.588Z,32.8,38.4,28.9,48.1,1001.6,38,368,94
2026-06-25T16:09:44.589Z,32,37,28.9,48.1,1001.6,38,368,92
2026-06-25T16:09:54.591Z,32,37,28.9,48.1,1001.6,38,368,92
2026-06-25T16:10:04.629Z,32.6,37.6,28.9,48.1,1001.6,38.1,369,94
2026-06-25T16:10:14.594Z,32.8,35.8,28.9,48.1,1001.6,38.1,369,94
2026-06-25T16:10:24.590Z,33,37.6,28.9,48.1,1001.6,38.1,369,94
2026-06-25T16:10:34.587Z,32.4,37.2,28.9,48.1,1001.6,38.1,369,93
2026-06-25T16:10:44.584Z,31,33.8,28.9,48,1001.6,38.1,368,90
2026-06-25T16:10:54.587Z,31.8,34.6,28.9,48.1,1001.6,38.1,368,92
2026-06-25T16:11:04.591Z,32.4,38,28.9,48,1001.6,38.1,368,93
2026-06-25T16:11:14.587Z,32.6,37.6,28.9,48.1,1001.6,38.1,368,94
2026-06-25T16:11:24.586Z,32.6,36.6,28.9,48.1,1001.6,38,368,94
2026-06-25T16:11:34.585Z,32,36,28.9,48.1,1001.6,38,369,92
2026-06-25T16:11:44.580Z,32.4,37.2,28.9,48.2,1001.6,37.9,368,93
2026-06-25T16:11:54.582Z,32.6,36.2,28.9,48.3,1001.6,37.9,368,94
2026-06-25T16:12:04.590Z,32.6,37.2,28.9,48.4,1001.6,37.9,368,94
2026-06-25T16:12:14.577Z,32.2,39.2,28.9,48.4,1001.6,37.9,368,93
2026-06-25T16:12:24.582Z,33.4,39,28.9,48.4,1001.6,37.9,368,95
2026-06-25T16:12:34.580Z,34,39,28.9,48.5,1001.6,37.9,368,97
2026-06-25T16:12:44.582Z,32.6,39,28.9,48.5,1001.6,37.9,368,94
2026-06-25T16:12:54.580Z,32.6,39,28.9,48.5,1001.6,37.9,368,94
2026-06-25T16:13:04.635Z,32,37.6,28.9,48.5,1001.6,37.8,368,92
2026-06-25T16:13:14.582Z,33.2,39.2,28.9,48.5,1001.6,37.8,368,95
2026-06-25T16:13:24.610Z,35,40.8,29,48.5,1001.6,37.7,368,99
2026-06-25T16:13:34.641Z,34,40,29,48.4,1001.6,37.7,368,97
2026-06-25T16:13:44.588Z,34,40.4,29,48.4,1001.6,37.6,368,97
2026-06-25T16:13:54.584Z,32.4,38.2,29,48.4,1001.5,37.6,368,93
2026-06-25T16:14:04.592Z,32.6,38.6,29,48.4,1001.5,37.6,368,94
2026-06-25T16:14:14.586Z,32.6,40.6,29,48.4,1001.5,37.6,368,94
2026-06-25T16:14:24.591Z,32.2,40.8,29,48.4,1001.5,37.6,368,93
2026-06-25T16:14:34.585Z,33.4,39.8,29,48.5,1001.5,37.6,368,95
2026-06-25T16:14:44.597Z,32.8,37.8,29,48.5,1001.5,37.6,368,94
2026-06-25T16:14:54.581Z,33,39.8,29,48.5,1001.5,37.7,368,94
2026-06-25T16:15:04.619Z,33,42,29,48.6,1001.5,37.7,368,94
2026-06-25T16:15:14.582Z,31.6,39.4,28.9,48.6,1001.5,37.7,368,92
2026-06-25T16:15:24.592Z,31.6,38.4,28.9,48.6,1001.5,37.8,368,92
2026-06-25T16:15:34.579Z,31.8,37.8,28.9,48.6,1001.5,37.8,368,92
2026-06-25T16:15:44.581Z,32.6,40.8,28.9,48.7,1001.5,37.8,368,94
2026-06-25T16:15:54.577Z,32.6,42,28.9,48.7,1001.5,37.9,369,94
2026-06-25T16:16:04.606Z,32.4,41.4,28.9,48.7,1001.5,37.9,369,93
2026-06-25T16:16:14.588Z,33,41,28.9,48.7,1001.5,38,369,94
2026-06-25T16:16:24.616Z,32.6,40.6,28.9,48.8,1001.5,38,369,94
2026-06-25T16:16:34.602Z,34.6,41.4,28.9,48.8,1001.5,38,369,98
2026-06-25T16:16:44.575Z,34.4,40.8,28.9,48.8,1001.5,38,369,97
2026-06-25T16:16:54.576Z,34.2,40.6,28.9,48.8,1001.5,38,369,97
2026-06-25T16:17:04.618Z,35.4,41.2,28.9,48.8,1001.5,38,369,100
2026-06-25T16:17:14.597Z,34.2,38.6,28.9,48.8,1001.5,38,369,97
2026-06-25T16:17:24.577Z,33.6,38.6,28.8,48.8,1001.5,38,369,96
2026-06-25T16:17:34.652Z,32.8,36.2,28.8,48.8,1001.5,38,368,94
2026-06-25T16:17:44.580Z,33.8,37.8,28.8,48.8,1001.5,38.1,368,96
2026-06-25T16:17:54.618Z,34,38,28.8,48.9,1001.5,38.1,368,97
2026-06-25T16:18:04.634Z,33.2,36.8,28.8,48.9,1001.5,38.1,368,95
2026-06-25T16:18:14.583Z,34,39,28.8,48.9,1001.5,38.2,369,97
2026-06-25T16:18:24.577Z,33,38.4,28.8,48.9,1001.5,38.2,368,94
2026-06-25T16:18:34.584Z,34,41.8,28.8,48.9,1001.5,38.3,368,97
2026-06-25T16:18:44.576Z,35,41.2,28.8,48.9,1001.5,38.3,368,99
2026-06-25T16:18:54.579Z,34,40.6,28.8,48.9,1001.5,38.3,368,97
2026-06-25T16:19:04.574Z,33.8,38,28.8,48.9,1001.5,38.3,368,96
2026-06-25T16:19:14.578Z,34,39.4,28.8,48.9,1001.5,38.3,368,97
2026-06-25T16:19:24.579Z,33.4,39.4,28.8,48.9,1001.5,38.3,368,95
2026-06-25T16:19:34.570Z,33.4,40.6,28.8,48.9,1001.5,38.3,368,95
2026-06-25T16:19:44.579Z,33,41,28.8,48.9,1001.5,38.3,368,94
2026-06-25T16:19:54.573Z,34.4,42,28.8,48.9,1001.5,38.3,368,97
2026-06-25T16:20:04.596Z,33.4,40.2,28.8,48.9,1001.5,38.3,368,95
2026-06-25T16:20:14.621Z,33.6,39.2,28.8,48.9,1001.5,38.3,368,96
2026-06-25T16:20:24.573Z,33.6,40.2,28.8,48.9,1001.5,38.3,368,96
2026-06-25T16:20:34.573Z,33.2,40,28.8,48.9,1001.5,38.3,368,95
2026-06-25T16:20:44.581Z,35.4,43,28.8,49,1001.4,38.4,368,100
2026-06-25T16:20:54.601Z,35.6,44,28.8,49,1001.4,38.4,368,101
2026-06-25T16:21:04.584Z,35.6,44.6,28.8,49,1001.4,38.4,368,101
2026-06-25T16:21:14.572Z,35,42.8,28.8,49,1001.4,38.4,368,99
2026-06-25T16:21:24.593Z,34.8,40.2,28.8,49,1001.4,38.5,368,98
2026-06-25T16:21:34.582Z,34.2,38.2,28.8,49,1001.4,38.5,368,97
2026-06-25T16:21:44.583Z,34.2,38,28.7,49,1001.4,38.5,368,97
2026-06-25T16:21:54.590Z,32.4,36.2,28.7,49,1001.4,38.5,368,93
2026-06-25T16:22:04.591Z,34.2,39.4,28.7,49,1001.4,38.6,368,97
2026-06-25T16:22:14.574Z,33.6,39.6,28.7,49,1001.4,38.6,368,96
2026-06-25T16:22:24.572Z,32,36.6,28.7,49,1001.4,38.6,368,92
2026-06-25T16:22:34.574Z,33,36.2,28.7,49,1001.4,38.6,368,94
2026-06-25T16:22:44.572Z,32.4,38.4,28.7,49,1001.4,38.6,368,93
2026-06-25T16:22:54.569Z,32.4,38.4,28.7,48.9,1001.4,38.6,368,93
2026-06-25T16:23:04.594Z,34.6,40.6,28.7,48.9,1001.4,38.6,368,98
2026-06-25T16:23:14.572Z,34,40.4,28.7,48.9,1001.4,38.6,368,97
2026-06-25T16:23:24.566Z,35,42.6,28.7,48.9,1001.4,38.6,368,99
2026-06-25T16:23:34.567Z,35.6,43,28.7,48.9,1001.4,38.6,368,101
2026-06-25T16:23:44.577Z,35.2,40.8,28.7,48.9,1001.4,38.7,368,99
2026-06-25T16:23:54.576Z,34.6,38.6,28.7,48.9,1001.4,38.7,368,98
2026-06-25T16:24:04.632Z,33.6,39,28.7,49,1001.4,38.7,368,96
2026-06-25T16:24:14.577Z,33.6,39.6,28.7,49.1,1001.4,38.7,368,96
2026-06-25T16:24:24.584Z,34.2,40.6,28.7,49.1,1001.4,38.7,368,97
2026-06-25T16:24:34.572Z,33.4,40.4,28.7,49.1,1001.4,38.7,368,95
2026-06-25T16:24:44.579Z,33.6,40,28.7,49.1,1001.4,38.7,368,96
2026-06-25T16:24:54.575Z,33.6,40,28.7,49.1,1001.4,38.7,368,96
2026-06-25T16:25:04.610Z,32.4,39.6,28.7,49.2,1001.3,38.7,368,93
2026-06-25T16:25:14.579Z,33.8,38.8,28.7,49.2,1001.3,38.7,368,96
2026-06-25T16:25:24.573Z,35.2,41.4,28.7,49.2,1001.3,38.8,368,99
2026-06-25T16:25:34.575Z,34.4,40.2,28.6,49.3,1001.3,38.8,368,97
2026-06-25T16:25:48.061Z,34.4,40.4,28.6,49.3,1001.3,38.8,368,97
2026-06-25T16:25:55.029Z,35.4,42.4,28.6,49.4,1001.3,38.8,368,100
2026-06-25T16:26:04.657Z,36,44,28.6,49.4,1001.3,38.8,368,102
2026-06-25T16:26:14.580Z,36,44,28.6,49.5,1001.3,38.8,368,102
2026-06-25T16:26:24.579Z,34.8,40.8,28.6,49.5,1001.3,38.8,368,98
2026-06-25T16:26:34.577Z,34.4,41.4,28.6,49.5,1001.3,38.8,368,97
2026-06-25T16:26:44.585Z,34,38.4,28.6,49.5,1001.3,38.8,368,97
2026-06-25T16:26:54.584Z,35,39,28.6,49.5,1001.3,38.8,369,99
2026-06-25T16:27:04.584Z,34.6,40.2,28.6,49.5,1001.3,38.7,368,98
2026-06-25T16:27:14.571Z,36,44,28.6,49.6,1001.3,38.7,368,102
2026-06-25T16:27:24.585Z,35.4,44.2,28.6,49.6,1001.3,38.7,368,100
2026-06-25T16:27:34.569Z,35,44,28.6,49.6,1001.3,38.7,368,99
2026-06-25T16:27:44.587Z,34.8,43,28.6,49.6,1001.3,38.7,368,98
2026-06-25T16:27:54.573Z,34.8,43,28.6,49.6,1001.3,38.8,369,98
2026-06-25T16:28:04.578Z,35.6,43.6,28.6,49.7,1001.3,38.8,368,101
2026-06-25T16:28:14.578Z,36,42.2,28.6,49.7,1001.3,38.8,368,102
2026-06-25T16:28:24.574Z,34.6,40.6,28.6,49.7,1001.3,38.9,369,98
2026-06-25T16:28:34.579Z,33.6,40.6,28.6,49.7,1001.3,38.9,368,96
2026-06-25T16:28:44.571Z,33,40.4,28.6,49.7,1001.3,38.9,368,94
2026-06-25T16:28:54.586Z,35,41.6,28.5,49.7,1001.3,39,368,99
2026-06-25T16:29:04.598Z,36.2,44.2,28.5,49.7,1001.3,39,368,102
2026-06-25T16:29:14.571Z,35,44,28.5,49.7,1001.3,39,368,99
2026-06-25T16:29:24.575Z,34.4,42.4,28.5,49.7,1001.3,39,368,97
2026-06-25T16:29:34.579Z,34,41.4,28.6,49.6,1001.3,39,368,97
2026-06-25T16:29:44.617Z,35,41.4,28.6,49.5,1001.3,38.9,368,99
2026-06-25T16:29:54.573Z,35,41,28.6,49.5,1001.3,38.9,368,99
2026-06-25T16:30:04.704Z,36,42.6,28.6,49.4,1001.2,38.8,369,102
2026-06-25T16:30:14.567Z,34.2,41.2,28.6,49.4,1001.2,38.8,369,97
2026-06-25T16:30:24.567Z,34.6,41,28.6,49.3,1001.2,38.7,369,98
2026-06-25T16:30:34.578Z,35.4,43,28.7,49.3,1001.2,38.6,369,100
2026-06-25T16:30:44.580Z,35.4,42.4,28.7,49.2,1001.2,38.6,369,100
2026-06-25T16:30:54.570Z,35.4,45,28.7,49.1,1001.2,38.5,369,100
2026-06-25T16:31:04.591Z,35,42,28.8,49,1001.2,38.4,369,99
2026-06-25T16:31:14.568Z,35.8,42.8,28.8,48.9,1001.2,38.3,369,101
2026-06-25T16:31:24.575Z,34,42,28.8,48.9,1001.2,38.2,369,97
2026-06-25T16:31:34.574Z,35.6,43.6,28.8,48.8,1001.2,38.1,369,101
2026-06-25T16:31:44.567Z,35.2,42.4,28.9,48.7,1001.2,38.1,371,99
2026-06-25T16:31:54.577Z,35.6,40.6,28.9,48.6,1001.2,38,371,101
2026-06-25T16:32:04.599Z,34.8,40.6,28.9,48.5,1001.3,37.9,370,98
2026-06-25T16:32:14.568Z,34.4,39.8,29,48.4,1001.3,37.9,371,97
2026-06-25T16:32:24.572Z,34.4,39.4,29,48.4,1001.3,37.8,371,97
2026-06-25T16:32:34.567Z,34.6,42,29,48.4,1001.2,37.8,371,98
2026-06-25T16:32:44.573Z,35.4,44.4,29,48.3,1001.2,37.8,371,100
2026-06-25T16:32:54.566Z,34,43,29,48.3,1001.2,37.8,371,97
2026-06-25T16:33:04.607Z,34.4,43.6,29,48.2,1001.2,37.7,371,97
2026-06-25T16:33:14.569Z,35.6,45,29.1,48.2,1001.2,37.7,371,101
2026-06-25T16:33:24.567Z,35.6,44.6,29.1,48.1,1001.2,37.6,370,101
2026-06-25T16:33:34.565Z,35.4,44.2,29.1,48,1001.2,37.6,370,100
2026-06-25T16:33:44.566Z,35.8,42.8,29.1,48,1001.2,37.6,370,101
2026-06-25T16:33:54.570Z,37.6,46.4,29.2,47.9,1001.2,37.5,371,106
2026-06-25T16:34:04.603Z,37.2,46,29.2,47.8,1001.2,37.4,370,105
2026-06-25T16:34:14.575Z,35.2,44.2,29.2,47.7,1001.2,37.4,370,99
2026-06-25T16:34:24.573Z,35.6,42.6,29.2,47.7,1001.2,37.3,370,101
2026-06-25T16:34:34.576Z,35.6,43.8,29.2,47.6,1001.2,37.3,370,101
2026-06-25T16:34:44.568Z,35,42.8,29.3,47.6,1001.2,37.3,370,99
2026-06-25T16:34:54.568Z,35.4,41.6,29.3,47.6,1001.2,37.3,370,100
2026-06-25T16:35:04.616Z,35.6,42.6,29.3,47.7,1001.2,37.3,370,101
2026-06-25T16:35:14.566Z,34.8,40.8,29.3,47.7,1001.2,37.3,370,98
2026-06-25T16:35:24.572Z,35.4,42.4,29.2,47.7,1001.2,37.4,370,100
2026-06-25T16:35:34.573Z,35.6,43.6,29.2,47.7,1001.2,37.4,370,101
2026-06-25T16:35:44.559Z,34.8,43.6,29.2,47.8,1001.2,37.4,370,98
2026-06-25T16:35:54.557Z,35.8,45.8,29.2,47.8,1001.2,37.5,370,101
2026-06-25T16:36:04.569Z,35.6,43.8,29.2,47.9,1001.2,37.6,370,101
2026-06-25T16:36:14.562Z,34.6,41.6,29.1,48,1001.2,37.7,370,98
2026-06-25T16:36:24.583Z,35.6,42.6,29.1,48,1001.2,37.8,370,101
2026-06-25T16:36:34.561Z,35.4,41.4,29.1,48.1,1001.2,37.8,370,100
2026-06-25T16:36:44.559Z,35,42,29,48.1,1001.2,37.9,370,99
2026-06-25T16:36:54.560Z,35.6,43.4,29,48.1,1001.2,37.9,370,101
2026-06-25T16:37:04.579Z,35.4,45.2,29,48.2,1001.2,38,370,100
2026-06-25T16:37:14.569Z,37,47,29,48.2,1001.2,38,370,104
2026-06-25T16:37:24.849Z,37.4,47.2,29,48.3,1001.2,38,369,105
2026-06-25T16:37:34.564Z,35.8,45,28.9,48.4,1001.2,38.1,369,101
2026-06-25T16:37:44.567Z,35.8,42.8,28.9,48.4,1001.2,38.1,370,101
2026-06-25T16:37:54.621Z,34.6,41.2,28.9,48.4,1001.2,38.2,370,98
2026-06-25T16:38:04.609Z,35.8,43.8,28.9,48.5,1001.2,38.2,369,101
2026-06-25T16:38:14.676Z,34.6,43.6,28.9,48.6,1001.2,38.3,369,98
2026-06-25T16:38:25.436Z,35,43,28.8,48.6,1001.2,38.3,369,99
2026-06-25T16:38:34.589Z,35.8,42.8,28.8,48.7,1001.2,38.4,369,101
2026-06-25T16:38:44.592Z,35,40.4,28.8,48.8,1001.2,38.3,369,99
2026-06-25T16:38:54.569Z,34.4,41,28.8,48.8,1001.2,38.3,369,97
2026-06-25T16:39:04.623Z,35.4,43.4,28.8,48.9,1001.2,38.3,363,100
2026-06-25T16:39:14.708Z,34.2,41.4,28.8,48.9,1001.2,38.2,363,97
2026-06-25T16:39:24.571Z,34.6,40.6,28.8,48.9,1001.2,38.2,336,98
2026-06-25T16:39:34.575Z,35,42,28.8,48.9,1001.2,38.2,336,99
2026-06-25T16:39:44.592Z,37.6,46.2,28.8,48.9,1001.2,38.1,336,106
2026-06-25T16:39:54.563Z,38.6,46.8,28.8,48.8,1001.2,38.1,336,108
2026-06-25T16:40:04.658Z,37.2,45.2,28.8,48.8,1001.2,38,336,105
2026-06-25T16:40:14.571Z,36.6,44.6,28.8,48.8,1001.2,37.9,336,103
2026-06-25T16:40:24.565Z,36.4,43.4,28.8,48.8,1001.2,37.9,336,103
2026-06-25T16:40:34.563Z,37,44.8,28.8,48.8,1001.2,37.8,336,104
2026-06-25T16:40:44.578Z,35.6,44.8,28.8,48.8,1001.2,37.7,335,101
2026-06-25T16:40:54.563Z,36.2,45,28.8,48.9,1001.2,37.7,336,102
2026-06-25T16:41:04.616Z,37.8,46,28.8,49,1001.2,37.6,336,106
2026-06-25T16:41:14.570Z,39,47,28.9,49.1,1001.2,37.5,335,109
2026-06-25T16:41:24.574Z,36.4,43.8,28.9,49.1,1001.2,37.4,335,103
2026-06-25T16:41:34.564Z,35.8,43.8,28.9,49.2,1001.2,37.3,335,101
2026-06-25T16:41:44.573Z,36,43.6,28.9,49.3,1001.2,37.2,335,102
2026-06-25T16:41:54.568Z,36.6,44.2,28.9,49.4,1001.2,37.1,335,103
2026-06-25T16:42:04.608Z,37.6,43.6,28.9,49.5,1001.2,37,335,106
2026-06-25T16:42:14.568Z,36.2,44.4,28.9,49.6,1001.2,36.9,335,102
2026-06-25T16:42:24.583Z,35.2,42.6,28.9,49.7,1001.2,36.8,335,99
2026-06-25T16:42:34.571Z,35.2,41.8,29,49.8,1001.2,36.7,335,99
2026-06-25T16:42:44.586Z,36.6,43.6,29,49.9,1001.2,36.6,335,103
2026-06-25T16:42:54.580Z,37.6,44.6,29,50,1001.2,36.5,335,106
2026-06-25T16:43:04.578Z,36.4,45,29,50.1,1001.2,36.4,336,103
2026-06-25T16:43:14.566Z,34.6,43,29,50.2,1001.2,36.4,336,98
2026-06-25T16:43:24.563Z,36.2,44.2,29,50.3,1001.2,36.3,336,102
2026-06-25T16:43:34.576Z,37,44.4,29,50.4,1001.2,36.2,336,104
2026-06-25T16:43:44.567Z,36.2,44,29,50.6,1001.2,36.1,336,102
2026-06-25T16:43:54.564Z,35.8,43.8,29,50.7,1001.2,35.9,336,101
2026-06-25T16:44:04.576Z,35.6,44.2,29,50.8,1001.2,35.8,336,101
2026-06-25T16:44:14.585Z,38,46,29,50.9,1001.2,35.7,342,107
2026-06-25T16:44:24.568Z,36.6,44.6,29.1,51,1001.3,35.6,342,103
2026-06-25T16:44:34.565Z,36,43,29.1,51,1001.3,35.5,342,102
2026-06-25T16:44:44.571Z,36,44,29.1,51.1,1001.3,35.3,342,102
2026-06-25T16:44:54.563Z,35.2,44.2,29.1,51.1,1001.3,35.2,342,99
2026-06-25T16:45:04.617Z,36,45,29.1,51.1,1001.3,35.1,342,102
2026-06-25T16:45:14.556Z,37.6,44.8,29.2,51.1,1001.3,35,342,106
2026-06-25T16:45:24.562Z,38.4,46.8,29.2,51.1,1001.3,34.9,342,108
2026-06-25T16:45:34.571Z,37.4,45,29.2,51.1,1001.3,34.8,342,105
2026-06-25T16:45:44.559Z,35.6,44.6,29.2,51.1,1001.3,34.7,342,101
2026-06-25T16:45:54.563Z,36.2,44.8,29.2,51.1,1001.3,34.6,343,102
2026-06-25T16:46:04.602Z,38,46,29.3,51.1,1001.3,34.6,343,107
2026-06-25T16:46:14.556Z,37.2,45,29.3,51.1,1001.3,34.5,343,105
2026-06-25T16:46:24.562Z,37,45.2,29.3,51.1,1001.3,34.5,344,104
2026-06-25T16:46:34.562Z,35.8,44.6,29.3,51.1,1001.3,34.4,343,101
2026-06-25T16:46:44.577Z,35.4,44,29.3,51.2,1001.3,34.3,343,100
2026-06-25T16:46:54.571Z,34.6,41.8,29.3,51.2,1001.3,34.3,337,98
2026-06-25T16:47:04.579Z,36.2,43.8,29.3,51.2,1001.3,34.2,337,102
2026-06-25T16:47:14.562Z,35,42.2,29.4,51.2,1001.3,34.1,336,99
2026-06-25T16:47:24.578Z,35.4,41.6,29.4,51.1,1001.3,34.1,336,100
2026-06-25T16:47:34.568Z,35.8,43,29.4,51,1001.3,34,336,101
2026-06-25T16:47:44.560Z,35,42,29.4,51,1001.3,33.9,335,99
2026-06-25T16:47:54.583Z,34.2,41.2,29.4,50.9,1001.3,33.9,335,97
2026-06-25T16:48:04.614Z,34.4,40.6,29.4,50.9,1001.3,33.8,336,97
2026-06-25T16:48:14.571Z,34,40.4,29.5,50.8,1001.3,33.8,335,97
2026-06-25T16:48:24.566Z,35.4,43.2,29.5,50.7,1001.3,33.7,335,100
2026-06-25T16:48:34.568Z,35.8,44.6,29.5,50.6,1001.3,33.6,336,101
2026-06-25T16:48:44.558Z,37.6,44.6,29.5,50.6,1001.3,33.6,336,106
2026-06-25T16:48:54.560Z,37.4,44,29.5,50.5,1001.3,33.6,336,105
2026-06-25T16:49:04.584Z,35,43,29.5,50.5,1001.4,33.6,336,99
2026-06-25T16:49:14.579Z,35,42,29.5,50.4,1001.4,33.6,347,99
2026-06-25T16:49:24.567Z,34.6,40.8,29.5,50.4,1001.4,33.5,348,98
2026-06-25T16:49:34.558Z,34.4,40.4,29.5,50.3,1001.4,33.6,348,97
2026-06-25T16:49:44.582Z,34.4,41.4,29.5,50.3,1001.4,33.6,348,97
2026-06-25T16:49:54.570Z,33.6,39.6,29.5,50.2,1001.4,33.6,348,96
2026-06-25T16:50:04.603Z,32.8,40,29.5,50.2,1001.4,33.6,348,94
2026-06-25T16:50:14.567Z,34.8,41.2,29.5,50.2,1001.4,33.6,347,98
2026-06-25T16:50:24.560Z,35,43,29.5,50.1,1001.4,33.7,347,99
2026-06-25T16:50:34.571Z,36,44.2,29.5,50.1,1001.4,33.7,346,102
2026-06-25T16:50:44.565Z,35,42.8,29.5,50.1,1001.4,33.7,344,99
2026-06-25T16:50:54.571Z,35,42,29.5,50,1001.4,33.8,343,99
2026-06-25T16:51:04.580Z,35.4,42.2,29.5,49.9,1001.4,33.8,341,100
2026-06-25T16:51:14.566Z,35.2,40.2,29.5,49.9,1001.4,33.8,341,99
2026-06-25T16:51:24.566Z,34.4,39.4,29.5,49.8,1001.4,33.8,341,97
2026-06-25T16:51:34.559Z,35,41,29.5,49.7,1001.4,33.8,341,99
2026-06-25T16:51:44.601Z,34.2,40.4,29.5,49.7,1001.4,33.8,341,97
2026-06-25T16:51:54.600Z,34.4,42.6,29.5,49.6,1001.4,33.9,341,97
2026-06-25T16:52:04.593Z,32.4,40.4,29.5,49.5,1001.4,33.9,341,93
2026-06-25T16:52:14.564Z,32.4,40.4,29.5,49.5,1001.4,33.9,341,93
2026-06-25T16:52:24.563Z,33,40.6,29.5,49.4,1001.4,33.9,342,94
2026-06-25T16:52:34.558Z,32.2,40,29.5,49.3,1001.4,33.9,343,93
2026-06-25T16:52:44.559Z,34.8,43,29.5,49.3,1001.4,33.9,345,98
2026-06-25T16:52:54.575Z,36,45,29.5,49.2,1001.4,34,346,102
2026-06-25T16:53:04.593Z,35,45.6,29.5,49.1,1001.4,34,347,99
2026-06-25T16:53:14.561Z,36.2,45.6,29.5,49.1,1001.4,34,347,102
2026-06-25T16:53:24.578Z,36,44,29.5,49,1001.4,34,347,102
2026-06-25T16:53:34.558Z,36.4,44.6,29.5,49,1001.4,34.1,347,103
2026-06-25T16:53:44.556Z,35.2,42.8,29.5,48.9,1001.4,34.1,347,99
2026-06-25T16:53:54.557Z,34.6,42,29.5,48.9,1001.4,34.1,347,98
2026-06-25T16:54:04.608Z,33,38.6,29.5,48.8,1001.4,34.1,347,94
2026-06-25T16:54:14.603Z,34.6,39,29.4,48.8,1001.4,34.2,347,98
2026-06-25T16:54:24.574Z,34,38.4,29.4,48.8,1001.4,34.3,347,97
2026-06-25T16:54:34.559Z,35,41.4,29.4,48.7,1001.4,34.3,347,99
2026-06-25T16:54:44.560Z,34.4,42.4,29.4,48.7,1001.4,34.4,347,97
2026-06-25T16:54:54.557Z,35,43,29.4,48.7,1001.3,34.4,347,99
2026-06-25T16:55:04.590Z,35,45,29.4,48.6,1001.3,34.5,347,99
2026-06-25T16:55:14.555Z,34.2,44.2,29.4,48.6,1001.3,34.6,347,97
2026-06-25T16:55:24.561Z,36,45,29.3,48.6,1001.3,34.6,347,102
2026-06-25T16:55:34.578Z,34,43.8,29.3,48.6,1001.3,34.7,347,97
2026-06-25T16:55:44.563Z,32.6,40,29.3,48.6,1001.3,34.7,347,94
2026-06-25T16:55:54.559Z,32.6,38.8,29.3,48.5,1001.3,34.8,347,94
2026-06-25T16:56:04.622Z,32.2,36.8,29.3,48.5,1001.3,34.9,346,93
2026-06-25T16:56:14.558Z,32.4,36.6,29.2,48.5,1001.3,35,347,93
2026-06-25T16:56:24.564Z,32.8,38.8,29.2,48.5,1001.3,35,346,94
2026-06-25T16:56:34.557Z,34.2,41.6,29.2,48.5,1001.3,35.1,346,97
2026-06-25T16:56:44.557Z,34.4,42.6,29.2,48.4,1001.3,35.1,346,97
2026-06-25T16:56:54.558Z,34,41,29.2,48.3,1001.3,35.1,347,97
2026-06-25T16:57:04.581Z,33.4,39.8,29.2,48.3,1001.3,35.1,346,95
2026-06-25T16:57:14.573Z,32.4,37.4,29.3,48.2,1001.3,35.1,347,93
2026-06-25T16:57:24.556Z,32.8,39.4,29.3,48.1,1001.3,35.1,346,94
2026-06-25T16:57:34.572Z,33.8,39,29.3,48,1001.3,35,346,96
2026-06-25T16:57:44.566Z,34,41,29.3,48,1001.3,35,346,97
2026-06-25T16:57:54.562Z,33.6,38.8,29.3,47.9,1001.3,35,346,96
2026-06-25T16:58:04.573Z,33,38.4,29.3,47.9,1001.3,35,346,94
2026-06-25T16:58:14.590Z,34.4,42.2,29.3,47.9,1001.3,35,346,97
2026-06-25T16:58:24.557Z,34.6,41.6,29.3,47.9,1001.3,35,346,98
2026-06-25T16:58:34.579Z,35,41.8,29.3,47.8,1001.3,35,345,99
2026-06-25T16:58:44.561Z,34.6,42.2,29.4,47.8,1001.3,34.9,345,98
2026-06-25T16:58:54.560Z,32.8,40.8,29.4,47.8,1001.3,34.8,345,94
2026-06-25T16:59:04.642Z,33.2,39.4,29.4,47.9,1001.4,34.8,345,95
2026-06-25T16:59:14.555Z,32.4,39.4,29.4,48,1001.4,34.7,345,93
2026-06-25T16:59:24.582Z,33.4,40.4,29.4,48,1001.4,34.6,345,95
2026-06-25T16:59:34.558Z,33.6,41.8,29.4,48,1001.4,34.5,345,96
2026-06-25T16:59:44.554Z,35,43.2,29.4,48,1001.4,34.5,344,99
2026-06-25T16:59:54.552Z,34.6,39.8,29.4,48,1001.4,34.5,344,98
2026-06-25T17:00:04.616Z,33.8,36.8,29.4,48.1,1001.4,34.4,344,96
2026-06-25T17:00:14.554Z,33.6,38,29.4,48.2,1001.4,34.4,342,96
2026-06-25T17:00:24.555Z,34,41.2,29.4,48.2,1001.4,34.3,342,97
2026-06-25T17:00:34.566Z,34.6,40.8,29.4,48.2,1001.4,34.3,344,98
2026-06-25T17:00:44.579Z,34.6,40.6,29.4,48.2,1001.4,34.3,342,98
2026-06-25T17:00:54.554Z,34.4,39.8,29.4,48.2,1001.4,34.3,342,97
2026-06-25T17:01:04.576Z,34.6,38.6,29.4,48.3,1001.4,34.3,342,98
2026-06-25T17:01:14.551Z,34.6,39,29.3,48.3,1001.4,34.3,342,98
2026-06-25T17:01:24.565Z,34.6,38.6,29.3,48.3,1001.4,34.3,342,98
2026-06-25T17:01:34.553Z,33.4,39.4,29.3,48.3,1001.4,34.3,342,95
2026-06-25T17:01:44.549Z,34.8,42,29.3,48.3,1001.4,34.3,344,98
2026-06-25T17:01:54.567Z,32.2,40.2,29.3,48.3,1001.4,34.3,344,93
2026-06-25T17:02:04.581Z,33.4,42.2,29.3,48.3,1001.4,34.3,344,95
2026-06-25T17:02:14.552Z,35,43.6,29.3,48.3,1001.4,34.3,342,99
2026-06-25T17:02:24.555Z,34,40,29.3,48.3,1001.4,34.4,342,97
2026-06-25T17:02:34.573Z,34,39,29.3,48.4,1001.4,34.4,342,97
2026-06-25T17:02:44.555Z,33,38.4,29.3,48.4,1001.4,34.4,342,94
2026-06-25T17:02:54.568Z,32.4,38.4,29.3,48.4,1001.4,34.4,341,93
2026-06-25T17:03:04.638Z,32,37,29.3,48.5,1001.4,34.4,339,92
2026-06-25T17:03:14.559Z,32.6,38.4,29.3,48.5,1001.4,34.4,341,94
2026-06-25T17:03:24.567Z,34.8,43.6,29.3,48.5,1001.4,34.4,339,98
2026-06-25T17:03:34.567Z,33.8,41.6,29.3,48.5,1001.4,34.4,339,96
2026-06-25T17:03:44.572Z,33.6,41,29.3,48.6,1001.4,34.4,339,96
2026-06-25T17:03:54.561Z,32.2,39.6,29.3,48.6,1001.4,34.4,339,93
2026-06-25T17:04:04.641Z,33.4,40.4,29.3,48.6,1001.4,34.4,339,95
2026-06-25T17:04:14.574Z,34.6,41.6,29.3,48.6,1001.4,34.3,339,98
2026-06-25T17:04:24.552Z,34.4,40.6,29.3,48.6,1001.4,34.3,340,97
2026-06-25T17:04:34.550Z,34.8,42.6,29.3,48.5,1001.4,34.3,339,98
2026-06-25T17:04:44.554Z,35.4,44,29.3,48.5,1001.4,34.3,339,100
2026-06-25T17:04:54.549Z,35.4,43.8,29.3,48.5,1001.4,34.3,340,100
2026-06-25T17:05:04.649Z,34,41,29.3,48.5,1001.4,34.3,340,97
2026-06-25T17:05:14.558Z,35,42,29.3,48.4,1001.4,34.3,340,99
2026-06-25T17:05:24.550Z,34.2,39.2,29.3,48.4,1001.4,34.3,340,97
2026-06-25T17:05:34.556Z,34,40.2,29.3,48.4,1001.4,34.3,341,97
2026-06-25T17:05:44.557Z,33,41.8,29.3,48.4,1001.4,34.3,341,94
2026-06-25T17:05:54.565Z,32.8,40.2,29.3,48.4,1001.3,34.3,342,94
2026-06-25T17:06:04.560Z,33.2,41,29.3,48.4,1001.3,34.3,342,95
2026-06-25T17:06:14.553Z,33.6,40.6,29.3,48.4,1001.3,34.3,344,96
2026-06-25T17:06:24.554Z,32.8,40.6,29.3,48.4,1001.3,34.4,400,94
2026-06-25T17:06:34.553Z,33,41.2,29.3,48.3,1001.3,34.4,411,94
2026-06-25T17:06:44.550Z,32,38,29.3,48.3,1001.3,34.4,411,92
2026-06-25T17:06:54.550Z,34,38.4,29.3,48.3,1001.3,34.4,411,97
2026-06-25T17:07:04.557Z,34.4,39,29.3,48.3,1001.3,34.5,411,97
2026-06-25T17:07:14.548Z,33.6,40,29.3,48.3,1001.3,34.5,411,96
2026-06-25T17:07:24.551Z,33.6,39.4,29.3,48.3,1001.3,34.5,407,96
2026-06-25T17:07:34.554Z,33,37,29.3,48.4,1001.3,34.6,404,94
2026-06-25T17:07:44.566Z,31.6,35.6,29.2,48.4,1001.3,34.6,402,92
2026-06-25T17:07:54.562Z,31.8,35.4,29.2,48.4,1001.3,34.7,401,92
2026-06-25T17:08:04.562Z,33,37.8,29.2,48.5,1001.3,34.8,401,94
2026-06-25T17:08:14.553Z,34.8,42,29.2,48.5,1001.3,34.8,401,98
2026-06-25T17:08:24.548Z,34.4,41.4,29.2,48.5,1001.3,34.9,401,97
2026-06-25T17:08:34.571Z,33.2,39.8,29.1,48.6,1001.3,35,401,95
2026-06-25T17:08:44.555Z,32.8,38.4,29.1,48.6,1001.3,35.1,401,94
2026-06-25T17:08:54.562Z,32.6,38.6,29.1,48.7,1001.3,35.1,401,94
2026-06-25T17:09:04.572Z,33.6,38.6,29.1,48.7,1001.3,35.2,401,96
2026-06-25T17:09:14.558Z,32.8,37.8,29,48.8,1001.3,35.3,401,94
2026-06-25T17:09:24.550Z,33,37.6,29,48.8,1001.3,35.4,401,94
2026-06-25T17:09:34.549Z,33.6,38.6,29,48.9,1001.3,35.5,400,96
2026-06-25T17:09:44.556Z,33.8,40,28.9,48.9,1001.3,35.5,400,96
2026-06-25T17:09:54.549Z,33.8,40.2,28.9,48.9,1001.3,35.6,400,96
2026-06-25T17:10:04.571Z,32.6,39.4,28.9,48.9,1001.3,35.6,400,94
2026-06-25T17:10:14.564Z,31.8,37.6,28.9,48.9,1001.3,35.6,400,92
2026-06-25T17:10:24.553Z,32,38.4,28.9,48.9,1001.3,35.7,400,92
2026-06-25T17:10:34.551Z,31.4,36.8,28.9,48.9,1001.3,35.7,400,91
2026-06-25T17:10:44.547Z,31.2,37,28.9,48.9,1001.3,35.7,400,91
2026-06-25T17:10:54.548Z,32.4,38.2,28.8,49,1001.3,35.8,400,93
2026-06-25T17:11:04.559Z,34,39,28.8,49,1001.3,35.9,400,97
2026-06-25T17:11:14.547Z,33.4,37.8,28.8,49.1,1001.2,35.9,400,95
2026-06-25T17:11:24.553Z,32.6,36.6,28.8,49.1,1001.2,36,400,94
2026-06-25T17:11:34.556Z,32.4,35.4,28.8,49.2,1001.2,36.1,400,93
2026-06-25T17:11:44.546Z,31.8,35.2,28.7,49.2,1001.2,36.1,400,92
2026-06-25T17:11:54.554Z,32,36.6,28.7,49.2,1001.2,36.1,400,92
2026-06-25T17:12:04.571Z,32.2,37.2,28.7,49.2,1001.2,36.2,400,93
2026-06-25T17:12:14.546Z,34,38.2,28.7,49.2,1001.2,36.2,400,97
2026-06-25T17:12:24.562Z,33.6,39.2,28.7,49.3,1001.2,36.3,400,96
2026-06-25T17:12:34.553Z,34.6,40.2,28.7,49.3,1001.2,36.3,400,98
2026-06-25T17:12:44.551Z,33.2,38.2,28.7,49.3,1001.2,36.3,400,95
2026-06-25T17:12:54.552Z,33,38.8,28.7,49.3,1001.2,36.3,400,94
2026-06-25T17:13:04.558Z,32.2,37.2,28.6,49.3,1001.2,36.4,400,93
2026-06-25T17:13:14.551Z,34.2,41.4,28.6,49.3,1001.2,36.4,400,97
2026-06-25T17:13:24.548Z,32.6,40.8,28.6,49.3,1001.2,36.4,400,94
2026-06-25T17:13:34.551Z,32.6,39.4,28.6,49.3,1001.2,36.4,400,94
2026-06-25T17:13:44.554Z,32.8,38.2,28.6,49.3,1001.2,36.4,400,94
2026-06-25T17:13:54.546Z,33.6,39.6,28.6,49.3,1001.2,36.3,400,96
2026-06-25T17:14:04.555Z,32.8,37.4,28.6,49.2,1001.2,36.3,400,94
2026-06-25T17:14:14.546Z,32.6,36,28.7,49.2,1001.2,36.3,400,94
2026-06-25T17:14:24.558Z,32.4,38.4,28.7,49.2,1001.2,36.3,400,93
2026-06-25T17:14:34.551Z,33,39,28.7,49.2,1001.2,36.3,400,94
2026-06-25T17:14:44.544Z,33.8,40.4,28.7,49.2,1001.2,36.3,400,96
2026-06-25T17:14:54.549Z,32.8,39.4,28.7,49.1,1001.2,36.3,400,94
2026-06-25T17:15:04.706Z,31,35.4,28.7,49.1,1001.2,36.3,400,90
2026-06-25T17:15:14.545Z,31,36,28.7,49.1,1001.2,36.4,400,90
2026-06-25T17:15:24.553Z,31.4,37.6,28.7,49.1,1001.2,36.4,400,91
2026-06-25T17:15:34.545Z,32.8,37.8,28.6,49.1,1001.2,36.4,400,94
2026-06-25T17:15:44.544Z,32,36,28.6,49.1,1001.2,36.4,400,92
2026-06-25T17:15:54.549Z,33,36,28.6,49,1001.2,36.4,400,94
2026-06-25T17:16:04.610Z,32.6,36.6,28.6,49.1,1001.2,36.4,400,94
2026-06-25T17:16:14.544Z,32.2,36.2,28.6,49.1,1001.2,36.4,400,93
2026-06-25T17:16:24.549Z,31.2,33.6,28.6,49.1,1001.2,36.4,400,91
2026-06-25T17:16:34.545Z,31.4,33.6,28.6,49,1001.2,36.4,400,91
2026-06-25T17:16:44.559Z,33,37.2,28.6,49,1001.2,36.5,400,94
2026-06-25T17:16:54.547Z,32.6,36.2,28.6,49,1001.2,36.5,400,94
2026-06-25T17:17:04.590Z,31.8,35.8,28.6,49,1001.2,36.6,400,92
2026-06-25T17:17:14.545Z,31,36.4,28.6,49.1,1001.2,36.6,400,90
2026-06-25T17:17:24.546Z,31.6,36.4,28.6,49.1,1001.2,36.6,400,92
2026-06-25T17:17:34.549Z,32,36.4,28.5,49.1,1001.2,36.7,400,92
2026-06-25T17:17:44.543Z,31.6,37.4,28.5,49.1,1001.2,36.7,400,92
2026-06-25T17:17:54.546Z,31.4,38,28.5,49.1,1001.2,36.7,400,91
2026-06-25T17:18:04.655Z,31.8,37.6,28.5,49.2,1001.2,36.8,400,92
2026-06-25T17:18:14.543Z,31.6,35.6,28.5,49.2,1001.2,36.8,400,92
2026-06-25T17:18:24.545Z,32,36,28.5,49.2,1001.2,36.9,400,92
2026-06-25T17:18:34.543Z,32,36,28.5,49.2,1001.2,36.9,400,92
2026-06-25T17:18:44.541Z,32.4,35.4,28.5,49.2,1001.2,36.9,400,93
2026-06-25T17:18:54.551Z,32.8,40.2,28.5,49.2,1001.2,36.9,400,94
2026-06-25T17:19:04.587Z,32.4,39,28.5,49.1,1001.2,37,400,93
2026-06-25T17:19:14.541Z,32,36,28.5,49.1,1001.2,37,400,92
2026-06-25T17:19:24.542Z,31.2,34.2,28.5,49.1,1001.2,37,400,91
2026-06-25T17:19:34.571Z,31.4,35.4,28.5,49.1,1001.2,37,400,91
2026-06-25T17:19:44.541Z,31.6,37,28.5,49.1,1001.2,36.9,400,92
2026-06-25T17:19:54.545Z,31.6,37.6,28.5,49,1001.2,36.9,400,92
2026-06-25T17:20:04.638Z,32.6,36.6,28.5,49,1001.2,36.9,400,94
2026-06-25T17:20:14.544Z,32.2,35.8,28.5,49,1001.2,36.9,400,93
2026-06-25T17:20:24.547Z,31.4,38,28.5,48.9,1001.2,36.9,400,91
2026-06-25T17:20:34.541Z,31.8,38,28.5,48.9,1001.2,36.9,400,92
2026-06-25T17:20:44.549Z,32.4,38,28.6,48.8,1001.2,36.8,400,93
2026-06-25T17:20:54.541Z,31.6,38,28.6,48.8,1001.2,36.8,400,92
2026-06-25T17:21:04.651Z,32.8,38.8,28.6,48.7,1001.2,36.7,400,94
2026-06-25T17:21:14.547Z,32,37.6,28.6,48.7,1001.2,36.7,400,92
2026-06-25T17:21:24.541Z,32.4,37.4,28.6,48.7,1001.2,36.7,400,93
2026-06-25T17:21:34.544Z,32.6,37.6,28.6,48.7,1001.2,36.7,400,94
2026-06-25T17:21:44.552Z,32,37,28.6,48.7,1001.2,36.6,400,92
2026-06-25T17:21:54.542Z,31.6,37.6,28.7,48.6,1001.1,36.6,400,92
2026-06-25T17:22:04.587Z,31.2,36.6,28.7,48.6,1001.1,36.6,400,91
2026-06-25T17:22:14.544Z,31.4,36.8,28.7,48.6,1001.1,36.5,400,91
2026-06-25T17:22:24.536Z,31,35.2,28.7,48.5,1001.1,36.5,400,90
2026-06-25T17:22:34.536Z,31,34.6,28.7,48.4,1001.1,36.4,400,90
2026-06-25T17:22:44.535Z,29,35,28.7,48.4,1001.1,36.4,400,86
2026-06-25T17:22:54.535Z,30.2,36,28.8,48.3,1001.1,36.3,400,89
2026-06-25T17:23:04.557Z,31,34.6,28.8,48.3,1001.1,36.3,400,90
2026-06-25T17:23:14.543Z,32,35,28.8,48.2,1001.1,36.2,400,92
2026-06-25T17:23:24.545Z,31,33.8,28.8,48.1,1001.1,36.2,400,90
2026-06-25T17:23:34.546Z,31,33.2,28.8,48.1,1001.1,36.2,400,90
2026-06-25T17:23:44.541Z,31.4,33.4,28.9,48,1001.1,36.1,400,91
2026-06-25T17:23:54.549Z,31.6,34.4,28.9,48,1001.1,36.1,400,92
2026-06-25T17:24:04.738Z,30.2,34,28.9,47.9,1001.1,36,400,89
2026-06-25T17:24:14.538Z,31.2,33.4,28.9,47.9,1001.1,36,400,91
2026-06-25T17:24:24.542Z,30.6,34.6,28.9,47.9,1001.1,35.9,400,89
2026-06-25T17:24:34.534Z,30.4,33.4,28.9,47.8,1001.1,35.9,401,89
2026-06-25T17:24:44.533Z,30,34,28.9,47.8,1001.1,35.9,401,88
2026-06-25T17:24:54.533Z,31.8,36.6,29,47.7,1001.1,35.8,401,92
2026-06-25T17:25:04.553Z,31,34.4,29,47.7,1001.1,35.8,401,90
2026-06-25T17:25:14.580Z,29.6,33.4,29,47.7,1001.1,35.9,401,87
2026-06-25T17:25:24.537Z,29.8,31.8,29,47.7,1001.1,35.8,401,88
2026-06-25T17:25:34.539Z,30.8,33.6,29,47.7,1001.1,35.8,401,90
2026-06-25T17:25:44.534Z,31.4,35,29,47.7,1001.1,35.8,401,91
2026-06-25T17:25:54.535Z,31.8,34.8,29,47.7,1001.1,35.8,401,92
2026-06-25T17:26:04.591Z,31.6,34.6,29,47.6,1001.1,35.8,401,92
2026-06-25T17:26:14.538Z,31,34,29,47.6,1001.1,35.8,401,90
2026-06-25T17:26:24.538Z,30.6,35,29,47.6,1001.1,35.9,400,89
2026-06-25T17:26:34.538Z,29.4,34.2,29,47.7,1001.1,35.9,401,87
2026-06-25T17:26:44.545Z,29.2,33.6,29,47.7,1001.1,35.9,401,86
2026-06-25T17:26:54.543Z,29.8,33.4,29,47.6,1001.1,35.8,400,88
2026-06-25T17:27:04.563Z,31,33,29,47.6,1001.1,35.8,400,90
2026-06-25T17:27:14.540Z,31.4,34.4,29,47.6,1001.1,35.8,401,91
2026-06-25T17:27:24.531Z,31.4,36.4,29,47.6,1001.1,35.8,401,91
2026-06-25T17:27:34.534Z,32,35.2,29,47.5,1001.1,35.7,400,92
2026-06-25T17:27:44.534Z,31.6,35.4,29,47.5,1001.1,35.6,400,92
2026-06-25T17:27:54.534Z,30.4,34,29.1,47.4,1001.1,35.6,400,89
2026-06-25T17:28:04.618Z,31,33,29.1,47.3,1001.1,35.6,400,90
2026-06-25T17:28:14.542Z,31.6,33.2,29.1,47.3,1001.1,35.5,401,92
2026-06-25T17:28:24.540Z,31.8,33.8,29.1,47.3,1001.1,35.5,400,92
2026-06-25T17:28:34.538Z,29.4,33.4,29.1,47.3,1001.1,35.5,400,87
2026-06-25T17:28:44.546Z,30.2,34.2,29.1,47.4,1001.1,35.5,400,89
2026-06-25T17:28:54.547Z,31,33.8,29.1,47.5,1001.1,35.6,400,90
2026-06-25T17:29:04.575Z,31.6,34.2,29.1,47.6,1001.1,35.7,400,92
2026-06-25T17:29:14.543Z,29.8,34.8,29,47.7,1001.1,35.8,400,88
2026-06-25T17:29:24.536Z,29.6,33.6,29,47.8,1001.1,36,400,87
2026-06-25T17:29:34.535Z,30,33,28.9,48,1001.1,36.1,400,88
2026-06-25T17:29:44.535Z,28.6,31.4,28.8,48.1,1001.1,36.3,400,85
2026-06-25T17:29:54.536Z,29,31.8,28.8,48.2,1001.1,36.5,400,86
2026-06-25T17:30:04.583Z,29.4,32.4,28.7,48.3,1001.1,36.7,400,87
2026-06-25T17:30:14.548Z,29.4,32.4,28.6,48.4,1001.1,36.9,400,87
2026-06-25T17:30:24.553Z,29.6,33.6,28.6,48.6,1001.1,37.1,400,87
2026-06-25T17:30:34.553Z,29,33,28.5,48.7,1001.1,37.2,400,86
2026-06-25T17:30:44.542Z,29.2,31.2,28.4,48.8,1001,37.4,400,86
2026-06-25T17:30:54.540Z,29.6,32.6,28.4,48.8,1001,37.5,400,87
2026-06-25T17:31:04.555Z,30.4,32.4,28.3,48.9,1001,37.6,400,89
2026-06-25T17:31:14.539Z,30,31.8,28.3,48.9,1001,37.7,400,88
2026-06-25T17:31:24.540Z,29.4,29.4,28.3,49,1001,37.9,400,87
2026-06-25T17:31:34.540Z,30,33,28.2,49.1,1001,38,400,88
2026-06-25T17:31:44.542Z,30.4,33.8,28.2,49.1,1001,38.1,400,89
2026-06-25T17:31:54.540Z,30.8,33.6,28.1,49.1,1001,38.2,400,90
2026-06-25T17:32:04.555Z,31.6,33.6,28.1,49.2,1001,38.3,400,92
2026-06-25T17:32:14.539Z,29.2,32,28.1,49.2,1001,38.4,400,86
2026-06-25T17:32:24.539Z,29.4,31.6,28,49.3,1001,38.5,399,87
2026-06-25T17:32:34.547Z,28.4,31.4,28,49.3,1001,38.6,399,85
2026-06-25T17:32:44.544Z,29,31,28,49.4,1001,38.7,399,86
2026-06-25T17:32:54.543Z,27.6,31.8,27.9,49.4,1001,38.8,399,83
2026-06-25T17:33:04.552Z,27.2,33.2,27.9,49.4,1001,38.9,399,82
2026-06-25T17:33:14.542Z,28.2,33.2,27.9,49.4,1001,39,399,84
2026-06-25T17:33:24.541Z,28.8,33,27.9,49.4,1001,39,399,86
2026-06-25T17:33:34.545Z,29.4,32.2,27.8,49.4,1001,39.1,399,87
2026-06-25T17:33:44.540Z,29.6,31.6,27.8,49.4,1001,39.1,399,87
2026-06-25T17:33:54.550Z,29.4,31.8,27.8,49.4,1001,39.2,398,87
2026-06-25T17:34:04.550Z,29.8,33.8,27.8,49.4,1001,39.2,398,88
2026-06-25T17:34:14.541Z,28.8,31.8,27.8,49.4,1001,39.3,399,86
2026-06-25T17:34:24.540Z,29.2,32.4,27.8,49.4,1001,39.4,399,86
2026-06-25T17:34:34.539Z,29.4,33.2,27.8,49.4,1001,39.4,399,87
2026-06-25T17:34:44.535Z,30,34.2,27.7,49.4,1001,39.5,399,88
2026-06-25T17:34:54.535Z,28.8,32.4,27.7,49.4,1001,39.5,399,86
2026-06-25T17:35:04.566Z,29,31.6,27.7,49.4,1001,39.6,399,86
2026-06-25T17:35:14.535Z,29.6,32.2,27.7,49.5,1001,39.7,399,87
2026-06-25T17:35:24.535Z,29.4,33,27.7,49.5,1001,39.7,399,87
2026-06-25T17:35:34.548Z,27.6,31,27.6,49.5,1001,39.8,399,83
2026-06-25T17:35:44.541Z,27,30.8,27.6,49.5,1001,39.9,399,82
2026-06-25T17:35:54.537Z,27.4,30.8,27.6,49.5,1001,39.9,399,83
2026-06-25T17:36:04.539Z,29.4,31,27.6,49.5,1001,40,399,87
2026-06-25T17:36:14.535Z,29.6,31.6,27.5,49.5,1001,40.1,398,87
2026-06-25T17:36:24.541Z,29.4,32.4,27.5,49.6,1001,40.2,398,87
2026-06-25T17:36:34.559Z,29.8,32.8,27.5,49.6,1001,40.2,398,88
2026-06-25T17:36:44.539Z,28.8,31.2,27.5,49.6,1001,40.3,397,86
2026-06-25T17:36:54.537Z,27,29,27.5,49.6,1001,40.3,398,82
2026-06-25T17:37:04.545Z,28,30.2,27.5,49.6,1001,40.4,399,84
2026-06-25T17:37:14.539Z,29.4,32.2,27.5,49.6,1001,40.4,398,87
2026-06-25T17:37:24.542Z,29.6,33.6,27.5,49.6,1001,40.4,398,87
2026-06-25T17:37:34.549Z,30,32,27.5,49.6,1001,40.4,399,88
2026-06-25T17:37:44.536Z,28,32.4,27.5,49.6,1001,40.4,398,84
2026-06-25T17:37:54.544Z,29.2,33.6,27.5,49.6,1001,40.5,399,86
2026-06-25T17:38:04.553Z,29.8,34.4,27.5,49.5,1001,40.5,399,88
2026-06-25T17:38:14.534Z,29,33.8,27.5,49.5,1001,40.5,399,86
2026-06-25T17:38:24.539Z,28.4,31.6,27.5,49.5,1001,40.5,399,85
2026-06-25T17:38:34.539Z,29,31.4,27.5,49.5,1001,40.5,399,86
2026-06-25T17:38:44.533Z,30,32,27.4,49.5,1001,40.6,399,88
2026-06-25T17:38:54.533Z,29.8,31,27.4,49.5,1001,40.6,399,88
2026-06-25T17:39:04.562Z,29,29,27.4,49.6,1001,40.6,399,86
2026-06-25T17:39:14.539Z,29.4,29.6,27.4,49.6,1001,40.7,399,87
2026-06-25T17:39:24.566Z,29,31,27.4,49.6,1001,40.7,399,86
2026-06-25T17:39:34.539Z,27.4,31.2,27.4,49.6,1001,40.8,399,83
2026-06-25T17:39:44.537Z,28.4,31.4,27.4,49.6,1001,40.8,398,85
2026-06-25T17:39:54.544Z,29.4,31.4,27.4,49.6,1001,40.8,398,87
2026-06-25T17:40:04.550Z,28.6,29.6,27.4,49.6,1001,40.8,398,85
2026-06-25T17:40:14.535Z,27.6,29.2,27.4,49.6,1001,40.8,399,83
2026-06-25T17:40:24.543Z,28.6,31,27.4,49.6,1001,40.8,399,85
2026-06-25T17:40:34.538Z,29.4,32.6,27.4,49.6,1001,40.9,399,87
2026-06-25T17:40:44.535Z,29,32.6,27.4,49.6,1001,40.9,399,86
2026-06-25T17:40:54.540Z,28,30.4,27.4,49.6,1001,40.9,399,84
2026-06-25T17:41:04.564Z,27.4,28.4,27.3,49.6,1001,41,398,83
2026-06-25T17:41:14.544Z,29,30,27.3,49.6,1001,41,397,86
2026-06-25T17:41:24.538Z,27.2,29.2,27.3,49.6,1001,41,398,82
2026-06-25T17:41:34.537Z,26.8,27.8,27.3,49.6,1001,41.1,397,81
2026-06-25T17:41:44.543Z,27.4,28.8,27.3,49.6,1001,41.1,397,83
2026-06-25T17:41:54.536Z,28.4,30.6,27.3,49.6,1001,41.1,398,85
2026-06-25T17:42:04.739Z,30,32.6,27.3,49.7,1001,41.2,397,88
2026-06-25T17:42:14.557Z,30,32,27.3,49.7,1001,41.2,397,88
2026-06-25T17:42:24.534Z,29.6,31.2,27.3,49.7,1001,41.2,397,87
2026-06-25T17:42:34.537Z,29.8,31,27.3,49.8,1001,41.2,397,88
2026-06-25T17:42:44.542Z,27.6,30.4,27.3,49.9,1001,41.2,398,83
2026-06-25T17:42:54.541Z,27.4,30.4,27.3,49.9,1001,41.2,398,83
2026-06-25T17:43:04.545Z,27.6,28.8,27.3,49.9,1001,41.2,398,83
2026-06-25T17:43:14.533Z,26.6,28.4,27.3,50,1001,41.2,399,81
2026-06-25T17:43:24.532Z,27.6,30.2,27.3,50,1001,41.2,399,83
2026-06-25T17:43:34.532Z,27,30,27.3,50,1001,41.2,399,82
2026-06-25T17:43:44.534Z,27.2,31,27.3,50,1001,41.2,399,82
2026-06-25T17:43:54.532Z,27.6,30.2,27.3,50,1001,41.2,399,83
2026-06-25T17:44:04.690Z,28.8,31,27.3,49.9,1001,41.2,399,86
2026-06-25T17:44:14.538Z,28.6,30.6,27.3,49.9,1001,41.2,399,85
2026-06-25T17:44:24.539Z,29.2,32,27.3,49.9,1001,41.3,399,86
2026-06-25T17:44:34.549Z,29.4,32.4,27.3,49.9,1001,41.3,400,87
2026-06-25T17:44:44.540Z,29.4,32.2,27.3,49.9,1001,41.3,400,87
2026-06-25T17:44:54.547Z,29.2,30.2,27.3,49.9,1001,41.3,400,86
2026-06-25T17:45:04.599Z,27.4,28.4,27.3,49.9,1001.1,41.3,400,83
2026-06-25T17:45:14.535Z,27.2,28.2,27.3,49.8,1001.1,41.3,400,82
2026-06-25T17:45:24.538Z,25.4,28.2,27.4,49.8,1001.1,41.2,399,78
2026-06-25T17:45:34.537Z,25.4,28.8,27.4,49.8,1001.1,41.2,399,78
2026-06-25T17:45:44.542Z,27,30,27.4,49.8,1001.1,41.2,399,82
2026-06-25T17:45:54.546Z,25.4,28.4,27.4,49.8,1001.1,41.2,399,78
2026-06-25T17:46:04.548Z,25.6,28.6,27.4,49.7,1001.1,41.2,399,79
2026-06-25T17:46:14.534Z,23.2,26.2,27.4,49.7,1001.1,41.2,400,74
2026-06-25T17:46:24.525Z,24,26.6,27.4,49.7,1001.1,41.2,399,76
2026-06-25T17:46:34.529Z,24,26,27.4,49.7,1001.1,41.2,399,76
2026-06-25T17:46:44.536Z,23,25,27.4,49.7,1001.1,41.2,399,73
2026-06-25T17:46:54.525Z,23.6,25.6,27.4,49.7,1001.1,41.3,399,75
2026-06-25T17:47:04.549Z,25,28,27.4,49.7,1001.1,41.3,399,78
2026-06-25T17:47:14.525Z,26.8,28,27.4,49.8,1001.1,41.4,400,81
2026-06-25T17:47:24.528Z,28.6,30.4,27.3,49.8,1001.1,41.4,400,85
2026-06-25T17:47:34.531Z,28.6,31.6,27.3,49.8,1001.1,41.4,400,85
2026-06-25T17:47:44.528Z,28.6,31.6,27.3,49.8,1001.1,41.5,400,85
2026-06-25T17:47:54.527Z,25.4,30,27.3,49.8,1001.1,41.5,400,78
2026-06-25T17:48:04.570Z,26,30.6,27.3,49.7,1001.1,41.5,399,80
2026-06-25T17:48:14.532Z,28.4,32.6,27.3,49.7,1001.1,41.5,399,85
2026-06-25T17:48:24.536Z,29,30.2,27.3,49.7,1001.1,41.6,400,86
2026-06-25T17:48:34.539Z,28.4,29,27.3,49.7,1001.1,41.6,400,85
2026-06-25T17:48:44.534Z,27.6,28.2,27.3,49.7,1001.1,41.6,399,83
2026-06-25T17:48:54.532Z,27.6,28.4,27.3,49.7,1001.1,41.7,399,83
2026-06-25T17:49:04.558Z,25.8,28.6,27.3,49.7,1001.1,41.7,399,79
2026-06-25T17:49:14.531Z,27,28.2,27.3,49.7,1001.1,41.7,398,82
2026-06-25T17:49:24.535Z,25.8,27.4,27.2,49.6,1001.1,41.8,398,79
2026-06-25T17:49:34.534Z,24.4,26.4,27.2,49.6,1001.1,41.8,399,76
2026-06-25T17:49:44.534Z,25.6,26.2,27.2,49.6,1001.1,41.8,398,79
2026-06-25T17:49:54.559Z,24,25,27.2,49.6,1001.1,41.9,397,76
2026-06-25T17:50:04.729Z,24.6,25.8,27.2,49.6,1001.1,41.9,398,77
2026-06-25T17:50:14.531Z,24.2,27.2,27.2,49.6,1001.1,42,397,76
2026-06-25T17:50:24.533Z,24.2,26.2,27.2,49.5,1001,42,397,76
2026-06-25T17:50:34.547Z,25.8,27.2,27.2,49.5,1001,42.1,398,79
2026-06-25T17:50:44.534Z,28.8,30.8,27.2,49.5,1001,42.1,398,86
2026-06-25T17:50:54.530Z,28.4,31.8,27.2,49.5,1001,42.1,398,85
2026-06-25T17:51:04.548Z,28,30.2,27.2,49.5,1001,42.1,399,84
2026-06-25T17:51:14.529Z,27.8,30,27.2,49.5,1001,42.1,399,84
2026-06-25T17:51:24.539Z,27.4,28.4,27.2,49.4,1001,42.1,399,83
2026-06-25T17:51:34.545Z,26.2,27.6,27.2,49.4,1001,42.1,399,80
2026-06-25T17:51:44.530Z,28.4,30,27.2,49.4,1001,42.1,399,85
2026-06-25T17:51:54.532Z,28.4,29.8,27.2,49.3,1001,42.1,399,85
2026-06-25T17:52:04.539Z,26.2,28,27.2,49.3,1001,42.1,399,80
2026-06-25T17:52:14.528Z,25.2,27.2,27.2,49.3,1001,42.1,399,78
2026-06-25T17:52:24.548Z,23.6,25.6,27.2,49.3,1001,42.2,399,75
2026-06-25T17:52:34.531Z,25,27,27.2,49.4,1001,42.2,399,78
2026-06-25T17:52:44.534Z,25.2,26.2,27.1,49.4,1001,42.2,399,78
2026-06-25T17:52:54.529Z,25.8,28.2,27.1,49.4,1001,42.2,399,79
2026-06-25T17:53:04.555Z,27.2,29.2,27.1,49.4,1001,42.3,399,82
2026-06-25T17:53:14.536Z,27.4,29.4,27.1,49.4,1001,42.3,397,83
2026-06-25T17:53:24.530Z,27,30.6,27.1,49.4,1001,42.3,399,82
2026-06-25T17:53:34.531Z,26.4,29.6,27.1,49.4,1001,42.4,397,81
2026-06-25T17:53:44.536Z,24,28,27.1,49.4,1001,42.4,397,76
2026-06-25T17:53:54.538Z,24,28.2,27.1,49.4,1001,42.4,397,76
2026-06-25T17:54:04.586Z,26.6,29.8,27.1,49.4,1001,42.4,397,81
2026-06-25T17:54:14.530Z,25.2,27.4,27.1,49.3,1001,42.4,397,78
2026-06-25T17:54:24.542Z,25.6,26.2,27.1,49.3,1000.9,42.4,397,79
2026-06-25T17:54:34.531Z,23.4,23.4,27.1,49.3,1000.9,42.4,397,74
2026-06-25T17:54:44.526Z,24,25.6,27.1,49.3,1000.9,42.4,397,76
2026-06-25T17:54:54.529Z,25,25.4,27.1,49.3,1000.9,42.4,397,78
2026-06-25T17:55:04.591Z,24.6,24.6,27.1,49.3,1000.9,42.4,397,77
2026-06-25T17:55:14.532Z,26.2,26.4,27.1,49.2,1000.9,42.4,397,80
2026-06-25T17:55:24.528Z,25.8,27.8,27.1,49.2,1000.9,42.5,397,79
2026-06-25T17:55:34.528Z,25.8,28.6,27.1,49.3,1000.9,42.5,397,79
2026-06-25T17:55:44.535Z,25,27,27,49.3,1000.9,42.5,397,78
2026-06-25T17:55:54.527Z,24,27,27,49.3,1000.9,42.5,397,76
2026-06-25T17:56:04.573Z,24.8,27.4,27,49.3,1000.9,42.6,397,77
2026-06-25T17:56:14.532Z,24.8,26.8,27,49.3,1000.9,42.6,398,77
2026-06-25T17:56:24.531Z,24,26.6,27,49.3,1000.9,42.6,398,76
2026-06-25T17:56:34.527Z,23,25,27,49.4,1000.9,42.7,398,73
2026-06-25T17:56:44.527Z,22.8,26.4,27,49.4,1000.9,42.7,398,73
2026-06-25T17:56:54.530Z,25,26,27,49.4,1000.9,42.7,398,78
2026-06-25T17:57:04.628Z,23.6,24.6,27,49.4,1000.9,42.7,398,75
2026-06-25T17:57:14.525Z,24.8,26.6,26.9,49.4,1000.8,42.8,399,77
2026-06-25T17:57:24.524Z,24.6,25.6,26.9,49.4,1000.8,42.8,397,77
2026-06-25T17:57:34.529Z,25,25,26.9,49.4,1000.8,42.8,397,78
2026-06-25T17:57:44.530Z,24,24.2,26.9,49.4,1000.8,42.8,399,76
2026-06-25T17:57:54.524Z,23,23.6,26.9,49.4,1000.8,42.8,397,73
2026-06-25T17:58:04.623Z,24,25,26.9,49.4,1000.8,42.8,397,76
2026-06-25T17:58:14.571Z,23.4,23.4,26.9,49.4,1000.8,42.8,397,74
2026-06-25T17:58:24.535Z,24.6,24.6,26.9,49.4,1000.8,42.8,397,77
2026-06-25T17:58:34.529Z,24,24,26.9,49.5,1000.8,42.8,397,76
2026-06-25T17:58:44.532Z,23.8,23.8,26.9,49.5,1000.8,42.8,398,75
2026-06-25T17:58:54.526Z,22.6,23.6,26.9,49.5,1000.8,42.8,398,73
2026-06-25T17:59:04.577Z,23.2,24,26.9,49.5,1000.8,42.9,398,74
2026-06-25T17:59:14.530Z,24,24,26.9,49.5,1000.8,42.9,398,76
2026-06-25T17:59:24.520Z,24,24,26.9,49.5,1000.8,42.9,398,76
2026-06-25T17:59:34.524Z,23.8,25.4,26.9,49.5,1000.8,42.9,398,75
2026-06-25T17:59:44.534Z,22.6,24,26.9,49.5,1000.8,42.9,398,73
2026-06-25T17:59:54.518Z,23.4,25.4,26.9,49.5,1000.8,42.9,398,74
2026-06-25T18:00:04.585Z,23.4,25.4,26.9,49.5,1000.8,43,398,74
2026-06-25T18:00:14.525Z,24.8,26.8,26.9,49.5,1000.8,42.9,398,77
2026-06-25T18:00:24.529Z,23.8,26.4,26.9,49.4,1000.8,43,398,75
2026-06-25T18:00:34.539Z,23.4,25.4,26.9,49.5,1000.7,43,397,74
2026-06-25T18:00:44.535Z,24.6,25.6,26.9,49.5,1000.7,43,397,77
2026-06-25T18:00:54.529Z,23,23,26.9,49.5,1000.7,43,397,73
2026-06-25T18:01:04.541Z,21.2,21.2,26.9,49.5,1000.7,43,397,70
2026-06-25T18:01:14.518Z,21,22,26.9,49.5,1000.7,43,397,69
2026-06-25T18:01:24.527Z,20.2,22.6,26.9,49.5,1000.7,43,397,68
2026-06-25T18:01:34.530Z,22.4,24.6,26.9,49.5,1000.7,43,397,72
2026-06-25T18:01:44.527Z,22,25,26.9,49.4,1000.7,43,397,71
2026-06-25T18:01:54.522Z,21.6,24.2,26.9,49.4,1000.7,43,397,70
2026-06-25T18:02:04.547Z,22.2,23.2,26.9,49.4,1000.7,43,398,72
2026-06-25T18:02:14.521Z,22.2,24,26.9,49.4,1000.7,43,397,72
2026-06-25T18:02:24.523Z,24,25.6,26.9,49.4,1000.7,43,398,76
2026-06-25T18:02:34.531Z,23.2,26.2,26.9,49.3,1000.7,42.9,398,74
2026-06-25T18:02:44.521Z,23.6,25.8,26.9,49.3,1000.7,42.9,398,75
2026-06-25T18:02:54.524Z,21.2,24,27,49.3,1000.7,42.9,398,70
2026-06-25T18:03:04.547Z,21.8,24.8,27,49.2,1000.7,42.9,399,71
2026-06-25T18:03:14.525Z,21.6,26.2,27,49.2,1000.7,42.9,399,70
2026-06-25T18:03:24.532Z,21.6,24.6,27,49.2,1000.7,42.9,399,70
2026-06-25T18:03:34.536Z,21.8,24.8,27,49.2,1000.7,42.9,400,71
2026-06-25T18:03:44.523Z,22.6,25.4,27,49.2,1000.7,42.9,399,73
2026-06-25T18:03:54.528Z,23,25,27,49.2,1000.7,42.9,399,73
2026-06-25T18:04:04.526Z,21.8,23.4,27,49.2,1000.7,42.9,399,71
2026-06-25T18:04:14.519Z,22,23.2,27,49.2,1000.6,43,400,71
2026-06-25T18:04:24.521Z,22,23.4,27,49.2,1000.6,43,399,71
2026-06-25T18:04:34.528Z,23.8,24.8,26.9,49.2,1000.6,43,399,75
2026-06-25T18:04:44.519Z,21.4,23,26.9,49.2,1000.6,43,399,70
2026-06-25T18:04:54.525Z,22.6,24.2,26.9,49.2,1000.6,43,399,73
2026-06-25T18:05:04.557Z,21.6,23.6,26.9,49.2,1000.6,43.1,398,70
2026-06-25T18:05:14.536Z,22.8,24.6,26.9,49.2,1000.6,43.1,398,73
2026-06-25T18:05:24.541Z,23.2,23.8,26.9,49.2,1000.6,43.1,397,74
2026-06-25T18:05:34.542Z,22.4,22.4,26.9,49.2,1000.6,43.2,397,72
2026-06-25T18:05:44.533Z,22.4,22.4,26.9,49.2,1000.6,43.2,397,72
2026-06-25T18:05:54.545Z,22,23.2,26.9,49.2,1000.6,43.2,397,71
2026-06-25T18:06:04.543Z,22.8,23.8,26.9,49.2,1000.6,43.3,397,73
2026-06-25T18:06:14.562Z,22,23,26.9,49.2,1000.6,43.3,397,71
2026-06-25T18:06:24.527Z,21,22,26.9,49.2,1000.6,43.3,397,69
2026-06-25T18:06:34.528Z,21,22.2,26.9,49.2,1000.6,43.3,397,69
2026-06-25T18:06:44.520Z,21,23,26.9,49.1,1000.6,43.3,397,69
2026-06-25T18:06:54.520Z,21,23,26.9,49.1,1000.6,43.4,397,69
2026-06-25T18:07:04.642Z,21.8,23.8,26.9,49.1,1000.6,43.4,398,71
2026-06-25T18:07:14.535Z,22.4,24.4,26.8,49.2,1000.6,43.4,398,72
2026-06-25T18:07:24.539Z,21.2,24,26.8,49.2,1000.6,43.4,398,70
2026-06-25T18:07:34.521Z,20.8,23.8,26.8,49.2,1000.6,43.4,398,69
2026-06-25T18:07:44.524Z,19.6,22,26.8,49.2,1000.6,43.4,398,66
2026-06-25T18:07:54.521Z,23,23,26.8,49.2,1000.6,43.4,398,73
2026-06-25T18:08:04.526Z,22.4,22.4,26.8,49.2,1000.6,43.4,398,72
2026-06-25T18:08:14.521Z,22,22,26.8,49.2,1000.6,43.5,398,71
2026-06-25T18:08:24.518Z,22.4,23.8,26.8,49.2,1000.6,43.5,398,72
2026-06-25T18:08:34.521Z,23.8,24,26.8,49.2,1000.6,43.5,398,75
2026-06-25T18:08:44.526Z,22,23.2,26.8,49.2,1000.6,43.5,398,71
2026-06-25T18:08:54.519Z,20.4,21.6,26.8,49.1,1000.6,43.5,398,68
2026-06-25T18:09:04.523Z,20.4,22.2,26.8,49.1,1000.6,43.5,398,68
2026-06-25T18:09:14.520Z,20.6,22.8,26.8,49.1,1000.6,43.5,399,68
2026-06-25T18:09:24.519Z,20.4,22.4,26.8,49.1,1000.6,43.5,398,68
2026-06-25T18:09:34.526Z,20.2,22.2,26.8,49.1,1000.6,43.5,398,68
2026-06-25T18:09:44.592Z,21.6,23.8,26.8,49.1,1000.6,43.5,398,70
2026-06-25T18:09:54.522Z,22.6,24.2,26.8,49.1,1000.6,43.5,396,73
2026-06-25T18:10:04.526Z,22.4,22.6,26.8,49.1,1000.6,43.5,396,72
2026-06-25T18:10:14.526Z,22,22,26.8,49.1,1000.6,43.5,396,71
2026-06-25T18:10:24.525Z,22.4,22.6,26.8,49.1,1000.6,43.4,396,72
2026-06-25T18:10:34.558Z,21.4,23.4,26.8,49.1,1000.6,43.5,396,70
2026-06-25T18:10:44.525Z,21.4,24,26.8,49.1,1000.6,43.5,397,70
2026-06-25T18:10:54.520Z,23.4,25.4,26.8,49.1,1000.6,43.5,396,74
2026-06-25T18:11:04.749Z,23,24.6,26.8,49.1,1000.6,43.5,396,73
2026-06-25T18:11:14.527Z,22.6,23.6,26.8,49.1,1000.6,43.5,397,73
2026-06-25T18:11:24.518Z,22.4,23.4,26.7,49.1,1000.6,43.6,397,72
2026-06-25T18:11:34.520Z,22.6,23.4,26.7,49.1,1000.6,43.6,397,73
2026-06-25T18:11:44.531Z,23.4,23.4,26.7,49.1,1000.6,43.6,397,74
2026-06-25T18:11:54.523Z,22.4,22.6,26.7,49.1,1000.6,43.6,397,72
2026-06-25T18:12:04.526Z,21.6,21.6,26.7,49.1,1000.6,43.6,397,70
2026-06-25T18:12:14.519Z,21.6,21.6,26.7,49.1,1000.6,43.6,397,70
2026-06-25T18:12:24.560Z,21.6,22.2,26.7,49.1,1000.5,43.6,397,70
2026-06-25T18:12:34.518Z,20,21.8,26.7,49.1,1000.5,43.6,398,67
2026-06-25T18:12:44.521Z,20.4,20.6,26.7,49.1,1000.5,43.5,398,68
2026-06-25T18:12:54.525Z,21.8,22.8,26.7,49.1,1000.5,43.6,398,71
2026-06-25T18:13:04.567Z,22.4,23,26.7,49.1,1000.5,43.5,398,72
2026-06-25T18:13:14.512Z,22,22.2,26.7,49.1,1000.5,43.5,398,71
2026-06-25T18:13:24.518Z,22.4,23.4,26.7,49.1,1000.5,43.5,395,72
2026-06-25T18:13:34.518Z,21.6,22.6,26.7,49.1,1000.5,43.5,398,70
2026-06-25T18:13:44.516Z,20.4,23,26.7,49.1,1000.5,43.5,395,68
2026-06-25T18:13:54.538Z,22,24.4,26.7,49.1,1000.5,43.5,398,71
2026-06-25T18:14:04.572Z,23.4,25.8,26.7,49.1,1000.5,43.6,398,74
2026-06-25T18:14:14.515Z,22,22.6,26.7,49.1,1000.5,43.6,398,71
2026-06-25T18:14:24.512Z,20.4,22.2,26.7,49.1,1000.5,43.6,398,68
2026-06-25T18:14:34.520Z,22,22.6,26.7,49.1,1000.5,43.6,398,71
2026-06-25T18:14:44.523Z,23,23,26.7,49.1,1000.5,43.6,398,73
2026-06-25T18:14:54.530Z,23.6,23.6,26.7,49.1,1000.5,43.7,396,75
2026-06-25T18:15:04.518Z,20.6,21,26.7,49.1,1000.5,43.7,398,68
2026-06-25T18:15:14.510Z,20.6,21.6,26.7,49.1,1000.5,43.7,398,68
2026-06-25T18:15:24.530Z,21.4,21.8,26.7,49.1,1000.4,43.7,398,70
2026-06-25T18:15:34.517Z,20.2,20.2,26.7,49.1,1000.4,43.7,398,68
2026-06-25T18:15:44.513Z,21,22,26.7,49.1,1000.4,43.7,399,69
2026-06-25T18:15:54.512Z,20,21,26.7,49,1000.4,43.7,398,67
2026-06-25T18:16:04.517Z,19.4,21.8,26.7,49,1000.4,43.6,399,66
2026-06-25T18:16:14.513Z,19.4,22.4,26.7,49,1000.4,43.6,399,66
2026-06-25T18:16:24.541Z,19.8,21,26.7,49,1000.4,43.6,399,67
2026-06-25T18:16:34.513Z,20,20.2,26.7,48.9,1000.4,43.6,399,67
2026-06-25T18:16:44.512Z,20.6,21.6,26.7,48.9,1000.4,43.6,399,68
2026-06-25T18:16:54.531Z,20.2,22.8,26.7,48.8,1000.4,43.6,399,68
2026-06-25T18:17:04.532Z,21.8,24,26.8,48.8,1000.4,43.6,399,71
2026-06-25T18:17:14.510Z,21.6,22,26.8,48.8,1000.4,43.6,400,70
2026-06-25T18:17:24.511Z,21.2,21.8,26.8,48.8,1000.4,43.6,400,70
2026-06-25T18:17:34.522Z,22,23,26.8,48.8,1000.4,43.6,400,71
2026-06-25T18:17:44.525Z,20,21,26.8,48.7,1000.4,43.6,400,67
2026-06-25T18:17:54.552Z,19.6,20.4,26.8,48.7,1000.4,43.6,399,66
2026-06-25T18:18:04.519Z,20,21,26.8,48.7,1000.4,43.6,399,67
2026-06-25T18:18:14.521Z,20.4,21.4,26.8,48.7,1000.4,43.6,399,68
2026-06-25T18:18:24.519Z,20.2,21.4,26.8,48.6,1000.4,43.6,399,68
2026-06-25T18:18:34.515Z,19,22,26.8,48.6,1000.4,43.6,399,65
2026-06-25T18:18:44.512Z,18.4,21.4,26.8,48.6,1000.4,43.6,399,64
2026-06-25T18:18:54.509Z,18.4,20.2,26.8,48.6,1000.4,43.6,399,64
2026-06-25T18:19:04.562Z,19.6,21.8,26.8,48.6,1000.4,43.7,399,66
2026-06-25T18:19:14.509Z,20.6,23,26.8,48.6,1000.4,43.7,399,68
2026-06-25T18:19:24.511Z,20.2,23.2,26.8,48.7,1000.4,43.7,399,68
2026-06-25T18:19:34.523Z,21,25,26.8,48.7,1000.4,43.7,399,69
2026-06-25T18:19:44.512Z,21.6,22.4,26.8,48.7,1000.4,43.7,400,70
2026-06-25T18:19:54.572Z,22,22.8,26.8,48.7,1000.4,43.7,400,71
2026-06-25T18:20:04.530Z,21,21,26.8,48.6,1000.4,43.7,400,69
2026-06-25T18:20:14.514Z,21.2,21.2,26.8,48.6,1000.4,43.7,399,70
2026-06-25T18:20:24.515Z,20,20.6,26.8,48.6,1000.4,43.7,399,67
2026-06-25T18:20:34.528Z,19.2,20.2,26.8,48.6,1000.4,43.8,399,65
2026-06-25T18:20:44.509Z,20.4,21.4,26.8,48.6,1000.4,43.8,399,68
2026-06-25T18:20:54.510Z,20.8,21.8,26.8,48.6,1000.4,43.8,399,69
2026-06-25T18:21:04.539Z,20,21,26.8,48.6,1000.4,43.8,399,67
2026-06-25T18:21:14.509Z,18.8,19,26.8,48.6,1000.4,43.8,399,65
2026-06-25T18:21:24.507Z,19.4,19.8,26.8,48.5,1000.4,43.8,399,66
2026-06-25T18:21:34.515Z,19,20.2,26.8,48.5,1000.4,43.8,399,65
2026-06-25T18:21:44.516Z,19.6,21.6,26.8,48.5,1000.4,43.9,398,66
2026-06-25T18:21:54.590Z,19,19.4,26.8,48.5,1000.4,43.9,398,65
2026-06-25T18:22:04.526Z,19.6,19.6,26.8,48.4,1000.4,43.9,398,66
2026-06-25T18:22:14.518Z,19.4,20.4,26.9,48.4,1000.4,43.9,398,66
2026-06-25T18:22:24.515Z,20.2,22,26.8,48.4,1000.4,43.9,398,68
2026-06-25T18:22:34.514Z,18,19.4,26.8,48.4,1000.4,43.9,398,63
2026-06-25T18:22:44.506Z,18.4,19.8,26.8,48.4,1000.4,43.9,398,64
2026-06-25T18:22:54.510Z,19.8,20.2,26.8,48.4,1000.4,44,398,67
2026-06-25T18:23:04.529Z,20.6,20.6,26.8,48.4,1000.4,44,398,68
2026-06-25T18:23:14.524Z,21,22,26.8,48.4,1000.4,44,398,69
2026-06-25T18:23:24.506Z,19.4,21,26.8,48.3,1000.4,44.1,398,66
2026-06-25T18:23:34.526Z,19.4,20.4,26.8,48.3,1000.4,44.1,399,66
2026-06-25T18:23:44.530Z,20,20.4,26.8,48.3,1000.4,44.2,400,67
2026-06-25T18:23:54.507Z,21.4,21.6,26.8,48.3,1000.4,44.2,400,70
2026-06-25T18:24:04.539Z,21,21,26.8,48.3,1000.4,44.2,400,69
2026-06-25T18:24:14.507Z,20.6,20.6,26.8,48.3,1000.4,44.2,400,68
2026-06-25T18:24:24.507Z,19.8,19.8,26.8,48.3,1000.4,44.2,400,67
2026-06-25T18:24:34.516Z,17.4,18.4,26.8,48.3,1000.4,44.3,400,62
2026-06-25T18:24:44.507Z,17.4,20.2,26.8,48.2,1000.4,44.3,400,62
2026-06-25T18:24:54.613Z,17.6,20.6,26.8,48.2,1000.4,44.3,400,62
2026-06-25T18:25:04.512Z,17,20.6,26.8,48.2,1000.4,44.3,400,61
2026-06-25T18:25:14.578Z,17.4,21.4,26.8,48.2,1000.4,44.4,400,62
2026-06-25T18:25:24.509Z,16.6,20.6,26.8,48.2,1000.4,44.4,400,60
2026-06-25T18:25:34.512Z,17.6,18.6,26.8,48.1,1000.4,44.4,400,62
2026-06-25T18:25:44.510Z,18.4,18.4,26.8,48.1,1000.4,44.4,400,64
2026-06-25T18:25:54.510Z,19,20.6,26.8,48.1,1000.4,44.4,400,65
2026-06-25T18:26:04.511Z,19.4,20.4,26.8,48.1,1000.4,44.4,400,66
2026-06-25T18:26:14.507Z,19.2,20.4,26.8,48.1,1000.4,44.5,399,65
2026-06-25T18:26:24.503Z,19.2,21.8,26.8,48,1000.4,44.5,399,65
2026-06-25T18:26:34.514Z,20.6,21.6,26.8,48,1000.4,44.5,399,68
2026-06-25T18:26:44.510Z,19,19,26.8,48,1000.4,44.6,399,65
2026-06-25T18:26:54.526Z,17.2,17.6,26.8,48,1000.4,44.6,399,61
2026-06-25T18:27:04.513Z,16.6,17.6,26.8,48.1,1000.4,44.6,399,60
2026-06-25T18:27:14.510Z,16.8,17.8,26.8,48.1,1000.4,44.6,399,60
2026-06-25T18:27:24.507Z,17.2,18.2,26.8,48.1,1000.4,44.7,399,61
2026-06-25T18:27:34.564Z,18.2,18.2,26.8,48.1,1000.4,44.7,399,63
2026-06-25T18:27:44.509Z,17.8,18,26.7,48.1,1000.4,44.7,399,62
2026-06-25T18:27:54.541Z,17.4,18.4,26.7,48.1,1000.4,44.7,399,62
2026-06-25T18:28:04.507Z,17.4,18.4,26.7,48.1,1000.4,44.7,399,62
2026-06-25T18:28:14.515Z,17.2,18.2,26.7,48.1,1000.4,44.8,399,61
2026-06-25T18:28:24.509Z,17.6,17.6,26.7,48.1,1000.4,44.8,399,62
2026-06-25T18:28:34.516Z,18,18,26.7,48.1,1000.4,44.8,399,63
2026-06-25T18:28:44.506Z,17.6,18.8,26.7,48.1,1000.4,44.8,399,62
2026-06-25T18:28:54.535Z,19.2,21.2,26.7,48.1,1000.4,44.8,399,65
2026-06-25T18:29:04.524Z,20.6,22.8,26.7,48.1,1000.4,44.8,399,68
2026-06-25T18:29:14.509Z,18.8,20.2,26.8,48.1,1000.4,44.8,399,65
2026-06-25T18:29:24.507Z,17.6,18.6,26.8,48.1,1000.4,44.8,400,62
2026-06-25T18:29:34.511Z,17,17,26.8,48.1,1000.4,44.8,399,61
2026-06-25T18:29:44.508Z,17.2,17.4,26.8,48.1,1000.4,44.8,399,61
2026-06-25T18:29:54.544Z,19,19,26.8,48,1000.4,44.8,399,65
2026-06-25T18:30:04.550Z,19,19.2,26.8,48,1000.3,44.8,399,65
2026-06-25T18:30:14.509Z,19.6,20.2,26.8,48,1000.3,44.8,399,66
2026-06-25T18:30:24.511Z,19.4,20.6,26.8,48,1000.3,44.8,399,66
2026-06-25T18:30:34.509Z,16,19,26.8,48,1000.3,44.9,398,59
2026-06-25T18:30:44.515Z,15.6,19.6,26.8,48,1000.3,44.9,399,58
2026-06-25T18:30:54.549Z,16,21.4,26.8,48,1000.3,44.9,399,59
2026-06-25T18:31:04.513Z,18.4,21.6,26.8,48,1000.3,44.9,399,64
2026-06-25T18:31:14.503Z,19,21,26.7,48,1000.3,44.9,399,65
2026-06-25T18:31:24.506Z,20.6,22.8,26.7,48,1000.3,45,399,68
2026-06-25T18:31:34.522Z,20,21.8,26.7,48,1000.3,45,399,67
2026-06-25T18:31:44.503Z,19.2,19.8,26.7,48,1000.3,45,399,65
2026-06-25T18:31:54.567Z,20,20,26.7,47.9,1000.3,45,399,67
2026-06-25T18:32:04.527Z,18.6,18.6,26.7,47.9,1000.3,45,399,64
2026-06-25T18:32:14.512Z,16.8,16.8,26.7,48,1000.3,45,400,60
2026-06-25T18:32:24.501Z,17,17,26.8,47.9,1000.3,45,400,61
2026-06-25T18:32:34.516Z,17,18,26.8,47.9,1000.3,45,400,61
2026-06-25T18:32:44.506Z,17.8,19.8,26.8,47.9,1000.3,45,400,62
2026-06-25T18:32:54.580Z,18.6,19.6,26.8,47.9,1000.3,45,400,64
2026-06-25T18:33:04.508Z,17.4,19.4,26.8,47.9,1000.3,45.1,400,62
2026-06-25T18:33:14.500Z,19,20,26.8,47.9,1000.3,45.1,400,65
2026-06-25T18:33:24.534Z,20.6,20.8,26.8,47.9,1000.3,45.1,400,68
2026-06-25T18:33:34.514Z,21.4,22.4,26.8,47.9,1000.2,45.1,400,70
2026-06-25T18:33:44.504Z,21.4,21.6,26.7,47.9,1000.2,45.1,400,70
2026-06-25T18:33:54.501Z,18.8,19.8,26.7,47.9,1000.2,45.2,400,65
2026-06-25T18:34:04.533Z,18,19,26.7,47.9,1000.2,45.2,400,63
2026-06-25T18:34:14.502Z,20.8,21,26.7,47.9,1000.2,45.2,399,69
2026-06-25T18:34:24.514Z,20.2,22,26.7,47.9,1000.2,45.2,399,68
2026-06-25T18:34:34.525Z,18.6,20.8,26.7,47.9,1000.2,45.2,399,64
2026-06-25T18:34:44.505Z,16.4,17.6,26.7,47.9,1000.2,45.2,400,60
2026-06-25T18:34:54.577Z,16.6,16.6,26.7,47.8,1000.2,45.2,399,60
2026-06-25T18:35:04.538Z,17.4,17.4,26.7,47.8,1000.2,45.3,399,62
2026-06-25T18:35:14.501Z,16.6,18.4,26.7,47.8,1000.2,45.3,399,60
2026-06-25T18:35:24.500Z,17.6,19.6,26.7,47.8,1000.2,45.3,399,62
2026-06-25T18:35:34.511Z,16.4,18.4,26.7,47.9,1000.2,45.4,399,60
2026-06-25T18:35:44.505Z,16.8,19,26.7,47.9,1000.2,45.4,399,60
2026-06-25T18:35:54.503Z,16,18.4,26.7,47.9,1000.2,45.4,399,59
2026-06-25T18:36:04.584Z,17,19.6,26.7,47.9,1000.2,45.4,399,61
2026-06-25T18:36:14.507Z,18.2,21.2,26.7,48,1000.2,45.4,400,63
2026-06-25T18:36:24.505Z,19,20,26.7,48,1000.2,45.5,400,65
2026-06-25T18:36:34.513Z,20.6,20.6,26.7,48,1000.2,45.5,400,68
2026-06-25T18:36:44.503Z,17.8,20.4,26.7,48,1000.2,45.5,400,62
2026-06-25T18:36:54.590Z,17.8,20.4,26.7,48,1000.2,45.5,400,62
2026-06-25T18:37:04.527Z,18,20,26.6,48,1000.2,45.5,400,63
2026-06-25T18:37:14.531Z,17.2,19.2,26.6,48,1000.2,45.5,400,61
2026-06-25T18:37:24.501Z,18,20,26.6,48.1,1000.2,45.6,399,63
2026-06-25T18:37:34.510Z,19,20,26.6,48.1,1000.2,45.6,399,65
2026-06-25T18:37:44.512Z,18,19.8,26.6,48.1,1000.2,45.6,399,63
2026-06-25T18:37:54.501Z,18.6,20.2,26.6,48.1,1000.2,45.6,398,64
2026-06-25T18:38:04.541Z,18.2,19.2,26.6,48.1,1000.2,45.6,398,63
2026-06-25T18:38:14.502Z,17,18.4,26.6,48.1,1000.2,45.6,398,61
2026-06-25T18:38:24.507Z,18.4,18.4,26.6,48.1,1000.2,45.6,398,64
2026-06-25T18:38:34.518Z,19.2,19.4,26.6,48.1,1000.2,45.6,398,65
2026-06-25T18:38:44.514Z,19,20,26.6,48.1,1000.2,45.7,398,65
2026-06-25T18:38:54.517Z,19,19.2,26.6,48.1,1000.2,45.6,398,65
2026-06-25T18:39:04.553Z,20,20.8,26.6,48.1,1000.2,45.6,398,67
2026-06-25T18:39:14.505Z,19.6,20,26.6,48.1,1000.2,45.7,398,66
2026-06-25T18:39:24.514Z,18.4,20,26.6,48.1,1000.2,45.7,398,64
2026-06-25T18:39:34.524Z,18.2,19.2,26.6,48.1,1000.2,45.7,398,63
2026-06-25T18:39:44.498Z,18.2,19.2,26.6,48.1,1000.2,45.7,398,63
2026-06-25T18:39:54.587Z,18.4,18.6,26.6,48.1,1000.2,45.7,398,64
2026-06-25T18:40:04.502Z,18,19,26.6,48.1,1000.2,45.7,398,63
2026-06-25T18:40:14.500Z,17.6,19,26.6,48.1,1000.2,45.7,398,62
2026-06-25T18:40:24.507Z,18,19,26.6,48.1,1000.2,45.7,397,63
2026-06-25T18:40:34.505Z,18,19.2,26.6,48.1,1000.2,45.7,398,63
2026-06-25T18:40:44.497Z,17.8,19,26.6,48.1,1000.2,45.7,398,62
2026-06-25T18:40:54.533Z,17.4,18.4,26.6,48.1,1000.2,45.7,398,62
2026-06-25T18:41:04.524Z,16.8,18.8,26.6,48.2,1000.2,45.7,398,60
2026-06-25T18:41:14.504Z,16.6,19.6,26.6,48.2,1000.2,45.6,398,60
2026-06-25T18:41:24.499Z,17.8,19.4,26.6,48.2,1000.2,45.6,398,62
2026-06-25T18:41:34.530Z,17.8,18.4,26.6,48.2,1000.2,45.6,398,62
2026-06-25T18:41:44.500Z,18.6,20,26.6,48.2,1000.2,45.6,398,64
2026-06-25T18:41:54.535Z,19.6,21.4,26.6,48.2,1000.2,45.6,398,66
2026-06-25T18:42:04.507Z,19,20,26.6,48.2,1000.2,45.6,398,65
2026-06-25T18:42:14.507Z,18,19,26.6,48.2,1000.2,45.6,398,63
2026-06-25T18:42:24.513Z,16,17,26.6,48.1,1000.2,45.6,398,59
2026-06-25T18:42:34.513Z,16.4,18.4,26.6,48.1,1000.2,45.6,398,60
2026-06-25T18:42:44.503Z,16.6,18,26.6,48.1,1000.2,45.6,398,60
2026-06-25T18:42:54.548Z,15.8,16,26.6,48.1,1000.2,45.5,398,58
2026-06-25T18:43:04.517Z,15.6,15.6,26.6,48.2,1000.2,45.5,398,58
2026-06-25T18:43:14.502Z,17,17.8,26.6,48.2,1000.2,45.5,398,61
2026-06-25T18:43:24.505Z,18,19,26.6,48.2,1000.2,45.6,398,63
2026-06-25T18:43:34.501Z,17.4,19.4,26.6,48.2,1000.2,45.6,398,62
2026-06-25T18:43:44.499Z,17.6,19.4,26.6,48.2,1000.2,45.6,398,62
2026-06-25T18:43:54.501Z,17.2,19,26.6,48.2,1000.2,45.6,398,61
2026-06-25T18:44:04.497Z,19.4,20.8,26.6,48.3,1000.2,45.7,398,66
2026-06-25T18:44:14.500Z,17.2,19.2,26.6,48.2,1000.2,45.6,398,61
2026-06-25T18:44:24.504Z,18,19.2,26.6,48.2,1000.2,45.7,398,63
2026-06-25T18:44:34.512Z,18,19.2,26.6,48.2,1000.2,45.7,398,63
2026-06-25T18:44:44.496Z,17.4,18.4,26.6,48.2,1000.2,45.7,398,62
2026-06-25T18:44:54.522Z,18,19,26.6,48.2,1000.2,45.7,398,63
2026-06-25T18:45:04.509Z,18,18.6,26.6,48.2,1000.2,45.6,399,63
2026-06-25T18:45:14.524Z,18,20,26.6,48.2,1000.2,45.6,398,63
2026-06-25T18:45:24.500Z,18.8,20.8,26.6,48.2,1000.2,45.6,398,65
2026-06-25T18:45:34.497Z,18.6,20.4,26.6,48.2,1000.2,45.6,399,64
2026-06-25T18:45:44.501Z,20,20,26.6,48.2,1000.2,45.6,399,67
2026-06-25T18:45:54.503Z,19.6,19.6,26.6,48.2,1000.2,45.6,399,66
2026-06-25T18:46:04.559Z,18,18,26.6,48.2,1000.2,45.6,399,63
2026-06-25T18:46:14.512Z,17,17,26.6,48.2,1000.2,45.6,399,61
2026-06-25T18:46:24.499Z,17.2,18.4,26.6,48.2,1000.2,45.6,399,61
2026-06-25T18:46:34.498Z,17.4,19.2,26.6,48.2,1000.2,45.6,398,62
2026-06-25T18:46:44.496Z,15.6,17.4,26.6,48.2,1000.2,45.6,398,58
2026-06-25T18:46:54.493Z,16.6,18.4,26.6,48.2,1000.2,45.6,398,60
2026-06-25T18:47:04.502Z,17,19,26.6,48.2,1000.2,45.6,398,61
2026-06-25T18:47:14.486Z,18,19,26.6,48.3,1000.2,45.6,398,63
2026-06-25T18:47:24.488Z,17.2,17.2,26.6,48.3,1000.2,45.6,398,61
2026-06-25T18:47:34.495Z,17.2,17.2,26.6,48.3,1000.2,45.6,398,61
2026-06-25T18:47:44.496Z,17.4,17.4,26.6,48.3,1000.2,45.6,398,62
2026-06-25T18:47:54.490Z,16.2,17.4,26.6,48.3,1000.2,45.7,398,59
2026-06-25T18:48:04.500Z,17.6,18.8,26.6,48.3,1000.2,45.7,398,62
2026-06-25T18:48:14.490Z,17.4,18.4,26.6,48.3,1000.2,45.7,398,62
2026-06-25T18:48:24.492Z,18,19,26.6,48.3,1000.2,45.7,399,63
2026-06-25T18:48:34.507Z,16.6,17.6,26.6,48.3,1000.2,45.7,398,60
2026-06-25T18:48:44.487Z,17,17,26.6,48.3,1000.2,45.7,399,61
2026-06-25T18:48:54.500Z,17.8,17.8,26.6,48.3,1000.2,45.7,399,62
2026-06-25T18:49:04.485Z,17.6,19,26.6,48.3,1000.2,45.7,399,62
2026-06-25T18:49:14.494Z,17.4,19.4,26.6,48.3,1000.2,45.7,399,62
2026-06-25T18:49:24.489Z,18,20.6,26.6,48.3,1000.2,45.7,399,63
2026-06-25T18:49:34.490Z,16,20.2,26.6,48.3,1000.2,45.7,399,59
2026-06-25T18:49:44.487Z,16,19.4,26.6,48.3,1000.2,45.7,399,59
2026-06-25T18:49:54.487Z,16.8,18.2,26.6,48.3,1000.2,45.7,399,60
2026-06-25T18:50:04.489Z,20,21,26.6,48.3,1000.2,45.7,399,67
2026-06-25T18:50:14.486Z,18.4,19.2,26.6,48.3,1000.2,45.7,398,64
2026-06-25T18:50:24.499Z,17.2,17.2,26.6,48.3,1000.2,45.8,399,61
2026-06-25T18:50:34.510Z,17,17,26.6,48.3,1000.2,45.8,398,61
2026-06-25T18:50:44.492Z,19.4,19.4,26.6,48.3,1000.2,45.8,398,66
2026-06-25T18:50:54.495Z,18.8,19,26.6,48.3,1000.2,45.8,398,65
2026-06-25T18:51:04.492Z,16,16.6,26.6,48.3,1000.2,45.8,398,59
2026-06-25T18:51:14.489Z,15,17,26.6,48.2,1000.2,45.8,398,57
2026-06-25T18:51:24.489Z,13,15,26.6,48.2,1000.2,45.8,398,52
2026-06-25T18:51:34.497Z,12.4,15.6,26.5,48.2,1000.2,45.9,398,51
2026-06-25T18:51:44.500Z,13,17,26.5,48.2,1000.2,45.9,398,52
2026-06-25T18:51:54.501Z,16.2,20.2,26.5,48.2,1000.2,45.9,398,59
2026-06-25T18:52:04.492Z,17.4,20.4,26.5,48.2,1000.2,45.9,398,62
2026-06-25T18:52:14.492Z,17.4,19.2,26.5,48.2,1000.2,46,398,62
2026-06-25T18:52:24.508Z,17.2,18.2,26.5,48.2,1000.2,46,398,61
2026-06-25T18:52:34.509Z,17.2,18.2,26.5,48.2,1000.1,46,399,61
2026-06-25T18:52:44.490Z,15.6,17.8,26.5,48.2,1000.1,46,399,58
2026-06-25T18:52:54.491Z,16,20.2,26.5,48.2,1000.1,46,399,59
2026-06-25T18:53:04.503Z,16,20,26.5,48.2,1000.1,46.1,399,59
2026-06-25T18:53:14.491Z,17,19.6,26.5,48.2,1000.1,46.1,399,61
2026-06-25T18:53:24.506Z,18,19,26.5,48.2,1000.1,46.1,399,63
2026-06-25T18:53:34.496Z,16.2,17.6,26.5,48.2,1000.1,46.1,399,59
2026-06-25T18:53:44.494Z,15,16,26.5,48.2,1000.1,46.2,399,57
2026-06-25T18:53:54.504Z,15,15.4,26.5,48.2,1000.1,46.2,399,57
2026-06-25T18:54:04.492Z,14.8,15.8,26.5,48.2,1000.1,46.2,399,56
2026-06-25T18:54:14.490Z,14.4,15.4,26.5,48.2,1000.1,46.2,399,55
2026-06-25T18:54:24.496Z,14.4,16.4,26.5,48.2,1000.1,46.2,399,55
2026-06-25T18:54:34.492Z,15,17,26.5,48.2,1000.1,46.2,399,57
2026-06-25T18:54:44.494Z,15,17,26.5,48.2,1000.1,46.2,399,57
2026-06-25T18:54:54.501Z,15.8,17.8,26.5,48.1,1000.1,46.2,399,58
2026-06-25T18:55:04.497Z,16,17,26.5,48.1,1000.1,46.2,398,59
2026-06-25T18:55:14.500Z,17,18,26.5,48.1,1000.1,46.3,399,61
2026-06-25T18:55:24.490Z,16.8,19.2,26.5,48.1,1000.1,46.3,399,60
2026-06-25T18:55:34.494Z,17,20,26.5,48.1,1000.1,46.3,399,61
2026-06-25T18:55:44.492Z,15,18,26.5,48.1,1000.1,46.3,399,57
2026-06-25T18:55:54.488Z,16,18,26.5,48.1,1000.1,46.3,399,59
2026-06-25T18:56:04.494Z,15.6,17.6,26.5,48.1,1000.1,46.3,399,58
2026-06-25T18:56:14.488Z,15.8,18,26.5,48.1,1000.1,46.3,399,58
2026-06-25T18:56:24.485Z,15,17,26.5,48.1,1000.1,46.4,399,57
2026-06-25T18:56:34.495Z,17,17,26.5,48.1,1000.1,46.4,399,61
2026-06-25T18:56:44.507Z,16,17,26.5,48,1000.1,46.4,398,59
2026-06-25T18:56:54.489Z,17,17.8,26.5,48,1000.1,46.4,398,61
2026-06-25T18:57:04.493Z,16,16,26.5,48,1000.1,46.4,398,59
2026-06-25T18:57:14.511Z,15.6,17,26.5,48,1000.1,46.4,398,58
2026-06-25T18:57:24.488Z,16,17.2,26.5,47.9,1000.1,46.3,398,59
2026-06-25T18:57:34.486Z,13.8,15.8,26.5,47.9,1000.1,46.3,398,54
2026-06-25T18:57:44.490Z,13.6,15.6,26.5,47.9,1000.1,46.3,398,54
2026-06-25T18:57:54.492Z,15,17,26.5,47.9,1000.1,46.3,398,57
2026-06-25T18:58:04.489Z,15,17.2,26.5,47.9,1000.1,46.3,398,57
2026-06-25T18:58:14.492Z,16.4,18.4,26.5,47.9,1000.1,46.3,398,60
2026-06-25T18:58:24.492Z,16.8,18.8,26.5,47.9,1000.1,46.3,398,60
2026-06-25T18:58:34.488Z,17,18.4,26.5,47.9,1000.1,46.3,398,61
2026-06-25T18:58:44.496Z,17.6,19,26.5,47.9,1000.1,46.3,397,62
2026-06-25T18:58:54.487Z,17.6,17.6,26.5,47.9,1000.1,46.3,397,62
2026-06-25T18:59:04.498Z,16.4,16.4,26.5,47.9,1000.1,46.4,397,60
2026-06-25T18:59:14.491Z,16,16,26.5,47.9,1000.1,46.4,397,59
2026-06-25T18:59:24.490Z,16,17,26.5,47.9,1000.1,46.4,397,59
2026-06-25T18:59:34.499Z,17,19,26.5,47.9,1000,46.4,395,61
2026-06-25T18:59:44.499Z,16.2,17.2,26.5,47.9,1000,46.5,397,59
2026-06-25T18:59:54.485Z,16.6,17.6,26.5,47.9,1000,46.5,395,60
2026-06-25T19:00:04.486Z,16.6,18.6,26.5,47.9,1000,46.5,395,60
2026-06-25T19:00:14.483Z,17,18.4,26.5,47.9,1000,46.5,397,61
2026-06-25T19:00:24.488Z,16.6,17.6,26.5,47.9,1000,46.5,397,60
2026-06-25T19:00:34.487Z,16.4,17.4,26.5,47.9,1000,46.6,397,60
2026-06-25T19:00:44.486Z,17.8,18.4,26.5,47.9,1000,46.5,398,62
2026-06-25T19:00:54.483Z,16.2,16.6,26.5,47.9,1000,46.5,399,59
2026-06-25T19:01:04.492Z,16.4,16.4,26.5,47.9,1000.1,46.5,399,60
2026-06-25T19:01:14.483Z,16.6,16.6,26.5,47.9,1000.1,46.5,399,60
2026-06-25T19:01:24.494Z,16.2,16.2,26.5,47.9,1000.1,46.5,399,59
2026-06-25T19:01:34.490Z,17.2,17.4,26.5,47.9,1000.1,46.5,399,61
2026-06-25T19:01:44.486Z,16.6,17.6,26.5,47.9,1000.1,46.5,399,60
2026-06-25T19:01:54.483Z,16.4,16.4,26.5,47.9,1000.1,46.5,399,60
2026-06-25T19:02:04.493Z,17,17,26.5,47.9,1000.1,46.5,399,61
2026-06-25T19:02:14.486Z,15.2,15.6,26.5,47.9,1000.1,46.5,399,57
2026-06-25T19:02:24.489Z,16.4,17.4,26.5,47.9,1000.1,46.6,399,60
2026-06-25T19:02:34.488Z,17,19,26.5,47.9,1000.1,46.6,399,61
2026-06-25T19:02:44.485Z,16.6,18.6,26.5,47.9,1000.1,46.6,398,60
2026-06-25T19:02:54.492Z,17,19,26.5,47.9,1000.1,46.6,398,61
2026-06-25T19:03:04.491Z,16.4,17.6,26.5,47.9,1000.1,46.6,397,60
2026-06-25T19:03:14.482Z,15,15.4,26.5,47.9,1000.1,46.6,397,57
2026-06-25T19:03:24.499Z,14.6,14.6,26.5,47.9,1000.1,46.6,397,56
2026-06-25T19:03:34.490Z,14.6,14.6,26.5,47.9,1000.1,46.6,397,56
2026-06-25T19:03:44.482Z,14.4,14.4,26.5,47.9,1000.1,46.6,397,55
2026-06-25T19:03:54.485Z,14.8,15,26.5,47.8,1000.1,46.6,397,56
2026-06-25T19:04:04.490Z,14.6,16.6,26.5,47.8,1000.1,46.6,399,56
2026-06-25T19:04:14.492Z,15.4,17.4,26.6,47.8,1000.1,46.6,399,57
2026-06-25T19:04:24.481Z,15,16,26.6,47.7,1000.1,46.6,399,57
2026-06-25T19:04:34.483Z,16,17,26.6,47.7,1000.1,46.6,399,59
2026-06-25T19:04:44.498Z,15.4,17.4,26.6,47.7,1000.1,46.6,397,57
2026-06-25T19:04:54.484Z,14.2,17.2,26.6,47.7,1000.1,46.6,398,55
2026-06-25T19:05:04.484Z,14.4,17.4,26.6,47.7,1000.1,46.6,399,55
2026-06-25T19:05:14.496Z,14.6,17.6,26.6,47.7,1000.1,46.6,398,56
2026-06-25T19:05:24.484Z,14.6,16.8,26.5,47.8,1000.1,46.6,398,56
2026-06-25T19:05:34.484Z,13.8,15.8,26.5,47.8,1000.1,46.7,398,54
2026-06-25T19:05:44.481Z,16,17.6,26.5,47.8,1000.1,46.7,398,59
2026-06-25T19:05:54.482Z,16.4,16.8,26.5,47.8,1000.1,46.7,397,60
2026-06-25T19:06:04.481Z,14.6,15.6,26.5,47.8,1000.2,46.7,397,56
2026-06-25T19:06:14.481Z,13,14.4,26.5,47.8,1000.2,46.7,397,52
2026-06-25T19:06:24.485Z,12.4,15,26.5,47.9,1000.2,46.7,398,51
2026-06-25T19:06:34.484Z,12.4,17.6,26.5,47.9,1000.2,46.7,398,51
2026-06-25T19:06:44.485Z,14,18,26.5,47.8,1000.2,46.7,398,54
2026-06-25T19:06:54.488Z,12.6,16.4,26.5,47.8,1000.2,46.7,398,52
2026-06-25T19:07:04.493Z,12.8,16.8,26.5,47.8,1000.2,46.8,398,52
2026-06-25T19:07:14.486Z,13,18,26.5,47.8,1000.2,46.8,397,52
2026-06-25T19:07:24.490Z,11.6,16.6,26.5,47.8,1000.2,46.8,398,48
2026-06-25T19:07:34.483Z,12.6,16,26.5,47.8,1000.2,46.8,397,52
2026-06-25T19:07:44.483Z,15.2,17,26.5,47.8,1000.2,46.8,397,57
2026-06-25T19:07:54.481Z,13.2,16,26.5,47.8,1000.2,46.8,398,53
2026-06-25T19:08:04.481Z,12.6,15.6,26.5,47.8,1000.2,46.8,397,52
2026-06-25T19:08:14.486Z,13.2,16.2,26.5,47.8,1000.2,46.9,397,53
2026-06-25T19:08:24.484Z,13.4,16.2,26.5,47.7,1000.2,46.9,397,53
2026-06-25T19:08:34.486Z,13.8,16.6,26.5,47.8,1000.2,46.9,397,54
2026-06-25T19:08:44.484Z,14,17.6,26.5,47.8,1000.2,46.9,397,54
2026-06-25T19:08:54.483Z,14.4,17.4,26.5,47.8,1000.2,47,397,55
2026-06-25T19:09:04.478Z,14.6,16.6,26.5,47.8,1000.2,47,398,56
2026-06-25T19:09:14.486Z,12.2,14.2,26.5,47.7,1000.2,47,397,51
2026-06-25T19:09:24.482Z,11.6,13.6,26.5,47.7,1000.2,47,398,48
2026-06-25T19:09:34.488Z,12.6,14.4,26.5,47.7,1000.2,47.1,398,52
2026-06-25T19:09:44.484Z,12,15,26.5,47.7,1000.2,47.1,398,50
2026-06-25T19:09:54.480Z,13.6,15.6,26.5,47.7,1000.2,47.1,398,54
2026-06-25T19:10:04.478Z,13.4,17,26.5,47.7,1000.2,47.1,398,53
2026-06-25T19:10:14.494Z,12.4,16.4,26.5,47.7,1000.2,47.1,399,51
2026-06-25T19:10:24.503Z,13.4,16.6,26.5,47.7,1000.2,47.1,399,53
2026-06-25T19:10:34.484Z,14.4,18,26.5,47.7,1000.2,47.2,398,55
2026-06-25T19:10:44.492Z,13.2,16,26.5,47.7,1000.2,47.2,398,53
2026-06-25T19:10:54.486Z,12.6,15.6,26.5,47.7,1000.2,47.2,398,52
2026-06-25T19:11:04.493Z,10,13,26.5,47.7,1000.2,47.2,398,41
2026-06-25T19:11:14.488Z,8,11,26.5,47.6,1000.2,47.2,398,33
2026-06-25T19:11:24.481Z,8,11,26.5,47.6,1000.2,47.2,398,33
2026-06-25T19:11:34.484Z,11.6,13.6,26.5,47.6,1000.2,47.2,398,48
2026-06-25T19:11:44.477Z,12.2,14.2,26.5,47.6,1000.2,47.2,398,51
2026-06-25T19:11:54.476Z,12,15,26.5,47.6,1000.2,47.2,397,50
2026-06-25T19:12:04.479Z,12,14.6,26.5,47.6,1000.2,47.2,397,50
2026-06-25T19:12:14.485Z,13.6,16.2,26.5,47.6,1000.2,47.2,397,54
2026-06-25T19:12:24.487Z,13.6,16.6,26.5,47.6,1000.2,47.2,397,54
2026-06-25T19:12:34.489Z,13.6,16.6,26.5,47.6,1000.2,47.2,397,54
2026-06-25T19:12:44.478Z,13.8,16.8,26.5,47.6,1000.2,47.2,397,54
2026-06-25T19:12:54.483Z,14.4,16.4,26.5,47.6,1000.2,47.2,397,55
2026-06-25T19:13:04.476Z,14.4,16.4,26.5,47.6,1000.2,47.1,397,55
2026-06-25T19:13:14.483Z,15,16.2,26.5,47.6,1000.2,47.1,397,57
2026-06-25T19:13:24.477Z,14.4,15.4,26.5,47.6,1000.2,47.1,397,55
2026-06-25T19:13:34.477Z,15.4,16.6,26.5,47.6,1000.2,47.1,397,57
2026-06-25T19:13:44.481Z,14,17,26.5,47.6,1000.2,47.1,398,54
2026-06-25T19:13:54.475Z,15,17.4,26.5,47.6,1000.2,47.2,398,57
2026-06-25T19:14:04.477Z,13,15.4,26.5,47.6,1000.2,47.1,399,52
2026-06-25T19:14:14.477Z,13.8,17.8,26.5,47.6,1000.2,47.2,399,54
2026-06-25T19:14:24.479Z,12.2,16,26.5,47.6,1000.2,47.2,399,51
2026-06-25T19:14:34.485Z,14.6,16.6,26.5,47.6,1000.2,47.2,398,56
2026-06-25T19:14:44.474Z,15.4,17.6,26.5,47.5,1000.2,47.2,398,57
2026-06-25T19:14:54.480Z,15.4,16.8,26.5,47.5,1000.2,47.2,398,57
2026-06-25T19:15:04.485Z,14.4,15.4,26.5,47.5,1000.2,47.2,398,55
2026-06-25T19:15:14.481Z,13.8,16.2,26.5,47.5,1000.2,47.2,397,54
2026-06-25T19:15:24.484Z,13,16,26.5,47.5,1000.2,47.1,398,52
2026-06-25T19:15:34.482Z,13,15,26.5,47.5,1000.2,47.1,397,52
2026-06-25T19:15:44.478Z,14,16,26.5,47.5,1000.2,47.1,397,54
2026-06-25T19:15:54.481Z,15,16.4,26.5,47.5,1000.2,47.1,397,57
2026-06-25T19:16:04.481Z,16,17,26.5,47.5,1000.2,47.1,397,59
2026-06-25T19:16:14.474Z,15.4,16.4,26.5,47.5,1000.2,47.1,397,57
2026-06-25T19:16:24.476Z,15.4,16.4,26.5,47.6,1000.2,47.1,397,57
2026-06-25T19:16:34.479Z,14.8,15.8,26.5,47.6,1000.2,47.1,397,56
2026-06-25T19:16:44.476Z,13.8,16.8,26.5,47.6,1000.2,47.1,397,54
2026-06-25T19:16:54.483Z,13,16.2,26.5,47.6,1000.2,47.1,397,52
2026-06-25T19:17:04.477Z,12.6,16.6,26.5,47.6,1000.2,47.1,398,52
2026-06-25T19:17:14.480Z,14,18,26.5,47.6,1000.2,47,398,54
2026-06-25T19:17:24.473Z,13,17.6,26.6,47.6,1000.2,47.1,399,52
2026-06-25T19:17:34.475Z,11.8,16.8,26.5,47.6,1000.2,47.1,399,49
2026-06-25T19:17:44.479Z,11.8,16.8,26.5,47.6,1000.2,47.1,399,49
2026-06-25T19:17:54.490Z,12.4,16.4,26.5,47.6,1000.2,47.1,399,51
2026-06-25T19:18:04.474Z,13,16.2,26.5,47.6,1000.2,47.1,399,52
2026-06-25T19:18:14.476Z,13.6,16.6,26.5,47.6,1000.2,47.1,399,54
2026-06-25T19:18:24.477Z,15.6,16.6,26.5,47.6,1000.2,47.1,399,58
2026-06-25T19:18:34.475Z,14.8,15.8,26.5,47.6,1000.2,47.1,399,56
2026-06-25T19:18:44.472Z,15.6,16.6,26.5,47.6,1000.2,47.2,399,58
2026-06-25T19:18:54.482Z,14.4,15.4,26.5,47.6,1000.2,47.2,399,55
2026-06-25T19:19:04.475Z,15,16,26.5,47.6,1000.2,47.2,399,57
2026-06-25T19:19:14.481Z,15,16,26.5,47.6,1000.2,47.2,397,57
2026-06-25T19:19:24.484Z,13.4,14.4,26.5,47.6,1000.2,47.2,397,53
2026-06-25T19:19:34.476Z,12,14.8,26.5,47.6,1000.2,47.2,396,50
2026-06-25T19:19:44.485Z,11,13,26.5,47.6,1000.2,47.2,398,45
2026-06-25T19:19:54.473Z,13,15.4,26.5,47.6,1000.2,47.2,398,52
2026-06-25T19:20:04.550Z,13.8,15.8,26.5,47.6,1000.2,47.2,398,54
2026-06-25T19:20:14.474Z,13.4,15.4,26.5,47.6,1000.2,47.2,396,53
2026-06-25T19:20:24.481Z,12.4,15.4,26.5,47.6,1000.2,47.2,398,51
2026-06-25T19:20:34.475Z,13.6,16.6,26.5,47.6,1000.2,47.2,396,54
2026-06-25T19:20:44.478Z,14.6,16.6,26.5,47.6,1000.2,47.2,395,56
2026-06-25T19:20:54.475Z,16,17,26.5,47.6,1000.2,47.2,396,59
2026-06-25T19:21:04.480Z,14.8,15.8,26.5,47.6,1000.2,47.2,395,56
2026-06-25T19:21:14.475Z,13.6,15,26.5,47.6,1000.2,47.2,395,54
2026-06-25T19:21:24.482Z,13.4,15.8,26.5,47.6,1000.2,47.2,398,53
2026-06-25T19:21:34.472Z,15,17.8,26.5,47.6,1000.2,47.3,398,57
2026-06-25T19:21:44.471Z,12.6,16,26.5,47.6,1000.2,47.3,397,52
2026-06-25T19:21:54.472Z,13.2,16.4,26.5,47.6,1000.2,47.3,400,53
2026-06-25T19:22:04.477Z,13.2,16.2,26.5,47.6,1000.2,47.3,400,53
2026-06-25T19:22:14.472Z,13.2,15.4,26.5,47.6,1000.2,47.3,397,53
2026-06-25T19:22:24.471Z,13.6,14.6,26.5,47.6,1000.2,47.3,397,54
2026-06-25T19:22:34.471Z,13.2,14.2,26.5,47.6,1000.2,47.4,397,53
2026-06-25T19:22:44.485Z,12.2,14,26.5,47.6,1000.2,47.3,397,51
2026-06-25T19:22:54.471Z,13,15,26.5,47.6,1000.2,47.3,397,52
2026-06-25T19:23:04.472Z,12,14,26.5,47.6,1000.1,47.3,397,50
2026-06-25T19:23:14.479Z,13,15,26.5,47.6,1000.1,47.3,397,52
2026-06-25T19:23:24.475Z,11.8,13.8,26.5,47.6,1000.1,47.3,397,49
2026-06-25T19:23:34.476Z,12.8,14.8,26.5,47.6,1000.1,47.3,397,52
2026-06-25T19:23:44.487Z,13,15,26.5,47.5,1000.1,47.3,397,52
2026-06-25T19:23:54.472Z,13.2,15,26.5,47.5,1000.1,47.4,397,53
2026-06-25T19:24:04.478Z,11.2,15.4,26.5,47.5,1000.1,47.4,397,46
2026-06-25T19:24:14.472Z,13,17,26.5,47.5,1000.1,47.4,398,52
2026-06-25T19:24:24.474Z,12.6,16.6,26.5,47.5,1000.1,47.4,398,52
2026-06-25T19:24:34.476Z,11.4,15.6,26.5,47.5,1000.1,47.4,397,47
2026-06-25T19:24:44.472Z,11.4,15.4,26.4,47.5,1000.1,47.5,398,47
2026-06-25T19:24:54.476Z,9.6,13.6,26.4,47.5,1000.1,47.5,397,40
2026-06-25T19:25:04.471Z,10.2,12.2,26.4,47.5,1000.1,47.5,397,42
2026-06-25T19:25:14.477Z,8.4,11,26.4,47.5,1000.1,47.6,398,34
2026-06-25T19:25:24.471Z,9,13.2,26.4,47.5,1000.1,47.6,398,37
2026-06-25T19:25:34.473Z,8,14,26.4,47.5,1000.1,47.6,398,33
2026-06-25T19:25:44.470Z,7.6,13.6,26.4,47.5,1000.1,47.6,398,31
2026-06-25T19:25:54.469Z,8,13.8,26.4,47.5,1000.1,47.6,398,33
2026-06-25T19:26:04.471Z,10.2,14.2,26.4,47.5,1000.1,47.6,397,42
2026-06-25T19:26:14.472Z,10.6,13.6,26.4,47.4,1000.1,47.6,397,44
2026-06-25T19:26:24.474Z,11,13,26.4,47.4,1000.1,47.6,398,45
2026-06-25T19:26:34.473Z,9.8,12.4,26.4,47.4,1000.1,47.7,398,40
2026-06-25T19:26:44.477Z,9.8,13.4,26.4,47.5,1000.1,47.7,398,40
2026-06-25T19:26:54.481Z,12,14.6,26.4,47.5,1000.1,47.7,398,50
2026-06-25T19:27:04.474Z,11.4,13.4,26.4,47.5,1000.1,47.7,398,47
2026-06-25T19:27:14.468Z,12,14,26.4,47.5,1000.1,47.7,398,50
2026-06-25T19:27:24.475Z,12.8,16,26.4,47.5,1000.1,47.7,398,52
2026-06-25T19:27:34.468Z,13,16,26.4,47.5,1000.1,47.7,398,52
2026-06-25T19:27:44.473Z,12,15,26.4,47.5,1000.1,47.7,398,50
2026-06-25T19:27:54.469Z,12,14.8,26.4,47.5,1000.1,47.7,398,50
2026-06-25T19:28:04.477Z,11.8,14.6,26.4,47.5,1000.1,47.7,398,49
2026-06-25T19:28:14.492Z,11.6,14.6,26.4,47.5,1000.1,47.7,398,48
2026-06-25T19:28:24.483Z,11.2,15.2,26.4,47.5,1000.1,47.7,398,46
2026-06-25T19:28:34.474Z,13,16.4,26.4,47.5,1000.1,47.7,398,52
2026-06-25T19:28:44.474Z,13.2,15.4,26.4,47.5,1000.1,47.8,397,53
2026-06-25T19:28:54.472Z,14.2,16.4,26.4,47.5,1000.1,47.8,397,55
2026-06-25T19:29:04.484Z,14.8,17,26.4,47.5,1000.1,47.8,397,56
2026-06-25T19:29:14.470Z,12.4,14.4,26.4,47.5,1000.1,47.8,397,51
2026-06-25T19:29:24.470Z,10.8,12.6,26.4,47.5,1000.1,47.8,397,45
2026-06-25T19:29:34.494Z,12,13,26.4,47.5,1000.1,47.8,397,50
2026-06-25T19:29:44.466Z,12.6,14,26.4,47.5,1000.1,47.8,397,52
2026-06-25T19:29:54.465Z,12.4,14.4,26.4,47.4,1000.1,47.8,397,51
2026-06-25T19:30:04.477Z,13,15.8,26.4,47.4,1000.1,47.8,397,52
2026-06-25T19:30:14.476Z,12.4,18,26.4,47.3,1000.1,47.8,397,51
2026-06-25T19:30:24.475Z,13.2,18.4,26.5,47.3,1000.1,47.7,397,53
2026-06-25T19:30:34.465Z,14,17,26.5,47.3,1000.1,47.7,397,54
2026-06-25T19:30:44.467Z,13.2,16.4,26.5,47.3,1000.1,47.7,397,53
2026-06-25T19:30:54.475Z,11,15.8,26.5,47.3,1000.1,47.6,398,45
2026-06-25T19:31:04.468Z,9.4,14.4,26.5,47.3,1000.1,47.6,398,39
2026-06-25T19:31:14.467Z,9.8,14.4,26.5,47.3,1000.1,47.6,398,40
2026-06-25T19:31:24.476Z,9.6,13.8,26.5,47.3,1000.1,47.6,398,40
2026-06-25T19:31:34.474Z,11,13.4,26.5,47.3,1000.1,47.6,397,45
2026-06-25T19:31:44.472Z,11.6,13.4,26.5,47.3,1000.1,47.6,397,48
2026-06-25T19:31:54.475Z,11.6,13.6,26.5,47.3,1000.1,47.6,398,48
2026-06-25T19:32:04.473Z,11.6,14.6,26.5,47.3,1000.1,47.6,397,48
2026-06-25T19:32:14.474Z,11.4,14.6,26.5,47.3,1000.1,47.6,398,47
2026-06-25T19:32:24.476Z,11.2,14.8,26.5,47.2,1000.1,47.6,398,46
2026-06-25T19:32:34.464Z,13,16,26.5,47.2,1000.1,47.6,398,52
2026-06-25T19:32:44.467Z,11.6,14.6,26.5,47.2,1000.1,47.6,398,48
2026-06-25T19:32:54.471Z,10.8,13.8,26.5,47.2,1000.1,47.6,398,45
2026-06-25T19:33:04.470Z,10.4,12.8,26.5,47.2,1000.1,47.5,398,43
2026-06-25T19:33:14.472Z,10.2,11.2,26.5,47.2,1000.1,47.5,399,42
2026-06-25T19:33:24.477Z,9.2,10.6,26.6,47.2,1000.1,47.5,399,38
2026-06-25T19:33:34.466Z,8,11,26.6,47.2,1000.1,47.5,399,33
2026-06-25T19:33:44.472Z,8.6,11,26.6,47.2,1000.1,47.5,399,35
2026-06-25T19:33:54.465Z,10.8,11.8,26.5,47.2,1000.1,47.5,399,45
2026-06-25T19:34:04.472Z,11,12,26.5,47.2,1000.1,47.6,399,45
2026-06-25T19:34:14.468Z,10.8,11.8,26.5,47.2,1000.1,47.6,399,45
2026-06-25T19:34:24.468Z,12.2,13.4,26.5,47.3,1000.1,47.7,399,51
2026-06-25T19:34:34.463Z,13,15,26.5,47.3,1000.1,47.7,398,52
2026-06-25T19:34:44.474Z,12.6,14.6,26.5,47.3,1000.1,47.7,398,52
2026-06-25T19:34:54.465Z,11.6,14.6,26.5,47.3,1000.1,47.7,398,48
2026-06-25T19:35:04.465Z,10.4,13.4,26.5,47.3,1000.1,47.7,397,43
2026-06-25T19:35:14.467Z,10.8,14.8,26.5,47.3,1000.1,47.7,396,45
2026-06-25T19:35:24.469Z,8,12,26.5,47.3,1000.1,47.7,396,33
2026-06-25T19:35:34.473Z,10,13,26.5,47.3,1000.1,47.7,395,41
2026-06-25T19:35:44.467Z,9.8,12.8,26.5,47.2,1000.1,47.7,395,40
2026-06-25T19:35:54.471Z,7.8,10.2,26.5,47.2,1000.2,47.7,395,32
2026-06-25T19:36:04.465Z,8.6,10.4,26.5,47.2,1000.2,47.7,395,35
2026-06-25T19:36:14.472Z,9,11,26.5,47.2,1000.2,47.6,395,37
2026-06-25T19:36:24.471Z,9,11,26.5,47.2,1000.2,47.7,395,37
2026-06-25T19:36:34.463Z,10,13,26.5,47.2,1000.2,47.7,395,41
2026-06-25T19:36:44.480Z,9,12.8,26.5,47.2,1000.2,47.8,396,37
2026-06-25T19:36:54.474Z,9.8,12.8,26.5,47.2,1000.2,47.8,395,40
2026-06-25T19:37:04.465Z,8,10.4,26.5,47.2,1000.2,47.9,396,33
2026-06-25T19:37:14.463Z,10.4,11.4,26.5,47.3,1000.2,48,398,43
2026-06-25T19:37:24.464Z,9.4,11.4,26.4,47.3,1000.2,48.1,398,39
2026-06-25T19:37:34.474Z,9.6,11,26.4,47.3,1000.1,48.1,398,40
2026-06-25T19:37:44.473Z,8.6,9.8,26.4,47.4,1000.1,48.2,398,35
2026-06-25T19:37:54.462Z,9,10.4,26.4,47.4,1000.1,48.3,396,37
2026-06-25T19:38:04.467Z,7.2,9.2,26.4,47.4,1000.1,48.3,396,29
2026-06-25T19:38:14.461Z,8.6,10.6,26.3,47.4,1000.1,48.4,396,35
2026-06-25T19:38:24.476Z,8.6,11.6,26.3,47.5,1000.1,48.4,396,35
2026-06-25T19:38:34.469Z,8.4,10.4,26.3,47.5,1000.1,48.5,396,34
2026-06-25T19:38:44.462Z,10,11,26.3,47.5,1000.1,48.6,396,41
2026-06-25T19:38:54.462Z,8.6,10,26.3,47.5,1000.1,48.6,396,35
2026-06-25T19:39:04.463Z,9.6,10.6,26.3,47.6,1000.1,48.6,395,40
2026-06-25T19:39:14.471Z,9.8,11.2,26.3,47.6,1000.1,48.7,395,40
2026-06-25T19:39:24.461Z,9,13,26.2,47.6,1000.1,48.7,395,37
2026-06-25T19:39:34.467Z,10,15,26.2,47.6,1000.1,48.8,395,41
2026-06-25T19:39:44.467Z,8.6,13.6,26.2,47.7,1000.1,48.8,395,35
2026-06-25T19:39:54.467Z,8,12.4,26.2,47.7,1000.1,48.9,395,33
2026-06-25T19:40:04.467Z,9,12,26.2,47.8,1000.1,48.9,395,37
2026-06-25T19:40:14.466Z,10.6,12.6,26.2,47.8,1000.1,49,395,44
2026-06-25T19:40:24.464Z,10.4,13,26.2,47.8,1000.1,49,395,43
2026-06-25T19:40:34.466Z,8.4,12.2,26.1,47.9,1000.1,49,395,34
2026-06-25T19:40:44.462Z,9.2,12.6,26.1,47.9,1000.1,49,395,38
2026-06-25T19:40:54.464Z,10.4,13.4,26.1,47.9,1000.1,49,394,43
2026-06-25T19:41:04.460Z,7.6,12,26.1,47.9,1000.1,49,395,31
2026-06-25T19:41:14.463Z,8.2,11.6,26.1,47.9,1000.1,49,394,34
2026-06-25T19:41:24.462Z,8.6,10.4,26.1,47.9,1000.1,49,394,35
2026-06-25T19:41:34.465Z,9.8,10,26.1,47.9,1000,49,394,40
2026-06-25T19:41:44.463Z,9.8,9.8,26.1,47.9,1000,49.1,394,40
2026-06-25T19:41:54.464Z,8.6,10,26.1,47.9,1000,49.1,394,35
2026-06-25T19:42:04.483Z,7.6,9.6,26.1,47.9,1000,49.1,396,31
2026-06-25T19:42:14.472Z,8.2,10.2,26.1,47.9,1000,49.1,395,34
2026-06-25T19:42:24.468Z,8,10,26.1,48,1000,49.1,395,33
2026-06-25T19:42:34.463Z,8.6,9.6,26.1,48,1000,49.2,395,35
2026-06-25T19:42:44.476Z,10.2,11.2,26.1,48,1000,49.2,395,42
2026-06-25T19:42:54.467Z,13,13.2,26.1,48,1000,49.2,395,52
2026-06-25T19:43:04.472Z,13.6,13.6,26.1,48,1000,49.3,395,54
2026-06-25T19:43:14.463Z,12.2,12.4,26.1,48,1000,49.3,395,51
2026-06-25T19:43:24.463Z,11.2,13.4,26,48,1000,49.3,395,46
2026-06-25T19:43:34.461Z,11,13,26,48,1000,49.3,395,45
2026-06-25T19:43:44.459Z,10,12,26,48,1000,49.4,395,41
2026-06-25T19:43:54.466Z,9.6,10.2,26,48,1000,49.4,395,40
2026-06-25T19:44:04.465Z,9.6,10.6,26,48,1000,49.4,395,40
2026-06-25T19:44:14.460Z,8.4,9.6,26,48,1000,49.4,394,34
2026-06-25T19:44:24.460Z,10.4,11.4,26,48,1000,49.5,395,43
2026-06-25T19:44:34.460Z,10,11,26,48,1000,49.5,394,41
2026-06-25T19:44:44.467Z,11.6,12.6,26,48,1000,49.5,394,48
2026-06-25T19:44:54.462Z,11.6,12.6,26,48,1000,49.6,394,48
2026-06-25T19:45:04.467Z,10,11,26,48,1000,49.6,394,41
2026-06-25T19:45:14.458Z,9.2,10.2,26,48,1000,49.6,394,38
2026-06-25T19:45:24.460Z,7,8.2,26,48,1000,49.7,394,29
2026-06-25T19:45:34.458Z,6.6,8.6,26,48.1,1000,49.7,394,27
2026-06-25T19:45:44.460Z,9,10.2,26,48.1,1000,49.7,394,37
2026-06-25T19:45:54.459Z,8.4,9.4,25.9,48.1,1000,49.7,394,34
2026-06-25T19:46:04.461Z,9.2,9.2,25.9,48.1,1000,49.7,396,38
2026-06-25T19:46:14.463Z,8,8,25.9,48.1,1000,49.7,396,33
2026-06-25T19:46:24.465Z,8.4,8.4,25.9,48.1,1000,49.7,396,34
2026-06-25T19:46:34.456Z,7.8,8.8,25.9,48.1,1000,49.7,396,32
2026-06-25T19:46:44.461Z,8.4,8.6,25.9,48.1,1000,49.7,396,34
2026-06-25T19:46:54.466Z,6.6,8.4,25.9,48.1,1000,49.7,396,27
2026-06-25T19:47:04.459Z,8.8,10,25.9,48.1,1000,49.7,397,36
2026-06-25T19:47:14.474Z,6.4,7.4,26,48.1,1000,49.7,396,26
2026-06-25T19:47:24.460Z,6.8,7.6,26,48.1,1000,49.6,396,28
2026-06-25T19:47:34.457Z,9,9.2,26,48,1000,49.6,396,37
2026-06-25T19:47:44.459Z,8.8,10.4,26,48,1000,49.6,396,36
2026-06-25T19:47:54.467Z,8.4,10,26,48,1000.1,49.5,394,34
2026-06-25T19:48:04.461Z,9.6,10.6,26,48,1000.1,49.5,394,40
2026-06-25T19:48:14.458Z,9.8,11.8,26,47.9,1000.1,49.4,394,40
2026-06-25T19:48:24.454Z,7.4,10.8,26,47.9,1000.1,49.4,394,30
2026-06-25T19:48:34.473Z,7.6,10.2,26.1,47.9,1000.1,49.3,394,31
2026-06-25T19:48:44.454Z,9,12.4,26.1,47.9,1000.1,49.3,394,37
2026-06-25T19:48:54.460Z,10.2,14.6,26.1,47.9,1000.1,49.3,394,42
2026-06-25T19:49:04.458Z,10.6,14.6,26.1,47.9,1000.1,49.3,394,44
2026-06-25T19:49:14.460Z,11,14.6,26.1,47.8,1000.1,49.3,394,45
2026-06-25T19:49:24.462Z,9.2,12.2,26.1,47.8,1000.1,49.3,394,38
2026-06-25T19:49:34.456Z,8.4,11.4,26.1,47.8,1000.1,49.3,394,34
2026-06-25T19:49:44.473Z,9.6,11.6,26.1,47.8,1000.1,49.3,394,40
2026-06-25T19:49:54.455Z,8.4,11.4,26.1,47.8,1000.1,49.3,394,34
2026-06-25T19:50:04.463Z,9.8,11.8,26.1,47.8,1000.2,49.3,394,40
2026-06-25T19:50:14.474Z,10.2,12.2,26.1,47.8,1000.2,49.2,394,42
2026-06-25T19:50:24.458Z,11,14.8,26.1,47.8,1000.2,49.2,394,45
2026-06-25T19:50:34.459Z,9,14,26.1,47.8,1000.2,49.2,394,37
2026-06-25T19:50:44.468Z,8,13,26.1,47.8,1000.2,49.2,394,33
2026-06-25T19:50:54.455Z,8.2,14,26.1,47.8,1000.2,49.2,394,34
2026-06-25T19:51:04.455Z,6.4,12.2,26.1,47.8,1000.2,49.2,395,26
2026-06-25T19:51:14.455Z,5.4,9,26.1,47.8,1000.2,49.1,395,24
2026-06-25T19:51:24.459Z,5.6,8.4,26.1,47.8,1000.3,49.1,394,24
2026-06-25T19:51:34.460Z,7.6,9.6,26.1,47.8,1000.3,49.1,394,31
2026-06-25T19:51:44.460Z,8.8,12,26.1,47.8,1000.3,49.1,394,36
2026-06-25T19:51:54.465Z,10.6,13.6,26.1,47.8,1000.3,49.1,394,44
2026-06-25T19:52:04.458Z,10.8,13.8,26.1,47.8,1000.3,49.1,394,45
2026-06-25T19:52:14.521Z,10.6,12.8,26.1,47.8,1000.3,49.1,394,44
2026-06-25T19:52:24.455Z,10.6,12.6,26.1,47.8,1000.3,49.1,394,44
2026-06-25T19:52:34.462Z,11.4,14,26.1,47.8,1000.3,49.2,394,47
2026-06-25T19:52:44.460Z,13,15.8,26.1,47.8,1000.3,49.2,394,52
2026-06-25T19:52:54.464Z,13.6,15.6,26.1,47.8,1000.4,49.2,394,54
2026-06-25T19:53:04.457Z,12.8,14.8,26.1,47.8,1000.4,49.2,394,52
2026-06-25T19:53:14.469Z,12.8,14,26.1,47.9,1000.4,49.2,394,52
2026-06-25T19:53:24.456Z,11.6,14,26.1,47.9,1000.4,49.2,394,48
2026-06-25T19:53:34.459Z,10.8,14.8,26.1,47.9,1000.4,49.2,394,45
2026-06-25T19:53:44.451Z,10,13.4,26.1,47.9,1000.4,49.2,394,41
2026-06-25T19:53:54.462Z,10,14,26.1,47.9,1000.4,49.1,394,41
2026-06-25T19:54:04.459Z,9,13.4,26.1,47.9,1000.4,49.1,394,37
2026-06-25T19:54:14.458Z,7.4,10.4,26.1,47.9,1000.4,49.1,394,30
2026-06-25T19:54:24.463Z,7.6,10.2,26.1,47.9,1000.4,49.1,394,31
2026-06-25T19:54:34.454Z,8.4,9,26.1,47.9,1000.4,49,394,34
2026-06-25T19:54:44.454Z,8,10.8,26.1,47.9,1000.4,49,394,33
2026-06-25T19:54:54.455Z,7.2,9.4,26.1,47.9,1000.4,49,394,29
2026-06-25T19:55:04.452Z,7.8,8.6,26.1,48,1000.4,49,394,32
2026-06-25T19:55:14.454Z,7,7,26.1,47.9,1000.4,49,394,29
2026-06-25T19:55:24.454Z,8.6,8.6,26.1,47.9,1000.4,49,393,35
2026-06-25T19:55:34.452Z,8.6,8.6,26.1,48,1000.5,49,393,35
2026-06-25T19:55:44.452Z,9,9,26.1,48,1000.5,49,394,37
2026-06-25T19:55:54.449Z,11.4,11.4,26.1,48,1000.5,49,394,47
2026-06-25T19:56:04.451Z,11.2,11.2,26.1,48,1000.5,49,394,46
2026-06-25T19:56:14.457Z,10,10,26.1,48,1000.5,48.9,394,41
2026-06-25T19:56:24.467Z,9,10,26.1,47.9,1000.4,48.9,394,37
2026-06-25T19:56:34.454Z,7,7.4,26.1,47.9,1000.4,48.9,394,29
2026-06-25T19:56:44.463Z,8.2,8.8,26.1,47.9,1000.4,48.9,394,34
2026-06-25T19:56:54.465Z,9.4,10.2,26.1,47.9,1000.4,48.9,394,39
2026-06-25T19:57:04.453Z,8.8,10.4,26.1,47.9,1000.4,48.9,393,36
2026-06-25T19:57:14.453Z,7.6,9.8,26.1,47.8,1000.4,48.9,394,31
2026-06-25T19:57:24.456Z,7.2,8.2,26.1,47.8,1000.4,48.9,394,29
2026-06-25T19:57:34.450Z,8.8,8.8,26.1,47.9,1000.4,48.9,394,36
2026-06-25T19:57:44.463Z,8.6,8.6,26.1,47.9,1000.4,49,395,35
2026-06-25T19:57:54.453Z,7,9,26.1,47.9,1000.4,49,395,29
2026-06-25T19:58:04.449Z,9,11.4,26.1,47.9,1000.4,49,394,37
2026-06-25T19:58:14.466Z,8.6,12.6,26.1,48,1000.4,49,394,35
2026-06-25T19:58:24.452Z,8,12,26.1,48,1000.4,49,394,33
2026-06-25T19:58:34.444Z,9,13,26.1,48,1000.4,49,394,37
2026-06-25T19:58:44.453Z,9,12,26.1,48,1000.4,49,394,37
2026-06-25T19:58:54.446Z,7,9,26.1,48.1,1000.4,49,394,29
2026-06-25T19:59:04.448Z,7.6,8.6,26.1,48.1,1000.4,49,394,31
2026-06-25T19:59:14.446Z,7,9,26.1,48.2,1000.4,49,394,29
2026-06-25T19:59:24.451Z,6.8,8.6,26.1,48.2,1000.4,49,394,28
2026-06-25T19:59:34.445Z,9.4,10.8,26.1,48.3,1000.4,49,394,39
2026-06-25T19:59:44.446Z,10.4,11.4,26.1,48.3,1000.4,49,394,43
2026-06-25T19:59:54.450Z,9.2,11.8,26.1,48.3,1000.4,49,394,38
2026-06-25T20:00:04.450Z,9.2,11.2,26.1,48.4,1000.4,48.9,394,38
2026-06-25T20:00:14.459Z,8.4,12.4,26.1,48.4,1000.4,48.9,394,34
2026-06-25T20:00:24.449Z,8,12,26.1,48.4,1000.4,48.9,393,33
2026-06-25T20:00:34.453Z,6.6,10.6,26.1,48.4,1000.4,48.9,393,27
2026-06-25T20:00:44.443Z,7.4,9.6,26.1,48.4,1000.4,48.8,393,30
2026-06-25T20:00:54.450Z,8,8.4,26.1,48.5,1000.4,48.8,391,33
2026-06-25T20:01:04.454Z,9.6,10.8,26.1,48.5,1000.4,48.8,391,40
2026-06-25T20:01:14.446Z,9.6,11.6,26.1,48.6,1000.5,48.8,391,40
2026-06-25T20:01:24.448Z,9.4,11.2,26.1,48.6,1000.5,48.8,390,39
2026-06-25T20:01:34.449Z,8.4,10.6,26.1,48.6,1000.5,48.8,391,34
2026-06-25T20:01:44.452Z,7,9.2,26.1,48.6,1000.5,48.8,391,29
2026-06-25T20:01:54.446Z,7.2,8.2,26.1,48.7,1000.5,48.8,391,29
2026-06-25T20:02:04.466Z,8,10,26.1,48.7,1000.5,48.7,391,33
2026-06-25T20:02:14.448Z,7,9,26.1,48.7,1000.5,48.7,391,29
2026-06-25T20:02:24.462Z,6.6,10.6,26.1,48.7,1000.5,48.7,391,27
2026-06-25T20:02:34.455Z,7.2,10.2,26.1,48.7,1000.5,48.7,391,29
2026-06-25T20:02:44.445Z,8.6,11.6,26.1,48.7,1000.5,48.7,393,35
2026-06-25T20:02:54.448Z,9,11.4,26.1,48.8,1000.5,48.7,393,37
2026-06-25T20:03:04.446Z,8.4,10,26.1,48.8,1000.5,48.7,393,34
2026-06-25T20:03:14.455Z,9.6,9.6,26.1,48.8,1000.5,48.6,393,40
2026-06-25T20:03:24.450Z,10.6,11.8,26.1,48.8,1000.5,48.6,393,44
2026-06-25T20:03:34.442Z,10.2,11.2,26.1,48.8,1000.5,48.6,393,42
2026-06-25T20:03:44.442Z,10,11.2,26.1,48.8,1000.5,48.6,393,41
2026-06-25T20:03:54.454Z,8.4,9.4,26.1,48.8,1000.5,48.6,393,34
2026-06-25T20:04:04.438Z,9,9,26.1,48.8,1000.5,48.5,393,37
2026-06-25T20:04:14.441Z,9.2,10.2,26.1,48.8,1000.5,48.5,393,38
2026-06-25T20:04:24.446Z,10.2,11.2,26.2,48.8,1000.5,48.5,393,42
2026-06-25T20:04:34.446Z,9,9.8,26.2,48.8,1000.5,48.5,393,37
2026-06-25T20:04:44.438Z,6.4,7.8,26.2,48.8,1000.5,48.5,393,26
2026-06-25T20:04:54.451Z,8.4,8.6,26.2,48.8,1000.5,48.5,393,34
2026-06-25T20:05:04.442Z,7.4,7.8,26.2,48.9,1000.5,48.5,393,30
2026-06-25T20:05:14.441Z,7,9.4,26.2,48.9,1000.5,48.5,393,29
2026-06-25T20:05:24.442Z,7.8,10.4,26.2,48.9,1000.5,48.4,391,32
2026-06-25T20:05:34.456Z,9,12,26.2,48.9,1000.5,48.4,393,37
2026-06-25T20:05:44.447Z,8.8,12.2,26.2,48.9,1000.5,48.4,391,36
2026-06-25T20:05:54.455Z,7.2,11.2,26.2,48.9,1000.5,48.4,393,29
2026-06-25T20:06:04.446Z,7.8,10.4,26.2,48.9,1000.5,48.5,393,32
2026-06-25T20:06:14.438Z,7.4,9.4,26.2,48.9,1000.5,48.5,391,30
2026-06-25T20:06:24.450Z,6.8,9.6,26.2,49,1000.5,48.5,391,28
2026-06-25T20:06:34.441Z,7.6,9.8,26.2,49,1000.5,48.5,391,31
2026-06-25T20:06:44.441Z,9.8,12.8,26.2,49,1000.5,48.5,391,40
2026-06-25T20:06:54.445Z,8.8,11.8,26.2,49,1000.5,48.5,391,36
2026-06-25T20:07:04.449Z,6.6,8.8,26.2,49,1000.5,48.5,391,27
2026-06-25T20:07:14.443Z,8,8,26.2,49,1000.5,48.5,391,33
2026-06-25T20:07:24.444Z,8.8,9.4,26.2,49,1000.5,48.5,391,36
2026-06-25T20:07:34.462Z,8,10.4,26.2,49,1000.5,48.5,391,33
2026-06-25T20:07:44.448Z,8.6,11.6,26.2,49,1000.5,48.6,391,35
2026-06-25T20:07:54.444Z,7.8,9.2,26.2,49,1000.5,48.6,391,32
2026-06-25T20:08:04.443Z,8.4,9.4,26.2,49,1000.5,48.6,391,34
2026-06-25T20:08:14.455Z,8.6,10.2,26.2,49,1000.5,48.6,391,35
2026-06-25T20:08:24.449Z,8.2,9.2,26.2,49,1000.4,48.6,391,34
2026-06-25T20:08:34.447Z,7.4,7.4,26.2,49,1000.4,48.6,391,30
2026-06-25T20:08:44.450Z,9.6,9.6,26.2,49,1000.4,48.6,391,40
2026-06-25T20:08:54.451Z,11,11,26.2,49,1000.4,48.6,392,45
2026-06-25T20:09:04.456Z,7.8,8.4,26.2,49,1000.4,48.6,391,32
2026-06-25T20:09:14.451Z,8.4,9.8,26.2,49,1000.4,48.6,391,34
2026-06-25T20:09:24.455Z,9.4,10.4,26.2,49,1000.4,48.7,392,39
2026-06-25T20:09:34.444Z,10.6,12,26.2,49,1000.4,48.7,391,44
2026-06-25T20:09:44.443Z,9.8,12.4,26.2,49,1000.4,48.7,391,40
2026-06-25T20:09:54.493Z,9.4,13.2,26.1,49,1000.4,48.7,392,39
2026-06-25T20:10:04.532Z,9,13,26.1,49,1000.4,48.8,391,37
2026-06-25T20:10:14.445Z,10.6,13.2,26.1,49,1000.4,48.8,391,44
2026-06-25T20:10:24.495Z,8.4,10.4,26.1,49,1000.4,48.8,391,34
2026-06-25T20:10:34.531Z,8.2,12.2,26.1,49.1,1000.4,48.9,391,34
2026-06-25T20:10:44.452Z,9.4,12.8,26.1,49.1,1000.4,48.9,391,39
2026-06-25T20:10:54.506Z,9.6,12.8,26.1,49.1,1000.4,49,393,40
2026-06-25T20:11:04.437Z,9.6,12.8,26.1,49.1,1000.4,49,393,40
2026-06-25T20:11:14.471Z,11,14.2,26.1,49.1,1000.4,49,393,45
2026-06-25T20:11:24.511Z,10.6,14.6,26.1,49.2,1000.3,49,393,44
2026-06-25T20:11:34.439Z,10.4,14.4,26.1,49.2,1000.3,49.1,393,43
2026-06-25T20:11:44.445Z,8.2,12.8,26,49.2,1000.3,49.1,393,34
2026-06-25T20:11:54.441Z,7.2,11.8,26,49.2,1000.3,49.1,393,29
2026-06-25T20:12:04.440Z,6.2,10.4,26,49.2,1000.3,49.2,393,25
2026-06-25T20:12:14.475Z,7.4,8.4,26,49.2,1000.3,49.2,394,30
2026-06-25T20:12:24.446Z,7.6,8.6,26,49.3,1000.3,49.2,394,31
2026-06-25T20:12:34.451Z,6.8,9.6,26,49.3,1000.3,49.2,394,28
2026-06-25T20:12:44.483Z,8.6,10.2,26,49.3,1000.3,49.2,393,35
2026-06-25T20:12:54.528Z,7.6,7.6,26,49.3,1000.3,49.2,393,31
2026-06-25T20:13:04.458Z,8,8,26,49.3,1000.3,49.2,393,33
2026-06-25T20:13:14.581Z,7,8.2,26,49.3,1000.3,49.2,393,29
2026-06-25T20:13:24.524Z,8.4,8.4,26,49.3,1000.3,49.2,393,34
2026-06-25T20:13:34.452Z,8.8,9.2,26,49.3,1000.3,49.2,393,36
2026-06-25T20:13:44.489Z,6.6,8.6,26,49.2,1000.3,49.2,393,27
2026-06-25T20:13:54.435Z,6.6,10.4,26,49.2,1000.3,49.2,393,27
2026-06-25T20:14:04.456Z,8,11,26,49.2,1000.2,49.2,393,33
2026-06-25T20:14:14.497Z,6,8.2,26,49.2,1000.2,49.2,393,25
2026-06-25T20:14:24.438Z,6.4,7.4,26,49.3,1000.2,49.2,393,26
2026-06-25T20:14:34.472Z,7.6,9.2,26,49.3,1000.2,49.2,393,31
2026-06-25T20:14:44.462Z,7.2,9.4,26,49.3,1000.2,49.2,393,29
2026-06-25T20:14:54.436Z,9,11,26,49.3,1000.2,49.2,393,37
2026-06-25T20:15:04.470Z,8.6,10.6,26,49.3,1000.2,49.3,391,35
2026-06-25T20:15:14.437Z,7.2,9.2,26,49.3,1000.2,49.3,391,29
2026-06-25T20:15:24.544Z,8,8.8,26,49.3,1000.2,49.3,391,33
2026-06-25T20:15:34.466Z,9,10.2,26,49.3,1000.2,49.3,391,37
2026-06-25T20:15:44.508Z,6.2,10.2,26,49.3,1000.2,49.3,391,25
2026-06-25T20:15:54.538Z,8.8,11.8,26,49.4,1000.2,49.3,391,36
2026-06-25T20:16:04.474Z,10.6,13.8,26,49.4,1000.2,49.3,391,44
2026-06-25T20:16:14.505Z,9,13.8,26,49.4,1000.2,49.3,391,37
2026-06-25T20:16:24.443Z,8.4,12.4,26,49.4,1000.2,49.3,391,34
2026-06-25T20:16:34.481Z,9.2,14,26,49.4,1000.2,49.3,391,38
2026-06-25T20:16:44.437Z,9.8,14.6,26,49.4,1000.2,49.3,391,40
2026-06-25T20:16:54.446Z,9,13,26,49.3,1000.2,49.3,391,37
2026-06-25T20:17:04.483Z,10,13.4,26,49.3,1000.2,49.3,391,41
2026-06-25T20:17:14.446Z,9.2,12.2,26,49.3,1000.2,49.2,391,38
2026-06-25T20:17:24.459Z,9.4,12.4,26,49.3,1000.2,49.2,394,39
2026-06-25T20:17:34.495Z,9.6,13.2,26,49.3,1000.2,49.3,394,40
2026-06-25T20:17:44.524Z,8,13.8,26.1,49.3,1000.2,49.3,393,33
2026-06-25T20:17:54.450Z,8.6,12.6,26,49.2,1000.2,49.3,394,35
2026-06-25T20:18:04.490Z,10,13.4,26,49.2,1000.2,49.3,394,41
2026-06-25T20:18:14.526Z,11,13,26,49.2,1000.2,49.4,393,45
2026-06-25T20:18:24.456Z,10.4,12.6,26,49.2,1000.2,49.4,393,43
2026-06-25T20:18:34.492Z,9,11.2,26,49.3,1000.2,49.4,394,37
2026-06-25T20:18:44.537Z,9.8,11.2,26,49.3,1000.2,49.4,394,40
2026-06-25T20:18:54.464Z,9.4,10.4,26,49.3,1000.2,49.5,394,39
2026-06-25T20:19:04.465Z,9.4,10.6,26,49.3,1000.2,49.5,394,39
2026-06-25T20:19:14.435Z,7.8,9.8,26,49.3,1000.2,49.5,394,32
2026-06-25T20:19:24.465Z,8,10.8,26,49.2,1000.2,49.5,394,33
2026-06-25T20:19:34.437Z,8.2,10,26,49.2,1000.2,49.6,394,34
2026-06-25T20:19:44.441Z,10,10.6,26,49.2,1000.2,49.6,394,41
2026-06-25T20:19:54.466Z,10.8,10.8,26,49.2,1000.2,49.6,394,45
2026-06-25T20:20:04.438Z,8.4,10.4,26,49.2,1000.2,49.6,394,34
2026-06-25T20:20:14.436Z,7.6,9,26,49.2,1000.2,49.6,394,31
2026-06-25T20:20:24.471Z,7,10,26,49.2,1000.2,49.6,394,29
2026-06-25T20:20:34.507Z,8.6,9.8,26,49.3,1000.2,49.6,393,35
2026-06-25T20:20:44.439Z,10.6,12.2,26,49.3,1000.2,49.6,393,44
2026-06-25T20:20:54.476Z,7.8,10.4,26,49.2,1000.2,49.7,393,32
2026-06-25T20:21:04.510Z,8.6,11.8,26,49.2,1000.2,49.7,391,35
2026-06-25T20:21:14.442Z,8.6,11.8,26,49.2,1000.2,49.7,391,35
2026-06-25T20:21:24.477Z,6.4,9.4,26,49.2,1000.2,49.7,391,26
2026-06-25T20:21:34.513Z,8,10,26,49.2,1000.2,49.7,391,33
2026-06-25T20:21:44.445Z,6.2,9.2,26,49.2,1000.2,49.7,391,25
2026-06-25T20:21:54.481Z,5,7.4,26,49.2,1000.2,49.8,391,24
2026-06-25T20:22:04.438Z,6,8,26,49.2,1000.2,49.8,391,25
2026-06-25T20:22:14.450Z,6.4,8,26,49.2,1000.2,49.8,391,26
2026-06-25T20:22:24.497Z,6.8,7.4,26,49.2,1000.2,49.8,391,28
2026-06-25T20:22:34.521Z,8,9.2,26,49.2,1000.2,49.8,391,33
2026-06-25T20:22:44.436Z,8.2,9.8,26,49.2,1000.2,49.8,391,34
2026-06-25T20:22:54.478Z,8.4,11.6,26,49.1,1000.2,49.8,394,34
2026-06-25T20:23:04.522Z,8.4,11.6,26,49.1,1000.2,49.8,394,34
2026-06-25T20:23:14.463Z,8,11,26,49.1,1000.2,49.9,393,33
2026-06-25T20:23:24.494Z,7.6,8.8,26,49.1,1000.2,49.9,393,31
2026-06-25T20:23:34.528Z,7.4,7.4,26,49.1,1000.2,49.9,393,30
2026-06-25T20:23:44.461Z,8.2,8.6,26,49.1,1000.2,50,391,34
2026-06-25T20:23:54.496Z,9,9,26,49.1,1000.2,50,391,37
2026-06-25T20:24:04.435Z,9,10.6,26,49.1,1000.2,50,393,37
2026-06-25T20:24:14.473Z,8.4,9.8,26,49.1,1000.2,50.1,393,34
2026-06-25T20:24:24.496Z,9.4,11.4,26,49,1000.1,50.1,393,39
2026-06-25T20:24:34.432Z,8,10.4,26,49,1000.1,50.1,393,33
2026-06-25T20:24:44.470Z,7.8,12.2,26,49,1000.1,50.1,393,32
2026-06-25T20:24:54.429Z,8.6,14.8,26,49,1000.1,50.1,393,35
2026-06-25T20:25:04.433Z,9.8,13.8,26,49,1000.1,50.1,393,40
2026-06-25T20:25:14.470Z,9,13,26,49,1000.1,50.1,393,37
2026-06-25T20:25:24.505Z,8.6,11.6,26,49,1000.1,50.1,392,35
2026-06-25T20:25:34.448Z,7.6,11,26,49,1000.1,50.2,393,31
2026-06-25T20:25:44.472Z,8.2,10.8,26,49,1000.1,50.2,393,34
2026-06-25T20:25:54.507Z,8.8,10.2,26,49,1000.1,50.2,393,36
2026-06-25T20:26:04.441Z,10.8,12.8,26,49,1000.1,50.2,393,45
2026-06-25T20:26:14.476Z,12.2,13.8,26,49,1000.1,50.2,394,51
2026-06-25T20:26:24.511Z,11.6,13.6,26,49,1000.1,50.2,393,48
2026-06-25T20:26:34.444Z,10.4,11.6,26,49,1000.1,50.2,392,43
2026-06-25T20:26:44.479Z,8.6,9.6,26,49,1000.1,50.2,394,35
2026-06-25T20:26:54.433Z,10.2,11.2,26,49,1000.1,50.3,392,42
2026-06-25T20:27:04.447Z,8.8,10.6,26,49,1000.1,50.3,391,36
2026-06-25T20:27:14.484Z,8,11.6,26,49,1000.1,50.3,393,33
2026-06-25T20:27:24.443Z,8.6,12,26,49,1000.1,50.3,391,35
2026-06-25T20:27:34.458Z,10.6,13.6,26,49,1000.1,50.3,391,44
2026-06-25T20:27:44.431Z,11,12.4,26,49,1000.1,50.3,391,45
2026-06-25T20:27:54.429Z,11.6,12.8,26,49.1,1000.1,50.3,391,48
2026-06-25T20:28:04.463Z,11.4,13.2,26,49.1,1000.1,50.4,391,47
2026-06-25T20:28:14.500Z,13.2,15.6,26,49.1,1000.1,50.4,391,53
2026-06-25T20:28:24.430Z,12.2,15.6,26,49.1,1000.1,50.4,391,51
2026-06-25T20:28:34.470Z,10.8,15,26,49.1,1000.1,50.4,391,45
2026-06-25T20:28:44.503Z,8.4,13.2,26,49.1,1000.1,50.4,391,34
2026-06-25T20:28:54.436Z,10,13.4,26,49.1,1000.1,50.5,390,41
2026-06-25T20:29:04.467Z,10.4,13.4,25.9,49.1,1000.1,50.5,390,43
2026-06-25T20:29:14.507Z,12.8,15,25.9,49,1000.1,50.5,389,52
2026-06-25T20:29:24.437Z,14,16,25.9,49.1,1000.1,50.5,389,54
2026-06-25T20:29:34.472Z,13.6,15.8,25.9,49.1,1000.1,50.5,390,54
2026-06-25T20:29:44.434Z,10.4,13.4,25.9,49.1,1000.1,50.5,390,43
2026-06-25T20:29:54.441Z,8,10.4,25.9,49.1,1000.1,50.5,391,33
2026-06-25T20:30:04.477Z,7.8,10.4,26,49.1,1000.1,50.5,391,32
2026-06-25T20:30:14.582Z,9,10.8,26,49.1,1000.1,50.5,391,37
2026-06-25T20:30:24.450Z,11,12,26,49.1,1000.1,50.5,391,45
2026-06-25T20:30:34.489Z,9.2,11.6,26,49.1,1000.1,50.6,391,38
2026-06-25T20:30:44.518Z,9,11,26,49.1,1000.1,50.6,393,37
2026-06-25T20:30:54.452Z,8.6,11,25.9,49.1,1000.1,50.6,393,35
2026-06-25T20:31:04.487Z,7.2,8.2,25.9,49.1,1000.1,50.6,394,29
2026-06-25T20:31:14.521Z,8.4,8.4,25.9,49.1,1000.1,50.6,394,34
2026-06-25T20:31:24.453Z,8.4,8.6,25.9,49.1,1000.1,50.6,394,34
2026-06-25T20:31:34.487Z,8.8,9.6,25.9,49.1,1000.1,50.7,394,36
2026-06-25T20:31:44.424Z,10,10,25.9,49.1,1000.1,50.7,394,41
2026-06-25T20:31:54.468Z,10.2,10.8,25.9,49.1,1000.1,50.7,393,42
2026-06-25T20:32:04.452Z,10,12,25.9,49.1,1000.1,50.7,393,41
2026-06-25T20:32:14.424Z,9.4,11.2,25.9,49,1000.1,50.7,393,39
2026-06-25T20:32:24.469Z,7.4,9.6,25.9,49,1000.1,50.7,394,30
2026-06-25T20:32:34.427Z,7.6,11.6,25.9,49,1000.1,50.7,391,31
2026-06-25T20:32:44.441Z,9,10.8,25.9,49,1000.1,50.7,391,37
2026-06-25T20:32:54.462Z,9.4,10.4,25.9,48.9,1000.1,50.8,391,39
2026-06-25T20:33:04.421Z,11.8,12.8,25.9,48.9,1000.1,50.8,391,49
2026-06-25T20:33:14.428Z,11.4,11.8,25.9,48.9,1000.1,50.8,391,47
2026-06-25T20:33:24.467Z,11.6,12.6,25.9,48.9,1000.1,50.8,391,48
2026-06-25T20:33:34.514Z,11,13,25.9,48.9,1000.1,50.8,391,45
2026-06-25T20:33:44.435Z,9,11.2,25.9,48.9,1000.1,50.8,391,37
2026-06-25T20:33:54.425Z,8.6,11.4,25.9,48.9,1000.1,50.9,391,35
2026-06-25T20:34:04.506Z,8.4,10.4,25.9,48.8,1000.1,50.9,391,34
2026-06-25T20:34:14.428Z,7.6,9.6,25.9,48.8,1000.1,50.9,391,31
2026-06-25T20:34:24.476Z,8,10.6,25.9,48.8,1000.1,51,391,33
2026-06-25T20:34:34.514Z,8,11,25.9,48.8,1000,51,391,33
2026-06-25T20:34:44.442Z,7.4,10.6,25.9,48.8,1000,51,391,30
2026-06-25T20:34:54.483Z,7.6,10.6,25.9,48.8,1000,51,391,31
2026-06-25T20:35:04.425Z,8.2,10.6,25.9,48.8,1000,51.1,391,34
2026-06-25T20:35:14.445Z,8.4,10.4,25.9,48.9,1000,51.1,391,34
2026-06-25T20:35:24.424Z,8.4,10.4,25.9,48.9,1000,51.1,391,34
2026-06-25T20:35:34.444Z,9.8,11,25.9,48.9,1000,51.1,391,40
2026-06-25T20:35:44.424Z,8.8,9.8,25.9,48.9,1000,51.1,394,36
2026-06-25T20:35:54.426Z,9,10,25.9,48.8,1000,51.1,394,37
2026-06-25T20:36:04.422Z,8.6,9.8,25.9,48.9,1000,51.1,394,35
2026-06-25T20:36:14.459Z,8.4,8.4,25.9,48.9,1000,51.1,394,34
2026-06-25T20:36:24.419Z,8.6,9,25.9,49,1000,51,394,35
2026-06-25T20:36:34.418Z,9.2,10,25.9,49,1000,51,394,38
2026-06-25T20:36:44.416Z,8.2,9,25.9,49,1000,50.9,394,34
2026-06-25T20:36:54.491Z,8.2,8.8,25.9,49.1,1000,50.9,394,34
2026-06-25T20:37:04.442Z,7.6,9.2,25.9,49.1,1000,50.8,394,31
2026-06-25T20:37:14.417Z,6.4,8.4,26,49.2,1000,50.8,394,26
2026-06-25T20:37:24.424Z,7.6,9.6,26,49.2,1000,50.7,391,31
2026-06-25T20:37:34.430Z,9.2,10.2,26,49.2,1000,50.7,391,38
2026-06-25T20:37:44.426Z,8.6,8.6,26,49.2,1000,50.6,394,35
2026-06-25T20:37:54.423Z,8,8.4,26,49.1,1000,50.6,391,33
2026-06-25T20:38:04.424Z,6.2,6.4,26,49.1,1000,50.6,391,25
2026-06-25T20:38:14.428Z,7.4,7.4,26,49.1,1000,50.6,394,30
2026-06-25T20:38:24.422Z,9,10.2,26,49.1,1000,50.6,391,37
2026-06-25T20:38:34.420Z,9.6,13.4,26,49.2,1000,50.6,391,40
2026-06-25T20:38:44.423Z,8.8,12.4,26,49.2,1000,50.6,393,36
2026-06-25T20:38:54.513Z,8,10.6,26,49.2,1000,50.6,394,33
2026-06-25T20:39:04.422Z,8.6,10.6,26,49.1,1000,50.6,393,35
2026-06-25T20:39:14.439Z,8,11,26,49.1,1000,50.6,394,33
2026-06-25T20:39:24.421Z,7.8,10.8,26,49.1,1000,50.6,394,32
2026-06-25T20:39:34.418Z,7.6,10.2,26,49.2,1000,50.6,393,31
2026-06-25T20:39:44.418Z,7.6,10.4,26,49.2,1000,50.6,393,31
2026-06-25T20:39:54.417Z,8,11,26,49.2,1000,50.6,393,33
2026-06-25T20:40:04.423Z,7.6,9.6,26,49.2,1000,50.6,391,31
2026-06-25T20:40:14.421Z,8.4,8.4,26,49.2,1000,50.6,391,34
2026-06-25T20:40:24.416Z,9.6,10.6,26,49.2,1000,50.6,391,40
2026-06-25T20:40:34.410Z,8.6,11.4,26,49.2,1000,50.6,391,35
2026-06-25T20:40:44.419Z,8.8,12,26,49.2,1000,50.6,391,36
2026-06-25T20:40:54.414Z,10.6,12.8,26,49.2,1000,50.6,391,44
2026-06-25T20:41:04.412Z,11.2,13.8,26,49.1,1000,50.6,391,46
2026-06-25T20:41:14.413Z,9.4,12.4,26,49.1,1000,50.5,389,39
2026-06-25T20:41:24.426Z,9.6,12.6,26,49.1,1000,50.5,391,40
2026-06-25T20:41:34.428Z,7.2,9.6,26,49.1,1000,50.5,391,29
2026-06-25T20:41:44.434Z,7.2,8,26,49.1,1000,50.5,391,29
2026-06-25T20:41:54.438Z,7.6,8.6,26,49.1,1000,50.4,391,31
2026-06-25T20:42:04.419Z,9,9.2,26,49.1,1000,50.4,394,37
2026-06-25T20:42:14.422Z,8,11.6,26.1,49.1,1000,50.4,394,33
2026-06-25T20:42:24.418Z,8.4,12.4,26.1,49.1,1000,50.4,394,34
2026-06-25T20:42:34.424Z,9,13.2,26.1,49.1,1000,50.3,394,37
2026-06-25T20:42:44.415Z,10.4,14.8,26.1,49.2,1000,50.3,394,43
2026-06-25T20:42:54.414Z,8.8,13.4,26.1,49.2,1000,50.3,394,36
2026-06-25T20:43:04.415Z,8.2,11.4,26.1,49.2,1000,50.3,394,34
2026-06-25T20:43:14.421Z,8.4,12.4,26.1,49.2,1000,50.2,395,34
2026-06-25T20:43:24.430Z,9,13.8,26.1,49.2,1000,50.2,395,37
2026-06-25T20:43:34.418Z,9,13,26.1,49.2,999.9,50.2,395,37
2026-06-25T20:43:44.421Z,9.4,14.6,26.1,49.2,999.9,50.2,395,39
2026-06-25T20:43:54.420Z,9,15,26.1,49.2,999.9,50.2,395,37
2026-06-25T20:44:04.427Z,11.2,15.8,26.1,49.2,999.9,50.1,395,46
2026-06-25T20:44:14.417Z,12.6,17,26.1,49.2,999.9,50.1,395,52
2026-06-25T20:44:24.422Z,12.8,17.2,26.1,49.2,999.9,50.1,395,52
2026-06-25T20:44:34.422Z,12,16.2,26.1,49.1,999.9,50.2,395,50
2026-06-25T20:44:44.432Z,9.6,14.6,26.1,49.1,999.9,50.2,395,40
2026-06-25T20:44:54.427Z,9.8,14.8,26.1,49,999.9,50.2,395,40
2026-06-25T20:45:04.426Z,9.6,16.4,26.1,49,999.9,50.2,395,40
2026-06-25T20:45:14.426Z,9.4,15.4,26.1,49,999.9,50.3,394,39
2026-06-25T20:45:24.453Z,9.8,14.8,26.1,49,999.9,50.3,393,40
2026-06-25T20:45:34.437Z,9.6,15.6,26.1,48.9,999.9,50.3,390,40
2026-06-25T20:45:44.425Z,7.8,12.2,26.1,48.9,999.9,50.3,390,32
2026-06-25T20:45:54.423Z,7.6,10.6,26.1,48.9,999.9,50.3,393,31
2026-06-25T20:46:04.418Z,7.8,11.8,26.1,48.9,999.9,50.4,390,32
2026-06-25T20:46:14.419Z,9.2,12.2,26.1,48.8,999.9,50.4,390,38
2026-06-25T20:46:24.415Z,8.4,12.6,26.1,48.8,999.9,50.4,393,34
2026-06-25T20:46:34.414Z,9.2,14.4,26.1,48.8,999.9,50.5,390,38
2026-06-25T20:46:44.415Z,10,16,26.1,48.7,999.9,50.6,390,41
2026-06-25T20:46:54.421Z,10.6,17.4,26.1,48.8,999.9,50.7,393,44
2026-06-25T20:47:04.422Z,10.6,16.2,26,48.8,999.9,50.7,393,44
2026-06-25T20:47:14.413Z,9.4,14.4,26,48.8,999.9,50.8,393,39
2026-06-25T20:47:24.421Z,8.2,12,26,48.8,999.9,50.8,393,34
2026-06-25T20:47:34.425Z,8.6,12.6,26,48.8,999.9,50.9,394,35
2026-06-25T20:47:44.430Z,9,13,26,48.8,999.9,50.9,393,37
2026-06-25T20:47:54.419Z,10.4,13,26,48.8,999.9,51,393,43
2026-06-25T20:48:04.414Z,11.8,14,26,48.8,999.9,51,393,49
2026-06-25T20:48:14.433Z,11.8,12.6,25.9,48.8,999.9,51.1,394,49
2026-06-25T20:48:24.418Z,12.8,13.4,25.9,48.8,999.9,51.1,394,52
2026-06-25T20:48:34.423Z,12.4,12.6,25.9,48.9,999.9,51.1,394,51
2026-06-25T20:48:44.421Z,11,12,25.9,48.9,999.9,51.2,394,45
2026-06-25T20:48:54.417Z,9.2,10,25.9,48.9,999.9,51.2,394,38
2026-06-25T20:49:04.416Z,8,9,25.9,48.9,999.9,51.2,394,33
2026-06-25T20:49:14.412Z,9,10.4,25.9,48.9,999.9,51.2,394,37
2026-06-25T20:49:24.411Z,8.8,11.8,25.9,48.8,999.9,51.2,394,36
2026-06-25T20:49:34.410Z,7.6,10.8,25.9,48.8,999.9,51.3,394,31
2026-06-25T20:49:44.417Z,8.4,10.8,25.9,48.8,999.9,51.3,394,34
2026-06-25T20:49:54.412Z,9.8,12.8,25.9,48.8,999.9,51.3,394,40
2026-06-25T20:50:04.422Z,10.6,12.6,25.9,48.9,999.9,51.3,393,44
2026-06-25T20:50:14.428Z,9.6,11.6,25.9,48.9,999.9,51.3,394,40
2026-06-25T20:50:24.417Z,10.6,11.6,25.9,48.9,999.9,51.4,393,44
2026-06-25T20:50:34.419Z,10,11,25.9,48.9,999.9,51.4,393,41
2026-06-25T20:50:44.414Z,8.4,11.4,25.9,48.9,999.9,51.4,393,34
2026-06-25T20:50:54.414Z,8.4,11,25.9,48.9,999.9,51.4,393,34
2026-06-25T20:51:04.427Z,7.6,9,25.9,48.9,999.9,51.4,393,31
2026-06-25T20:51:14.412Z,9,11.6,25.9,49,999.9,51.4,393,37
2026-06-25T20:51:24.420Z,9.8,12.8,25.9,49,999.9,51.4,393,40
2026-06-25T20:51:34.412Z,8.6,11,25.9,49,999.9,51.5,393,35
2026-06-25T20:51:44.414Z,9.4,11.4,25.9,49,999.9,51.5,393,39
2026-06-25T20:51:54.418Z,10,12.6,25.9,49,999.9,51.5,394,41
2026-06-25T20:52:04.416Z,10,13.6,25.9,49.1,999.9,51.5,393,41
2026-06-25T20:52:14.418Z,10.6,13.6,25.9,49.1,999.9,51.4,393,44
2026-06-25T20:52:24.413Z,12.8,14.8,25.9,49.1,999.9,51.4,394,52
2026-06-25T20:52:34.412Z,12,14.6,25.9,49,999.9,51.4,394,50
2026-06-25T20:52:44.413Z,10.8,13.8,25.9,49,999.9,51.4,394,45
2026-06-25T20:52:54.411Z,10,13,25.9,49,999.9,51.4,395,41
2026-06-25T20:53:04.408Z,10.6,13.6,25.9,49,999.9,51.3,394,44
2026-06-25T20:53:14.414Z,10,13.2,25.9,49,999.9,51.3,394,41
2026-06-25T20:53:24.411Z,7.4,9,25.9,49,999.9,51.3,391,30
2026-06-25T20:53:34.424Z,7.4,8.4,25.9,49,999.9,51.3,391,30
2026-06-25T20:53:44.411Z,7.2,7.2,25.9,49,999.9,51.3,391,29
2026-06-25T20:53:54.421Z,8.4,9,25.9,48.9,999.9,51.3,391,34
2026-06-25T20:54:04.415Z,9,10.2,25.9,48.9,999.9,51.3,392,37
2026-06-25T20:54:14.413Z,8.4,12.8,25.9,48.9,999.9,51.3,391,34
2026-06-25T20:54:24.414Z,8.4,13.4,25.9,48.9,999.9,51.3,391,34
2026-06-25T20:54:34.417Z,9.4,13.6,25.9,48.8,999.9,51.3,392,39
2026-06-25T20:54:44.415Z,9,13,25.9,48.8,999.9,51.3,391,37
2026-06-25T20:54:54.432Z,8.2,11,25.9,48.8,999.9,51.3,392,34
2026-06-25T20:55:04.418Z,9,11.4,25.9,48.8,999.9,51.3,393,37
2026-06-25T20:55:14.424Z,9.2,11.2,25.9,48.7,999.9,51.3,393,38
2026-06-25T20:55:24.415Z,6,8,25.9,48.7,999.9,51.4,394,25
2026-06-25T20:55:34.412Z,7.6,8.6,25.9,48.7,999.9,51.4,394,31
2026-06-25T20:55:44.418Z,9.2,9.4,25.9,48.7,999.9,51.4,394,38
2026-06-25T20:55:54.416Z,9,10,25.9,48.6,999.9,51.4,394,37
2026-06-25T20:56:04.413Z,8.6,9.6,25.9,48.6,999.9,51.5,394,35
2026-06-25T20:56:14.415Z,8.2,10.4,25.9,48.6,999.9,51.5,394,34
2026-06-25T20:56:24.418Z,9.4,13.2,25.9,48.5,999.9,51.5,394,39
2026-06-25T20:56:34.413Z,10.2,13,25.9,48.5,999.9,51.5,394,42
2026-06-25T20:56:44.409Z,10.2,13,25.9,48.5,999.9,51.5,394,42
2026-06-25T20:56:54.414Z,9.6,12.8,25.9,48.5,999.9,51.5,394,40
2026-06-25T20:57:04.415Z,11.6,14,25.9,48.5,999.9,51.5,394,48
2026-06-25T20:57:14.414Z,10.6,15.4,25.9,48.4,999.9,51.5,394,44
2026-06-25T20:57:24.412Z,9.2,14.2,25.9,48.4,999.9,51.5,394,38
2026-06-25T20:57:34.421Z,10.4,14.2,25.9,48.4,999.9,51.5,393,43
2026-06-25T20:57:44.416Z,11,14,25.9,48.4,999.9,51.6,393,45
2026-06-25T20:57:54.416Z,9.2,12.2,25.9,48.4,999.9,51.6,394,38
2026-06-25T20:58:04.416Z,8,10.2,25.9,48.4,999.9,51.6,393,33
2026-06-25T20:58:14.416Z,11.2,13.2,25.9,48.4,999.9,51.7,393,46
2026-06-25T20:58:24.413Z,10.6,12.6,25.9,48.4,999.9,51.7,394,44
2026-06-25T20:58:34.412Z,10.6,12,25.9,48.4,999.9,51.7,394,44
2026-06-25T20:58:44.426Z,9.4,11,25.9,48.4,999.9,51.7,394,39
2026-06-25T20:58:54.411Z,9,12,25.9,48.4,999.9,51.7,394,37
2026-06-25T20:59:04.407Z,10.6,12.6,25.9,48.4,999.9,51.8,394,44
2026-06-25T20:59:14.417Z,10.2,12.2,25.9,48.4,999.9,51.8,394,42
2026-06-25T20:59:24.418Z,12,14,25.9,48.4,999.9,51.8,394,50
2026-06-25T20:59:34.415Z,10,13.4,25.9,48.4,999.9,51.8,394,41
2026-06-25T20:59:44.407Z,9.2,13.8,25.9,48.4,999.9,51.8,395,38
2026-06-25T20:59:54.410Z,10,14,25.9,48.5,999.9,51.8,395,41
2026-06-25T21:00:04.407Z,11,13.4,25.9,48.5,999.9,51.8,396,45
2026-06-25T21:00:14.412Z,11.4,14.4,25.9,48.5,999.9,51.8,396,47
2026-06-25T21:00:24.407Z,10.6,14.8,25.9,48.5,999.9,51.8,396,44
2026-06-25T21:00:34.426Z,8.6,13.6,25.9,48.6,999.9,51.8,395,35
2026-06-25T21:00:44.411Z,9,13.4,25.9,48.6,999.9,51.7,395,37
2026-06-25T21:00:54.438Z,12.4,13.6,25.9,48.6,999.9,51.7,395,51
2026-06-25T21:01:04.414Z,10.6,12.8,25.9,48.6,999.9,51.7,395,44
2026-06-25T21:01:14.415Z,8.2,12.2,25.9,48.6,999.9,51.7,395,34
2026-06-25T21:01:24.412Z,8,12,25.9,48.6,999.9,51.6,394,33
2026-06-25T21:01:34.418Z,10.4,13.6,25.9,48.6,999.9,51.6,394,43
2026-06-25T21:01:44.413Z,11,13.4,25.9,48.6,999.9,51.5,394,45
2026-06-25T21:01:54.418Z,11.8,14.8,25.9,48.6,1000,51.5,391,49
2026-06-25T21:02:04.420Z,11.4,14.2,26,48.5,1000,51.5,391,47
2026-06-25T21:02:14.411Z,10.4,13.2,26,48.5,1000,51.5,394,43
2026-06-25T21:02:24.430Z,9,11.8,26,48.5,1000,51.5,394,37
2026-06-25T21:02:34.409Z,11,14,26,48.5,1000,51.5,394,45
2026-06-25T21:02:44.414Z,10.8,13.8,26,48.5,1000,51.5,394,45
2026-06-25T21:02:54.408Z,9,13,26,48.5,1000,51.4,394,37
2026-06-25T21:03:04.408Z,11.2,14.4,26,48.5,1000,51.4,394,46
2026-06-25T21:03:14.406Z,11.8,14.8,26,48.5,1000,51.4,394,49
2026-06-25T21:03:24.411Z,10.6,14.6,26,48.5,1000,51.4,394,44
2026-06-25T21:03:34.408Z,10.4,14,26,48.4,1000,51.4,394,43
2026-06-25T21:03:44.407Z,10.2,14.2,26,48.4,1000,51.4,394,42
2026-06-25T21:03:54.404Z,10,15.8,26,48.4,1000,51.4,394,41
2026-06-25T21:04:04.414Z,11,17,26,48.4,1000,51.4,394,45
2026-06-25T21:04:14.404Z,10.2,16.2,26,48.4,1000,51.4,394,42
2026-06-25T21:04:24.404Z,9.6,15.6,26,48.4,1000,51.4,394,40
2026-06-25T21:04:34.412Z,7.4,13,26,48.4,1000.1,51.4,394,30
2026-06-25T21:04:44.408Z,8.8,13.8,26,48.4,1000.1,51.5,394,36
2026-06-25T21:04:54.420Z,8,14,26,48.4,1000.1,51.5,393,33
2026-06-25T21:05:04.412Z,10,14.4,26,48.4,1000.1,51.5,391,41
2026-06-25T21:05:14.415Z,9.4,12.4,26,48.4,1000.1,51.5,391,39
2026-06-25T21:05:24.410Z,8.6,10.4,26,48.4,1000.1,51.5,391,35
2026-06-25T21:05:34.409Z,8.6,9.6,26,48.4,1000.1,51.5,391,35
2026-06-25T21:05:44.405Z,7.4,8.2,26,48.4,1000.1,51.5,391,30
2026-06-25T21:05:54.409Z,8.4,8.4,26,48.4,1000.1,51.6,391,34
2026-06-25T21:06:04.412Z,7,8,26,48.4,1000.1,51.6,391,29
2026-06-25T21:06:14.405Z,7,8.6,26,48.4,1000.1,51.6,391,29
2026-06-25T21:06:24.415Z,8.2,9.4,26,48.3,1000.1,51.6,391,34
2026-06-25T21:06:34.411Z,8.2,11.2,26,48.3,1000.2,51.7,391,34
2026-06-25T21:06:44.403Z,7.8,11.4,26,48.3,1000.2,51.7,391,32
2026-06-25T21:06:54.411Z,9.8,12,26,48.3,1000.2,51.7,391,40
2026-06-25T21:07:04.409Z,9,12,26,48.3,1000.2,51.7,394,37
2026-06-25T21:07:14.402Z,8.2,11.2,26,48.3,1000.2,51.7,394,34
2026-06-25T21:07:24.409Z,8,10,26,48.2,1000.2,51.8,391,33
2026-06-25T21:07:34.457Z,9.8,11.8,26,48.2,1000.2,51.8,393,40
2026-06-25T21:07:44.408Z,9.6,11.6,26,48.2,1000.2,51.8,393,40
2026-06-25T21:07:54.402Z,8.6,11.8,26,48.2,1000.2,51.8,393,35
2026-06-25T21:08:04.403Z,10.4,13.6,26,48.2,1000.2,51.8,394,43
2026-06-25T21:08:14.402Z,12.6,14.2,26,48.1,1000.2,51.9,394,52
2026-06-25T21:08:24.405Z,10.6,12.8,26,48.1,1000.2,51.9,394,44
2026-06-25T21:08:34.413Z,9.6,13,26,48.1,1000.3,51.9,394,40
2026-06-25T21:08:44.406Z,10,15,26,48.2,1000.3,52,394,41
2026-06-25T21:08:54.410Z,11,14.4,25.9,48.2,1000.3,52,394,45
2026-06-25T21:09:04.403Z,14,15.6,25.9,48.2,1000.3,52.1,394,54
2026-06-25T21:09:14.403Z,15,16,25.9,48.2,1000.3,52.1,394,57
2026-06-25T21:09:24.401Z,12,13,25.9,48.1,1000.3,52.1,394,50
2026-06-25T21:09:34.413Z,10.6,11.6,25.9,48.1,1000.3,52.1,394,44
2026-06-25T21:09:44.406Z,9,11,25.9,48.1,1000.3,52.1,394,37
2026-06-25T21:09:54.405Z,9.6,10.6,25.9,48.1,1000.3,52.2,394,40
2026-06-25T21:10:04.404Z,9.4,12.4,25.9,48.1,1000.3,52.2,394,39
2026-06-25T21:10:14.410Z,8.6,12.2,25.9,48.1,1000.3,52.2,394,35
2026-06-25T21:10:24.421Z,8,10,25.9,48.1,1000.3,52.2,394,33
2026-06-25T21:10:34.407Z,8,8,25.9,48.1,1000.3,52.2,394,33
2026-06-25T21:10:44.415Z,7.6,7.6,25.9,48.1,1000.3,52.3,394,31
2026-06-25T21:10:54.401Z,7.4,9,25.9,48,1000.3,52.3,394,30
2026-06-25T21:11:04.401Z,7.6,10.6,25.9,48,1000.3,52.4,394,31
2026-06-25T21:11:14.410Z,8.6,11.6,25.9,48,1000.3,52.4,394,35
2026-06-25T21:11:24.403Z,8.6,11.6,25.9,48,1000.3,52.5,394,35
2026-06-25T21:11:34.401Z,8.4,11.8,25.9,48,1000.3,52.5,394,34
2026-06-25T21:11:44.401Z,9.4,11.4,25.9,47.9,1000.3,52.5,394,39
2026-06-25T21:11:54.402Z,8.6,11,25.9,47.9,1000.3,52.6,394,35
2026-06-25T21:12:04.402Z,8.8,11.8,25.9,47.9,1000.3,52.6,394,36
2026-06-25T21:12:14.406Z,7.4,10.4,25.9,47.9,1000.3,52.6,394,30
2026-06-25T21:12:24.402Z,6.2,9.8,25.9,47.9,1000.3,52.6,394,25
2026-06-25T21:12:34.399Z,7.2,8.2,25.9,47.8,1000.3,52.7,394,29
2026-06-25T21:12:44.402Z,8,9,25.9,47.8,1000.3,52.7,394,33
2026-06-25T21:12:54.402Z,7.6,8.6,25.9,47.8,1000.3,52.7,394,31
2026-06-25T21:13:04.412Z,6.2,7.2,25.9,47.8,1000.3,52.7,394,25
2026-06-25T21:13:14.398Z,5.6,6.6,25.9,47.7,1000.3,52.7,394,24
2026-06-25T21:13:24.405Z,6.4,8,25.9,47.7,1000.3,52.7,394,26
2026-06-25T21:13:34.406Z,8.2,9.2,25.9,47.7,1000.3,52.8,393,34
2026-06-25T21:13:44.405Z,8.8,10.2,25.9,47.6,1000.4,52.8,393,36
2026-06-25T21:13:54.402Z,9,9.8,25.9,47.6,1000.4,52.9,393,37
2026-06-25T21:14:04.412Z,9,9,25.8,47.6,1000.4,52.9,393,37
2026-06-25T21:14:14.403Z,8.8,8.8,25.8,47.6,1000.4,52.9,393,36
2026-06-25T21:14:24.402Z,7.2,8,25.8,47.5,1000.4,53,393,29
2026-06-25T21:14:34.399Z,7.8,8.4,25.8,47.5,1000.4,53.1,393,32
2026-06-25T21:14:44.398Z,7.4,8.4,25.8,47.5,1000.4,53.1,393,30
2026-06-25T21:14:54.397Z,7.4,8.4,25.8,47.5,1000.4,53.1,393,30
2026-06-25T21:15:04.403Z,6.8,7.8,25.8,47.5,1000.4,53.2,393,28
2026-06-25T21:15:14.402Z,8,8.8,25.8,47.4,1000.4,53.3,393,33
2026-06-25T21:15:24.399Z,7.2,8,25.8,47.4,1000.4,53.3,393,29
2026-06-25T21:15:34.410Z,7.2,7.4,25.8,47.4,1000.4,53.4,393,29
2026-06-25T21:15:44.411Z,7,7,25.8,47.4,1000.4,53.4,393,29
2026-06-25T21:15:54.401Z,8.4,8.4,25.7,47.4,1000.4,53.5,393,34
2026-06-25T21:16:04.400Z,8.2,8.2,25.7,47.4,1000.4,53.5,394,34
2026-06-25T21:16:14.397Z,8,8.6,25.7,47.4,1000.4,53.6,394,33
2026-06-25T21:16:24.404Z,8.6,8.6,25.7,47.4,1000.4,53.6,394,35
2026-06-25T21:16:34.403Z,7,7,25.7,47.4,1000.4,53.6,394,29
2026-06-25T21:16:44.400Z,9,9.6,25.7,47.4,1000.4,53.7,394,37
2026-06-25T21:16:54.398Z,8.4,9.4,25.7,47.3,1000.4,53.7,394,34
2026-06-25T21:17:04.401Z,7.8,8.4,25.7,47.3,1000.4,53.8,394,32
2026-06-25T21:17:14.403Z,6.6,7,25.7,47.3,1000.4,53.8,394,27
2026-06-25T21:17:24.411Z,8,8,25.7,47.3,1000.4,53.8,394,33
2026-06-25T21:17:34.399Z,7.4,8,25.7,47.4,1000.4,53.9,394,30
2026-06-25T21:17:44.395Z,8.6,8.6,25.6,47.4,1000.4,53.9,391,35
2026-06-25T21:17:54.401Z,8.4,9,25.6,47.4,1000.4,54,391,34
2026-06-25T21:18:04.398Z,7.6,10,25.6,47.4,1000.4,54,391,31
2026-06-25T21:18:14.395Z,7,9.8,25.6,47.4,1000.4,54.1,391,29
2026-06-25T21:18:24.405Z,6.6,8.2,25.6,47.4,1000.4,54.1,391,27
2026-06-25T21:18:34.401Z,6.2,8.2,25.6,47.4,1000.4,54.1,391,25
2026-06-25T21:18:44.397Z,6.6,7.6,25.6,47.4,1000.4,54.1,393,27
2026-06-25T21:18:54.398Z,7,8,25.6,47.4,1000.4,54.1,393,29
2026-06-25T21:19:04.396Z,5.4,7.4,25.6,47.4,1000.4,54.2,393,24
2026-06-25T21:19:14.399Z,6,9,25.6,47.4,1000.4,54.2,393,25
2026-06-25T21:19:24.401Z,7.6,9.6,25.6,47.4,1000.4,54.2,393,31
2026-06-25T21:19:34.399Z,6.6,8.2,25.6,47.4,1000.4,54.3,393,27
2026-06-25T21:19:44.400Z,9,10,25.6,47.4,1000.4,54.3,393,37
2026-06-25T21:19:54.400Z,7.4,8.4,25.6,47.4,1000.4,54.4,393,30
2026-06-25T21:20:04.402Z,6.2,7.2,25.5,47.4,1000.4,54.4,393,25
2026-06-25T21:20:14.397Z,6,7,25.5,47.4,1000.4,54.4,393,25
2026-06-25T21:20:24.404Z,7,8,25.5,47.4,1000.4,54.5,393,29
2026-06-25T21:20:34.397Z,6.6,6.6,25.5,47.4,1000.4,54.5,392,27
2026-06-25T21:20:44.412Z,6.6,7,25.5,47.5,1000.4,54.5,392,27
2026-06-25T21:20:54.401Z,6.8,8.8,25.5,47.5,1000.4,54.5,392,28
2026-06-25T21:21:04.393Z,6.2,8.4,25.5,47.5,1000.4,54.5,392,25
2026-06-25T21:21:14.399Z,6,7.2,25.5,47.5,1000.4,54.6,393,25
2026-06-25T21:21:24.394Z,8.4,9.4,25.5,47.5,1000.4,54.6,394,34
2026-06-25T21:21:34.394Z,8.6,8.8,25.5,47.5,1000.4,54.6,394,35
2026-06-25T21:21:44.397Z,7,9,25.5,47.4,1000.4,54.6,394,29
2026-06-25T21:21:54.410Z,6.4,8.6,25.5,47.4,1000.4,54.6,394,26
2026-06-25T21:22:04.403Z,7,9,25.5,47.4,1000.4,54.6,394,29
2026-06-25T21:22:14.400Z,8.4,9.8,25.5,47.4,1000.4,54.6,394,34
2026-06-25T21:22:24.392Z,7.8,8.8,25.5,47.4,1000.4,54.6,394,32
2026-06-25T21:22:34.394Z,7.4,8,25.5,47.4,1000.4,54.7,393,30
2026-06-25T21:22:44.395Z,6.4,7.4,25.5,47.4,1000.4,54.7,393,26
2026-06-25T21:22:54.396Z,5.6,6.8,25.5,47.4,1000.4,54.6,394,24
2026-06-25T21:23:04.392Z,5.6,7.6,25.5,47.4,1000.4,54.6,393,24
2026-06-25T21:23:14.396Z,6,9.6,25.5,47.4,1000.4,54.6,393,25
2026-06-25T21:23:24.403Z,6.2,11.2,25.5,47.4,1000.4,54.6,394,25
2026-06-25T21:23:34.392Z,7,10,25.5,47.4,1000.4,54.6,394,29
2026-06-25T21:23:44.393Z,7.6,8.8,25.5,47.4,1000.4,54.6,394,31
2026-06-25T21:23:54.396Z,5.2,7,25.5,47.4,1000.4,54.6,394,24
2026-06-25T21:24:04.393Z,5.4,7.4,25.5,47.4,1000.4,54.6,394,24
2026-06-25T21:24:14.397Z,6,6,25.5,47.4,1000.4,54.6,394,25
2026-06-25T21:24:24.392Z,8,8.4,25.5,47.4,1000.4,54.6,394,33
2026-06-25T21:24:34.392Z,8,10,25.5,47.4,1000.4,54.7,394,33
2026-06-25T21:24:44.398Z,7.8,9,25.5,47.4,1000.4,54.7,394,32
2026-06-25T21:24:54.402Z,7,8,25.5,47.4,1000.4,54.7,394,29
2026-06-25T21:25:04.395Z,4.4,5.2,25.5,47.4,1000.4,54.7,393,24
2026-06-25T21:25:14.396Z,5.8,6.4,25.5,47.4,1000.4,54.7,393,24
2026-06-25T21:25:24.396Z,7.2,7.2,25.5,47.3,1000.4,54.7,393,29
2026-06-25T21:25:34.392Z,8,8.6,25.5,47.3,1000.4,54.7,393,33
2026-06-25T21:25:44.390Z,8.6,8.6,25.5,47.3,1000.4,54.8,393,35
2026-06-25T21:25:54.389Z,8.8,8.8,25.5,47.3,1000.4,54.8,393,36
2026-06-25T21:26:04.391Z,7,7,25.5,47.3,1000.4,54.8,393,29
2026-06-25T21:26:14.394Z,6,6,25.5,47.3,1000.4,54.9,393,25
2026-06-25T21:26:24.393Z,8,8.8,25.5,47.3,1000.4,54.9,393,33
2026-06-25T21:26:34.393Z,7.2,7.4,25.5,47.3,1000.4,54.9,391,29
2026-06-25T21:26:44.392Z,6.4,7.4,25.5,47.3,1000.4,54.9,391,26
2026-06-25T21:26:54.395Z,5.8,7.6,25.5,47.3,1000.4,54.9,391,24
2026-06-25T21:27:04.404Z,6,8,25.5,47.3,1000.4,54.9,391,25
2026-06-25T21:27:14.392Z,6,7.4,25.5,47.3,1000.4,55,391,25
2026-06-25T21:27:24.393Z,7.4,8.4,25.5,47.2,1000.4,55,391,30
2026-06-25T21:27:34.405Z,8.6,9.2,25.5,47.2,1000.4,55,391,35
2026-06-25T21:27:44.391Z,8.6,8.8,25.5,47.2,1000.4,55,391,35
2026-06-25T21:27:54.389Z,7.2,8.4,25.5,47.2,1000.4,55,391,29
2026-06-25T21:28:04.390Z,7.4,7.8,25.5,47.2,1000.4,55.1,391,30
2026-06-25T21:28:14.390Z,8,8,25.5,47.2,1000.4,55.1,391,33
2026-06-25T21:28:24.396Z,6,8.4,25.5,47.2,1000.4,55.1,393,25
2026-06-25T21:28:34.396Z,6.2,8.2,25.5,47.2,1000.4,55.1,393,25
2026-06-25T21:28:44.391Z,6.6,7.6,25.5,47.2,1000.4,55.1,393,27
2026-06-25T21:28:54.392Z,6,7.8,25.5,47.1,1000.4,55.1,393,25
2026-06-25T21:29:04.389Z,7,8.6,25.5,47.1,1000.4,55.2,393,29
2026-06-25T21:29:14.391Z,7,8,25.5,47.1,1000.4,55.2,393,29
2026-06-25T21:29:24.388Z,5.2,7.2,25.5,47.1,1000.4,55.2,393,24
2026-06-25T21:29:34.393Z,6.4,8.2,25.5,47.1,1000.4,55.2,393,26
2026-06-25T21:29:44.392Z,6.6,6.6,25.5,47.1,1000.4,55.2,391,27
2026-06-25T21:29:54.409Z,7,7,25.5,47.1,1000.5,55.2,393,29
2026-06-25T21:30:04.396Z,5.4,6,25.5,47.1,1000.5,55.2,391,24
2026-06-25T21:30:14.388Z,6.4,7.4,25.5,47.1,1000.5,55.2,391,26
2026-06-25T21:30:24.394Z,7.6,8.6,25.5,47.1,1000.5,55.3,391,31
2026-06-25T21:30:34.393Z,6.6,7,25.4,47.1,1000.5,55.3,391,27
2026-06-25T21:30:44.387Z,6.4,6.6,25.4,47.1,1000.5,55.3,391,26
2026-06-25T21:30:54.392Z,6.4,6.4,25.4,47.1,1000.5,55.4,391,26
2026-06-25T21:31:04.409Z,5,6.2,25.4,47.1,1000.5,55.4,391,24
2026-06-25T21:31:14.387Z,6.2,8.4,25.4,47.1,1000.5,55.4,390,25
2026-06-25T21:31:24.394Z,6.4,7.6,25.4,47.1,1000.5,55.4,390,26
2026-06-25T21:31:34.389Z,7.2,8.4,25.4,47.1,1000.5,55.4,391,29
2026-06-25T21:31:44.388Z,6.8,8,25.4,47,1000.5,55.4,390,28
2026-06-25T21:31:54.393Z,8,8.6,25.4,47,1000.5,55.4,390,33
2026-06-25T21:32:04.394Z,6.8,7.6,25.4,47,1000.5,55.4,391,28
2026-06-25T21:32:14.392Z,5.6,5.8,25.4,47,1000.6,55.4,391,24
2026-06-25T21:32:24.387Z,6.8,6.8,25.5,47,1000.6,55.4,391,28
2026-06-25T21:32:34.397Z,7.6,8.6,25.5,47,1000.6,55.4,392,31
2026-06-25T21:32:44.396Z,5,6,25.5,46.9,1000.6,55.3,391,24
2026-06-25T21:32:54.387Z,5.4,7.4,25.5,46.9,1000.6,55.3,392,24
2026-06-25T21:33:04.386Z,6.6,7.8,25.5,46.9,1000.6,55.3,392,27
2026-06-25T21:33:14.387Z,5.8,6.6,25.5,46.9,1000.6,55.2,392,24
2026-06-25T21:33:24.391Z,6.8,7.6,25.5,46.9,1000.6,55.2,392,28
2026-06-25T21:33:34.387Z,8,8.4,25.5,46.9,1000.6,55.2,392,33
2026-06-25T21:33:44.387Z,8,8,25.5,46.9,1000.6,55.1,392,33
2026-06-25T21:33:54.385Z,7.2,7.2,25.5,46.8,1000.6,55.1,394,29
2026-06-25T21:34:04.385Z,6.6,6.6,25.5,46.8,1000.6,55.1,392,27
2026-06-25T21:34:14.403Z,7,7,25.6,46.8,1000.6,55,393,29
2026-06-25T21:34:24.385Z,4.8,5,25.6,46.8,1000.6,55,393,24
2026-06-25T21:34:34.385Z,4,5,25.6,46.7,1000.6,54.9,393,24
2026-06-25T21:34:44.397Z,5,7.2,25.6,46.7,1000.6,54.9,394,24
2026-06-25T21:34:54.393Z,5.4,6.4,25.6,46.7,1000.6,54.8,394,24
2026-06-25T21:35:04.390Z,5,6,25.6,46.7,1000.6,54.8,394,24
2026-06-25T21:35:14.386Z,4,4,25.6,46.7,1000.6,54.8,393,24
2026-06-25T21:35:24.390Z,5.4,6.4,25.6,46.7,1000.6,54.8,394,24
2026-06-25T21:35:34.386Z,5.6,5.6,25.6,46.7,1000.6,54.8,393,24
2026-06-25T21:35:44.388Z,5.4,7,25.6,46.7,1000.6,54.9,393,24
2026-06-25T21:35:54.385Z,5.4,6.2,25.6,46.7,1000.6,54.9,393,24
2026-06-25T21:36:04.388Z,5.8,7,25.6,46.7,1000.6,54.9,393,24
2026-06-25T21:36:14.383Z,5.6,5.6,25.6,46.7,1000.6,54.9,393,24
2026-06-25T21:36:24.387Z,5.2,6.2,25.6,46.7,1000.6,54.8,394,24
2026-06-25T21:36:34.384Z,5,5,25.6,46.7,1000.6,54.8,394,24
2026-06-25T21:36:44.392Z,6.4,6.4,25.6,46.7,1000.6,54.8,393,26
2026-06-25T21:36:54.391Z,5.8,6.8,25.6,46.7,1000.6,54.8,393,24
2026-06-25T21:37:04.390Z,5,6.2,25.6,46.6,1000.6,54.7,393,24
2026-06-25T21:37:14.382Z,6,6,25.6,46.6,1000.6,54.7,393,25
2026-06-25T21:37:24.383Z,5.8,6.2,25.6,46.6,1000.6,54.7,393,24
2026-06-25T21:37:34.380Z,4.8,5.8,25.6,46.7,1000.6,54.7,394,24
2026-06-25T21:37:44.384Z,6.4,6.4,25.6,46.7,1000.6,54.7,392,26
2026-06-25T21:37:54.379Z,7.8,8.8,25.6,46.7,1000.6,54.7,392,32
2026-06-25T21:38:04.379Z,7.4,9.4,25.7,46.7,1000.6,54.7,392,30
2026-06-25T21:38:14.374Z,6,6.8,25.7,46.7,1000.6,54.7,391,25
2026-06-25T21:38:24.390Z,5.4,5.4,25.7,46.7,1000.6,54.7,391,24
2026-06-25T21:38:34.548Z,6.4,6.6,25.7,46.7,1000.6,54.6,391,26
2026-06-25T21:38:44.388Z,7.2,8.2,25.7,46.7,1000.6,54.6,392,29
2026-06-25T21:38:54.389Z,7.2,7.6,25.7,46.7,1000.6,54.6,391,29
2026-06-25T21:39:04.406Z,6.4,7.4,25.7,46.7,1000.6,54.7,391,26
2026-06-25T21:39:14.406Z,7,9,25.7,46.7,1000.6,54.7,392,29
2026-06-25T21:39:24.387Z,6.8,10.8,25.7,46.7,1000.6,54.7,391,28
2026-06-25T21:39:34.395Z,6.6,9.2,25.6,46.7,1000.6,54.7,392,27
2026-06-25T21:39:44.388Z,6.4,8,25.6,46.7,1000.6,54.7,392,26
2026-06-25T21:39:54.402Z,6.4,7.2,25.7,46.8,1000.6,54.7,392,26
2026-06-25T21:40:04.387Z,6,7,25.7,46.7,1000.6,54.7,392,25
2026-06-25T21:40:14.384Z,5.2,6.4,25.7,46.7,1000.6,54.7,392,24
2026-06-25T21:40:24.383Z,5.6,7.4,25.7,46.7,1000.6,54.7,392,24
2026-06-25T21:40:34.416Z,6.6,9,25.6,46.7,1000.6,54.7,392,27
2026-06-25T21:40:44.380Z,5.4,6.8,25.6,46.8,1000.6,54.7,392,24
2026-06-25T21:40:54.380Z,5.6,5.6,25.6,46.8,1000.6,54.7,392,24
2026-06-25T21:41:04.384Z,5.4,6.4,25.6,46.8,1000.6,54.7,393,24
2026-06-25T21:41:14.381Z,6,6,25.6,46.8,1000.6,54.7,393,25
2026-06-25T21:41:24.382Z,5.2,5.2,25.6,46.8,1000.6,54.7,394,24
2026-06-25T21:41:34.399Z,4.4,5,25.6,46.8,1000.6,54.7,394,24
2026-06-25T21:41:44.381Z,3.4,4.4,25.6,46.8,1000.6,54.7,394,24
2026-06-25T21:41:54.379Z,4,6,25.6,46.8,1000.6,54.7,394,24
2026-06-25T21:42:04.393Z,5,6.4,25.6,46.8,1000.6,54.7,394,24
2026-06-25T21:42:14.394Z,4.8,6,25.6,46.8,1000.6,54.7,394,24
2026-06-25T21:42:24.384Z,5.2,7.8,25.6,46.8,1000.6,54.7,394,24
2026-06-25T21:42:34.392Z,7.4,9.4,25.7,46.8,1000.6,54.7,394,30
2026-06-25T21:42:44.390Z,7,7.8,25.7,46.8,1000.6,54.7,394,29
2026-06-25T21:42:54.384Z,5.8,6.4,25.7,46.8,1000.6,54.7,394,24
2026-06-25T21:43:04.383Z,5.6,6.6,25.7,46.8,1000.6,54.7,394,24
2026-06-25T21:43:14.385Z,4.8,5.2,25.7,46.8,1000.6,54.7,394,24
2026-06-25T21:43:24.419Z,7,7.8,25.7,46.8,1000.7,54.7,394,29
2026-06-25T21:43:34.383Z,7,7,25.7,46.8,1000.7,54.8,394,29
2026-06-25T21:43:44.385Z,7.2,8.2,25.6,46.8,1000.7,54.8,391,29
2026-06-25T21:43:54.380Z,7,7.8,25.6,46.8,1000.7,54.8,390,29
2026-06-25T21:44:04.397Z,6.6,7.6,25.6,46.8,1000.7,54.8,391,27
2026-06-25T21:44:14.384Z,6.4,8.2,25.6,46.9,1000.7,54.8,391,26
2026-06-25T21:44:24.407Z,4,5,25.6,46.9,1000.7,54.8,391,24
2026-06-25T21:44:34.384Z,5,7,25.6,46.9,1000.7,54.8,391,24
2026-06-25T21:44:44.385Z,6,6.2,25.6,46.8,1000.7,54.8,391,25
2026-06-25T21:44:54.382Z,4.4,4.8,25.6,46.8,1000.7,54.8,391,24
2026-06-25T21:45:04.383Z,5.4,5.4,25.6,46.8,1000.7,54.8,391,24
2026-06-25T21:45:14.379Z,6.4,6.4,25.6,46.8,1000.7,54.8,391,26
2026-06-25T21:45:24.403Z,6,7,25.7,46.8,1000.7,54.8,393,25
2026-06-25T21:45:34.389Z,5.6,6.6,25.7,46.8,1000.7,54.8,393,24
2026-06-25T21:45:44.398Z,5.4,6,25.7,46.8,1000.7,54.7,393,24
2026-06-25T21:45:54.415Z,5.4,5.4,25.7,46.8,1000.7,54.7,393,24
2026-06-25T21:46:04.385Z,5.2,5.8,25.7,46.7,1000.7,54.7,393,24
2026-06-25T21:46:14.381Z,7,8.2,25.7,46.7,1000.8,54.7,393,29
2026-06-25T21:46:24.394Z,5.8,8.4,25.7,46.7,1000.8,54.7,393,24
2026-06-25T21:46:34.380Z,7.2,10,25.7,46.7,1000.8,54.7,393,29
2026-06-25T21:46:44.387Z,6.2,7.2,25.7,46.7,1000.8,54.7,393,25
2026-06-25T21:46:54.388Z,6,6,25.7,46.7,1000.8,54.8,393,25
2026-06-25T21:47:04.390Z,4.6,4.6,25.7,46.7,1000.8,54.8,393,24
2026-06-25T21:47:14.379Z,5,5.6,25.7,46.7,1000.8,54.8,393,24
2026-06-25T21:47:24.385Z,5.6,5.6,25.7,46.7,1000.8,54.8,393,24
2026-06-25T21:47:34.387Z,5.6,6,25.7,46.7,1000.8,54.8,393,24
2026-06-25T21:47:44.383Z,3.4,4.4,25.7,46.7,1000.8,54.8,393,24
2026-06-25T21:47:54.381Z,5.2,5.6,25.7,46.7,1000.8,54.8,393,24
2026-06-25T21:48:04.375Z,5.6,5.6,25.6,46.7,1000.8,54.9,393,24
2026-06-25T21:48:14.394Z,4.8,4.8,25.6,46.7,1000.8,54.9,391,24
2026-06-25T21:48:24.384Z,5,5,25.6,46.7,1000.8,54.9,392,24
2026-06-25T21:48:34.380Z,3.4,4,25.6,46.8,1000.8,54.9,391,24
2026-06-25T21:48:44.401Z,5,7.4,25.6,46.8,1000.8,54.9,391,24
2026-06-25T21:48:54.376Z,6.6,7.4,25.6,46.8,1000.8,54.9,392,27
2026-06-25T21:49:04.389Z,6.6,7.8,25.6,46.8,1000.9,54.8,392,27
2026-06-25T21:49:14.385Z,7.4,9.4,25.6,46.8,1000.9,54.8,392,30
2026-06-25T21:49:24.378Z,7,7.8,25.7,46.8,1000.9,54.7,392,29
2026-06-25T21:49:34.386Z,7,7.8,25.7,46.7,1000.9,54.7,392,29
2026-06-25T21:49:44.381Z,6,8,25.7,46.7,1000.9,54.6,395,25
2026-06-25T21:49:54.376Z,7.4,7.4,25.7,46.7,1000.9,54.5,392,30
2026-06-25T21:50:04.404Z,6.6,6.6,25.7,46.7,1000.9,54.4,393,27
2026-06-25T21:50:14.378Z,7,7.6,25.7,46.6,1000.9,54.4,395,29
2026-06-25T21:50:24.382Z,6.4,7.4,25.8,46.6,1000.9,54.3,395,26
2026-06-25T21:50:34.391Z,6.4,6.4,25.8,46.5,1000.9,54.2,395,26
2026-06-25T21:50:44.382Z,6.6,6.6,25.8,46.5,1000.9,54.1,394,27
2026-06-25T21:50:54.388Z,6.6,6.8,25.8,46.4,1000.9,54,393,27
2026-06-25T21:51:04.393Z,6.6,8,25.9,46.4,1000.9,54,394,27
2026-06-25T21:51:14.390Z,6.6,7.6,25.9,46.4,1000.9,54,394,27
2026-06-25T21:51:24.382Z,6.4,6.8,25.9,46.3,1000.9,54,394,26
2026-06-25T21:51:34.377Z,7.2,8,25.9,46.3,1000.9,54,394,29
2026-06-25T21:51:44.374Z,6,6,25.9,46.3,1000.9,54,394,25
2026-06-25T21:51:54.375Z,4.4,4.4,25.9,46.3,1000.9,54,394,24
2026-06-25T21:52:04.399Z,5.2,5.2,25.9,46.3,1000.9,54,394,24
2026-06-25T21:52:14.381Z,5.6,6.6,25.9,46.3,1000.9,54,394,24
2026-06-25T21:52:24.409Z,6,6,25.9,46.3,1000.9,54,394,25
2026-06-25T21:52:34.388Z,6,6.8,25.9,46.3,1000.9,54.1,394,25
2026-06-25T21:52:44.378Z,6,6,25.9,46.3,1000.9,54.1,395,25
2026-06-25T21:52:54.373Z,5.6,6.2,25.9,46.3,1000.9,54.2,395,24
2026-06-25T21:53:04.392Z,4.8,7.8,25.8,46.3,1000.9,54.2,395,24
2026-06-25T21:53:14.376Z,5.4,7.4,25.8,46.3,1000.9,54.2,395,24
2026-06-25T21:53:24.388Z,4.4,5.2,25.8,46.3,1000.9,54.3,395,24
2026-06-25T21:53:34.381Z,4,5,25.8,46.3,1000.9,54.3,395,24
2026-06-25T21:53:44.418Z,5.4,6.4,25.8,46.3,1000.9,54.3,395,24
2026-06-25T21:53:54.383Z,6.8,7.6,25.8,46.3,1000.9,54.4,395,28
2026-06-25T21:54:04.386Z,6.2,6.8,25.8,46.3,1000.9,54.4,394,25
2026-06-25T21:54:14.372Z,5.6,6.6,25.8,46.4,1000.9,54.5,394,24
2026-06-25T21:54:24.377Z,6.6,7.4,25.8,46.4,1000.9,54.5,391,27
2026-06-25T21:54:34.402Z,5.6,5.6,25.8,46.4,1000.9,54.5,391,24
2026-06-25T21:54:44.371Z,8,9.2,25.8,46.4,1000.9,54.5,391,33
2026-06-25T21:54:54.389Z,7.8,8.8,25.7,46.4,1000.9,54.5,391,32
2026-06-25T21:55:04.381Z,6.6,7.4,25.7,46.4,1000.9,54.6,391,27
2026-06-25T21:55:14.382Z,5.4,7.4,25.7,46.4,1000.9,54.6,390,24
2026-06-25T21:55:24.382Z,6.6,8.6,25.7,46.4,1000.9,54.6,390,27
2026-06-25T21:55:34.388Z,5.4,6.4,25.7,46.4,1000.9,54.6,391,24
2026-06-25T21:55:44.371Z,5.8,6.2,25.7,46.4,1000.9,54.7,391,24
2026-06-25T21:55:54.410Z,6.4,7.4,25.7,46.5,1000.9,54.7,391,26
2026-06-25T21:56:04.373Z,6,7,25.7,46.5,1000.9,54.7,391,25
2026-06-25T21:56:14.383Z,8,10,25.7,46.5,1000.9,54.7,393,33
2026-06-25T21:56:24.375Z,6.6,8.6,25.7,46.5,1000.9,54.8,393,27
2026-06-25T21:56:34.382Z,5.8,8.4,25.7,46.5,1000.9,54.8,393,24
2026-06-25T21:56:44.370Z,5,7,25.7,46.5,1000.9,54.8,393,24
2026-06-25T21:56:54.403Z,6,8,25.7,46.5,1000.9,54.7,394,25
2026-06-25T21:57:04.377Z,5,7,25.7,46.5,1000.9,54.6,394,24
2026-06-25T21:57:14.387Z,6,8,25.7,46.5,1000.9,54.6,394,25
2026-06-25T21:57:24.377Z,6.8,7.2,25.7,46.5,1000.9,54.5,393,28
2026-06-25T21:57:34.402Z,7.8,9.6,25.7,46.5,1000.9,54.5,393,32
2026-06-25T21:57:44.385Z,6.4,7.4,25.7,46.5,1000.9,54.5,394,26
2026-06-25T21:57:54.412Z,5.4,6.8,25.7,46.5,1000.9,54.5,394,24
2026-06-25T21:58:04.393Z,7.8,9.4,25.7,46.5,1000.9,54.5,393,32
2026-06-25T21:58:14.372Z,6.2,6.8,25.7,46.6,1000.9,54.5,393,25
2026-06-25T21:58:24.386Z,5.4,6.4,25.7,46.6,1000.9,54.6,393,24
2026-06-25T21:58:34.380Z,5.4,6.4,25.7,46.6,1000.9,54.7,392,24
2026-06-25T21:58:44.373Z,6.8,7,25.6,46.7,1000.9,54.7,392,28
2026-06-25T21:58:54.389Z,7.6,7.6,25.6,46.7,1000.9,54.8,392,31
2026-06-25T21:59:04.389Z,7.4,7.4,25.6,46.7,1000.9,54.8,391,30
2026-06-25T21:59:14.378Z,7,7,25.6,46.8,1000.9,54.9,391,29
2026-06-25T21:59:24.377Z,7,9,25.5,46.8,1000.9,55,391,29
2026-06-25T21:59:34.385Z,6.2,8.2,25.5,46.9,1000.9,55.1,391,25
2026-06-25T21:59:44.371Z,5.8,7.8,25.5,46.9,1000.9,55.1,391,24
2026-06-25T21:59:54.376Z,6.8,7,25.5,47,1000.9,55.2,391,28
2026-06-25T22:00:04.370Z,5.8,6.2,25.5,47,1000.9,55.2,391,24
2026-06-25T22:00:14.376Z,5,5,25.4,47,1000.9,55.3,391,24
2026-06-25T22:00:24.368Z,6,6.6,25.4,47.1,1000.9,55.3,391,25
2026-06-25T22:00:34.379Z,6.8,7,25.4,47.1,1000.9,55.4,391,28
2026-06-25T22:00:44.386Z,6.4,6.4,25.4,47.1,1000.9,55.4,391,26
2026-06-25T22:00:54.375Z,5.6,6,25.4,47.1,1000.9,55.5,391,24
2026-06-25T22:01:04.382Z,4.4,5.4,25.4,47.2,1000.9,55.5,391,24
2026-06-25T22:01:14.373Z,4.8,5,25.3,47.2,1000.9,55.6,391,24
2026-06-25T22:01:24.380Z,4.8,5.2,25.3,47.2,1000.9,55.6,391,24
2026-06-25T22:01:34.367Z,6,6.4,25.3,47.3,1000.9,55.6,392,25
2026-06-25T22:01:44.377Z,5.6,5.6,25.3,47.3,1000.9,55.6,392,24
2026-06-25T22:01:54.368Z,5.8,5.8,25.3,47.3,1000.9,55.7,392,24
2026-06-25T22:02:04.371Z,7.6,7.6,25.3,47.4,1000.9,55.7,391,31
2026-06-25T22:02:14.381Z,7.4,7.8,25.3,47.4,1000.9,55.7,392,30
2026-06-25T22:02:24.370Z,6,8.2,25.3,47.4,1000.9,55.8,391,25
2026-06-25T22:02:34.382Z,5.6,6.6,25.3,47.4,1000.9,55.8,391,24
2026-06-25T22:02:44.376Z,6.2,7.2,25.3,47.4,1000.9,55.8,391,25
2026-06-25T22:02:54.374Z,5.8,7,25.3,47.5,1000.9,55.8,391,24
2026-06-25T22:03:04.373Z,5.6,6,25.3,47.5,1000.9,55.8,391,24
2026-06-25T22:03:14.367Z,7.8,8,25.3,47.5,1000.9,55.8,391,32
2026-06-25T22:03:24.370Z,7,8,25.2,47.5,1000.9,55.9,391,29
2026-06-25T22:03:34.367Z,6.4,7.2,25.2,47.5,1000.9,55.9,391,26
2026-06-25T22:03:44.365Z,5,6,25.2,47.5,1000.9,55.9,391,24
2026-06-25T22:03:54.366Z,5,7,25.2,47.5,1001,55.9,391,24
2026-06-25T22:04:04.366Z,5.6,6.8,25.2,47.5,1001,55.9,391,24
2026-06-25T22:04:14.368Z,7.4,7.4,25.2,47.5,1001,55.9,391,30
2026-06-25T22:04:24.365Z,7,7.4,25.2,47.5,1001,55.9,391,29
2026-06-25T22:04:34.366Z,6.8,6.8,25.2,47.5,1001,56,391,28
2026-06-25T22:04:44.367Z,6,6,25.2,47.5,1001,56,392,25
2026-06-25T22:04:54.366Z,7.6,8.2,25.2,47.6,1001,56,393,31
2026-06-25T22:05:04.370Z,7.8,8.4,25.2,47.6,1001,56,393,32
2026-06-25T22:05:14.366Z,7.6,8.2,25.2,47.6,1001,56,393,31
2026-06-25T22:05:24.381Z,6.6,7.6,25.2,47.6,1001,56,392,27
2026-06-25T22:05:34.372Z,6,6.4,25.2,47.6,1001,56.1,392,25
2026-06-25T22:05:44.375Z,5.6,6.4,25.2,47.6,1001,56.1,392,24
2026-06-25T22:05:54.370Z,4.6,6,25.2,47.6,1001,56.1,392,24
2026-06-25T22:06:04.377Z,5.4,5.8,25.2,47.7,1001,56.1,393,24
2026-06-25T22:06:14.383Z,5.6,6.6,25.2,47.7,1001,56.1,392,24
2026-06-25T22:06:24.364Z,5.2,7,25.2,47.7,1001,56.1,390,24
2026-06-25T22:06:34.365Z,6.8,8.8,25.2,47.7,1001,56.1,390,28
2026-06-25T22:06:44.368Z,7.6,7.6,25.2,47.7,1001,56.1,390,31
2026-06-25T22:06:54.365Z,6.8,6.8,25.2,47.7,1001,56.2,390,28
2026-06-25T22:07:04.368Z,5,5,25.2,47.7,1001,56.2,390,24
2026-06-25T22:07:14.363Z,6.8,7,25.2,47.7,1001,56.2,390,28
2026-06-25T22:07:24.372Z,4.4,5,25.2,47.7,1001,56.2,390,24
2026-06-25T22:07:34.368Z,4.8,5.8,25.2,47.7,1001,56.2,390,24
2026-06-25T22:07:44.365Z,5,5.2,25.2,47.7,1001,56.2,389,24
2026-06-25T22:07:54.376Z,7,7.6,25.2,47.7,1001,56.2,389,29
2026-06-25T22:08:04.366Z,7,7.2,25.2,47.7,1001,56.3,390,29
2026-06-25T22:08:14.363Z,5.4,5.4,25.2,47.7,1001,56.3,390,24
2026-06-25T22:08:24.370Z,5.4,5.4,25.2,47.7,1001,56.3,390,24
2026-06-25T22:08:34.363Z,6,6,25.2,47.6,1001.1,56.3,390,25
2026-06-25T22:08:44.452Z,4.4,5.4,25.2,47.6,1001.1,56.3,390,24
2026-06-25T22:08:54.364Z,4.8,6.8,25.2,47.6,1001.1,56.4,390,24
2026-06-25T22:09:04.420Z,4.2,5.6,25.2,47.7,1001.1,56.4,391,24
2026-06-25T22:09:14.456Z,5.6,6.6,25.2,47.7,1001.1,56.4,391,24
2026-06-25T22:09:24.363Z,6.6,7.2,25.2,47.7,1001.1,56.4,391,27
2026-06-25T22:09:34.366Z,6.6,7,25.1,47.7,1001.1,56.5,391,27
2026-06-25T22:09:44.364Z,6.4,6.4,25.1,47.7,1001.1,56.5,391,26
2026-06-25T22:09:54.367Z,5.2,6.4,25.1,47.7,1001.1,56.5,391,24
2026-06-25T22:10:04.364Z,7,8.4,25.1,47.7,1001.1,56.5,391,29
2026-06-25T22:10:14.363Z,9,9.4,25.1,47.7,1001.1,56.6,391,37
2026-06-25T22:10:24.371Z,8,9.2,25.1,47.7,1001.1,56.6,391,33
2026-06-25T22:10:34.364Z,6.2,7.2,25.1,47.7,1001.1,56.6,391,25
2026-06-25T22:10:44.364Z,5.4,5.8,25.1,47.7,1001.1,56.6,391,24
2026-06-25T22:10:54.366Z,5.4,5.4,25.1,47.7,1001.1,56.6,390,24
2026-06-25T22:11:04.361Z,6.4,7.4,25.1,47.7,1001.1,56.7,390,26
2026-06-25T22:11:14.364Z,6.4,7.6,25.1,47.7,1001.1,56.7,390,26
2026-06-25T22:11:24.362Z,5.8,6.8,25.1,47.7,1001.1,56.7,390,24
2026-06-25T22:11:34.370Z,5.6,7.2,25.1,47.7,1001.1,56.7,390,24
2026-06-25T22:11:44.373Z,6,7,25.1,47.7,1001.1,56.7,390,25
2026-06-25T22:11:54.365Z,6,6,25.1,47.7,1001.1,56.7,391,25
2026-06-25T22:12:04.366Z,5.2,5.8,25.1,47.7,1001.2,56.7,391,24
2026-06-25T22:12:14.371Z,5,5.4,25.1,47.7,1001.2,56.8,390,24
2026-06-25T22:12:24.361Z,7.8,8.8,25.1,47.7,1001.2,56.8,391,32
2026-06-25T22:12:34.361Z,7,7.8,25.1,47.7,1001.2,56.8,390,29
2026-06-25T22:12:44.363Z,6,6,25.1,47.7,1001.2,56.8,391,25
2026-06-25T22:12:54.375Z,5.6,5.6,25.1,47.8,1001.2,56.8,391,24
2026-06-25T22:13:04.360Z,5.4,5.8,25.1,47.8,1001.2,56.8,391,24
2026-06-25T22:13:14.370Z,6.4,6.4,25.1,47.8,1001.2,56.8,391,26
2026-06-25T22:13:24.361Z,4.4,4.4,25.1,47.8,1001.2,56.8,391,24
2026-06-25T22:13:34.372Z,4.4,4.8,25.1,47.8,1001.2,56.8,391,24
2026-06-25T22:13:44.367Z,4.6,6.6,25.1,47.8,1001.2,56.8,391,24
2026-06-25T22:13:54.365Z,4.2,5.4,25.1,47.8,1001.2,56.8,391,24
2026-06-25T22:14:04.359Z,4.6,6,25.1,47.8,1001.2,56.8,391,24
2026-06-25T22:14:14.362Z,4.4,6.4,25.1,47.8,1001.2,56.8,391,24
2026-06-25T22:14:24.373Z,4.4,5.6,25.1,47.8,1001.2,56.9,391,24
2026-06-25T22:14:34.366Z,6,7.6,25.1,47.8,1001.2,56.9,391,25
2026-06-25T22:14:44.360Z,4.8,6.6,25.1,47.8,1001.2,56.9,391,24
2026-06-25T22:14:54.361Z,5.4,6.4,25.1,47.8,1001.2,56.9,391,24
2026-06-25T22:15:04.366Z,6,6.8,25.1,47.8,1001.2,56.9,391,25
2026-06-25T22:15:14.378Z,4.4,5.6,25.1,47.8,1001.2,56.9,391,24
2026-06-25T22:15:24.360Z,2.2,3.2,25.1,47.8,1001.2,56.9,391,24
2026-06-25T22:15:34.364Z,5,5,25.1,47.8,1001.2,56.9,389,24
2026-06-25T22:15:44.367Z,5.4,6,25.1,47.8,1001.2,56.9,391,24
2026-06-25T22:15:54.361Z,5.6,6,25.1,47.8,1001.2,56.9,389,24
2026-06-25T22:16:04.367Z,4.8,5,25.1,47.8,1001.2,56.9,389,24
2026-06-25T22:16:14.366Z,6,7,25.1,47.8,1001.2,56.9,391,25
2026-06-25T22:16:24.359Z,7,8,25.1,47.8,1001.2,56.9,389,29
2026-06-25T22:16:34.360Z,5.6,6,25.1,47.8,1001.2,56.9,389,24
2026-06-25T22:16:44.364Z,3.8,5.4,25.1,47.9,1001.2,56.9,391,24
2026-06-25T22:16:54.377Z,5.6,6.2,25.1,47.9,1001.2,56.9,391,24
2026-06-25T22:17:04.365Z,5.4,6.2,25.1,47.9,1001.2,57,391,24
2026-06-25T22:17:14.362Z,5.6,7,25.1,47.9,1001.2,57,391,24
2026-06-25T22:17:24.368Z,5.2,7.2,25.1,48,1001.2,57,391,24
2026-06-25T22:17:34.363Z,4.8,5.6,25.1,48,1001.2,57,391,24
2026-06-25T22:17:44.363Z,6.6,7.6,25,48,1001.2,57,391,27
2026-06-25T22:17:54.356Z,6,7.8,25,48,1001.2,57,391,25
2026-06-25T22:18:04.372Z,5,6,25,48,1001.2,57,391,24
2026-06-25T22:18:14.372Z,5.8,7.6,25,48,1001.2,57,391,24
2026-06-25T22:18:24.358Z,5.8,7.8,25,48.1,1001.2,57.1,391,24
2026-06-25T22:18:34.391Z,5.4,7.4,25,48.1,1001.2,57,391,24
2026-06-25T22:18:44.356Z,5,6.6,25,48.1,1001.2,57,391,24
2026-06-25T22:18:54.464Z,5.8,5.8,25,48.2,1001.2,57,391,24
2026-06-25T22:19:04.366Z,6,6.4,25,48.2,1001.3,57,391,25
2026-06-25T22:19:14.358Z,4.6,5.6,25,48.2,1001.3,57,390,24
2026-06-25T22:19:24.363Z,5,6.6,25.1,48.2,1001.3,56.9,390,24
2026-06-25T22:19:34.357Z,5,5.6,25.1,48.2,1001.3,56.9,393,24
2026-06-25T22:19:44.362Z,5.2,7,25.1,48.2,1001.3,56.8,390,24
2026-06-25T22:19:54.359Z,5.8,6.8,25.1,48.1,1001.3,56.7,393,24
2026-06-25T22:20:04.403Z,6,6,25.1,48.1,1001.3,56.7,393,25
2026-06-25T22:20:14.363Z,5.4,6.4,25.1,48.1,1001.3,56.7,391,24
2026-06-25T22:20:24.358Z,6,6,25.1,48,1001.3,56.6,391,25
2026-06-25T22:20:34.362Z,5.2,6.2,25.2,48,1001.3,56.6,393,24
2026-06-25T22:20:44.360Z,5,5.8,25.2,48,1001.3,56.5,391,24
2026-06-25T22:20:54.364Z,5,5,25.2,48,1001.3,56.5,391,24
2026-06-25T22:21:04.358Z,5.6,5.6,25.2,47.9,1001.3,56.4,393,24
2026-06-25T22:21:14.356Z,4,5.8,25.2,47.9,1001.3,56.4,394,24
2026-06-25T22:21:24.363Z,4.4,5.4,25.2,47.9,1001.3,56.4,394,24
2026-06-25T22:21:34.356Z,5.6,5.6,25.2,47.8,1001.3,56.3,394,24
2026-06-25T22:21:44.436Z,6,6.8,25.2,47.8,1001.3,56.3,394,25
2026-06-25T22:21:54.361Z,5.4,6.4,25.2,47.8,1001.3,56.3,394,24
2026-06-25T22:22:04.363Z,4.4,5.4,25.3,47.8,1001.3,56.3,394,24
2026-06-25T22:22:14.357Z,5.4,6.4,25.3,47.8,1001.3,56.3,394,24
2026-06-25T22:22:24.355Z,6,6.2,25.3,47.7,1001.3,56.3,394,25
2026-06-25T22:22:34.361Z,5,5,25.3,47.7,1001.3,56.3,394,24
2026-06-25T22:22:44.358Z,4,5,25.3,47.7,1001.3,56.3,394,24
2026-06-25T22:22:54.366Z,5.4,6.4,25.3,47.6,1001.3,56.3,394,24
2026-06-25T22:23:04.358Z,4.6,4.6,25.3,47.6,1001.3,56.3,394,24
2026-06-25T22:23:14.362Z,5.4,5.4,25.3,47.6,1001.3,56.2,394,24
2026-06-25T22:23:24.356Z,4.8,4.8,25.3,47.5,1001.4,56.2,394,24
2026-06-25T22:23:34.353Z,5.6,5.6,25.3,47.5,1001.4,56.2,391,24
2026-06-25T22:23:44.366Z,6,6,25.3,47.5,1001.4,56.2,391,25
2026-06-25T22:23:54.364Z,5,5,25.3,47.5,1001.4,56.2,394,24
2026-06-25T22:24:04.365Z,4.6,4.6,25.3,47.4,1001.4,56.2,391,24
2026-06-25T22:24:14.361Z,4.8,4.8,25.3,47.4,1001.4,56.2,394,24
2026-06-25T22:24:24.367Z,4.4,4.4,25.3,47.4,1001.4,56.3,394,24
2026-06-25T22:24:34.359Z,4,5,25.3,47.4,1001.4,56.3,394,24
2026-06-25T22:24:44.352Z,4.4,4.4,25.3,47.4,1001.4,56.3,393,24
2026-06-25T22:24:54.357Z,3.6,3.6,25.3,47.4,1001.4,56.4,394,24
2026-06-25T22:25:04.362Z,4,5,25.3,47.4,1001.4,56.4,393,24
2026-06-25T22:25:14.357Z,4.4,5.4,25.3,47.4,1001.4,56.5,393,24
2026-06-25T22:25:24.353Z,5,5,25.3,47.4,1001.4,56.5,394,24
2026-06-25T22:25:34.352Z,5,5,25.3,47.4,1001.4,56.6,393,24
2026-06-25T22:25:44.356Z,5.4,5.4,25.3,47.4,1001.4,56.6,393,24
2026-06-25T22:25:54.356Z,6,6,25.3,47.4,1001.5,56.7,393,25
2026-06-25T22:26:04.355Z,5.6,5.6,25.3,47.4,1001.5,56.7,393,24
2026-06-25T22:26:14.357Z,4.8,4.8,25.3,47.4,1001.5,56.8,393,24
2026-06-25T22:26:24.351Z,4.8,6,25.3,47.4,1001.5,56.8,393,24
2026-06-25T22:26:34.361Z,2.8,4.6,25.3,47.4,1001.5,56.9,393,24
2026-06-25T22:26:44.365Z,3.6,5.8,25.2,47.4,1001.5,56.9,393,24
2026-06-25T22:26:54.353Z,3.8,4,25.2,47.4,1001.5,56.9,392,24
2026-06-25T22:27:04.373Z,2.4,2.4,25.2,47.4,1001.5,57,392,24
2026-06-25T22:27:14.368Z,2.4,2.4,25.2,47.4,1001.5,57,391,24
2026-06-25T22:27:24.356Z,2.4,3.4,25.2,47.4,1001.5,57.1,391,24
2026-06-25T22:27:34.360Z,3,3.8,25.2,47.4,1001.5,57.1,391,24
2026-06-25T22:27:44.361Z,4.2,5.6,25.2,47.4,1001.5,57.1,391,24
2026-06-25T22:27:54.363Z,4.8,6.2,25.2,47.4,1001.5,57.2,391,24
2026-06-25T22:28:04.364Z,4.6,4.8,25.2,47.4,1001.6,57.2,391,24
2026-06-25T22:28:14.361Z,2.2,2.2,25.2,47.4,1001.6,57.2,391,24
2026-06-25T22:28:24.360Z,4.4,4.8,25.2,47.4,1001.6,57.2,391,24
2026-06-25T22:28:34.365Z,6,6,25.2,47.4,1001.6,57.3,391,25
2026-06-25T22:28:44.361Z,4.2,5.2,25.2,47.3,1001.6,57.3,391,24
2026-06-25T22:28:54.363Z,4.4,5.6,25.2,47.3,1001.6,57.3,390,24
2026-06-25T22:29:04.353Z,4.6,4.6,25.1,47.3,1001.6,57.4,390,24
2026-06-25T22:29:14.354Z,2.2,2.2,25.1,47.3,1001.6,57.4,391,24
2026-06-25T22:29:24.360Z,3,3,25.1,47.3,1001.6,57.4,390,24
2026-06-25T22:29:34.370Z,3.4,3.6,25.1,47.3,1001.6,57.5,390,24
2026-06-25T22:29:44.354Z,2.2,2.4,25.1,47.3,1001.6,57.5,391,24
2026-06-25T22:29:54.361Z,2.4,2.4,25.1,47.3,1001.7,57.5,390,24
2026-06-25T22:30:04.350Z,4.2,4.2,25.1,47.3,1001.7,57.6,390,24
2026-06-25T22:30:14.350Z,4.8,4.8,25.1,47.3,1001.7,57.6,390,24
2026-06-25T22:30:24.352Z,4.8,4.8,25.1,47.3,1001.7,57.6,390,24
2026-06-25T22:30:34.350Z,4.6,5.6,25.1,47.3,1001.7,57.6,390,24
2026-06-25T22:30:44.357Z,4.8,4.8,25.1,47.3,1001.7,57.6,390,24
2026-06-25T22:30:54.358Z,4.4,4.4,25.1,47.3,1001.7,57.6,390,24
2026-06-25T22:31:04.351Z,3.6,4.6,25.1,47.3,1001.7,57.6,390,24
2026-06-25T22:31:14.353Z,3.8,5.8,25.1,47.3,1001.7,57.6,390,24
2026-06-25T22:31:24.355Z,4,5,25.1,47.2,1001.7,57.6,390,24
2026-06-25T22:31:34.352Z,3,4,25.1,47.2,1001.7,57.5,390,24
2026-06-25T22:31:44.348Z,3,4,25.1,47.2,1001.7,57.5,389,24
2026-06-25T22:31:54.352Z,3.4,3.4,25.1,47.2,1001.7,57.5,389,24
2026-06-25T22:32:04.355Z,4,4,25.1,47.2,1001.8,57.5,390,24
2026-06-25T22:32:14.349Z,3.4,3.4,25.2,47.2,1001.8,57.5,389,24
2026-06-25T22:32:24.360Z,3.8,4.8,25.2,47.2,1001.8,57.5,389,24
2026-06-25T22:32:34.356Z,4.8,5.2,25.2,47.1,1001.8,57.5,390,24
2026-06-25T22:32:44.395Z,5.8,5.8,25.2,47.1,1001.8,57.5,389,24
2026-06-25T22:32:54.846Z,4.6,5.6,25.2,47.1,1001.8,57.5,389,24
2026-06-25T22:33:04.350Z,4,5,25.2,47.1,1001.8,57.5,390,24
2026-06-25T22:33:14.354Z,3.2,3.2,25.2,47,1001.8,57.4,390,24
2026-06-25T22:33:24.354Z,3.6,4,25.2,47,1001.8,57.4,390,24
2026-06-25T22:33:34.352Z,3.8,5.2,25.2,47,1001.8,57.4,393,24
2026-06-25T22:33:44.353Z,3.8,5,25.2,46.9,1001.8,57.4,390,24
2026-06-25T22:33:54.353Z,4.6,4.6,25.2,46.9,1001.8,57.3,393,24
2026-06-25T22:34:04.354Z,3,3,25.2,46.9,1001.8,57.3,393,24
2026-06-25T22:34:14.354Z,3.8,3.8,25.2,46.9,1001.8,57.3,393,24
2026-06-25T22:34:24.357Z,4,4,25.2,46.9,1001.8,57.4,393,24
2026-06-25T22:34:34.354Z,3.8,4,25.2,46.9,1001.9,57.3,393,24
2026-06-25T22:34:44.357Z,3.8,4.6,25.2,46.9,1001.9,57.3,393,24
2026-06-25T22:34:54.381Z,3,4,25.2,46.8,1001.9,57.3,393,24
2026-06-25T22:35:04.358Z,3.2,4.2,25.3,46.8,1001.9,57.3,393,24
2026-06-25T22:35:14.353Z,2.4,3.4,25.3,46.8,1001.9,57.3,392,24
2026-06-25T22:35:24.356Z,3.2,4.2,25.3,46.8,1001.9,57.3,392,24
2026-06-25T22:35:34.356Z,4,4,25.3,46.8,1001.9,57.2,392,24
2026-06-25T22:35:44.355Z,5.6,5.6,25.3,46.8,1001.9,57.2,392,24
2026-06-25T22:35:54.350Z,4.6,4.6,25.3,46.8,1001.9,57.2,393,24
2026-06-25T22:36:04.350Z,4.4,4.4,25.3,46.7,1001.9,57.2,392,24
2026-06-25T22:36:14.352Z,3.8,4.2,25.3,46.7,1001.9,57.2,393,24
2026-06-25T22:36:24.355Z,4,4,25.3,46.7,1001.9,57.2,394,24
2026-06-25T22:36:34.348Z,3,3.2,25.3,46.7,1001.9,57.2,393,24
2026-06-25T22:36:44.362Z,3.2,5.6,25.3,46.7,1001.9,57.2,393,24
2026-06-25T22:36:54.397Z,4,4.6,25.3,46.7,1001.9,57.2,394,24
2026-06-25T22:37:04.356Z,3.6,3.6,25.3,46.6,1001.9,57.2,394,24
2026-06-25T22:37:14.353Z,3.8,3.8,25.3,46.6,1001.9,57.2,394,24
2026-06-25T22:37:24.353Z,4.8,4.8,25.3,46.6,1001.9,57.2,394,24
2026-06-25T22:37:34.351Z,4.6,4.6,25.3,46.6,1001.9,57.2,394,24
2026-06-25T22:37:44.359Z,3.4,3.4,25.3,46.6,1001.9,57.3,393,24
2026-06-25T22:37:54.404Z,2.6,2.6,25.3,46.6,1001.9,57.3,394,24
2026-06-25T22:38:04.353Z,3.2,3.8,25.3,46.6,1001.9,57.3,393,24
2026-06-25T22:38:14.349Z,4,4.4,25.3,46.6,1001.9,57.4,393,24
2026-06-25T22:38:24.343Z,6,6,25.3,46.5,1001.9,57.4,393,25
2026-06-25T22:38:34.347Z,4.2,4.2,25.3,46.5,1001.9,57.4,393,24
2026-06-25T22:38:44.351Z,4.6,4.6,25.3,46.4,1001.9,57.4,393,24
2026-06-25T22:38:54.345Z,3.6,3.8,25.3,46.4,1001.9,57.4,393,24
2026-06-25T22:39:04.342Z,3.6,3.6,25.3,46.4,1001.9,57.4,391,24
2026-06-25T22:39:14.345Z,3.6,4.6,25.3,46.4,1001.9,57.4,393,24
2026-06-25T22:39:24.343Z,4.4,5,25.3,46.3,1001.9,57.4,390,24
2026-06-25T22:39:34.346Z,2.8,3.8,25.3,46.3,1001.9,57.4,392,24
2026-06-25T22:39:44.349Z,4,4,25.3,46.3,1001.9,57.4,392,24
2026-06-25T22:39:54.383Z,2.8,4,25.3,46.3,1001.9,57.3,390,24
2026-06-25T22:40:04.349Z,1.4,4.8,25.3,46.2,1001.9,57.3,390,24
2026-06-25T22:40:14.352Z,2,2.6,25.3,46.2,1001.9,57.3,392,24
2026-06-25T22:40:24.353Z,2.4,2.4,25.3,46.2,1002,57.3,390,24
2026-06-25T22:40:34.353Z,2.8,3.8,25.3,46.2,1002,57.3,392,24
2026-06-25T22:40:44.392Z,3,4,25.3,46.2,1002,57.3,393,24
2026-06-25T22:40:54.352Z,3,3.4,25.3,46.2,1002,57.3,393,24
2026-06-25T22:41:04.358Z,3.6,3.6,25.3,46.2,1002,57.3,392,24
2026-06-25T22:41:14.356Z,3.4,3.4,25.3,46.1,1002,57.3,393,24
2026-06-25T22:41:24.350Z,2,2,25.3,46.1,1002,57.3,394,24
2026-06-25T22:41:34.346Z,2.6,3,25.4,46.1,1002,57.2,394,24
2026-06-25T22:41:44.351Z,3.6,4.2,25.4,46.1,1002,57.2,394,24
2026-06-25T22:41:54.441Z,3.4,3.6,25.4,46.1,1002,57.2,394,24
2026-06-25T22:42:04.351Z,3.4,4.2,25.4,46.1,1002,57.2,394,24
2026-06-25T22:42:14.354Z,3.4,4.8,25.4,46.1,1002,57.2,394,24
2026-06-25T22:42:24.350Z,3.8,4.8,25.4,46.1,1002,57.2,394,24
2026-06-25T22:42:34.351Z,2,3,25.4,46,1002,57.1,394,24
2026-06-25T22:42:44.347Z,3.4,4,25.4,46,1002,57.1,394,24
2026-06-25T22:42:54.341Z,3.4,3.6,25.4,46,1002,57.1,395,24
2026-06-25T22:43:04.347Z,2.8,4,25.4,46,1002,57.1,394,24
2026-06-25T22:43:14.341Z,3.4,5.2,25.4,46,1002,57.1,394,24
2026-06-25T22:43:24.345Z,4,4,25.4,46,1002,57,393,24
2026-06-25T22:43:34.354Z,3.8,4.2,25.4,46,1002,57,393,24
2026-06-25T22:43:44.348Z,4.4,5.2,25.4,46,1002,57,393,24
2026-06-25T22:43:54.348Z,4.6,5.6,25.4,46,1002,57,393,24
2026-06-25T22:44:04.343Z,6,6,25.4,46,1002.1,56.9,394,25
2026-06-25T22:44:14.342Z,3.6,4.2,25.4,46.1,1002.1,56.9,394,24
2026-06-25T22:44:24.349Z,4,4,25.4,46.1,1002.1,56.9,394,24
2026-06-25T22:44:34.352Z,3.6,4,25.4,46.1,1002.1,56.8,394,24
2026-06-25T22:44:44.344Z,4.2,4.2,25.4,46.1,1002.1,56.8,394,24
2026-06-25T22:44:54.337Z,4,4,25.5,46.1,1002.1,56.8,394,24
2026-06-25T22:45:04.342Z,3.2,3.2,25.5,46.1,1002.1,56.8,394,24
2026-06-25T22:45:14.338Z,3,4,25.5,46.1,1002.1,56.8,394,24
2026-06-25T22:45:24.338Z,2.6,2.8,25.5,46.1,1002.1,56.8,394,24
2026-06-25T22:45:34.341Z,3,3.2,25.5,46.1,1002.1,56.8,395,24
2026-06-25T22:45:44.429Z,4.6,5.4,25.5,46.1,1002.1,56.8,395,24
2026-06-25T22:45:54.366Z,3,4,25.5,46.1,1002.1,56.8,395,24
2026-06-25T22:46:04.403Z,4.8,6,25.5,46,1002.1,56.8,395,24
2026-06-25T22:46:14.347Z,3.6,4.8,25.5,46,1002.1,56.7,395,24
2026-06-25T22:46:24.383Z,3,3,25.5,45.9,1002.1,56.7,394,24
2026-06-25T22:46:34.408Z,3,3,25.5,45.9,1002.1,56.7,394,24
2026-06-25T22:46:44.346Z,3,3.4,25.5,45.8,1002.1,56.7,394,24
2026-06-25T22:46:54.351Z,2.8,2.8,25.5,45.8,1002.1,56.7,394,24
2026-06-25T22:47:04.345Z,3,3,25.5,45.8,1002.1,56.7,394,24
2026-06-25T22:47:14.346Z,3.4,3.6,25.5,45.8,1002.1,56.6,394,24
2026-06-25T22:47:24.343Z,2,2.4,25.6,45.7,1002.1,56.6,394,24
2026-06-25T22:47:34.354Z,2.6,2.6,25.6,45.7,1002.1,56.5,394,24
2026-06-25T22:47:44.343Z,2.6,3.4,25.6,45.7,1002.1,56.5,394,24
2026-06-25T22:47:54.379Z,2,3,25.6,45.7,1002.1,56.5,394,24
2026-06-25T22:48:04.415Z,3.4,4.2,25.6,45.7,1002.1,56.4,394,24
2026-06-25T22:48:14.347Z,4.4,5.4,25.6,45.7,1002.1,56.4,394,24
2026-06-25T22:48:24.341Z,2.2,3.2,25.6,45.6,1002.1,56.3,395,24
2026-06-25T22:48:34.356Z,3.2,3.8,25.7,45.6,1002.1,56.3,395,24
2026-06-25T22:48:44.350Z,4,4.6,25.7,45.6,1002.1,56.3,394,24
2026-06-25T22:48:54.380Z,5,6,25.7,45.6,1002.1,56.3,394,24
2026-06-25T22:49:04.336Z,4.4,4.4,25.7,45.6,1002.1,56.4,394,24
2026-06-25T22:49:14.336Z,3.4,4.4,25.7,45.6,1002.1,56.4,394,24
2026-06-25T22:49:24.335Z,3.8,4.8,25.7,45.6,1002.1,56.4,394,24
2026-06-25T22:49:34.334Z,3,3,25.7,45.6,1002.1,56.4,394,24
2026-06-25T22:49:44.345Z,4.4,4.4,25.7,45.6,1002.1,56.5,394,24
2026-06-25T22:49:54.462Z,5.6,5.6,25.7,45.7,1002.1,56.5,394,24
2026-06-25T22:50:04.427Z,4.8,4.8,25.7,45.7,1002.1,56.5,394,24
2026-06-25T22:50:14.342Z,2,2.6,25.7,45.6,1002.1,56.5,394,24
2026-06-25T22:50:24.341Z,3,3.4,25.6,45.6,1002.1,56.5,394,24
2026-06-25T22:50:34.341Z,3.6,4.6,25.7,45.6,1002.1,56.6,394,24
2026-06-25T22:50:44.344Z,3.4,4.2,25.7,45.7,1002.1,56.6,394,24
2026-06-25T22:50:54.378Z,3.4,4.2,25.7,45.7,1002.1,56.6,394,24
2026-06-25T22:51:04.340Z,3.6,4.6,25.7,45.7,1002.1,56.6,394,24
2026-06-25T22:51:14.340Z,3.4,4.6,25.7,45.7,1002.1,56.6,394,24
2026-06-25T22:51:24.344Z,2.6,3.8,25.7,45.7,1002.2,56.6,394,24
2026-06-25T22:51:34.347Z,2,4,25.7,45.7,1002.2,56.6,394,24
2026-06-25T22:51:44.337Z,2.8,5,25.7,45.7,1002.2,56.6,394,24
2026-06-25T22:51:54.340Z,4.4,5,25.7,45.7,1002.2,56.6,394,24
2026-06-25T22:52:04.343Z,4,5,25.7,45.8,1002.2,56.6,394,24
2026-06-25T22:52:14.345Z,4.2,5.4,25.7,45.8,1002.2,56.6,394,24
2026-06-25T22:52:24.340Z,3.6,5.2,25.7,45.8,1002.2,56.6,394,24
2026-06-25T22:52:34.344Z,4,4.2,25.7,45.9,1002.2,56.6,394,24
2026-06-25T22:52:44.345Z,3.6,5.6,25.7,45.9,1002.2,56.6,394,24
2026-06-25T22:52:54.339Z,2.8,4.8,25.7,46,1002.2,56.6,394,24
2026-06-25T22:53:04.338Z,4.4,5.2,25.7,46,1002.2,56.6,394,24
2026-06-25T22:53:14.339Z,5.4,5.8,25.7,46,1002.2,56.6,394,24
2026-06-25T22:53:24.338Z,4.2,4.2,25.7,46.1,1002.2,56.7,394,24
2026-06-25T22:53:34.361Z,3,4.4,25.6,46.1,1002.2,56.7,393,24
2026-06-25T22:53:44.351Z,3.2,3.8,25.6,46.1,1002.2,56.7,394,24
2026-06-25T22:53:54.346Z,3.4,3.4,25.6,46.1,1002.2,56.8,393,24
2026-06-25T22:54:04.349Z,4.2,4.6,25.6,46.2,1002.2,56.8,393,24
2026-06-25T22:54:14.370Z,5,6.4,25.6,46.2,1002.2,56.8,393,24
2026-06-25T22:54:24.341Z,6.2,7.2,25.6,46.2,1002.2,56.8,394,25
2026-06-25T22:54:34.344Z,5,5.8,25.6,46.2,1002.2,56.8,391,24
2026-06-25T22:54:44.333Z,6,7,25.6,46.2,1002.2,56.8,391,25
2026-06-25T22:54:54.336Z,4.6,5.2,25.6,46.2,1002.2,56.8,391,24
2026-06-25T22:55:04.334Z,6,7,25.6,46.2,1002.2,56.8,391,25
2026-06-25T22:55:14.333Z,3.8,4.8,25.6,46.2,1002.2,56.8,391,24
2026-06-25T22:55:24.336Z,4.8,4.8,25.6,46.2,1002.2,56.7,391,24
2026-06-25T22:55:34.330Z,5,5,25.6,46.2,1002.2,56.7,391,24
2026-06-25T22:55:44.336Z,4.6,4.6,25.6,46.2,1002.2,56.7,391,24
2026-06-25T22:55:54.332Z,4.6,5.4,25.6,46.2,1002.2,56.7,391,24
2026-06-25T22:56:04.331Z,4.4,4.6,25.6,46.3,1002.2,56.6,391,24
2026-06-25T22:56:14.338Z,6.2,6.2,25.6,46.3,1002.2,56.6,391,25
2026-06-25T22:56:24.330Z,6.4,7.8,25.6,46.3,1002.2,56.5,391,26
2026-06-25T22:56:34.372Z,5,5,25.6,46.2,1002.2,56.5,391,24
2026-06-25T22:56:44.336Z,6,6,25.6,46.2,1002.2,56.4,391,25
2026-06-25T22:56:54.352Z,6.2,6.6,25.7,46.2,1002.2,56.4,393,25
2026-06-25T22:57:04.340Z,6.4,8.2,25.7,46.2,1002.2,56.4,394,26
2026-06-25T22:57:14.335Z,8,10,25.7,46.2,1002.2,56.4,394,33
2026-06-25T22:57:24.335Z,6.6,7.6,25.7,46.2,1002.2,56.3,393,27
2026-06-25T22:57:34.334Z,5.6,7.2,25.7,46.2,1002.2,56.3,394,24
2026-06-25T22:57:44.344Z,7.4,9.2,25.7,46.1,1002.2,56.3,394,30
2026-06-25T22:57:54.337Z,8.6,11.6,25.7,46.1,1002.2,56.2,394,35
2026-06-25T22:58:04.341Z,8.6,10.6,25.7,46,1002.2,56.1,394,35
2026-06-25T22:58:14.334Z,7.6,9.6,25.8,45.9,1002.2,56,394,31
2026-06-25T22:58:24.338Z,8.2,11.4,25.8,45.9,1002.2,55.9,394,34
2026-06-25T22:58:34.343Z,7.6,10,25.8,45.8,1002.2,55.7,394,31
2026-06-25T22:58:44.331Z,7.6,9,25.9,45.7,1002.2,55.6,394,31
2026-06-25T22:58:54.360Z,6.2,6.4,25.9,45.7,1002.2,55.5,394,25
2026-06-25T22:59:04.330Z,5.6,6,26,45.6,1002.2,55.3,394,24
2026-06-25T22:59:14.330Z,5.6,7.6,26,45.6,1002.2,55.2,395,24
2026-06-25T22:59:24.328Z,5.4,7.4,26,45.5,1002.2,55.1,397,24
2026-06-25T22:59:34.333Z,6,8,26.1,45.4,1002.2,54.9,395,25
2026-06-25T22:59:44.329Z,7.2,9.6,26.1,45.3,1002.2,54.7,397,29
2026-06-25T22:59:54.339Z,7.6,8.8,26.2,45.3,1002.2,54.6,397,31
2026-06-25T23:00:04.326Z,6.8,7.6,26.2,45.2,1002.2,54.4,397,28
2026-06-25T23:00:14.334Z,6.8,8.4,26.3,45.1,1002.2,54.3,397,28
2026-06-25T23:00:24.332Z,7.6,7.6,26.3,45,1002.2,54.1,397,31
2026-06-25T23:00:34.334Z,7.6,7.6,26.3,45,1002.3,54,397,31
2026-06-25T23:00:44.330Z,8,9,26.4,45,1002.3,53.8,397,33
2026-06-25T23:00:54.377Z,8.8,9.8,26.4,44.9,1002.3,53.7,397,36
2026-06-25T23:01:04.337Z,10.2,10.4,26.5,44.9,1002.3,53.5,397,42
2026-06-25T23:01:14.332Z,8.4,8.4,26.5,44.9,1002.3,53.4,398,34
2026-06-25T23:01:24.337Z,8.8,8.8,26.5,44.9,1002.3,53.3,399,36
2026-06-25T23:01:34.343Z,9,10.4,26.6,44.8,1002.3,53.2,399,37
2026-06-25T23:01:44.329Z,9.4,11.4,26.6,44.8,1002.3,53.1,399,39
2026-06-25T23:01:54.329Z,9.6,12.2,26.6,44.8,1002.3,53,399,40
2026-06-25T23:02:04.328Z,9.6,12.8,26.6,44.7,1002.3,52.9,399,40
2026-06-25T23:02:14.329Z,9.8,11.6,26.7,44.7,1002.3,52.8,399,40
2026-06-25T23:02:24.329Z,11.6,11.8,26.7,44.6,1002.3,52.7,399,48
2026-06-25T23:02:34.326Z,11,12.4,26.7,44.6,1002.3,52.7,399,45
2026-06-25T23:02:44.329Z,10.6,15.2,26.7,44.5,1002.3,52.6,399,44
2026-06-25T23:02:54.332Z,11.4,15.6,26.8,44.5,1002.3,52.5,399,47
2026-06-25T23:03:04.334Z,10.4,14.6,26.8,44.4,1002.3,52.5,399,43
2026-06-25T23:03:14.343Z,7.6,11.8,26.8,44.3,1002.3,52.5,399,31
2026-06-25T23:03:24.330Z,8,13,26.8,44.3,1002.3,52.5,399,33
2026-06-25T23:03:34.334Z,8.6,13.6,26.9,44.2,1002.3,52.4,398,35
2026-06-25T23:03:44.329Z,11.8,13.2,26.9,44.2,1002.3,52.4,399,49
2026-06-25T23:03:54.333Z,13,14,26.9,44.2,1002.3,52.4,398,52
2026-06-25T23:04:04.327Z,12.6,14.6,26.9,44.2,1002.2,52.3,399,52
2026-06-25T23:04:14.339Z,11.6,14.6,26.9,44.1,1002.2,52.3,398,48
2026-06-25T23:04:24.336Z,11.6,14.4,26.9,44.1,1002.2,52.3,397,48
2026-06-25T23:04:34.338Z,13,16.4,26.9,44.1,1002.2,52.3,397,52
2026-06-25T23:04:44.324Z,12.8,15.8,27,44,1002.2,52.3,398,52
2026-06-25T23:04:54.323Z,11.6,13.6,27,44,1002.2,52.3,397,48
2026-06-25T23:05:04.324Z,10.6,12.6,27,44,1002.2,52.3,398,44
2026-06-25T23:05:14.323Z,11.2,13.2,27,43.9,1002.2,52.3,398,46
2026-06-25T23:05:24.326Z,12.6,15.2,27,43.9,1002.2,52.3,398,52
2026-06-25T23:05:34.324Z,14,16,27,43.9,1002.2,52.2,398,54
2026-06-25T23:05:44.327Z,14,16.2,27,43.9,1002.2,52.2,398,54
2026-06-25T23:05:54.338Z,12.4,16.4,27.1,43.8,1002.2,52.2,398,51
2026-06-25T23:06:04.328Z,12.6,16.6,27.1,43.8,1002.2,52.2,398,52
2026-06-25T23:06:14.332Z,12.6,16.6,27.1,43.7,1002.2,52.2,398,52
2026-06-25T23:06:24.330Z,13.4,17.4,27.1,43.7,1002.2,52.2,398,53
2026-06-25T23:06:34.328Z,13.6,17.6,27.1,43.7,1002.2,52.1,398,54
2026-06-25T23:06:44.330Z,14,17.2,27.1,43.7,1002.2,52.1,399,54
2026-06-25T23:06:54.328Z,15,18,27.1,43.7,1002.2,52.1,398,57
2026-06-25T23:07:04.329Z,13,17.4,27.2,43.7,1002.2,52.1,398,52
2026-06-25T23:07:14.327Z,13,17,27.2,43.6,1002.2,52.1,398,52
2026-06-25T23:07:24.333Z,13.6,17.4,27.2,43.6,1002.2,52.1,398,54
2026-06-25T23:07:34.326Z,14,16,27.2,43.5,1002.2,52.1,398,54
2026-06-25T23:07:44.321Z,12.8,14.8,27.2,43.5,1002.2,52.1,398,52
2026-06-25T23:07:54.325Z,10.6,13.6,27.2,43.4,1002.2,52.1,398,44
2026-06-25T23:08:04.324Z,11,14,27.2,43.4,1002.2,52.1,398,45
2026-06-25T23:08:14.320Z,12.4,15.4,27.3,43.3,1002.2,52.1,398,51
2026-06-25T23:08:24.330Z,11,14,27.3,43.3,1002.2,52.1,398,45
2026-06-25T23:08:34.323Z,12.2,15.6,27.3,43.2,1002.2,52.1,398,51
2026-06-25T23:08:44.323Z,12.4,17.8,27.3,43.2,1002.2,52.1,398,51
2026-06-25T23:08:54.326Z,10.6,17.4,27.3,43.1,1002.2,52.1,398,44
2026-06-25T23:09:04.323Z,11.6,17,27.3,43.1,1002.2,52.1,398,48
2026-06-25T23:09:14.325Z,12.6,17.6,27.3,43.1,1002.2,52.1,398,52
2026-06-25T23:09:24.333Z,13.4,17.4,27.3,43,1002.2,52.1,399,53
2026-06-25T23:09:34.327Z,14.6,16.6,27.4,43,1002.2,52.1,399,56
2026-06-25T23:09:44.327Z,13.2,15.2,27.4,42.9,1002.1,52.1,398,53
2026-06-25T23:09:54.329Z,13.6,15.6,27.4,42.9,1002.1,52.1,398,54
2026-06-25T23:10:04.327Z,12.8,15,27.4,42.9,1002.1,52.1,398,52
2026-06-25T23:10:14.327Z,12,15,27.4,42.8,1002.1,52.1,398,50
2026-06-25T23:10:24.330Z,12.4,15.4,27.4,42.8,1002.1,52.1,398,51
2026-06-25T23:10:34.326Z,13.8,16.6,27.4,42.8,1002.1,52.1,398,54
2026-06-25T23:10:44.333Z,14.4,16.4,27.4,42.7,1002.1,52.1,398,55
2026-06-25T23:10:54.327Z,12.6,15.2,27.4,42.7,1002.1,52.1,398,52
2026-06-25T23:11:04.327Z,12.6,16,27.5,42.6,1002.1,52.2,398,52
2026-06-25T23:11:14.331Z,13,17,27.5,42.6,1002.1,52.2,398,52
2026-06-25T23:11:24.336Z,13.6,17.4,27.5,42.5,1002.1,52.2,398,54
2026-06-25T23:11:34.335Z,14.4,18,27.5,42.5,1002.1,52.2,398,55
2026-06-25T23:11:44.324Z,17,17.6,27.5,42.5,1002.1,52.3,398,61
2026-06-25T23:11:54.320Z,16.4,16.4,27.5,42.4,1002.1,52.3,398,60
2026-06-25T23:12:04.323Z,15.8,16.6,27.5,42.4,1002.1,52.3,398,58
2026-06-25T23:12:14.322Z,16.8,17.4,27.5,42.4,1002.1,52.3,398,60
2026-06-25T23:12:24.321Z,16.4,17.4,27.5,42.3,1002.1,52.3,398,60
2026-06-25T23:12:34.318Z,14.6,17.2,27.5,42.3,1002.1,52.3,397,56
2026-06-25T23:12:44.324Z,15.2,19.2,27.5,42.3,1002.1,52.3,397,57
2026-06-25T23:12:54.344Z,16.4,20.6,27.5,42.3,1002.1,52.4,398,60
2026-06-25T23:13:04.321Z,18.2,21.2,27.5,42.2,1002.1,52.4,398,63
2026-06-25T23:13:14.333Z,15.2,17,27.6,42.2,1002.1,52.4,398,57
2026-06-25T23:13:24.331Z,16,18,27.6,42.2,1002.1,52.4,399,59
2026-06-25T23:13:34.325Z,16,17.2,27.6,42.2,1002.1,52.4,398,59
2026-06-25T23:13:44.326Z,17,18.6,27.6,42.1,1002.1,52.4,399,61
2026-06-25T23:13:54.324Z,18,20,27.6,42.1,1002.1,52.4,399,63
2026-06-25T23:14:04.326Z,17.4,18.4,27.6,42.1,1002.1,52.4,399,62
2026-06-25T23:14:14.327Z,17.4,18.2,27.6,42,1002.1,52.4,399,62
2026-06-25T23:14:24.321Z,17.6,17.6,27.6,42,1002.1,52.4,399,62
2026-06-25T23:14:34.329Z,17,17.4,27.6,41.9,1002.1,52.4,399,61
2026-06-25T23:14:44.346Z,18,19,27.6,41.9,1002.1,52.5,399,63
2026-06-25T23:14:54.336Z,17.4,18.6,27.6,41.8,1002.1,52.5,399,62
2026-06-25T23:15:04.329Z,18.2,20.2,27.6,41.8,1002.1,52.5,399,63
2026-06-25T23:15:14.332Z,17,20.2,27.6,41.8,1002.1,52.5,399,61
2026-06-25T23:15:24.321Z,16.6,19.6,27.7,41.8,1002.1,52.5,399,60
2026-06-25T23:15:34.322Z,17.8,20.8,27.7,41.7,1002.1,52.6,398,62
2026-06-25T23:15:44.319Z,15.8,19.6,27.7,41.7,1002.1,52.6,398,58
2026-06-25T23:15:54.316Z,16,18.8,27.7,41.7,1002.1,52.6,398,59
2026-06-25T23:16:04.333Z,16.4,18.2,27.7,41.7,1002.1,52.6,398,60
2026-06-25T23:16:14.348Z,17.6,18.6,27.7,41.6,1002.1,52.7,398,62
2026-06-25T23:16:24.322Z,15,16.8,27.7,41.6,1002.1,52.7,398,57
2026-06-25T23:16:34.325Z,15,17.8,27.7,41.6,1002.1,52.8,396,57
2026-06-25T23:16:44.320Z,15.2,16.2,27.6,41.6,1002.1,52.8,396,57
2026-06-25T23:16:54.323Z,14.4,15.4,27.6,41.5,1002.1,52.9,395,55
2026-06-25T23:17:04.330Z,14.4,15.6,27.6,41.5,1002.1,52.9,396,55
2026-06-25T23:17:14.329Z,14.6,15.6,27.6,41.5,1002.1,53,396,56
2026-06-25T23:17:24.330Z,15.6,17,27.6,41.5,1002.1,53,396,58
2026-06-25T23:17:34.332Z,15,17,27.6,41.4,1002.1,53.1,396,57
2026-06-25T23:17:44.334Z,16,18,27.6,41.4,1002.1,53.1,398,59
2026-06-25T23:17:54.323Z,16.2,17.6,27.6,41.4,1002.1,53.1,396,59
2026-06-25T23:18:04.321Z,14.6,15.8,27.6,41.3,1002.1,53.2,396,56
2026-06-25T23:18:14.325Z,16,18.4,27.6,41.3,1002.1,53.2,396,59
2026-06-25T23:18:24.319Z,16.4,19,27.6,41.2,1002.1,53.2,398,60
2026-06-25T23:18:34.326Z,17.8,18.2,27.6,41.2,1002.1,53.3,398,62
2026-06-25T23:18:44.317Z,19,19,27.6,41.2,1002.1,53.3,399,65
2026-06-25T23:18:54.319Z,18,19,27.6,41.2,1002.1,53.3,399,63
2026-06-25T23:19:04.320Z,17.6,18.6,27.6,41.1,1002.1,53.4,399,62
2026-06-25T23:19:14.319Z,17,17.4,27.6,41.1,1002.1,53.5,399,61
2026-06-25T23:19:24.317Z,16.6,17,27.6,41.1,1002.1,53.5,399,60
2026-06-25T23:19:34.322Z,16.6,16.6,27.6,41.1,1002.1,53.6,399,60
2026-06-25T23:19:44.324Z,16.4,16.8,27.6,41.1,1002.1,53.6,399,60
2026-06-25T23:19:54.319Z,17.2,18.8,27.6,41.1,1002.1,53.6,399,61
2026-06-25T23:20:04.321Z,16,18,27.6,41.1,1002.1,53.7,399,59
2026-06-25T23:20:14.323Z,15,16,27.6,41.2,1002.1,53.7,399,57
2026-06-25T23:20:24.324Z,16,17,27.5,41.3,1002.1,53.7,399,59
2026-06-25T23:20:34.327Z,17.2,17.6,27.5,41.4,1002.1,53.7,399,61
2026-06-25T23:20:44.318Z,18,19,27.5,41.6,1002.1,53.6,399,63
2026-06-25T23:20:54.328Z,16.6,17.4,27.5,41.7,1002.1,53.5,398,60
2026-06-25T23:21:04.322Z,16.4,17.4,27.5,41.9,1002.1,53.4,398,60
2026-06-25T23:21:14.320Z,16.4,17.4,27.5,42,1002.1,53.3,397,60
2026-06-25T23:21:24.321Z,15.6,16.6,27.5,42.1,1002.1,53.1,397,58
2026-06-25T23:21:34.326Z,17.6,18.6,27.5,42.2,1002.1,53,397,62
2026-06-25T23:21:44.332Z,18.4,19.4,27.5,42.3,1002.1,52.8,397,64
2026-06-25T23:21:54.332Z,18,20.6,27.6,42.4,1002.1,52.7,397,63
2026-06-25T23:22:04.328Z,17.8,20.2,27.6,42.5,1002.1,52.5,397,62
2026-06-25T23:22:14.324Z,19,20,27.6,42.6,1002.1,52.3,397,65
2026-06-25T23:22:24.321Z,18.4,19.4,27.6,42.7,1002.1,52.1,397,64
2026-06-25T23:22:34.347Z,17.4,18.4,27.6,42.7,1002.1,51.9,398,62
2026-06-25T23:22:44.317Z,16.6,17.6,27.6,42.8,1002.1,51.7,398,60
2026-06-25T23:22:54.320Z,17.6,20.2,27.7,42.9,1002.2,51.5,398,62
2026-06-25T23:23:04.314Z,18.4,21.6,27.7,43,1002.2,51.3,400,64
2026-06-25T23:23:14.316Z,17.6,19.6,27.7,43.1,1002.2,51.1,400,62
2026-06-25T23:23:24.322Z,18,18.4,27.7,43.2,1002.2,50.8,400,63
2026-06-25T23:23:34.317Z,18.8,19,27.8,43.2,1002.2,50.6,400,65
2026-06-25T23:23:44.324Z,19,21.8,27.8,43.3,1002.2,50.4,400,65
2026-06-25T23:23:54.325Z,18.2,21.2,27.8,43.4,1002.2,50.2,400,63
2026-06-25T23:24:04.315Z,16.6,19.4,27.9,43.4,1002.2,50,400,60
2026-06-25T23:24:14.319Z,15.4,17.6,27.9,43.4,1002.2,49.8,400,57
2026-06-25T23:24:24.319Z,16,18,27.9,43.4,1002.2,49.6,400,59
2026-06-25T23:24:34.320Z,15.8,17.2,27.9,43.4,1002.2,49.5,400,58
2026-06-25T23:24:44.323Z,16,17,28,43.4,1002.2,49.3,400,59
2026-06-25T23:24:54.325Z,15,16.4,28,43.5,1002.2,49.1,400,57
2026-06-25T23:25:04.316Z,15.6,17.6,28,43.6,1002.2,48.9,399,58
2026-06-25T23:25:14.323Z,16,17.6,28.1,43.8,1002.1,48.7,400,59
2026-06-25T23:25:24.318Z,16.6,17.6,28.1,44,1002.1,48.5,400,60
2026-06-25T23:25:34.314Z,16.4,17.4,28.1,44,1002.1,48.3,400,60
2026-06-25T23:25:44.320Z,16.4,19,28.1,44,1002.1,48.1,400,60
2026-06-25T23:25:54.352Z,16.8,19,28.2,44,1002.1,47.9,400,60
2026-06-25T23:26:04.309Z,16.6,17.6,28.2,44.1,1002.1,47.7,400,60
2026-06-25T23:26:14.312Z,16.4,17.4,28.2,44.3,1002.1,47.5,400,60
2026-06-25T23:26:24.309Z,17,18.2,28.3,44.5,1002.1,47.3,400,61
2026-06-25T23:26:34.396Z,16.6,17.6,28.3,44.7,1002.1,47,400,60
2026-06-25T23:26:44.310Z,16.4,18,28.3,44.8,1002.1,46.8,400,60
2026-06-25T23:26:54.320Z,19,20.2,28.3,44.9,1002.1,46.6,400,65
2026-06-25T23:27:04.311Z,18.8,20.8,28.4,45.1,1002.1,46.3,400,65
2026-06-25T23:27:14.315Z,19.2,21.4,28.4,45.3,1002.1,46.1,400,65
2026-06-25T23:27:24.315Z,18.6,19.2,28.4,45.4,1002.1,45.8,400,64
2026-06-25T23:27:34.312Z,19.4,19.4,28.4,45.5,1002.1,45.6,400,66
2026-06-25T23:27:44.312Z,20.4,20.4,28.5,45.6,1002.1,45.3,400,68
2026-06-25T23:27:54.312Z,18.4,18.4,28.5,45.6,1002.1,45.1,400,64
2026-06-25T23:28:04.312Z,17,17.4,28.5,45.7,1002.1,44.9,400,61
2026-06-25T23:28:14.312Z,18,18,28.6,45.8,1002.1,44.7,400,63
2026-06-25T23:28:24.310Z,16.8,16.8,28.6,45.8,1002.1,44.5,400,60
2026-06-25T23:28:34.314Z,17.4,17.4,28.6,45.9,1002.1,44.3,400,62
2026-06-25T23:28:44.321Z,18.4,18.8,28.6,46,1002.1,44.1,400,64
2026-06-25T23:28:54.314Z,18.2,19,28.7,46,1002.1,44,400,63
2026-06-25T23:29:04.318Z,20.2,22,28.7,46.1,1002.1,43.8,400,68
2026-06-25T23:29:14.328Z,18.6,19.6,28.7,46.1,1002.1,43.6,400,64
2026-06-25T23:29:24.314Z,17.4,18.4,28.7,46.2,1002.1,43.5,400,62
2026-06-25T23:29:34.329Z,16,18,28.7,46.1,1002.1,43.3,400,59
2026-06-25T23:29:44.320Z,15.4,17.4,28.8,46.1,1002.1,43.2,400,57
2026-06-25T23:29:54.319Z,15,17,28.8,46.1,1002.1,43.1,400,57
2026-06-25T23:30:04.331Z,17.2,19.2,28.8,46.2,1002.1,43,400,61
2026-06-25T23:30:14.324Z,19,21.6,28.8,46.2,1002.1,42.8,400,65
2026-06-25T23:30:24.322Z,18,18.4,28.9,46.2,1002.1,42.7,400,63
2026-06-25T23:30:34.318Z,18,18.6,28.9,46.2,1002.1,42.6,400,63
2026-06-25T23:30:44.316Z,18,19,28.9,46.3,1002.2,42.4,400,63
2026-06-25T23:30:54.309Z,18,19,28.9,46.3,1002.2,42.3,400,63
2026-06-25T23:31:04.314Z,19,19,28.9,46.2,1002.2,42.2,400,65
2026-06-25T23:31:14.310Z,17.2,18,29,46.3,1002.2,42.1,400,61
2026-06-25T23:31:24.315Z,17.2,18.2,29,46.3,1002.2,42,400,61
2026-06-25T23:31:34.311Z,17.6,18.6,29,46.4,1002.2,41.9,400,62
2026-06-25T23:31:44.312Z,19,20,29,46.5,1002.2,41.7,400,65
2026-06-25T23:31:54.321Z,18.2,19.2,29.1,46.6,1002.2,41.6,400,63
2026-06-25T23:32:04.312Z,18,20,29.1,46.7,1002.2,41.5,400,63
2026-06-25T23:32:14.316Z,16,17.2,29.1,46.9,1002.2,41.3,400,59
2026-06-25T23:32:24.321Z,16.4,17,29.1,47,1002.2,41.1,400,60
2026-06-25T23:32:34.317Z,15.8,17.2,29.1,47.1,1002.2,41,400,58
2026-06-25T23:32:44.310Z,14.2,15.4,29.2,47.3,1002.2,40.8,400,55
2026-06-25T23:32:54.309Z,16.6,19,29.2,47.5,1002.3,40.6,400,60
2026-06-25T23:33:04.313Z,18,19.8,29.2,47.6,1002.3,40.5,400,63
2026-06-25T23:33:14.307Z,16.2,17.2,29.2,47.8,1002.3,40.3,400,59
2026-06-25T23:33:24.311Z,15.4,17.4,29.2,47.9,1002.3,40.1,400,57
2026-06-25T23:33:34.311Z,14.6,16,29.3,48,1002.3,40,400,56
2026-06-25T23:33:44.311Z,14.8,17.2,29.3,48.1,1002.3,39.9,400,56
2026-06-25T23:33:54.317Z,15.4,18.4,29.3,48.2,1002.3,39.7,400,57
2026-06-25T23:34:04.314Z,15,17,29.3,48.3,1002.3,39.6,400,57
2026-06-25T23:34:14.315Z,15.8,17.8,29.3,48.4,1002.3,39.5,400,58
2026-06-25T23:34:24.332Z,16.6,17.4,29.4,48.4,1002.4,39.4,399,60
2026-06-25T23:34:34.318Z,17.6,17.6,29.4,48.4,1002.4,39.2,400,62
2026-06-25T23:34:44.308Z,17.6,17.6,29.4,48.5,1002.4,39.1,400,62
2026-06-25T23:34:54.313Z,17.4,17.4,29.4,48.5,1002.4,39,400,62
2026-06-25T23:35:04.313Z,18,18,29.4,48.5,1002.4,38.9,400,63
2026-06-25T23:35:14.310Z,17.2,17.2,29.5,48.5,1002.4,38.8,400,61
2026-06-25T23:35:24.315Z,16,17.2,29.5,48.5,1002.4,38.7,400,59
2026-06-25T23:35:34.312Z,15.4,17.4,29.5,48.6,1002.4,38.6,400,57
2026-06-25T23:35:44.315Z,17.2,19.6,29.5,48.6,1002.5,38.5,400,61
2026-06-25T23:35:54.324Z,17.4,20.4,29.5,48.6,1002.5,38.4,400,62
2026-06-25T23:36:04.314Z,16.6,19.6,29.5,48.6,1002.5,38.3,400,60
2026-06-25T23:36:14.316Z,16.8,18.8,29.6,48.6,1002.5,38.3,400,60
2026-06-25T23:36:24.315Z,17.6,19.6,29.6,48.6,1002.5,38.2,400,62
2026-06-25T23:36:34.311Z,17.6,19.4,29.6,48.6,1002.5,38.1,400,62
2026-06-25T23:36:44.314Z,18.8,19.8,29.6,48.6,1002.5,38,400,65
2026-06-25T23:36:54.311Z,17.8,18.6,29.6,48.7,1002.6,38,400,62
2026-06-25T23:37:04.324Z,17,17,29.6,48.8,1002.6,37.9,400,61
2026-06-25T23:37:14.313Z,16.8,18,29.7,48.8,1002.6,37.8,400,60
2026-06-25T23:37:24.310Z,17.4,18.6,29.7,48.9,1002.6,37.7,400,62
2026-06-25T23:37:34.313Z,16.8,18.8,29.7,48.9,1002.6,37.6,400,60
2026-06-25T23:37:44.326Z,16,18,29.7,48.9,1002.6,37.5,400,59
2026-06-25T23:37:54.311Z,16,19,29.7,49,1002.6,37.5,400,59
2026-06-25T23:38:04.321Z,15.6,16.8,29.7,49,1002.7,37.4,400,58
2026-06-25T23:38:14.321Z,16.4,17,29.8,49.1,1002.7,37.3,400,60
2026-06-25T23:38:24.313Z,16.4,17.4,29.8,49.2,1002.7,37.2,400,60
2026-06-25T23:38:34.321Z,16.2,17.2,29.8,49.4,1002.7,37.1,400,59
2026-06-25T23:38:44.320Z,16.8,17.8,29.8,49.5,1002.7,37,400,60
2026-06-25T23:38:54.312Z,15.4,15.6,29.8,49.7,1002.7,36.9,400,57
2026-06-25T23:39:04.306Z,16,16,29.8,49.7,1002.8,36.8,400,59
2026-06-25T23:39:14.310Z,16.4,16.4,29.9,49.7,1002.8,36.7,400,60
2026-06-25T23:39:24.314Z,16.4,16.4,29.9,49.7,1002.8,36.6,400,60
2026-06-25T23:39:34.319Z,15.8,16.4,29.9,49.8,1002.8,36.5,400,58
2026-06-25T23:39:44.306Z,15,15.4,29.9,49.9,1002.8,36.5,400,57
2026-06-25T23:39:54.307Z,17.2,17.4,29.9,49.9,1002.9,36.4,400,61
2026-06-25T23:40:04.391Z,16.2,16.2,29.9,50,1002.9,36.3,400,59
2026-06-25T23:40:14.310Z,15.8,17.2,29.9,50,1002.9,36.2,400,58
2026-06-25T23:40:24.309Z,15.6,16.8,30,50.1,1002.9,36.2,400,58
2026-06-25T23:40:34.316Z,15,16,30,50.2,1002.9,36.1,400,57
2026-06-25T23:40:44.306Z,16,17,30,50.3,1003,36,400,59
2026-06-25T23:40:54.311Z,12.8,15,30,50.5,1003,35.9,400,52
2026-06-25T23:41:04.306Z,12.2,15.2,30,50.6,1003,35.8,400,51
2026-06-25T23:41:14.321Z,12.6,15,30,50.7,1003,35.7,400,52
2026-06-25T23:41:24.308Z,13.4,15.8,30,50.9,1003,35.6,400,53
2026-06-25T23:41:34.311Z,10.6,13.6,30.1,51,1003,35.5,400,44
2026-06-25T23:41:44.302Z,10.6,14.6,30.1,51,1003.1,35.4,400,44
2026-06-25T23:41:54.312Z,10,12.8,30.1,51.1,1003.1,35.3,400,41
2026-06-25T23:42:04.314Z,11.2,12.8,30.1,51.1,1003.1,35.3,400,46
2026-06-25T23:42:14.312Z,12.6,13.6,30.1,51.1,1003.1,35.2,400,52
2026-06-25T23:42:24.309Z,12.6,14.2,30.1,51.1,1003.1,35.2,400,52
2026-06-25T23:42:34.316Z,12.4,16,30.1,51.1,1003.1,35.1,400,51
2026-06-25T23:42:44.317Z,13.4,17.4,30.2,51.1,1003.2,35.1,400,53
2026-06-25T23:42:54.326Z,12.6,16.6,30.2,51.2,1003.2,35,400,52
2026-06-25T23:43:04.320Z,11.4,15.6,30.2,51.2,1003.2,35,400,47
2026-06-25T23:43:14.315Z,9.2,13.8,30.2,51.3,1003.2,34.9,400,38
2026-06-25T23:43:24.310Z,11,15,30.2,51.4,1003.2,34.8,400,45
2026-06-25T23:43:34.317Z,10,15.6,30.2,51.5,1003.2,34.8,400,41
2026-06-25T23:43:44.307Z,9,14,30.2,51.6,1003.2,34.7,400,37
2026-06-25T23:43:54.303Z,8.6,13,30.2,51.6,1003.2,34.6,400,35
2026-06-25T23:44:04.306Z,9,14,30.3,51.7,1003.2,34.6,400,37
2026-06-25T23:44:14.304Z,8.8,14.6,30.3,51.8,1003.3,34.5,400,36
2026-06-25T23:44:24.313Z,10,14.4,30.3,51.8,1003.3,34.4,400,41
2026-06-25T23:44:34.312Z,6,10.4,30.3,51.9,1003.3,34.4,400,25
2026-06-25T23:44:44.306Z,10.8,12.2,30.3,52,1003.3,34.3,400,45
2026-06-25T23:44:54.308Z,12.8,13.8,30.3,52,1003.3,34.3,400,52
2026-06-25T23:45:04.310Z,13.2,14.2,30.3,52.1,1003.3,34.2,400,53
2026-06-25T23:45:14.314Z,14,15,30.3,52.1,1003.3,34.2,400,54
2026-06-25T23:45:24.307Z,13.6,15.4,30.3,52.1,1003.3,34.1,400,54
2026-06-25T23:45:34.309Z,11.4,14.8,30.4,52.1,1003.3,34,400,47
2026-06-25T23:45:44.316Z,10.6,15.4,30.4,52.1,1003.4,34,400,44
2026-06-25T23:45:54.313Z,9.8,16.4,30.4,52.1,1003.4,34,400,40
2026-06-25T23:46:04.314Z,7.8,15.6,30.4,52.2,1003.4,33.9,400,32
2026-06-25T23:46:14.318Z,9.6,15.6,30.4,52.2,1003.4,33.9,400,40
2026-06-25T23:46:24.311Z,10.2,14.2,30.4,52.2,1003.4,33.8,400,42
2026-06-25T23:46:34.313Z,10,14.8,30.4,52.3,1003.4,33.7,400,41
2026-06-25T23:46:44.311Z,10.6,15.2,30.4,52.4,1003.4,33.7,400,44
2026-06-25T23:46:54.311Z,11.8,16.6,30.4,52.5,1003.4,33.6,400,49
2026-06-25T23:47:04.309Z,13.8,17.8,30.4,52.6,1003.4,33.6,400,54
2026-06-25T23:47:14.318Z,14.6,17.4,30.5,52.7,1003.4,33.5,400,56
2026-06-25T23:47:24.318Z,13,14,30.5,52.7,1003.4,33.5,400,52
2026-06-25T23:47:34.306Z,11,12.6,30.5,52.7,1003.4,33.4,400,45
2026-06-25T23:47:44.311Z,13.2,15.6,30.5,52.8,1003.4,33.4,400,53
2026-06-25T23:47:54.312Z,11,12.2,30.5,52.8,1003.4,33.3,400,45
2026-06-25T23:48:04.310Z,8.6,10,30.5,52.8,1003.5,33.3,400,35
2026-06-25T23:48:14.308Z,7.6,10.4,30.5,52.8,1003.5,33.2,400,31
2026-06-25T23:48:24.320Z,8.6,11.6,30.5,52.8,1003.5,33.2,400,35
2026-06-25T23:48:34.314Z,7.6,11.4,30.5,52.9,1003.5,33.2,400,31
2026-06-25T23:48:44.308Z,8,10,30.5,52.9,1003.5,33.1,400,33
2026-06-25T23:48:54.309Z,7.8,9.6,30.6,53,1003.5,33.1,400,32
2026-06-25T23:49:04.310Z,7.8,8,30.6,53,1003.5,33,400,32
2026-06-25T23:49:14.303Z,7.6,8.6,30.6,53.1,1003.5,33,400,31
2026-06-25T23:49:24.303Z,7.8,9,30.6,53.1,1003.5,32.9,400,32
2026-06-25T23:49:34.314Z,7.4,8.4,30.6,53.1,1003.5,32.9,400,30
2026-06-25T23:49:44.304Z,8,8,30.6,53.2,1003.5,32.9,400,33
2026-06-25T23:49:54.308Z,6,7,30.6,53.2,1003.5,32.8,400,25
2026-06-25T23:50:04.315Z,5.8,7.2,30.6,53.3,1003.5,32.8,400,25
2026-06-25T23:50:14.313Z,5.6,7.4,30.6,53.3,1003.6,32.8,400,25
2026-06-25T23:50:24.318Z,6.8,7.2,30.6,53.3,1003.6,32.7,400,28
2026-06-25T23:50:34.309Z,7.6,8.4,30.6,53.4,1003.6,32.7,400,31
2026-06-25T23:50:44.306Z,9,9,30.7,53.5,1003.6,32.7,400,37
2026-06-25T23:50:54.298Z,7.4,9,30.7,53.5,1003.6,32.6,400,30
2026-06-25T23:51:04.317Z,7.8,8,30.7,53.6,1003.6,32.6,400,32
2026-06-25T23:51:14.309Z,7,7,30.7,53.6,1003.6,32.6,400,29
2026-06-25T23:51:24.298Z,6.8,7.2,30.7,53.7,1003.6,32.5,400,28
2026-06-25T23:51:34.297Z,6,7,30.7,53.8,1003.7,32.5,400,25
2026-06-25T23:51:44.303Z,7.6,8,30.7,53.8,1003.7,32.5,400,31
2026-06-25T23:51:54.307Z,7,7,30.7,53.9,1003.7,32.4,400,29
2026-06-25T23:52:04.316Z,7.4,7.4,30.7,54,1003.7,32.4,400,30
2026-06-25T23:52:14.301Z,6.6,7,30.7,54.1,1003.7,32.4,400,27
2026-06-25T23:52:24.304Z,6.2,7,30.7,54.1,1003.7,32.4,400,25
2026-06-25T23:52:34.304Z,8.4,8.4,30.8,54.2,1003.8,32.3,400,34
2026-06-25T23:52:44.307Z,8.2,8.2,30.8,54.2,1003.8,32.3,400,34
2026-06-25T23:52:54.304Z,8,8,30.8,54.3,1003.8,32.3,400,33
2026-06-25T23:53:04.305Z,7.4,7.4,30.8,54.3,1003.8,32.3,400,30
2026-06-25T23:53:14.305Z,7.2,7.8,30.8,54.3,1003.8,32.2,400,29
2026-06-25T23:53:24.306Z,7.6,9.6,30.8,54.4,1003.8,32.2,400,31
2026-06-25T23:53:34.306Z,7.2,9.4,30.8,54.4,1003.9,32.2,400,29
2026-06-25T23:53:44.303Z,6.6,7.6,30.8,54.4,1003.9,32.2,400,27
2026-06-25T23:53:54.305Z,7.8,7.8,30.8,54.4,1003.9,32.2,400,32
2026-06-25T23:54:04.307Z,7,7,30.8,54.4,1003.9,32.2,400,29
2026-06-25T23:54:14.310Z,7.8,8.8,30.8,54.3,1003.9,32.1,400,32
2026-06-25T23:54:24.305Z,7,8,30.8,54.3,1004,32.1,400,29
2026-06-25T23:54:34.304Z,6.8,7.4,30.8,54.2,1004,32.1,400,28
2026-06-25T23:54:44.301Z,7,8,30.9,54.2,1004,32.1,400,29
2026-06-25T23:54:54.302Z,8,10,30.9,54.2,1004,32.1,400,33
2026-06-25T23:55:04.342Z,7,8,30.9,54.3,1004,32.1,400,29
2026-06-25T23:55:14.303Z,8.8,9.8,30.9,54.4,1004,32,400,36
2026-06-25T23:55:24.301Z,7,9,30.9,54.5,1004,32,400,29
2026-06-25T23:55:34.304Z,6.4,8.2,30.9,54.6,1004,32,400,26
2026-06-25T23:55:44.302Z,6,8,30.9,54.8,1004,31.9,400,25
2026-06-25T23:55:54.303Z,7,7.8,30.9,54.9,1004,31.9,400,29
2026-06-25T23:56:04.305Z,5.8,5.8,30.9,55,1004,31.9,400,25
2026-06-25T23:56:14.305Z,6.4,7.2,30.9,55.1,1004,31.8,400,26
2026-06-25T23:56:24.305Z,8.4,10,30.9,55.2,1004,31.8,400,34
2026-06-25T23:56:34.306Z,8.2,11.4,31,55.2,1004,31.7,400,34
2026-06-25T23:56:44.309Z,7,8.4,31,55.3,1004,31.7,400,29
2026-06-25T23:56:54.302Z,5,5.8,31,55.3,1004,31.7,401,25
2026-06-25T23:57:04.304Z,7.4,7.4,31,55.4,1004,31.7,401,30
2026-06-25T23:57:14.303Z,7.6,7.6,31,55.4,1004,31.7,401,31
2026-06-25T23:57:24.310Z,5.6,7.2,31,55.4,1004,31.6,401,25
2026-06-25T23:57:34.302Z,7,8,31,55.5,1004,31.6,401,29
2026-06-25T23:57:44.300Z,5.8,7.6,31,55.6,1004,31.6,401,25
2026-06-25T23:57:54.304Z,5,6.2,31,55.6,1004,31.6,400,25
2026-06-25T23:58:04.312Z,4.6,6.2,31,55.7,1004,31.6,401,25
2026-06-25T23:58:14.305Z,6.4,7.4,31,55.8,1004,31.5,401,26
2026-06-25T23:58:24.310Z,6,7,31,55.8,1004.1,31.5,400,25
2026-06-25T23:58:34.302Z,6.8,7,31.1,55.8,1004.1,31.5,400,28
2026-06-25T23:58:44.299Z,6,6,31.1,55.8,1004.1,31.5,400,25
2026-06-25T23:58:54.312Z,6.8,8.2,31.1,55.8,1004.1,31.5,400,28
2026-06-25T23:59:04.302Z,7.4,8.8,31.1,55.8,1004.1,31.5,400,30
2026-06-25T23:59:14.299Z,7.4,8.4,31.1,55.8,1004.1,31.5,400,30
2026-06-25T23:59:24.301Z,6,7,31.1,55.8,1004.1,31.4,400,25
2026-06-25T23:59:34.299Z,6.4,7.4,31.1,55.8,1004.1,31.4,400,26
2026-06-25T23:59:44.325Z,5,5.8,31.1,55.8,1004.1,31.4,400,25
2026-06-25T23:59:54.304Z,5.4,5.4,31.1,55.9,1004.1,31.4,400,25
