timestamp,pm2_5,pm10,temperature,humidity,pressure,gas_resistance,mq135,aqi
2026-07-07T02:27:33.372Z,9.8,15.4,28.2,57.3,1001,9.2,202,40
2026-07-07T02:27:43.364Z,9.4,16,28.2,57.3,1001,9.3,202,39
2026-07-07T02:27:53.366Z,10,16.2,28.2,57.3,1001,9.4,202,41
2026-07-07T02:28:03.363Z,9,14.4,28.2,57.3,1001,9.5,202,37
2026-07-07T02:28:13.363Z,9.6,14,28.2,57.3,1001,9.7,203,40
2026-07-07T02:28:23.409Z,9,14,28.2,57.3,1001,9.8,203,37
2026-07-07T02:28:33.374Z,8,11.6,28.3,57.3,1001,9.9,203,33
2026-07-07T02:28:43.377Z,9.4,12.2,28.3,57.3,1001,10,203,39
2026-07-07T02:28:53.362Z,14.2,16.2,28.3,57.3,1001,10.1,203,55
2026-07-07T02:29:03.362Z,16,17,28.3,57.3,1001,10.3,203,59
2026-07-07T02:29:13.363Z,14.6,16.6,28.3,57.3,1001,10.4,203,56
2026-07-07T02:29:23.362Z,13.6,15.8,28.3,57.2,1001.1,10.5,203,54
2026-07-07T02:29:33.385Z,11.4,14.4,28.3,57.2,1001.1,10.7,203,47
2026-07-07T02:29:43.360Z,11.2,14,28.3,57.2,1001.1,10.8,204,46
2026-07-07T02:29:53.367Z,13,15.4,28.3,57.3,1001.1,10.9,203,52
2026-07-07T02:30:03.366Z,13.4,15.4,28.3,57.3,1001.1,11,203,53
2026-07-07T02:30:13.454Z,15,16,28.3,57.3,1001.1,11.1,204,57
2026-07-07T02:30:23.368Z,14.4,16.4,28.3,57.3,1001.1,11.2,206,55
2026-07-07T02:30:33.363Z,14,16.2,28.3,57.4,1001.1,11.4,204,54
2026-07-07T02:30:43.360Z,12.6,15.6,28.3,57.4,1001.1,11.5,206,52
2026-07-07T02:30:53.379Z,13.8,17.4,28.3,57.4,1001.1,11.6,206,54
2026-07-07T02:31:03.358Z,13.8,17.8,28.3,57.5,1001.1,11.7,207,54
2026-07-07T02:31:13.360Z,13.6,16.6,28.3,57.5,1001.1,11.8,207,54
2026-07-07T02:31:23.359Z,15.4,17,28.3,57.6,1001.1,11.9,207,57
2026-07-07T02:31:33.351Z,16.2,16.4,28.3,57.6,1001.1,12,208,59
2026-07-07T02:31:43.356Z,17,17.2,28.3,57.7,1001.1,12.2,208,61
2026-07-07T02:31:53.370Z,15.4,15.4,28.3,57.8,1001.1,12.3,208,57
2026-07-07T02:32:03.354Z,14.6,14.6,28.3,57.9,1001.1,12.4,208,56
2026-07-07T02:32:13.361Z,15.6,15.6,28.3,58,1001.1,12.5,208,58
2026-07-07T02:32:23.599Z,16,16,28.2,58.1,1001.1,12.6,209,59
2026-07-07T02:32:33.358Z,16,17,28.2,58.2,1001.1,12.7,209,59
2026-07-07T02:32:43.360Z,14.4,15.4,28.2,58.2,1001.1,12.9,209,55
2026-07-07T02:32:53.362Z,15,17.6,28.2,58.3,1001,13,214,57
2026-07-07T02:33:03.361Z,14,17,28.1,58.4,1001,13.1,219,54
2026-07-07T02:33:13.362Z,16.6,20,28.1,58.4,1001,13.2,219,60
2026-07-07T02:33:23.360Z,16.4,20.2,28.1,58.5,1001,13.3,219,60
2026-07-07T02:33:33.361Z,16.8,18.6,28.1,58.6,1001,13.4,219,60
2026-07-07T02:33:43.372Z,16.6,16.8,28.1,58.6,1001,13.5,219,60
2026-07-07T02:33:53.388Z,15.8,16.8,28,58.7,1001,13.6,221,58
2026-07-07T02:34:03.363Z,15.4,16.4,28,58.7,1001,13.8,221,57
2026-07-07T02:34:13.367Z,14.8,16.6,28,58.8,1001,13.9,221,56
2026-07-07T02:34:23.366Z,11.8,13.8,28,58.8,1001,14,221,49
2026-07-07T02:34:33.388Z,12.6,14.6,28,58.8,1001,14.1,222,52
2026-07-07T02:34:43.369Z,13.6,15.6,28,58.9,1001,14.2,223,54
2026-07-07T02:34:53.433Z,14,15,27.9,58.9,1001,14.3,223,54
2026-07-07T02:35:03.361Z,15.6,16.6,27.9,59,1001,14.4,223,58
2026-07-07T02:35:13.358Z,15.8,19,27.9,59,1001,14.5,224,58
2026-07-07T02:35:23.359Z,16.8,19.4,27.9,59.1,1001,14.6,224,60
2026-07-07T02:35:33.373Z,16.6,18.6,27.9,59.1,1001,14.7,224,60
2026-07-07T02:35:43.359Z,17.6,18.6,27.9,59.2,1001,14.8,224,62
2026-07-07T02:35:53.357Z,16.8,17.8,27.9,59.2,1001,14.8,224,60
2026-07-07T02:36:03.361Z,17.6,18,27.9,59.2,1001,14.9,224,62
2026-07-07T02:36:13.374Z,17.8,18.2,27.9,59.2,1001,15,224,62
2026-07-07T02:36:23.358Z,17.8,17.8,27.9,59.3,1001,15.1,223,62
2026-07-07T02:36:33.354Z,17.4,17.4,27.9,59.3,1001,15.2,223,62
2026-07-07T02:36:43.544Z,16.6,16.6,27.9,59.3,1001,15.3,223,60
2026-07-07T02:36:53.356Z,16.4,16.4,27.9,59.3,1001,15.4,224,60
2026-07-07T02:37:03.343Z,15.6,16.6,27.9,59.3,1001,15.4,223,58
2026-07-07T02:37:13.371Z,14,16.6,27.9,59.3,1001,15.5,224,54
2026-07-07T02:37:23.350Z,15,17.2,27.9,59.4,1001,15.6,224,57
2026-07-07T02:37:33.359Z,16.4,17.4,27.9,59.4,1001,15.7,224,60
2026-07-07T02:37:43.363Z,17.2,17.8,27.8,59.4,1001,15.7,224,61
2026-07-07T02:37:53.359Z,16.4,18,27.8,59.4,1001,15.8,225,60
2026-07-07T02:38:03.358Z,18,21.6,27.8,59.4,1001,15.9,224,63
2026-07-07T02:38:13.364Z,17,20.2,27.8,59.4,1001,16,227,61
2026-07-07T02:38:23.358Z,16.4,18.4,27.8,59.5,1001,16,228,60
2026-07-07T02:38:33.360Z,16.6,17.6,27.9,59.5,1001,16.1,228,60
2026-07-07T02:38:43.359Z,15,16,27.9,59.5,1001,16.2,229,57
2026-07-07T02:38:53.359Z,16,17,27.9,59.5,1001,16.2,230,59
2026-07-07T02:39:03.376Z,16.4,17.4,27.9,59.5,1001,16.3,230,60
2026-07-07T02:39:13.365Z,16,16,27.9,59.5,1001,16.4,230,59
2026-07-07T02:39:23.357Z,16.4,17.2,27.9,59.5,1001,16.4,230,60
2026-07-07T02:39:33.375Z,16.4,16.4,27.9,59.5,1001,16.5,230,60
2026-07-07T02:39:43.417Z,18.4,18.4,27.9,59.5,1001,16.5,230,64
2026-07-07T02:39:53.355Z,19.2,20,27.9,59.6,1001,16.6,230,65
2026-07-07T02:40:03.353Z,17.4,18.4,27.9,59.6,1001,16.6,230,62
2026-07-07T02:40:13.352Z,17.8,18.8,27.9,59.6,1000.9,16.7,230,62
2026-07-07T02:40:23.370Z,18,18.6,27.9,59.6,1000.9,16.8,230,63
2026-07-07T02:40:33.343Z,17.8,17.8,27.9,59.6,1000.9,16.8,230,62
2026-07-07T02:40:43.526Z,15.2,16.2,27.9,59.6,1000.9,16.9,229,57
2026-07-07T02:40:53.344Z,15.8,16.8,27.9,59.6,1000.9,16.9,229,58
2026-07-07T02:41:03.344Z,17.4,17.8,27.9,59.6,1000.9,17,229,62
2026-07-07T02:41:13.342Z,18.6,18.8,27.9,59.6,1000.9,17,229,64
2026-07-07T02:41:23.348Z,17,17.6,27.9,59.6,1000.9,17.1,229,61
2026-07-07T02:41:33.357Z,17,18,27.9,59.5,1000.9,17.2,231,61
2026-07-07T02:41:43.353Z,15.4,16.4,27.9,59.5,1000.9,17.2,231,57
2026-07-07T02:41:53.350Z,16.6,17.6,27.9,59.5,1000.9,17.3,231,60
2026-07-07T02:42:03.353Z,18,19.2,27.9,59.5,1000.9,17.3,231,63
2026-07-07T02:42:13.351Z,17.4,19.4,27.9,59.5,1000.9,17.4,231,62
2026-07-07T02:42:23.354Z,16.6,18.6,27.9,59.5,1000.9,17.4,231,60
2026-07-07T02:42:33.384Z,16.8,18,27.9,59.5,1000.9,17.5,231,60
2026-07-07T02:42:43.361Z,14.8,15.8,27.9,59.6,1000.9,17.5,231,56
2026-07-07T02:42:53.363Z,15.4,15.4,27.9,59.6,1000.9,17.6,232,57
2026-07-07T02:43:03.378Z,16,16,27.9,59.6,1000.9,17.6,234,59
2026-07-07T02:43:13.360Z,15.2,15.2,27.9,59.6,1000.9,17.7,234,57
2026-07-07T02:43:23.354Z,16.6,16.8,27.9,59.6,1000.9,17.7,234,60
2026-07-07T02:43:33.348Z,16.4,18.6,27.9,59.6,1000.9,17.7,234,60
2026-07-07T02:43:43.349Z,17,18.6,27.9,59.6,1000.9,17.8,234,61
2026-07-07T02:43:53.342Z,18,19.2,27.9,59.6,1000.9,17.8,234,63
2026-07-07T02:44:03.339Z,19,21,27.9,59.6,1000.9,17.9,234,65
2026-07-07T02:44:13.341Z,18.6,18.6,27.9,59.6,1000.9,17.9,234,64
2026-07-07T02:44:23.344Z,17.4,18.2,27.9,59.6,1000.9,17.9,234,62
2026-07-07T02:44:33.358Z,15.6,17.6,28,59.6,1000.9,18,234,58
2026-07-07T02:44:43.362Z,16.4,17.4,28,59.7,1000.9,18,234,60
2026-07-07T02:44:53.354Z,17.4,17.4,28,59.7,1000.9,18.1,235,62
2026-07-07T02:45:03.365Z,17.4,17.4,28,59.7,1000.9,18.1,235,62
2026-07-07T02:45:13.363Z,16,16,28,59.7,1000.9,18.2,234,59
2026-07-07T02:45:23.353Z,16,16,28,59.7,1000.9,18.2,235,59
2026-07-07T02:45:33.391Z,15.4,15.4,28,59.7,1000.9,18.3,236,57
2026-07-07T02:45:43.355Z,15.8,16,28,59.7,1000.9,18.3,236,58
2026-07-07T02:45:53.361Z,17,17,28,59.7,1000.9,18.3,236,61
2026-07-07T02:46:03.369Z,17.6,18.4,28,59.7,1000.9,18.4,237,62
2026-07-07T02:46:13.353Z,18,19,28,59.7,1000.9,18.4,237,63
2026-07-07T02:46:23.361Z,17.6,18.2,28,59.7,1000.9,18.4,235,62
2026-07-07T02:46:33.361Z,16.8,18.8,28,59.7,1000.9,18.5,235,60
2026-07-07T02:46:43.373Z,16.6,18.6,28,59.6,1000.9,18.5,235,60
2026-07-07T02:46:53.366Z,15.6,17.6,28,59.6,1000.9,18.5,235,58
2026-07-07T02:47:03.351Z,15.6,19,28.1,59.5,1001,18.6,235,58
2026-07-07T02:47:13.359Z,15.6,19.6,28.1,59.5,1001,18.6,233,58
2026-07-07T02:47:23.377Z,15.4,20.4,28.1,59.4,1001,18.6,233,57
2026-07-07T02:47:33.353Z,15.2,19.6,28.1,59.4,1001,18.6,233,57
2026-07-07T02:47:43.352Z,14.8,18.8,28.1,59.3,1001,18.6,233,56
2026-07-07T02:47:53.381Z,17.6,19.8,28.2,59.3,1001,18.7,233,62
2026-07-07T02:48:03.368Z,19.4,20.4,28.2,59.3,1001,18.7,233,66
2026-07-07T02:48:13.405Z,20,20.4,28.2,59.2,1001,18.7,233,67
2026-07-07T02:48:23.352Z,17.4,20.4,28.2,59.2,1001,18.8,233,62
2026-07-07T02:48:33.340Z,16.4,19.4,28.2,59.2,1001,18.8,233,60
2026-07-07T02:48:43.341Z,16.8,17.6,28.3,59.2,1001,18.8,233,60
2026-07-07T02:48:53.340Z,17.6,18.6,28.3,59.2,1001,18.9,233,62
2026-07-07T02:49:03.340Z,17,19,28.3,59.2,1001,18.9,233,61
2026-07-07T02:49:13.337Z,16.8,19.4,28.3,59.2,1001,18.9,233,60
2026-07-07T02:49:23.340Z,16.4,19.4,28.3,59.2,1001,19,234,60
2026-07-07T02:49:33.336Z,17.8,19.6,28.3,59.3,1001,19,234,62
2026-07-07T02:49:43.339Z,19.6,21.6,28.3,59.3,1001,19.1,234,66
2026-07-07T02:49:53.339Z,18.2,19.6,28.3,59.3,1001,19.1,235,63
2026-07-07T02:50:03.339Z,17.4,18,28.3,59.4,1001,19.1,235,62
2026-07-07T02:50:13.339Z,17.4,17.6,28.2,59.4,1001,19.2,235,62
2026-07-07T02:50:23.345Z,17.4,17.6,28.2,59.4,1001,19.2,235,62
2026-07-07T02:50:33.355Z,19,20.2,28.2,59.5,1001,19.3,235,65
2026-07-07T02:50:43.344Z,17.8,20.4,28.2,59.5,1001,19.3,235,62
2026-07-07T02:50:53.342Z,18.4,19.4,28.2,59.6,1001,19.3,236,64
2026-07-07T02:51:03.369Z,18.2,19.2,28.2,59.6,1001,19.4,237,63
2026-07-07T02:51:13.342Z,17.4,17.4,28.2,59.6,1001,19.4,240,62
2026-07-07T02:51:23.341Z,16.6,19,28.2,59.6,1001,19.4,240,60
2026-07-07T02:51:33.372Z,16.6,18.8,28.2,59.6,1001,19.5,240,60
2026-07-07T02:51:43.349Z,16.6,17,28.2,59.6,1001,19.5,240,60
2026-07-07T02:51:53.350Z,15,17,28.2,59.6,1001,19.5,240,57
2026-07-07T02:52:03.501Z,14.8,17.8,28.2,59.6,1001,19.6,240,56
2026-07-07T02:52:14.051Z,15.4,17.4,28.2,59.6,1001,19.6,240,57
2026-07-07T02:52:23.351Z,15.6,17.4,28.2,59.6,1001,19.6,240,58
2026-07-07T02:52:33.349Z,17,19,28.2,59.6,1001,19.6,240,61
2026-07-07T02:52:43.666Z,16.6,18.2,28.2,59.5,1001,19.6,240,60
2026-07-07T02:52:53.360Z,15.6,18.6,28.2,59.5,1001,19.6,240,58
2026-07-07T02:53:03.349Z,16.2,18.2,28.2,59.5,1001,19.7,240,59
2026-07-07T02:53:13.351Z,17,18.8,28.2,59.5,1000.9,19.7,240,61
2026-07-07T02:53:23.349Z,15.4,16.4,28.3,59.5,1000.9,19.7,240,57
2026-07-07T02:53:33.347Z,16.6,17.4,28.3,59.5,1000.9,19.7,240,60
2026-07-07T02:53:43.347Z,17.8,18,28.3,59.5,1000.9,19.7,240,62
2026-07-07T02:53:53.336Z,18,18.8,28.3,59.5,1000.9,19.8,240,63
2026-07-07T02:54:03.401Z,18,18,28.3,59.5,1000.9,19.8,240,63
2026-07-07T02:54:13.338Z,18,20,28.3,59.5,1000.9,19.8,240,63
2026-07-07T02:54:23.343Z,18.4,20,28.3,59.5,1000.9,19.8,240,64
2026-07-07T02:54:33.347Z,19.8,19.8,28.3,59.5,1000.9,19.9,240,67
2026-07-07T02:54:43.344Z,19.2,20,28.3,59.5,1000.9,19.9,240,65
2026-07-07T02:54:53.345Z,19,19.2,28.3,59.5,1000.9,19.9,240,65
2026-07-07T02:55:03.355Z,17.2,19,28.3,59.6,1000.9,19.9,240,61
2026-07-07T02:55:13.343Z,18,19,28.3,59.6,1000.9,20,240,63
2026-07-07T02:55:23.344Z,16.8,17.8,28.3,59.6,1000.9,20,241,60
2026-07-07T02:55:33.345Z,15.4,17.4,28.3,59.7,1000.9,20,241,57
2026-07-07T02:55:43.349Z,17.4,18,28.2,59.7,1000.9,20.1,241,62
2026-07-07T02:55:53.348Z,18.6,18.6,28.2,59.7,1000.9,20.1,241,64
2026-07-07T02:56:03.345Z,18.4,18.4,28.2,59.8,1000.9,20.1,242,64
2026-07-07T02:56:13.346Z,18,19,28.2,59.8,1000.9,20.2,242,63
2026-07-07T02:56:23.353Z,17.2,18.6,28.2,59.9,1000.9,20.2,242,61
2026-07-07T02:56:33.346Z,18,19,28.2,59.9,1000.9,20.2,243,63
2026-07-07T02:56:43.360Z,17.4,17.4,28.2,59.9,1000.9,20.2,243,62
2026-07-07T02:56:53.348Z,18,18,28.2,59.9,1000.9,20.3,243,63
2026-07-07T02:57:03.379Z,17.6,18.6,28.2,59.9,1000.9,20.3,242,62
2026-07-07T02:57:13.345Z,17,18.2,28.2,59.9,1000.9,20.3,242,61
2026-07-07T02:57:23.348Z,16.8,18.6,28.2,59.9,1000.9,20.3,242,60
2026-07-07T02:57:33.373Z,18.4,21,28.2,59.9,1000.9,20.3,242,64
2026-07-07T02:57:43.345Z,18.6,21,28.2,59.9,1000.9,20.3,242,64
2026-07-07T02:57:53.431Z,17.2,18.4,28.2,59.9,1000.9,20.3,242,61
2026-07-07T02:58:03.347Z,18.2,19.6,28.2,59.9,1000.9,20.4,242,63
2026-07-07T02:58:13.352Z,19,21,28.2,59.9,1000.9,20.4,242,65
2026-07-07T02:58:23.349Z,18.4,22.4,28.2,59.9,1000.9,20.4,242,64
2026-07-07T02:58:33.343Z,18.2,21.8,28.2,60,1000.9,20.4,242,63
2026-07-07T02:58:43.350Z,18.2,20.4,28.2,60,1000.9,20.5,242,63
2026-07-07T02:58:53.348Z,15.8,17.8,28.2,60,1000.9,20.5,243,58
2026-07-07T02:59:03.339Z,16,18,28.2,60,1000.9,20.5,246,59
2026-07-07T02:59:13.358Z,16,18,28.2,60,1000.9,20.5,248,59
2026-07-07T02:59:23.340Z,15.6,17.6,28.2,60,1000.9,20.5,248,58
2026-07-07T02:59:33.341Z,17.8,19,28.2,60,1000.9,20.5,255,62
2026-07-07T02:59:43.336Z,19,21.4,28.2,60,1000.9,20.6,255,65
2026-07-07T02:59:53.342Z,19,22,28.2,60,1000.9,20.6,255,65
2026-07-07T03:00:03.335Z,18.6,20.6,28.2,60,1000.9,20.6,255,64
2026-07-07T03:00:13.351Z,19.4,23.6,28.3,60,1000.9,20.6,255,66
2026-07-07T03:00:23.334Z,20.6,22.4,28.3,60,1000.9,20.6,255,68
2026-07-07T03:00:33.343Z,20,21.6,28.3,60,1000.9,20.6,255,67
2026-07-07T03:01:02.475Z,18.6,20,28.3,60,1000.9,20.6,255,64
2026-07-07T03:01:05.577Z,17.6,21.8,28.3,60,1000.9,20.6,255,62
2026-07-07T03:01:05.580Z,18,23.4,28.3,60,1000.9,20.6,254,63
2026-07-07T03:01:13.395Z,17.4,22.8,28.3,60,1000.9,20.6,254,62
2026-07-07T03:01:23.390Z,17.8,20.2,28.3,60,1000.9,20.6,254,62
2026-07-07T03:01:33.396Z,18,19,28.3,60,1000.9,20.6,254,63
2026-07-07T03:01:43.395Z,18.2,18.6,28.3,60,1000.9,20.6,256,63
2026-07-07T03:01:53.424Z,19.2,19.4,28.3,60,1000.9,20.6,256,65
2026-07-07T03:02:03.393Z,19,19.6,28.4,59.9,1000.9,20.6,248,65
2026-07-07T03:02:13.397Z,18.6,21.4,28.4,59.9,1000.9,20.6,248,64
2026-07-07T03:02:23.395Z,19.6,22.4,28.4,59.9,1000.9,20.6,256,66
2026-07-07T03:02:33.397Z,21,22.6,28.4,59.8,1000.9,20.6,256,69
2026-07-07T03:02:43.398Z,18.4,20.2,28.4,59.8,1000.9,20.6,257,64
2026-07-07T03:02:53.402Z,17.8,20,28.4,59.8,1000.9,20.6,257,62
2026-07-07T03:03:03.389Z,18.6,20.6,28.4,59.8,1000.9,20.6,256,64
2026-07-07T03:03:13.388Z,17.6,19,28.4,59.8,1000.9,20.6,256,62
2026-07-07T03:03:23.390Z,17.4,19.4,28.4,59.9,1000.9,20.7,257,62
2026-07-07T03:03:33.390Z,18,19.8,28.4,59.9,1000.9,20.7,256,63
2026-07-07T03:03:43.391Z,17.8,18.8,28.5,59.9,1000.9,20.7,256,62
2026-07-07T03:03:53.388Z,17.4,18.4,28.5,59.9,1000.9,20.7,257,62
2026-07-07T03:04:03.386Z,18,19,28.5,59.9,1000.9,20.7,257,63
2026-07-07T03:04:13.382Z,19.6,21.2,28.5,59.9,1000.9,20.7,257,66
2026-07-07T03:04:23.382Z,18.6,23,28.5,59.9,1000.9,20.7,257,64
2026-07-07T03:04:33.389Z,18.6,21,28.5,59.9,1000.9,20.7,256,64
2026-07-07T03:04:43.414Z,18.8,18.8,28.5,59.9,1000.9,20.8,256,65
2026-07-07T03:04:53.429Z,18,18.4,28.5,59.9,1000.9,20.8,256,63
2026-07-07T03:05:03.401Z,18.6,19.8,28.5,59.9,1000.9,20.8,253,64
2026-07-07T03:05:13.440Z,18.4,20.4,28.5,59.9,1000.9,20.8,252,64
2026-07-07T03:05:23.395Z,18.8,20,28.5,59.9,1000.9,20.8,249,65
2026-07-07T03:05:33.396Z,19.2,20.8,28.5,59.9,1000.9,20.8,249,65
2026-07-07T03:05:43.391Z,18.4,18.8,28.5,60,1000.9,20.8,247,64
2026-07-07T03:05:53.390Z,17,17,28.5,60,1000.9,20.9,247,61
2026-07-07T03:06:03.391Z,17.2,18.2,28.5,60,1000.9,20.9,247,61
2026-07-07T03:06:13.390Z,19.4,20.4,28.5,60,1000.9,20.9,247,66
2026-07-07T03:06:23.393Z,20,20,28.5,60,1000.9,20.9,247,67
2026-07-07T03:06:33.392Z,19.4,19.4,28.5,60,1000.9,20.9,245,66
2026-07-07T03:06:43.398Z,19.8,20,28.5,60.1,1000.9,20.9,247,67
2026-07-07T03:06:53.395Z,19,21,28.5,60.1,1000.9,20.9,245,65
2026-07-07T03:07:03.389Z,19.2,22.6,28.5,60.1,1000.9,20.9,244,65
2026-07-07T03:07:13.386Z,20.2,21.2,28.5,60,1000.9,20.9,245,68
2026-07-07T03:07:23.397Z,21.8,21.8,28.5,60.1,1000.9,21,244,71
2026-07-07T03:07:33.395Z,20.4,21.4,28.5,60.1,1000.9,21,244,68
2026-07-07T03:07:43.379Z,20.6,21.8,28.6,60.1,1000.9,21,245,68
2026-07-07T03:07:53.391Z,18,19,28.6,60.1,1000.9,21,245,63
2026-07-07T03:08:03.385Z,19,19,28.6,60.2,1000.9,21,244,65
2026-07-07T03:08:13.399Z,19.6,20.6,28.6,60.2,1000.9,21,244,66
2026-07-07T03:08:23.379Z,20.6,21.6,28.6,60.2,1000.9,21,245,68
2026-07-07T03:08:33.469Z,20.8,22.8,28.6,60.3,1000.9,21,245,69
2026-07-07T03:08:43.387Z,20.2,21.2,28.6,60.3,1000.9,21,245,68
2026-07-07T03:08:53.407Z,20.6,22.8,28.6,60.3,1000.9,21,245,68
2026-07-07T03:09:03.393Z,20.4,23.8,28.6,60.3,1000.9,21,245,68
2026-07-07T03:09:13.388Z,20.2,25,28.6,60.3,1000.9,21,245,68
2026-07-07T03:09:23.391Z,21.6,24,28.6,60.3,1000.9,21,245,70
2026-07-07T03:09:33.385Z,19.2,20.4,28.6,60.3,1000.9,21,245,65
2026-07-07T03:09:43.846Z,19,21,28.7,60.3,1000.9,21,244,65
2026-07-07T03:09:53.386Z,21,22.8,28.7,60.2,1000.8,21,245,69
2026-07-07T03:10:03.725Z,19,19,28.7,60.2,1000.8,21,245,65
2026-07-07T03:10:13.386Z,18.4,19.8,28.7,60.1,1000.8,21,245,64
2026-07-07T03:10:23.401Z,20,21,28.8,60,1000.8,20.9,245,67
2026-07-07T03:10:33.509Z,19,20.4,28.8,59.9,1000.8,20.9,245,65
2026-07-07T03:10:43.420Z,18.6,20.2,28.8,59.8,1000.8,20.9,245,64
2026-07-07T03:10:53.389Z,18,19,28.9,59.7,1000.8,20.8,245,63
2026-07-07T03:11:03.395Z,19.6,19.6,28.9,59.6,1000.8,20.8,245,66
2026-07-07T03:11:13.478Z,19.6,19.6,29,59.6,1000.8,20.8,244,66
2026-07-07T03:11:23.403Z,19.2,19.4,29,59.5,1000.8,20.7,242,65
2026-07-07T03:11:33.384Z,17.4,19,29,59.4,1000.8,20.7,244,62
2026-07-07T03:11:43.393Z,19.4,19.4,29.1,59.4,1000.8,20.7,244,66
2026-07-07T03:11:53.388Z,20.4,20.4,29.1,59.3,1000.8,20.7,244,68
2026-07-07T03:12:03.388Z,21.8,21.8,29.1,59.3,1000.8,20.6,245,71
2026-07-07T03:12:13.408Z,21.6,21.8,29.2,59.3,1000.8,20.6,245,70
2026-07-07T03:12:23.387Z,19,20,29.2,59.3,1000.8,20.6,246,65
2026-07-07T03:12:33.377Z,22,23,29.2,59.3,1000.8,20.6,247,71
2026-07-07T03:12:43.392Z,21.6,23.4,29.2,59.4,1000.8,20.6,247,70
2026-07-07T03:12:53.371Z,21.4,22.4,29.2,59.4,1000.8,20.6,247,70
2026-07-07T03:13:03.373Z,21,22,29.2,59.5,1000.8,20.6,247,69
2026-07-07T03:13:13.379Z,22,22.2,29.2,59.6,1000.8,20.7,247,71
2026-07-07T03:13:23.371Z,20,20.2,29.2,59.6,1000.8,20.7,247,67
2026-07-07T03:13:33.384Z,20.6,21.6,29.1,59.7,1000.8,20.7,247,68
2026-07-07T03:13:43.589Z,21,23.4,29.1,59.8,1000.8,20.7,249,69
2026-07-07T03:13:53.384Z,19.6,22,29.1,59.9,1000.8,20.7,249,66
2026-07-07T03:14:03.390Z,20.8,21.8,29.1,60,1000.8,20.7,249,69
2026-07-07T03:14:13.389Z,21.4,21.4,29.1,60.1,1000.8,20.7,250,70
2026-07-07T03:14:23.385Z,21,21.8,29,60.1,1000.8,20.8,250,69
2026-07-07T03:14:33.398Z,19.8,21.4,29,60.2,1000.8,20.8,250,67
2026-07-07T03:14:43.387Z,20.4,21.4,29,60.3,1000.8,20.8,249,68
2026-07-07T03:14:53.419Z,21.8,22.8,29,60.3,1000.8,20.8,250,71
2026-07-07T03:15:03.397Z,20.6,22.6,29,60.4,1000.8,20.8,249,68
2026-07-07T03:15:13.407Z,21.2,23.4,29,60.4,1000.8,20.8,249,70
2026-07-07T03:15:23.852Z,20.6,22.2,29,60.5,1000.8,20.8,250,68
2026-07-07T03:15:33.387Z,19.4,20.4,29,60.6,1000.8,20.8,249,66
2026-07-07T03:15:43.395Z,20,21.6,28.9,60.7,1000.8,20.8,250,67
2026-07-07T03:15:53.397Z,20,21.4,28.9,60.7,1000.8,20.9,250,67
2026-07-07T03:16:03.390Z,21.2,22.4,28.9,60.8,1000.8,20.9,251,70
2026-07-07T03:16:13.379Z,21,23.4,28.9,60.8,1000.8,20.9,254,69
2026-07-07T03:16:23.392Z,21.6,23.4,28.9,60.9,1000.8,20.9,254,70
2026-07-07T03:16:33.375Z,19.6,20.6,28.9,61,1000.8,20.8,254,66
2026-07-07T03:16:43.383Z,19.4,20.4,28.9,61,1000.8,20.8,255,66
2026-07-07T03:16:53.378Z,22,23,28.9,61.1,1000.8,20.8,255,71
2026-07-07T03:17:03.410Z,23.4,24.4,28.9,61.2,1000.8,20.9,255,74
2026-07-07T03:17:13.878Z,21.8,23,28.9,61.2,1000.8,20.8,256,71
2026-07-07T03:17:23.377Z,22,23.2,28.9,61.3,1000.8,20.9,256,71
2026-07-07T03:17:33.399Z,23.2,24.4,28.9,61.3,1000.8,20.8,256,74
2026-07-07T03:17:43.406Z,22.8,25.6,28.9,61.4,1000.8,20.8,256,73
2026-07-07T03:17:53.383Z,23.8,25.8,28.9,61.4,1000.8,20.8,254,75
2026-07-07T03:18:03.391Z,23.4,26.4,28.9,61.5,1000.8,20.8,254,74
2026-07-07T03:18:13.393Z,24.2,27.2,28.9,61.5,1000.8,20.8,254,76
2026-07-07T03:18:23.390Z,22.4,24.6,28.9,61.5,1000.8,20.8,254,72
2026-07-07T03:18:33.425Z,22.6,23.6,28.9,61.6,1000.8,20.8,254,73
2026-07-07T03:18:43.386Z,21.8,23.6,28.9,61.6,1000.8,20.8,256,71
2026-07-07T03:18:53.393Z,20.8,22,28.9,61.7,1000.8,20.8,254,69
2026-07-07T03:19:03.383Z,22,23,28.9,61.7,1000.8,20.8,254,71
2026-07-07T03:19:13.392Z,24,25,28.9,61.7,1000.8,20.8,254,76
2026-07-07T03:19:23.427Z,24.2,25.2,28.9,61.8,1000.8,20.8,254,76
2026-07-07T03:19:33.390Z,24.4,25.4,28.9,61.8,1000.8,20.8,256,76
2026-07-07T03:19:43.380Z,23.8,26,28.9,61.8,1000.8,20.7,256,75
2026-07-07T03:19:55.168Z,24.2,28.2,28.9,61.9,1000.8,20.7,256,76
2026-07-07T03:20:03.416Z,23.4,27.6,28.9,62,1000.8,20.7,256,74
2026-07-07T03:20:13.399Z,25.4,29.2,28.9,62,1000.8,20.7,256,78
2026-07-07T03:20:23.411Z,26.4,30.4,28.9,62.1,1000.8,20.7,256,81
2026-07-07T03:20:33.402Z,28,30.6,28.9,62.1,1000.7,20.7,256,84
2026-07-07T03:20:43.412Z,27.4,28.8,28.9,62.1,1000.7,20.7,256,83
2026-07-07T03:20:53.384Z,26.8,29.4,28.9,62.1,1000.7,20.7,256,81
2026-07-07T03:21:03.379Z,28,32.6,28.9,62.1,1000.7,20.7,256,84
2026-07-07T03:21:13.400Z,27.6,31.8,28.9,62.1,1000.7,20.7,256,83
2026-07-07T03:21:23.407Z,26,29,28.9,62.2,1000.7,20.7,257,80
2026-07-07T03:21:33.454Z,24,27,28.9,62.2,1000.7,20.7,257,76
2026-07-07T03:21:43.379Z,25.4,27.6,28.9,62.2,1000.7,20.7,257,78
2026-07-07T03:21:53.407Z,24.6,28.6,28.9,62.2,1000.7,20.7,257,77
2026-07-07T03:22:03.379Z,26,28.4,28.9,62.3,1000.7,20.7,257,80
2026-07-07T03:22:13.379Z,28.4,29.2,28.9,62.3,1000.7,20.7,257,85
2026-07-07T03:22:23.410Z,26.8,30.4,28.9,62.3,1000.7,20.7,257,81
2026-07-07T03:22:33.404Z,25.8,29.4,28.9,62.3,1000.7,20.7,257,79
2026-07-07T03:22:43.394Z,27,31,28.9,62.4,1000.7,20.7,257,82
2026-07-07T03:22:53.391Z,27,31,28.9,62.4,1000.7,20.7,258,82
2026-07-07T03:23:03.380Z,26.6,32.6,28.9,62.5,1000.7,20.7,258,81
2026-07-07T03:23:13.389Z,26.4,30,28.9,62.5,1000.7,20.7,258,81
2026-07-07T03:23:23.380Z,28.2,30.8,28.9,62.5,1000.7,20.7,258,84
2026-07-07T03:23:33.378Z,28,30.8,28.9,62.6,1000.7,20.7,258,84
2026-07-07T03:23:43.377Z,25.6,29.2,28.9,62.6,1000.7,20.7,257,79
2026-07-07T03:23:53.393Z,25,27.6,28.9,62.6,1000.7,20.7,258,78
2026-07-07T03:24:03.382Z,24.6,26.6,28.9,62.7,1000.7,20.7,258,77
2026-07-07T03:24:13.396Z,25.8,28.2,28.9,62.6,1000.7,20.7,258,79
2026-07-07T03:24:23.384Z,27.2,29.2,28.9,62.6,1000.7,20.7,258,82
2026-07-07T03:24:33.386Z,27.6,30,28.9,62.6,1000.7,20.7,258,83
2026-07-07T03:24:43.374Z,27.8,29.4,28.9,62.6,1000.7,20.7,259,84
2026-07-07T03:24:53.371Z,26.8,30.4,28.9,62.7,1000.7,20.7,259,81
2026-07-07T03:25:03.371Z,28.2,32.6,28.9,62.7,1000.7,20.7,259,84
2026-07-07T03:25:13.383Z,27.4,31.4,28.9,62.7,1000.7,20.7,259,83
2026-07-07T03:25:23.374Z,27.6,31.6,28.9,62.7,1000.7,20.8,259,83
2026-07-07T03:25:33.375Z,29.6,33.2,29,62.8,1000.7,20.8,259,87
2026-07-07T03:25:43.382Z,29.4,33.4,29,62.8,1000.6,20.7,259,87
2026-07-07T03:25:53.382Z,29.4,32.8,29,62.9,1000.6,20.7,259,87
2026-07-07T03:26:03.395Z,30.8,33.8,29,62.9,1000.6,20.7,259,90
2026-07-07T03:26:13.376Z,30.8,33.2,29,62.9,1000.6,20.7,259,90
2026-07-07T03:26:23.381Z,28.4,30,29,62.9,1000.6,20.7,259,85
2026-07-07T03:26:33.381Z,28,32.4,29,62.9,1000.6,20.7,258,84
2026-07-07T03:26:43.390Z,28,32,29,62.8,1000.6,20.7,258,84
2026-07-07T03:26:53.388Z,29,31,29,62.8,1000.6,20.7,259,86
2026-07-07T03:27:03.373Z,30.6,34.2,29,62.9,1000.6,20.7,258,89
2026-07-07T03:27:13.375Z,30.2,35,29,62.9,1000.6,20.7,259,89
2026-07-07T03:27:23.375Z,30,34,29,62.9,1000.6,20.7,259,88
2026-07-07T03:27:33.377Z,27.8,31.2,29.1,62.9,1000.6,20.7,259,84
2026-07-07T03:27:43.377Z,27.4,30,29.1,62.9,1000.6,20.7,259,83
2026-07-07T03:27:53.373Z,27.6,28.8,29.1,62.9,1000.6,20.7,259,83
2026-07-07T03:28:03.374Z,26.4,27.4,29.1,62.9,1000.6,20.7,259,81
2026-07-07T03:28:13.391Z,28,30.6,29,62.9,1000.6,20.8,259,84
2026-07-07T03:28:23.382Z,29,31.8,29,62.9,1000.6,20.8,259,86
2026-07-07T03:28:33.375Z,29.8,30.8,29.1,62.9,1000.6,20.8,259,88
2026-07-07T03:28:43.375Z,29.2,29.6,29.1,62.8,1000.6,20.8,259,86
2026-07-07T03:28:53.375Z,29.4,33.4,29.1,62.7,1000.6,20.8,260,87
2026-07-07T03:29:03.374Z,29.6,33.2,29.1,62.7,1000.6,20.8,260,87
2026-07-07T03:29:13.381Z,28.4,31.2,29.1,62.7,1000.6,20.8,261,85
2026-07-07T03:29:23.379Z,27.8,31,29.1,62.6,1000.6,20.8,261,84
2026-07-07T03:29:33.377Z,27.2,30.4,29.2,62.6,1000.6,20.7,260,82
2026-07-07T03:29:43.378Z,27.6,32,29.2,62.6,1000.6,20.7,260,83
2026-07-07T03:29:53.374Z,27,31.8,29.2,62.6,1000.6,20.7,260,82
2026-07-07T03:30:03.387Z,28.6,33.6,29.2,62.6,1000.6,20.7,259,85
2026-07-07T03:30:13.388Z,28.6,33.6,29.2,62.6,1000.6,20.7,259,85
2026-07-07T03:30:23.379Z,29,34,29.2,62.6,1000.6,20.7,258,86
2026-07-07T03:30:33.377Z,29.8,33.8,29.2,62.6,1000.6,20.7,259,88
2026-07-07T03:30:43.379Z,28.4,32.4,29.2,62.7,1000.6,20.7,259,85
2026-07-07T03:30:53.395Z,28.4,31.6,29.2,62.7,1000.6,20.7,259,85
2026-07-07T03:31:03.375Z,29,33,29.2,62.7,1000.6,20.7,259,86
2026-07-07T03:31:13.379Z,30.4,33,29.2,62.7,1000.6,20.7,261,89
2026-07-07T03:31:23.373Z,32,34,29.2,62.7,1000.6,20.7,261,92
2026-07-07T03:31:33.374Z,31.6,32.8,29.2,62.8,1000.6,20.7,259,92
2026-07-07T03:31:43.366Z,30,33,29.2,62.8,1000.6,20.8,261,88
2026-07-07T03:31:53.375Z,29.4,32.6,29.2,62.8,1000.6,20.8,261,87
2026-07-07T03:32:03.371Z,30.2,33.2,29.2,62.8,1000.6,20.8,262,89
2026-07-07T03:32:13.366Z,31,34,29.2,62.8,1000.6,20.8,263,90
2026-07-07T03:32:23.374Z,29.4,31.2,29.2,62.9,1000.6,20.8,262,87
2026-07-07T03:32:33.368Z,29.4,30.4,29.2,62.8,1000.6,20.8,260,87
2026-07-07T03:32:43.380Z,31,32.8,29.2,62.8,1000.6,20.8,262,90
2026-07-07T03:32:53.364Z,31.6,33.6,29.2,62.8,1000.6,20.8,262,92
2026-07-07T03:33:03.374Z,30,33,29.2,62.8,1000.6,20.8,262,88
2026-07-07T03:33:13.370Z,29.6,35.4,29.2,62.8,1000.6,20.8,262,87
2026-07-07T03:33:23.367Z,30,34,29.2,62.8,1000.6,20.8,262,88
2026-07-07T03:33:33.367Z,30.4,33.4,29.2,62.9,1000.6,20.8,261,89
2026-07-07T03:33:43.388Z,30.8,33.6,29.2,62.9,1000.6,20.8,261,90
2026-07-07T03:33:53.374Z,31.4,35,29.2,62.9,1000.6,20.8,260,91
2026-07-07T03:34:03.370Z,32,37.2,29.2,62.9,1000.6,20.8,260,92
2026-07-07T03:34:13.385Z,32,40,29.2,63,1000.6,20.8,260,92
2026-07-07T03:34:23.378Z,32,38.2,29.2,63,1000.6,20.8,260,92
2026-07-07T03:34:33.372Z,31.4,33.8,29.2,63,1000.6,20.8,260,91
2026-07-07T03:34:43.366Z,31.6,33.6,29.2,63,1000.6,20.8,259,92
2026-07-07T03:34:53.367Z,31.8,33.8,29.2,63,1000.6,20.8,259,92
2026-07-07T03:35:03.365Z,31,34.2,29.2,63,1000.6,20.8,259,90
2026-07-07T03:35:13.368Z,31.6,36.8,29.2,63,1000.6,20.9,259,92
2026-07-07T03:35:23.366Z,31.8,35.8,29.2,63,1000.6,20.9,259,92
2026-07-07T03:35:33.364Z,31,36,29.2,63,1000.6,20.9,260,90
2026-07-07T03:35:43.364Z,30.6,34.2,29.2,63,1000.6,20.9,259,89
2026-07-07T03:35:53.369Z,30.8,33.6,29.2,63,1000.6,20.9,260,90
2026-07-07T03:36:03.377Z,32.6,36.4,29.2,63,1000.6,20.9,262,94
2026-07-07T03:36:13.373Z,31,35,29.2,63,1000.6,20.9,260,90
2026-07-07T03:36:23.366Z,31.2,36.8,29.2,63.1,1000.6,20.9,260,91
2026-07-07T03:36:33.363Z,32,36.4,29.2,63.1,1000.6,21,262,92
2026-07-07T03:36:43.392Z,30.4,34.4,29.2,63.1,1000.6,21,262,89
2026-07-07T03:36:53.386Z,31.2,34.8,29.2,63.1,1000.6,21,262,91
2026-07-07T03:37:03.368Z,31,36.6,29.2,63.1,1000.6,21,262,90
2026-07-07T03:37:13.367Z,33,37.6,29.2,63.1,1000.6,21,263,94
2026-07-07T03:37:23.375Z,31.8,34.8,29.2,63.1,1000.6,21,263,92
2026-07-07T03:37:33.375Z,31,34.2,29.2,63.1,1000.6,21,263,90
2026-07-07T03:37:43.362Z,31.4,34.4,29.2,63,1000.6,21,263,91
2026-07-07T03:37:53.366Z,31,34,29.2,62.9,1000.6,21,263,90
2026-07-07T03:38:03.362Z,29.4,33.4,29.3,62.9,1000.6,21,263,87
2026-07-07T03:38:13.385Z,31.6,34.6,29.3,62.9,1000.6,21,263,92
2026-07-07T03:38:23.361Z,31.4,35.4,29.3,62.9,1000.6,21,264,91
2026-07-07T03:38:33.368Z,31.6,36.6,29.3,62.9,1000.6,21,264,92
2026-07-07T03:38:43.367Z,32,36,29.3,62.9,1000.6,21,264,92
2026-07-07T03:38:53.367Z,31.4,34.6,29.3,62.9,1000.6,21,264,91
2026-07-07T03:39:03.376Z,32.6,36.4,29.3,62.9,1000.6,21,263,94
2026-07-07T03:39:13.664Z,31.4,36.4,29.3,62.9,1000.6,21,263,91
2026-07-07T03:39:23.368Z,31,35,29.3,62.9,1000.6,21,264,90
2026-07-07T03:39:33.405Z,31.6,34.2,29.3,62.9,1000.6,21,264,92
2026-07-07T03:39:43.369Z,31.8,33.8,29.3,62.9,1000.6,21,264,92
2026-07-07T03:39:53.375Z,31.4,34.6,29.3,63,1000.6,21,264,91
2026-07-07T03:40:03.376Z,31,35,29.3,63,1000.6,21,263,90
2026-07-07T03:40:13.369Z,32,36.2,29.3,63,1000.6,21,261,92
2026-07-07T03:40:23.370Z,32.2,36.4,29.3,63,1000.6,21,263,93
2026-07-07T03:40:33.371Z,32,36.2,29.3,63,1000.6,21,263,92
2026-07-07T03:40:43.371Z,31.2,37.2,29.3,63,1000.6,21,261,91
2026-07-07T03:40:53.376Z,31.2,35.8,29.3,63,1000.6,21,262,91
2026-07-07T03:41:03.380Z,31.6,36.6,29.3,63,1000.6,21,262,92
2026-07-07T03:41:13.373Z,31.2,34.8,29.3,63,1000.6,21,262,91
2026-07-07T03:41:23.371Z,31.6,35,29.3,63.1,1000.6,21,262,92
2026-07-07T03:41:33.387Z,31,36,29.3,63.1,1000.6,21.1,262,90
2026-07-07T03:41:43.367Z,31.2,36.2,29.3,63.1,1000.6,21.1,262,91
2026-07-07T03:41:53.368Z,31.4,37.4,29.3,63.1,1000.6,21.1,262,91
2026-07-07T03:42:03.366Z,32,37.8,29.3,63.1,1000.6,21.1,262,92
2026-07-07T03:42:13.374Z,30.6,36.6,29.3,63.1,1000.6,21.1,262,89
2026-07-07T03:42:23.379Z,31.2,37,29.3,63.1,1000.6,21.1,262,91
2026-07-07T03:42:33.369Z,31.6,37.6,29.3,63.1,1000.6,21.1,262,92
2026-07-07T03:42:43.374Z,31.8,37,29.3,63.1,1000.6,21.1,263,92
2026-07-07T03:42:53.382Z,31.6,36.4,29.3,63.1,1000.6,21.1,262,92
2026-07-07T03:43:03.373Z,32.6,40.4,29.3,63.1,1000.6,21.1,262,94
2026-07-07T03:43:13.369Z,34.8,44.8,29.3,63.1,1000.6,21.1,262,98
2026-07-07T03:43:23.378Z,32,38.8,29.3,63.1,1000.6,21.1,261,92
2026-07-07T03:43:33.370Z,32,36.8,29.3,63.1,1000.6,21.1,261,92
2026-07-07T03:43:43.362Z,31.6,33.6,29.4,63.1,1000.6,21.2,262,92
2026-07-07T03:43:53.370Z,32,34,29.4,63,1000.6,21.2,261,92
2026-07-07T03:44:03.359Z,31.2,33.8,29.4,63,1000.6,21.1,261,91
2026-07-07T03:44:13.364Z,31,33.4,29.4,63,1000.6,21.1,262,90
2026-07-07T03:44:23.396Z,32.2,36,29.4,62.9,1000.6,21.1,262,93
2026-07-07T03:44:33.360Z,32.8,38.2,29.4,62.8,1000.6,21.1,262,94
2026-07-07T03:44:43.368Z,32.6,38.2,29.5,62.8,1000.6,21.1,263,94
2026-07-07T03:44:53.375Z,32.6,38,29.5,62.7,1000.6,21.1,262,94
2026-07-07T03:45:03.376Z,31.4,36.4,29.5,62.6,1000.6,21,262,91
2026-07-07T03:45:13.366Z,31.6,36.6,29.5,62.6,1000.6,21,263,92
2026-07-07T03:45:23.372Z,31.4,36.4,29.6,62.6,1000.6,21,263,91
2026-07-07T03:45:33.374Z,32,36,29.6,62.6,1000.6,21,263,92
2026-07-07T03:45:43.368Z,31.2,36.8,29.6,62.6,1000.6,21,263,91
2026-07-07T03:45:53.370Z,31.6,38.6,29.6,62.6,1000.6,21,263,92
2026-07-07T03:46:03.375Z,31.6,37.2,29.6,62.6,1000.6,21,263,92
2026-07-07T03:46:13.369Z,31.4,36.4,29.6,62.6,1000.6,21,263,91
2026-07-07T03:46:23.369Z,32,36.6,29.6,62.6,1000.6,21,263,92
2026-07-07T03:46:33.379Z,31.8,37,29.6,62.7,1000.6,21,264,92
2026-07-07T03:46:43.378Z,31,38.4,29.6,62.7,1000.6,21,264,90
2026-07-07T03:46:53.371Z,32.8,40.8,29.6,62.7,1000.6,21,265,94
2026-07-07T03:47:03.368Z,32.6,40.6,29.6,62.7,1000.6,21,266,94
2026-07-07T03:47:13.366Z,32.6,39,29.6,62.7,1000.6,20.9,266,94
2026-07-07T03:47:23.370Z,32.6,36.6,29.6,62.6,1000.6,20.9,265,94
2026-07-07T03:47:33.362Z,32.6,36.6,29.7,62.6,1000.6,20.9,266,94
2026-07-07T03:47:43.352Z,33.2,38,29.7,62.6,1000.6,20.9,266,95
2026-07-07T03:47:53.355Z,35,39.6,29.7,62.6,1000.6,20.9,266,99
2026-07-07T03:48:03.397Z,33.4,37.2,29.7,62.6,1000.6,20.9,266,95
2026-07-07T03:48:13.355Z,32.4,36.4,29.7,62.5,1000.6,20.9,263,93
2026-07-07T03:48:23.362Z,33.8,37.4,29.7,62.5,1000.6,20.9,263,96
2026-07-07T03:48:33.370Z,34,37.2,29.7,62.5,1000.6,20.9,263,97
2026-07-07T03:48:43.368Z,34,39.6,29.7,62.5,1000.6,20.9,263,97
2026-07-07T03:48:53.377Z,33.4,41,29.7,62.5,1000.6,20.9,263,95
2026-07-07T03:49:03.378Z,32.6,39.6,29.8,62.5,1000.6,20.9,263,94
2026-07-07T03:49:13.367Z,32.6,40.6,29.8,62.6,1000.6,20.9,263,94
2026-07-07T03:49:23.365Z,32.4,40.2,29.8,62.6,1000.6,20.9,263,93
2026-07-07T03:49:33.365Z,34.8,42,29.8,62.6,1000.6,20.9,266,98
2026-07-07T03:49:43.377Z,34,41,29.8,62.6,1000.6,20.9,266,97
2026-07-07T03:49:53.379Z,35,41,29.7,62.7,1000.6,20.9,266,99
2026-07-07T03:50:03.364Z,36,42,29.7,62.7,1000.6,20.9,266,102
2026-07-07T03:50:13.362Z,35,42,29.7,62.8,1000.6,20.9,267,99
2026-07-07T03:50:23.357Z,34.4,40.6,29.7,62.8,1000.6,20.9,266,97
2026-07-07T03:50:33.364Z,35,40,29.7,62.8,1000.6,20.9,266,99
2026-07-07T03:50:43.378Z,34,40.4,29.7,62.9,1000.6,20.9,266,97
2026-07-07T03:50:53.362Z,34.8,41,29.7,62.9,1000.6,21,267,98
2026-07-07T03:51:03.363Z,34.4,40.4,29.7,63,1000.6,21,267,97
2026-07-07T03:51:13.362Z,35,40,29.7,63,1000.6,21,267,99
2026-07-07T03:51:23.357Z,34,41,29.7,63.1,1000.6,21,267,97
2026-07-07T03:51:33.375Z,33.8,39.8,29.7,63.1,1000.6,21,266,96
2026-07-07T03:51:43.347Z,34.6,41,29.7,63.2,1000.6,21,266,98
2026-07-07T03:51:53.348Z,35,41,29.6,63.2,1000.6,21,266,99
2026-07-07T03:52:03.349Z,35.6,43.4,29.6,63.3,1000.6,21.1,265,101
2026-07-07T03:52:13.351Z,37,44.6,29.6,63.3,1000.6,21.1,266,104
2026-07-07T03:52:23.362Z,35.4,42.8,29.6,63.4,1000.6,21.1,267,100
2026-07-07T03:52:33.355Z,34,42,29.6,63.4,1000.6,21.1,266,97
2026-07-07T03:52:43.409Z,34,39.6,29.6,63.5,1000.6,21.1,266,97
2026-07-07T03:52:53.374Z,33.8,39.6,29.5,63.5,1000.6,21.1,267,96
2026-07-07T03:53:03.384Z,34.4,41.8,29.5,63.6,1000.6,21.2,266,97
2026-07-07T03:53:13.426Z,34,43.4,29.5,63.6,1000.6,21.2,265,97
2026-07-07T03:53:23.365Z,34.4,44.6,29.5,63.6,1000.6,21.2,267,97
2026-07-07T03:53:33.482Z,34.4,45.4,29.5,63.6,1000.6,21.2,267,97
2026-07-07T03:53:43.355Z,35.8,47,29.5,63.6,1000.6,21.2,268,101
2026-07-07T03:53:53.353Z,35.8,46.2,29.5,63.6,1000.6,21.2,268,101
2026-07-07T03:54:03.360Z,35,44.4,29.5,63.5,1000.6,21.2,267,99
2026-07-07T03:54:13.358Z,33.6,41.6,29.5,63.5,1000.6,21.2,266,96
2026-07-07T03:54:23.356Z,33.2,40.8,29.6,63.4,1000.6,21.2,266,95
2026-07-07T03:54:33.374Z,34.6,42.4,29.6,63.4,1000.6,21.2,266,98
2026-07-07T03:54:43.350Z,35.4,42.4,29.6,63.4,1000.6,21.2,266,100
2026-07-07T03:54:53.365Z,36,44,29.6,63.3,1000.6,21.2,266,102
2026-07-07T03:55:03.347Z,35.2,42.2,29.6,63.3,1000.6,21.1,266,99
2026-07-07T03:55:13.421Z,34.6,39.2,29.6,63.3,1000.6,21.1,266,98
2026-07-07T03:55:23.349Z,34.8,40.8,29.6,63.3,1000.6,21.1,265,98
2026-07-07T03:55:33.388Z,35.6,42.8,29.7,63.3,1000.6,21.1,265,101
2026-07-07T03:55:43.388Z,38.2,46.2,29.7,63.3,1000.6,21.1,265,107
2026-07-07T03:55:53.360Z,38.4,46.2,29.7,63.4,1000.6,21.1,265,108
2026-07-07T03:56:03.394Z,36,45,29.7,63.4,1000.6,21.1,265,102
2026-07-07T03:56:13.378Z,36.6,45,29.7,63.4,1000.6,21.1,266,103
2026-07-07T03:56:23.363Z,37.4,44.4,29.7,63.4,1000.6,21.1,265,105
2026-07-07T03:56:33.358Z,37,43.6,29.7,63.5,1000.6,21.1,266,104
2026-07-07T03:56:43.380Z,36.6,43.2,29.7,63.5,1000.6,21.1,266,103
2026-07-07T03:56:53.400Z,38,45,29.7,63.5,1000.6,21.1,266,107
2026-07-07T03:57:03.359Z,35.8,44.4,29.7,63.5,1000.6,21.1,266,101
2026-07-07T03:57:13.370Z,35.6,42.6,29.7,63.5,1000.6,21.1,267,101
2026-07-07T03:57:23.365Z,36.6,44.2,29.7,63.5,1000.6,21.1,266,103
2026-07-07T03:57:33.373Z,35.6,44.6,29.7,63.6,1000.6,21.1,266,101
2026-07-07T03:57:43.375Z,35.8,45.2,29.7,63.6,1000.6,21.1,267,101
2026-07-07T03:57:53.387Z,35.4,43.4,29.7,63.6,1000.6,21.2,267,100
2026-07-07T03:58:03.417Z,36,43,29.7,63.5,1000.6,21.2,267,102
2026-07-07T03:58:13.367Z,34.4,41.6,29.7,63.5,1000.5,21.2,267,97
2026-07-07T03:58:23.381Z,34.4,42.4,29.7,63.5,1000.5,21.2,268,97
2026-07-07T03:58:33.356Z,34.6,43,29.7,63.5,1000.5,21.2,268,98
2026-07-07T03:58:43.368Z,37.6,47,29.7,63.4,1000.5,21.2,268,106
2026-07-07T03:58:53.385Z,35.6,44.6,29.7,63.4,1000.5,21.2,267,101
2026-07-07T03:59:03.360Z,36.6,45,29.7,63.4,1000.5,21.1,266,103
2026-07-07T03:59:13.372Z,37.8,45.4,29.8,63.4,1000.5,21.1,266,106
2026-07-07T03:59:23.375Z,37.8,46.4,29.8,63.4,1000.5,21.1,266,106
2026-07-07T03:59:33.377Z,38.4,45.4,29.8,63.3,1000.5,21.1,266,108
2026-07-07T03:59:43.409Z,37.8,45.6,29.8,63.3,1000.5,21.1,266,106
2026-07-07T03:59:53.353Z,37.6,44.4,29.8,63.2,1000.5,21.1,266,106
2026-07-07T04:00:03.426Z,36.6,42.6,29.9,63.1,1000.5,21,266,103
2026-07-07T04:00:13.362Z,37.4,43.6,29.9,63,1000.5,21,266,105
2026-07-07T04:00:23.363Z,38.6,46.6,29.9,63,1000.5,21,272,108
2026-07-07T04:00:33.425Z,38,46,29.9,62.9,1000.5,20.9,273,107
2026-07-07T04:00:43.367Z,36.4,44,30,62.8,1000.5,20.9,273,103
2026-07-07T04:00:53.400Z,35.6,44.2,30,62.7,1000.5,20.9,277,101
2026-07-07T04:01:03.358Z,36.6,45.6,30,62.6,1000.5,20.8,281,103
2026-07-07T04:01:13.472Z,35,44.8,30.1,62.5,1000.5,20.8,281,99
2026-07-07T04:01:23.363Z,35.6,44.6,30.1,62.4,1000.5,20.8,287,101
2026-07-07T04:01:33.358Z,36.8,44.4,30.1,62.3,1000.5,20.7,288,104
2026-07-07T04:01:43.476Z,38,46,30.2,62.2,1000.5,20.7,288,107
2026-07-07T04:01:53.345Z,37,45.8,30.2,62.1,1000.5,20.7,288,104
2026-07-07T04:02:03.443Z,35,44,30.2,62,1000.5,20.6,289,99
2026-07-07T04:02:13.347Z,34.8,43.4,30.3,61.9,1000.5,20.6,290,98
2026-07-07T04:02:23.347Z,34.6,42.6,30.3,61.8,1000.5,20.6,290,98
2026-07-07T04:02:33.418Z,35,44.4,30.4,61.8,1000.5,20.5,290,99
2026-07-07T04:02:43.365Z,35.2,44.4,30.4,61.7,1000.5,20.5,290,99
2026-07-07T04:02:53.360Z,37,46,30.4,61.6,1000.5,20.5,290,104
2026-07-07T04:03:03.357Z,38.8,46.8,30.4,61.6,1000.5,20.5,290,109
2026-07-07T04:03:13.374Z,38,46,30.5,61.5,1000.5,20.5,290,107
2026-07-07T04:03:23.397Z,38.4,47.4,30.5,61.5,1000.5,20.4,290,108
2026-07-07T04:03:33.364Z,38.4,47.8,30.5,61.5,1000.5,20.4,290,108
2026-07-07T04:03:43.389Z,38.4,48.6,30.5,61.4,1000.5,20.4,295,108
2026-07-07T04:03:53.358Z,37.6,48,30.5,61.4,1000.5,20.4,296,106
2026-07-07T04:04:03.563Z,37.2,48.2,30.5,61.4,1000.5,20.4,296,105
2026-07-07T04:04:13.374Z,38.6,48,30.6,61.4,1000.5,20.4,296,108
2026-07-07T04:04:23.351Z,38,48,30.6,61.4,1000.5,20.4,296,107
2026-07-07T04:04:33.363Z,39.4,48.4,30.6,61.3,1000.5,20.4,296,110
2026-07-07T04:04:43.358Z,40.2,50,30.6,61.3,1000.5,20.4,296,112
2026-07-07T04:04:53.369Z,38.4,48.4,30.6,61.3,1000.5,20.4,296,108
2026-07-07T04:05:03.362Z,38.8,47.2,30.6,61.3,1000.5,20.4,296,109
2026-07-07T04:05:13.347Z,38,46,30.6,61.2,1000.5,20.4,296,107
2026-07-07T04:05:23.383Z,37.6,45.2,30.6,61.2,1000.5,20.4,296,106
2026-07-07T04:05:33.358Z,37.2,45.4,30.6,61.2,1000.5,20.4,296,105
2026-07-07T04:05:43.392Z,38.2,45.2,30.6,61.2,1000.5,20.4,298,107
2026-07-07T04:05:53.363Z,38.6,45.6,30.7,61.1,1000.5,20.4,299,108
2026-07-07T04:06:03.391Z,38.2,45.8,30.7,61.1,1000.5,20.4,298,107
2026-07-07T04:06:13.360Z,38.6,47,30.7,61,1000.5,20.4,298,108
2026-07-07T04:06:23.360Z,37.2,45.6,30.7,61,1000.5,20.4,299,105
2026-07-07T04:06:33.372Z,37.8,46.8,30.7,60.9,1000.5,20.4,299,106
2026-07-07T04:06:43.355Z,35.8,44.4,30.7,60.9,1000.5,20.4,299,101
2026-07-07T04:06:53.395Z,35.4,44.4,30.8,60.8,1000.5,20.4,299,100
2026-07-07T04:07:03.358Z,36.2,44.2,30.8,60.7,1000.5,20.4,299,102
2026-07-07T04:07:13.355Z,37,44.6,30.8,60.7,1000.5,20.4,299,104
2026-07-07T04:07:23.370Z,37.6,45.6,30.8,60.6,1000.5,20.4,299,106
2026-07-07T04:07:33.351Z,37,45.4,30.9,60.6,1000.5,20.4,299,104
2026-07-07T04:07:43.390Z,37.6,46.6,30.9,60.5,1000.5,20.4,299,106
2026-07-07T04:07:53.371Z,38.8,47.4,30.9,60.5,1000.5,20.4,299,109
2026-07-07T04:08:03.355Z,39,47.2,30.9,60.4,1000.5,20.4,298,109
2026-07-07T04:08:13.383Z,38.2,47,30.9,60.4,1000.5,20.4,298,107
2026-07-07T04:08:23.355Z,40,49.8,31,60.3,1000.5,20.4,298,112
2026-07-07T04:08:33.420Z,39,47.4,31,60.3,1000.5,20.4,298,109
2026-07-07T04:08:43.352Z,39.6,48.6,31,60.3,1000.5,20.4,298,111
2026-07-07T04:08:53.344Z,39.6,48.6,31,60.3,1000.5,20.4,298,111
2026-07-07T04:09:03.379Z,39.2,47.4,31,60.2,1000.5,20.4,298,110
2026-07-07T04:09:13.341Z,38.4,47.4,31,60.2,1000.5,20.4,300,108
2026-07-07T04:09:23.454Z,38.8,46.8,31,60.2,1000.5,20.4,298,109
2026-07-07T04:09:33.344Z,38.8,48.8,31,60.2,1000.5,20.4,297,109
2026-07-07T04:09:43.347Z,40,49.8,31,60.2,1000.5,20.4,298,112
2026-07-07T04:09:53.434Z,39.6,48.6,31,60.2,1000.5,20.4,298,111
2026-07-07T04:10:03.345Z,39.6,48.6,31,60.2,1000.5,20.4,298,111
2026-07-07T04:10:13.447Z,40,50,31,60.3,1000.5,20.4,298,112
2026-07-07T04:10:23.366Z,38,48,31,60.3,1000.5,20.4,298,107
2026-07-07T04:10:33.360Z,38.4,48,31,60.3,1000.5,20.5,298,108
2026-07-07T04:10:43.359Z,38.6,46.8,31,60.3,1000.5,20.5,299,108
2026-07-07T04:10:53.348Z,38,47,31,60.3,1000.5,20.5,298,107
2026-07-07T04:11:03.389Z,39,47,31,60.2,1000.5,20.5,298,109
2026-07-07T04:11:13.341Z,38.4,46,31,60.2,1000.5,20.5,298,108
2026-07-07T04:11:23.946Z,39.8,47.6,31,60.3,1000.5,20.5,298,111
2026-07-07T04:11:33.342Z,39,47.4,31,60.2,1000.5,20.5,298,109
2026-07-07T04:11:43.349Z,39.4,47,31,60.2,1000.5,20.5,298,110
2026-07-07T04:11:53.378Z,39.2,47.4,31,60.2,1000.5,20.5,299,110
2026-07-07T04:12:03.348Z,39,48,31,60.2,1000.5,20.5,298,109
2026-07-07T04:12:13.373Z,39.4,48.4,31,60.2,1000.5,20.5,298,110
2026-07-07T04:12:23.356Z,39.8,49.8,31,60.2,1000.5,20.6,298,111
2026-07-07T04:12:33.354Z,39.6,49.8,31,60.2,1000.5,20.6,298,111
2026-07-07T04:12:43.381Z,39.2,49.2,31,60.3,1000.5,20.6,297,110
2026-07-07T04:12:53.345Z,39.8,49.8,31,60.2,1000.5,20.6,294,111
2026-07-07T04:13:03.420Z,38.6,48.6,31,60.2,1000.5,20.6,297,108
2026-07-07T04:13:13.344Z,37.6,47.4,31.1,60.2,1000.5,20.6,294,106
2026-07-07T04:13:23.346Z,38.2,48,31.1,60.2,1000.5,20.6,294,107
2026-07-07T04:13:33.344Z,39,48.4,31.1,60.2,1000.5,20.6,298,109
2026-07-07T04:13:43.344Z,38.6,47.6,31.1,60.2,1000.5,20.7,294,108
2026-07-07T04:13:53.357Z,38.8,47.8,31.1,60.2,1000.5,20.7,294,109
2026-07-07T04:14:03.358Z,38.6,47.6,31.1,60.1,1000.5,20.7,294,108
2026-07-07T04:14:13.372Z,40.4,49,31.1,60.1,1000.5,20.7,294,113
2026-07-07T04:14:23.348Z,40,49,31.1,60.1,1000.5,20.7,295,112
2026-07-07T04:14:33.362Z,41,49.4,31.1,60.1,1000.5,20.7,298,114
2026-07-07T04:14:43.369Z,40.2,48,31.1,60,1000.5,20.7,298,112
2026-07-07T04:14:53.343Z,40.4,47,31.1,60,1000.5,20.7,298,113
2026-07-07T04:15:03.354Z,40.6,49.2,31.1,60,1000.5,20.7,299,113
2026-07-07T04:15:13.350Z,41,51,31.1,60,1000.5,20.7,299,114
2026-07-07T04:15:23.344Z,41.2,51.8,31.1,60,1000.5,20.7,298,115
2026-07-07T04:15:33.540Z,40.6,49.6,31.1,60,1000.6,20.7,298,113
2026-07-07T04:15:43.354Z,40.4,49.4,31.1,60.1,1000.6,20.7,299,113
2026-07-07T04:15:53.348Z,41,50,31.1,60.1,1000.6,20.7,299,114
2026-07-07T04:16:03.349Z,39,48,31.1,60.2,1000.6,20.8,299,109
2026-07-07T04:16:13.370Z,39.2,48,31.1,60.2,1000.6,20.8,299,110
2026-07-07T04:16:23.351Z,40.6,49.6,31.1,60.2,1000.6,20.8,299,113
2026-07-07T04:16:33.359Z,40,50,31.1,60.3,1000.6,20.8,299,112
2026-07-07T04:16:43.408Z,39.8,49.8,31.1,60.3,1000.6,20.8,299,111
2026-07-07T04:16:53.341Z,39.4,49.4,31.1,60.4,1000.6,20.8,298,110
2026-07-07T04:17:03.344Z,39.4,49.4,31,60.4,1000.6,20.9,298,110
2026-07-07T04:17:13.340Z,39.8,49.8,31,60.4,1000.6,20.9,298,111
2026-07-07T04:17:23.343Z,41,50.4,31,60.5,1000.6,20.9,298,114
2026-07-07T04:17:33.432Z,40.6,49.6,31,60.5,1000.6,20.9,298,113
2026-07-07T04:17:43.336Z,40.2,50.2,31,60.5,1000.6,20.9,298,112
2026-07-07T04:17:53.349Z,42,52.6,31,60.6,1000.6,21,298,117
2026-07-07T04:18:03.339Z,42.2,52.6,31,60.6,1000.6,21,298,117
2026-07-07T04:18:13.335Z,41.8,50.4,30.9,60.7,1000.6,21,298,116
2026-07-07T04:18:23.347Z,41,50.6,30.9,60.8,1000.6,21,298,114
2026-07-07T04:18:33.339Z,41.6,51.6,30.9,61,1000.6,21.1,298,116
2026-07-07T04:18:43.394Z,40.4,50.4,30.8,61.2,1000.6,21.1,299,113
2026-07-07T04:18:53.342Z,41,50.6,30.8,61.4,1000.6,21.2,301,114
2026-07-07T04:19:03.361Z,41.4,49.6,30.7,61.6,1000.6,21.2,302,115
2026-07-07T04:19:13.344Z,41.4,49.4,30.7,61.8,1000.6,21.3,303,115
2026-07-07T04:19:23.344Z,41.4,49.4,30.6,61.9,1000.6,21.3,303,115
2026-07-07T04:19:33.361Z,42,50,30.6,62.1,1000.6,21.4,304,117
2026-07-07T04:19:43.343Z,40,48.6,30.5,62.3,1000.6,21.4,304,112
2026-07-07T04:19:53.428Z,39,48.4,30.5,62.5,1000.6,21.5,304,109
2026-07-07T04:20:03.347Z,41,49.8,30.4,62.7,1000.6,21.6,304,114
2026-07-07T04:20:13.349Z,39.4,47.6,30.3,62.8,1000.5,21.6,308,110
2026-07-07T04:20:23.479Z,39.4,48.4,30.3,63,1000.5,21.7,308,110
2026-07-07T04:20:33.351Z,42.6,52.4,30.2,63.2,1000.5,21.7,309,118
2026-07-07T04:20:43.356Z,42.2,51.2,30.2,63.3,1000.5,21.8,309,117
2026-07-07T04:20:53.348Z,42.8,52.4,30.1,63.5,1000.5,21.9,309,118
2026-07-07T04:21:03.376Z,43.6,52.6,30.1,63.7,1000.5,21.9,310,120
2026-07-07T04:21:13.350Z,44,54.8,30,63.8,1000.5,22,311,121
2026-07-07T04:21:23.347Z,43.4,55,30,64,1000.5,22,311,120
2026-07-07T04:21:33.375Z,42.6,54.2,29.9,64.1,1000.5,22.1,311,118
2026-07-07T04:21:43.343Z,41.2,52.2,29.9,64.2,1000.5,22.1,314,115
2026-07-07T04:21:53.350Z,42,53.2,29.8,64.4,1000.5,22.2,311,117
2026-07-07T04:22:03.346Z,41,51,29.8,64.5,1000.5,22.2,316,114
2026-07-07T04:22:13.365Z,42,50,29.7,64.6,1000.5,22.3,320,117
2026-07-07T04:22:23.349Z,41.6,50.4,29.7,64.7,1000.5,22.3,321,116
2026-07-07T04:22:33.363Z,41.4,52,29.7,64.8,1000.5,22.3,323,115
2026-07-07T04:22:43.360Z,42.4,54,29.6,64.9,1000.5,22.4,325,117
2026-07-07T04:22:53.343Z,43.6,53.4,29.6,65,1000.5,22.4,325,120
2026-07-07T04:23:03.342Z,42.4,51.4,29.6,65.1,1000.5,22.4,325,117
2026-07-07T04:23:13.340Z,41.6,52.2,29.5,65.1,1000.5,22.5,326,116
2026-07-07T04:23:23.350Z,41,50.4,29.5,65.2,1000.5,22.5,326,114
2026-07-07T04:23:33.345Z,40.4,51.4,29.5,65.3,1000.5,22.6,326,113
2026-07-07T04:23:43.343Z,40.2,51,29.5,65.3,1000.5,22.6,326,112
2026-07-07T04:23:53.337Z,42.6,53.8,29.4,65.4,1000.5,22.6,326,118
2026-07-07T04:24:03.347Z,42.4,53.4,29.4,65.4,1000.5,22.7,326,117
2026-07-07T04:24:13.343Z,41,52.6,29.4,65.4,1000.5,22.7,326,114
2026-07-07T04:24:23.335Z,39,51.8,29.4,65.5,1000.5,22.7,325,109
2026-07-07T04:24:33.341Z,40.4,52.6,29.4,65.5,1000.5,22.7,325,113
2026-07-07T04:24:43.343Z,40.6,52.6,29.4,65.5,1000.5,22.8,325,113
2026-07-07T04:24:53.341Z,40.8,52.2,29.4,65.6,1000.5,22.8,325,114
2026-07-07T04:25:03.337Z,42,54.8,29.4,65.6,1000.5,22.8,325,117
2026-07-07T04:25:13.342Z,42,54.2,29.4,65.6,1000.5,22.9,322,117
2026-07-07T04:25:23.336Z,42.4,56.4,29.3,65.6,1000.5,22.9,325,117
2026-07-07T04:25:33.342Z,42.2,54.4,29.3,65.7,1000.5,22.9,327,117
2026-07-07T04:25:43.350Z,41.8,53.6,29.3,65.7,1000.5,23,327,116
2026-07-07T04:25:53.352Z,42.2,54.4,29.3,65.7,1000.5,23,331,117
2026-07-07T04:26:03.345Z,41.4,52.4,29.3,65.7,1000.5,23.1,333,115
2026-07-07T04:26:13.369Z,40.6,51.4,29.3,65.8,1000.5,23.1,333,113
2026-07-07T04:26:23.346Z,41.6,51.6,29.3,65.8,1000.5,23.1,334,116
2026-07-07T04:26:33.342Z,42,53,29.3,65.8,1000.5,23.2,335,117
2026-07-07T04:26:43.342Z,40.4,50.8,29.3,65.8,1000.5,23.2,336,113
2026-07-07T04:26:53.335Z,41,51.8,29.3,65.9,1000.5,23.3,336,114
2026-07-07T04:27:03.334Z,40.4,49.6,29.2,65.9,1000.5,23.3,336,113
2026-07-07T04:27:13.343Z,40,50,29.2,65.9,1000.5,23.4,336,112
2026-07-07T04:27:23.352Z,41.4,52,29.2,65.9,1000.5,23.4,337,115
2026-07-07T04:27:33.346Z,41.6,51.6,29.2,65.9,1000.5,23.5,337,116
2026-07-07T04:27:43.337Z,40,50,29.2,65.9,1000.5,23.5,337,112
2026-07-07T04:27:53.349Z,41.2,51.4,29.2,65.9,1000.5,23.5,337,115
2026-07-07T04:28:03.341Z,43.6,54.4,29.2,65.9,1000.5,23.5,337,120
2026-07-07T04:28:13.332Z,43.6,53.4,29.2,65.9,1000.5,23.6,337,120
2026-07-07T04:28:23.336Z,43.6,52.6,29.2,65.9,1000.5,23.6,337,120
2026-07-07T04:28:33.350Z,43,54,29.2,66,1000.5,23.6,337,119
2026-07-07T04:28:43.353Z,42,52.4,29.2,66,1000.5,23.6,337,117
2026-07-07T04:28:53.336Z,43.8,55.6,29.2,66,1000.5,23.7,336,121
2026-07-07T04:29:03.339Z,42.8,54.2,29.2,66,1000.5,23.7,333,118
2026-07-07T04:29:13.340Z,43,53,29.2,66.1,1000.5,23.7,333,119
2026-07-07T04:29:23.345Z,43.2,53.8,29.2,66.1,1000.5,23.7,333,119
2026-07-07T04:29:33.334Z,43,53.2,29.2,66.2,1000.5,23.7,331,119
2026-07-07T04:29:43.338Z,45.4,57.2,29.2,66.2,1000.5,23.7,331,125
2026-07-07T04:29:53.346Z,46,57.2,29.2,66.3,1000.5,23.7,331,126
2026-07-07T04:30:03.373Z,44.2,55.2,29.2,66.3,1000.5,23.7,330,122
2026-07-07T04:30:13.342Z,45.6,57.6,29.2,66.4,1000.5,23.7,330,125
2026-07-07T04:30:23.357Z,44.8,57.2,29.2,66.4,1000.5,23.7,330,123
2026-07-07T04:30:33.346Z,44,55.2,29.2,66.5,1000.5,23.7,330,121
2026-07-07T04:30:43.349Z,43.2,55,29.2,66.5,1000.5,23.7,330,119
2026-07-07T04:30:53.598Z,45.4,57.4,29.2,66.6,1000.5,23.7,330,125
2026-07-07T04:31:04.444Z,46,57.4,29.2,66.7,1000.5,23.7,331,126
2026-07-07T04:31:13.358Z,45.6,56.6,29.2,66.7,1000.4,23.7,333,125
2026-07-07T04:31:23.348Z,45.4,58.8,29.2,66.8,1000.4,23.6,335,125
2026-07-07T04:31:33.343Z,45.6,59.6,29.2,66.8,1000.4,23.6,335,125
2026-07-07T04:31:43.343Z,47.2,60.6,29.2,66.9,1000.4,23.6,335,129
2026-07-07T04:31:53.343Z,47.6,59.6,29.2,67,1000.4,23.5,335,130
2026-07-07T04:32:03.341Z,47,59,29.2,67,1000.4,23.5,336,129
2026-07-07T04:32:13.339Z,49,61.8,29.2,67,1000.5,23.5,336,134
2026-07-07T04:32:23.336Z,49.4,62,29.2,67.1,1000.5,23.4,336,135
2026-07-07T04:32:33.350Z,49,61.6,29.2,67.1,1000.5,23.4,335,134
2026-07-07T04:32:43.333Z,48.8,61.6,29.2,67.2,1000.5,23.4,336,133
2026-07-07T04:32:53.348Z,49.8,63.6,29.3,67.2,1000.5,23.3,336,136
2026-07-07T04:33:03.342Z,50.4,63.4,29.3,67.3,1000.5,23.3,336,137
2026-07-07T04:33:13.367Z,50,63,29.3,67.3,1000.5,23.3,334,136
2026-07-07T04:33:23.349Z,51,65,29.3,67.4,1000.5,23.2,334,139
2026-07-07T04:33:33.360Z,50.4,64,29.3,67.4,1000.5,23.2,334,137
2026-07-07T04:33:43.340Z,49.8,62.8,29.3,67.5,1000.5,23.1,334,136
2026-07-07T04:33:53.333Z,50,62,29.3,67.6,1000.5,23.1,334,136
2026-07-07T04:34:03.339Z,49.2,61.4,29.3,67.6,1000.5,23.1,334,134
2026-07-07T04:34:13.336Z,50.8,64.6,29.3,67.7,1000.5,23,336,138
2026-07-07T04:34:23.337Z,49.6,62.6,29.3,67.7,1000.5,23,336,135
2026-07-07T04:34:33.340Z,50.6,63.6,29.3,67.8,1000.5,23,336,138
2026-07-07T04:34:43.381Z,50.6,64.2,29.3,67.8,1000.5,22.9,336,138
2026-07-07T04:34:53.369Z,49.4,62.4,29.3,67.9,1000.5,22.9,336,135
2026-07-07T04:35:03.346Z,50,62.2,29.3,67.9,1000.5,22.9,337,136
2026-07-07T04:35:13.331Z,49.8,62.4,29.3,68,1000.5,22.9,337,136
2026-07-07T04:35:23.341Z,50.8,63.6,29.3,68,1000.5,22.8,337,138
2026-07-07T04:35:33.333Z,50.8,65.6,29.3,68,1000.5,22.8,337,138
2026-07-07T04:35:43.332Z,50.2,63.2,29.3,68.1,1000.5,22.8,338,137
2026-07-07T04:35:53.341Z,50.2,63.6,29.3,68.1,1000.5,22.7,338,137
2026-07-07T04:36:03.342Z,50.8,64.8,29.3,68.1,1000.5,22.7,338,138
2026-07-07T04:36:13.348Z,50.6,64.6,29.3,68.1,1000.5,22.7,338,138
2026-07-07T04:36:23.346Z,50,63,29.3,68.2,1000.5,22.7,337,136
2026-07-07T04:36:33.347Z,50,63,29.3,68.2,1000.5,22.7,337,136
2026-07-07T04:36:43.344Z,50.6,63.8,29.3,68.2,1000.5,22.6,336,138
2026-07-07T04:36:53.349Z,49.2,61.6,29.4,68.2,1000.5,22.6,336,134
2026-07-07T04:37:03.336Z,49.2,62,29.4,68.3,1000.5,22.6,336,134
2026-07-07T04:37:13.351Z,51,64.8,29.4,68.3,1000.5,22.6,336,139
2026-07-07T04:37:23.655Z,51,64.2,29.4,68.3,1000.5,22.5,336,139
2026-07-07T04:37:33.347Z,50.2,63.6,29.4,68.4,1000.5,22.5,336,137
2026-07-07T04:37:43.338Z,49,61,29.4,68.4,1000.5,22.5,336,134
2026-07-07T04:37:53.349Z,49.4,61.4,29.4,68.5,1000.5,22.4,336,135
2026-07-07T04:38:03.336Z,50.4,63.6,29.4,68.5,1000.5,22.4,336,137
2026-07-07T04:38:13.326Z,50,62.2,29.4,68.6,1000.5,22.4,336,136
2026-07-07T04:38:23.360Z,49.6,61.6,29.4,68.6,1000.5,22.3,336,135
2026-07-07T04:38:33.365Z,49.8,63.2,29.4,68.8,1000.5,22.3,337,136
2026-07-07T04:38:43.367Z,49.6,62.6,29.4,68.9,1000.5,22.2,336,135
2026-07-07T04:38:53.342Z,49,62,29.4,69.1,1000.5,22.2,337,134
2026-07-07T04:39:03.349Z,48.4,60.4,29.5,69.2,1000.5,22.1,339,132
2026-07-07T04:39:13.342Z,47.8,60.2,29.5,69.4,1000.5,22,339,131
2026-07-07T04:39:23.338Z,48,61.4,29.5,69.5,1000.5,22,339,131
2026-07-07T04:39:33.350Z,49.8,62.8,29.5,69.6,1000.5,21.9,339,136
2026-07-07T04:39:43.405Z,49.6,64,29.5,69.7,1000.5,21.9,338,135
2026-07-07T04:39:53.334Z,51,65,29.5,69.8,1000.5,21.8,338,139
2026-07-07T04:40:03.336Z,50.4,64.4,29.5,69.8,1000.5,21.7,338,137
2026-07-07T04:40:13.327Z,49.6,63.4,29.5,69.9,1000.5,21.7,338,135
2026-07-07T04:40:23.336Z,49.6,63.6,29.5,70,1000.5,21.6,338,135
2026-07-07T04:40:33.338Z,49.2,63.2,29.5,70,1000.5,21.6,338,134
2026-07-07T04:40:43.325Z,51,65,29.5,70.1,1000.5,21.5,337,139
2026-07-07T04:40:53.343Z,49.6,64.6,29.5,70.2,1000.5,21.5,336,135
2026-07-07T04:41:03.357Z,49.2,64.8,29.6,70.2,1000.5,21.4,336,134
2026-07-07T04:41:13.363Z,50.2,65.4,29.6,70.2,1000.5,21.4,336,137
2026-07-07T04:41:23.341Z,47.8,63,29.6,70.3,1000.5,21.3,336,131
2026-07-07T04:41:33.337Z,48.6,61.8,29.6,70.3,1000.5,21.3,336,133
2026-07-07T04:41:43.369Z,49,63,29.6,70.3,1000.5,21.2,336,134
2026-07-07T04:41:53.346Z,47.4,61.4,29.6,70.3,1000.5,21.2,337,130
2026-07-07T04:42:03.378Z,48,62,29.6,70.3,1000.5,21.1,336,131
2026-07-07T04:42:13.337Z,48,62,29.6,70.3,1000.5,21.1,336,131
2026-07-07T04:42:23.343Z,47.6,61.6,29.6,70.4,1000.5,21,337,130
2026-07-07T04:42:33.339Z,47.8,61.8,29.6,70.4,1000.5,21,336,131
2026-07-07T04:42:43.339Z,47,61,29.6,70.4,1000.5,21,337,129
2026-07-07T04:42:53.334Z,47.6,62.6,29.6,70.4,1000.5,20.9,341,130
2026-07-07T04:43:03.347Z,49.2,63,29.6,70.4,1000.5,20.9,341,134
2026-07-07T04:43:13.352Z,49,63,29.6,70.5,1000.5,20.9,342,134
2026-07-07T04:43:23.360Z,49,62.6,29.6,70.5,1000.5,20.8,347,134
2026-07-07T04:43:33.348Z,50,64,29.6,70.5,1000.5,20.8,349,136
2026-07-07T04:43:43.346Z,49.6,63.6,29.6,70.6,1000.5,20.8,353,135
2026-07-07T04:43:53.333Z,49.6,63.6,29.6,70.6,1000.5,20.7,354,135
2026-07-07T04:44:03.331Z,49.8,63.8,29.7,70.6,1000.5,20.7,354,136
2026-07-07T04:44:13.327Z,49,64.4,29.7,70.7,1000.5,20.6,354,134
2026-07-07T04:44:23.333Z,48,62.4,29.7,70.8,1000.5,20.6,354,131
2026-07-07T04:44:33.342Z,48.6,62.2,29.7,70.8,1000.5,20.5,354,133
2026-07-07T04:44:43.330Z,47.4,61.4,29.7,70.9,1000.5,20.4,354,130
2026-07-07T04:44:53.340Z,47.8,60.4,29.7,70.9,1000.4,20.4,354,131
2026-07-07T04:45:03.370Z,46.6,60,29.7,70.9,1000.4,20.3,353,128
2026-07-07T04:45:13.335Z,47.4,60.4,29.7,70.9,1000.4,20.3,353,130
2026-07-07T04:45:23.343Z,47.8,60.8,29.7,71,1000.4,20.2,344,131
2026-07-07T04:45:33.350Z,47.4,60.4,29.7,71,1000.4,20.2,337,130
2026-07-07T04:45:43.354Z,47.6,59.6,29.7,71.1,1000.4,20.1,337,130
2026-07-07T04:45:53.332Z,47.4,60.4,29.8,71.1,1000.4,20.1,337,130
2026-07-07T04:46:03.336Z,48,59.8,29.8,71.1,1000.4,20,337,131
2026-07-07T04:46:13.335Z,48,59.8,29.8,71.1,1000.4,20,336,131
2026-07-07T04:46:23.330Z,46,58,29.8,71.2,1000.4,19.9,336,126
2026-07-07T04:46:33.329Z,45.2,58.2,29.8,71.2,1000.4,19.9,336,124
2026-07-07T04:46:43.333Z,46.4,60.4,29.8,71.2,1000.4,19.9,336,127
2026-07-07T04:46:53.340Z,48,62,29.8,71.2,1000.4,19.8,333,131
2026-07-07T04:47:03.334Z,46.6,60.6,29.8,71.2,1000.4,19.8,333,128
2026-07-07T04:47:13.474Z,47.6,61.6,29.8,71.2,1000.4,19.7,336,130
2026-07-07T04:47:23.335Z,47.2,61.2,29.8,71.2,1000.4,19.7,333,129
2026-07-07T04:47:33.334Z,47.4,59.6,29.8,71.2,1000.4,19.7,333,130
2026-07-07T04:47:43.332Z,48.2,61.2,29.8,71.3,1000.4,19.7,333,132
2026-07-07T04:47:53.348Z,48.8,61.6,29.8,71.2,1000.4,19.6,330,133
2026-07-07T04:48:03.333Z,47.6,60.6,29.9,71.2,1000.4,19.6,325,130
2026-07-07T04:48:13.370Z,48,61,29.9,71.2,1000.4,19.5,325,131
2026-07-07T04:48:23.348Z,49,61.8,29.9,71.2,1000.4,19.5,322,134
2026-07-07T04:48:33.340Z,49,61.2,29.9,71.2,1000.4,19.4,320,134
2026-07-07T04:48:43.336Z,48.4,60.2,29.9,71.3,1000.4,19.4,320,132
2026-07-07T04:48:53.337Z,48.8,61,29.9,71.3,1000.4,19.3,320,133
2026-07-07T04:49:03.324Z,49,61.2,30,71.3,1000.4,19.3,320,134
2026-07-07T04:49:13.332Z,48.6,60.2,30,71.4,1000.4,19.2,319,133
2026-07-07T04:49:23.332Z,47.6,59.4,30,71.5,1000.4,19.2,319,130
2026-07-07T04:49:33.328Z,48.4,59.6,30,71.6,1000.4,19.2,319,132
2026-07-07T04:49:43.324Z,48,61,30,71.7,1000.4,19.1,317,131
2026-07-07T04:49:53.327Z,47,60,30,71.8,1000.4,19.1,316,129
2026-07-07T04:50:03.329Z,48.6,60.4,29.9,71.9,1000.4,19.1,316,133
2026-07-07T04:50:13.334Z,47.2,60.4,29.9,71.9,1000.4,19.1,315,129
2026-07-07T04:50:23.358Z,47.6,60.6,29.9,72,1000.4,19,315,130
2026-07-07T04:50:33.340Z,48,61.6,29.9,72.1,1000.4,19,316,131
2026-07-07T04:50:43.331Z,49.2,62,30,72.1,1000.4,19,316,134
2026-07-07T04:50:53.341Z,50,62.2,30,72.2,1000.4,18.9,316,136
2026-07-07T04:51:03.333Z,50,63.6,30,72.3,1000.4,18.9,316,136
2026-07-07T04:51:13.352Z,50.2,64.6,30,72.3,1000.4,18.8,315,137
2026-07-07T04:51:23.338Z,49.2,63,30,72.4,1000.4,18.8,314,134
2026-07-07T04:51:33.330Z,51,63,30,72.5,1000.4,18.8,315,139
2026-07-07T04:51:43.346Z,50.4,62,30,72.5,1000.4,18.7,316,137
2026-07-07T04:51:53.333Z,50.4,62.4,30,72.5,1000.4,18.6,316,137
2026-07-07T04:52:03.335Z,50.2,62.6,30,72.6,1000.4,18.6,317,137
2026-07-07T04:52:13.330Z,49.2,61.2,30,72.6,1000.4,18.5,317,134
2026-07-07T04:52:23.326Z,48.4,63,30,72.6,1000.4,18.5,317,132
2026-07-07T04:52:33.328Z,47.4,62.4,30.1,72.6,1000.4,18.4,317,130
2026-07-07T04:52:43.330Z,47,62,30.1,72.6,1000.4,18.4,317,129
2026-07-07T04:52:53.324Z,48,61,30.1,72.6,1000.4,18.4,317,131
2026-07-07T04:53:03.342Z,48.8,62.4,30.1,72.6,1000.4,18.3,317,133
2026-07-07T04:53:13.331Z,48.6,61.6,30.1,72.6,1000.4,18.3,318,133
2026-07-07T04:53:23.323Z,48,61,30.1,72.6,1000.4,18.3,317,131
2026-07-07T04:53:33.341Z,47,59.6,30.1,72.6,1000.4,18.3,317,129
2026-07-07T04:53:43.336Z,45.2,58.2,30.1,72.6,1000.4,18.3,316,124
2026-07-07T04:53:53.334Z,48,60.2,30.1,72.6,1000.4,18.3,316,131
2026-07-07T04:54:03.335Z,46.6,59.8,30.1,72.7,1000.4,18.3,315,128
2026-07-07T04:54:13.333Z,47.6,61.2,30.1,72.8,1000.4,18.3,315,130
2026-07-07T04:54:23.341Z,47.6,61.6,30.1,72.9,1000.4,18.3,315,130
2026-07-07T04:54:33.335Z,47.4,62.4,30.1,73,1000.4,18.3,315,130
2026-07-07T04:54:43.333Z,48.8,62,30.1,73.1,1000.4,18.3,315,133
2026-07-07T04:54:53.326Z,48.4,62,30,73.2,1000.4,18.3,315,132
2026-07-07T04:55:03.318Z,47.2,61.2,30,73.3,1000.4,18.3,315,129
2026-07-07T04:55:13.321Z,47.2,60.6,30,73.3,1000.4,18.3,315,129
2026-07-07T04:55:23.319Z,48.2,62,30,73.3,1000.4,18.2,319,132
2026-07-07T04:55:33.326Z,47,60.6,30,73.3,1000.3,18.2,319,129
2026-07-07T04:55:43.318Z,49,62,30,73.3,1000.3,18.2,319,134
2026-07-07T04:55:53.316Z,48.6,60.6,30,73.3,1000.3,18.2,319,133
2026-07-07T04:56:03.317Z,48,61,30,73.2,1000.3,18.2,318,131
2026-07-07T04:56:13.315Z,48.4,60.4,30,73.2,1000.3,18.2,318,132
2026-07-07T04:56:23.319Z,48.4,61.4,30,73.1,1000.3,18.2,318,132
2026-07-07T04:56:33.314Z,47.2,61.2,30,73,1000.3,18.2,316,129
2026-07-07T04:56:43.317Z,47.4,61.4,30.1,73,1000.3,18.1,315,130
2026-07-07T04:56:53.332Z,47.4,61.2,30.1,72.9,1000.3,18.1,315,130
2026-07-07T04:57:03.336Z,46.2,60.4,30.1,72.9,1000.3,18.1,313,127
2026-07-07T04:57:13.337Z,48,62,30.1,72.9,1000.3,18.1,313,131
2026-07-07T04:57:23.329Z,46.8,61.2,30.1,72.9,1000.3,18.1,313,128
2026-07-07T04:57:33.329Z,47,60.8,30.1,73,1000.3,18.1,313,129
2026-07-07T04:57:43.347Z,47.2,60,30.1,73,1000.3,18.1,313,129
2026-07-07T04:57:53.335Z,46.2,59.6,30.1,73,1000.3,18.1,311,127
2026-07-07T04:58:03.330Z,45.2,59,30,73.1,1000.3,18.1,311,124
2026-07-07T04:58:13.328Z,45.4,59.4,30,73.1,1000.3,18.1,313,125
2026-07-07T04:58:23.339Z,47,60,30,73.1,1000.3,18.1,311,129
2026-07-07T04:58:33.328Z,47.8,60,30,73.2,1000.3,18.2,313,131
2026-07-07T04:58:43.331Z,48,60,30,73.2,1000.3,18.2,315,131
2026-07-07T04:58:53.317Z,47.4,59.4,29.9,73.2,1000.3,18.2,315,130
2026-07-07T04:59:03.318Z,47.6,59.6,29.9,73.2,1000.3,18.2,315,130
2026-07-07T04:59:13.313Z,47,59.8,29.9,73.2,1000.3,18.2,315,129
2026-07-07T04:59:23.313Z,47.6,61.6,29.9,73.2,1000.3,18.3,314,130
2026-07-07T04:59:33.319Z,47.8,62.6,29.9,73.2,1000.3,18.3,315,131
2026-07-07T04:59:43.320Z,49.4,63,29.9,73.2,1000.3,18.3,315,135
2026-07-07T04:59:53.339Z,49.2,62.6,29.8,73.2,1000.3,18.4,315,134
2026-07-07T05:00:03.366Z,49.2,62.2,29.8,73.2,1000.3,18.4,314,134
2026-07-07T05:00:13.347Z,50.6,64.6,29.8,73.2,1000.3,18.4,316,138
2026-07-07T05:00:23.330Z,52.4,66.6,29.8,73.1,1000.3,18.5,314,142
2026-07-07T05:00:33.322Z,52.2,67,29.8,73.1,1000.3,18.5,314,142
2026-07-07T05:00:43.324Z,53,67.8,29.8,73.1,1000.3,18.5,314,144
2026-07-07T05:00:53.323Z,52.8,67.8,29.8,73.1,1000.3,18.5,314,143
2026-07-07T05:01:03.320Z,56.6,70.8,29.8,73.1,1000.3,18.6,314,151
2026-07-07T05:01:13.324Z,61.2,73.6,29.8,73,1000.3,18.6,314,153
2026-07-07T05:01:23.318Z,69.4,80,29.8,73,1000.3,18.6,314,158
2026-07-07T05:01:33.317Z,86.2,98.8,29.7,73,1000.3,18.6,314,166
2026-07-07T05:01:43.327Z,109.2,127,29.7,73,1000.3,18.5,313,178
2026-07-07T05:01:53.318Z,123.4,141.8,29.7,72.9,1000.3,18.5,314,186
2026-07-07T05:02:03.320Z,157.4,180.4,29.7,72.9,1000.3,18.4,314,207
2026-07-07T05:02:13.320Z,181,206.8,29.7,72.9,1000.3,18.3,314,231
2026-07-07T05:02:23.320Z,193.6,220.2,29.7,72.9,1000.3,18.3,314,243
2026-07-07T05:02:33.319Z,195.6,219.8,29.7,72.8,1000.3,18.2,315,245
2026-07-07T05:02:43.328Z,194.4,221,29.7,72.8,1000.3,18.1,314,244
2026-07-07T05:02:53.318Z,199,228.2,29.7,72.8,1000.3,18,315,249
2026-07-07T05:03:03.333Z,200.2,231,29.7,72.7,1000.3,17.9,316,250
2026-07-07T05:03:13.317Z,197.6,230.6,29.8,72.7,1000.3,17.8,315,247
2026-07-07T05:03:23.324Z,193.6,225.2,29.8,72.6,1000.3,17.8,315,243
2026-07-07T05:03:33.320Z,186.6,216.2,29.8,72.5,1000.3,17.7,317,236
2026-07-07T05:03:43.314Z,189,216.2,29.8,72.5,1000.3,17.6,317,239
2026-07-07T05:03:53.338Z,188,215.6,29.8,72.4,1000.3,17.5,316,238
2026-07-07T05:04:03.324Z,185,214.2,29.8,72.4,1000.3,17.5,316,235
2026-07-07T05:04:13.338Z,179.6,204,29.8,72.3,1000.3,17.4,315,229
2026-07-07T05:04:23.331Z,175.2,198.2,29.8,72.3,1000.3,17.4,315,225
2026-07-07T05:04:33.331Z,172.2,195.8,29.8,72.2,1000.3,17.3,315,222
2026-07-07T05:04:43.331Z,173.4,197.8,29.8,72.2,1000.3,17.3,315,223
2026-07-07T05:04:53.328Z,172,198.6,29.8,72.2,1000.3,17.3,315,222
2026-07-07T05:05:03.332Z,170.8,196.4,29.8,72.1,1000.3,17.2,315,221
2026-07-07T05:05:13.336Z,179.4,206,29.8,72.1,1000.3,17.2,315,229
2026-07-07T05:05:23.327Z,185.2,216.4,29.8,72,1000.3,17.1,315,235
2026-07-07T05:05:33.324Z,194,222,29.8,72,1000.3,17.1,315,244
2026-07-07T05:05:43.324Z,193.8,219.6,29.8,71.9,1000.3,17,315,243
2026-07-07T05:05:53.331Z,201,229.6,29.9,71.9,1000.3,16.9,315,251
2026-07-07T05:06:03.324Z,204.4,238.6,29.9,71.9,1000.3,16.9,315,254
2026-07-07T05:06:13.315Z,211.6,250,29.9,71.8,1000.3,16.8,315,261
2026-07-07T05:06:23.317Z,219,251.4,29.9,71.8,1000.3,16.7,315,268
2026-07-07T05:06:33.318Z,229.2,257,29.9,71.8,1000.3,16.6,315,278
2026-07-07T05:06:43.315Z,237.6,266.2,29.9,71.7,1000.3,16.5,319,287
2026-07-07T05:06:53.314Z,249.8,281,29.9,71.7,1000.3,16.4,319,299
2026-07-07T05:07:03.391Z,261,290.2,29.9,71.7,1000.3,16.3,319,311
2026-07-07T05:07:13.323Z,274.6,307,29.9,71.7,1000.3,16.2,319,324
2026-07-07T05:07:23.333Z,291.8,330.4,29.9,71.7,1000.3,16,321,341
2026-07-07T05:07:33.356Z,298.6,340,29.9,71.7,1000.3,15.9,321,348
2026-07-07T05:07:43.322Z,302,339.6,29.9,71.7,1000.3,15.7,322,352
2026-07-07T05:07:53.328Z,307.2,342.8,29.9,71.7,1000.3,15.6,325,357
2026-07-07T05:08:03.461Z,307.8,347,29.9,71.7,1000.3,15.5,325,357
2026-07-07T05:08:13.331Z,310.4,357.4,29.9,71.7,1000.3,15.3,326,360
2026-07-07T05:08:23.323Z,313.2,361.8,29.9,71.7,1000.3,15.2,327,363
2026-07-07T05:08:33.321Z,320.6,371,29.9,71.7,1000.3,15,328,370
2026-07-07T05:08:43.320Z,321.6,367,29.9,71.7,1000.3,14.9,329,371
2026-07-07T05:08:53.340Z,327.8,376.8,29.9,71.7,1000.3,14.8,329,377
2026-07-07T05:09:03.324Z,333.8,388.4,29.9,71.8,1000.3,14.6,329,383
2026-07-07T05:09:13.321Z,335,384.6,29.9,71.8,1000.3,14.5,329,384
2026-07-07T05:09:23.334Z,341,391.2,29.9,71.8,1000.3,14.4,329,390
2026-07-07T05:09:33.327Z,346.6,393,29.9,71.8,1000.3,14.2,330,396
2026-07-07T05:09:43.327Z,353.4,400,29.9,71.8,1000.3,14.1,330,402
2026-07-07T05:09:53.331Z,357.4,400.6,29.9,71.9,1000.3,14,330,405
2026-07-07T05:10:03.341Z,363.4,416.6,29.9,71.9,1000.3,13.9,330,409
2026-07-07T05:10:13.321Z,371.4,425.6,29.9,71.9,1000.3,13.7,331,414
2026-07-07T05:10:23.328Z,377.8,428.8,29.9,71.9,1000.3,13.6,331,419
2026-07-07T05:10:33.341Z,379.4,425.6,29.9,71.9,1000.2,13.5,331,420
2026-07-07T05:10:43.327Z,372.8,420.4,29.9,72,1000.2,13.4,331,415
2026-07-07T05:10:53.323Z,368,419.2,29.9,72,1000.2,13.2,331,412
2026-07-07T05:11:03.324Z,374.2,427.8,29.9,72,1000.2,13.1,336,416
2026-07-07T05:11:13.325Z,374.8,425.2,29.9,72,1000.2,13,336,417
2026-07-07T05:11:23.335Z,373.6,419.4,29.9,72,1000.2,12.9,336,416
2026-07-07T05:11:33.660Z,371,417.6,29.9,72.1,1000.2,12.8,336,414
2026-07-07T05:11:43.328Z,371.8,424.8,29.9,72.1,1000.2,12.7,336,415
2026-07-07T05:11:53.325Z,365.4,415.2,29.9,72.1,1000.2,12.6,336,410
2026-07-07T05:12:03.325Z,363.6,411.4,29.9,72.1,1000.2,12.5,336,409
2026-07-07T05:12:13.320Z,351.2,393.8,29.9,72.1,1000.2,12.4,337,401
2026-07-07T05:12:23.319Z,348,389.4,29.9,72.1,1000.2,12.3,338,397
2026-07-07T05:12:33.356Z,352,392.8,29.9,72.1,1000.2,12.3,338,401
2026-07-07T05:12:43.323Z,349,394.8,29.9,72.1,1000.2,12.2,339,398
2026-07-07T05:12:53.319Z,350.6,392.8,29.9,72.1,1000.2,12.1,340,401
2026-07-07T05:13:03.323Z,346.8,388.8,29.9,72.1,1000.2,12.1,341,396
2026-07-07T05:13:13.331Z,347.6,395.6,29.9,72.2,1000.2,12,341,397
2026-07-07T05:13:23.362Z,334.8,379.6,29.9,72.2,1000.2,11.9,341,384
2026-07-07T05:13:33.321Z,342,386.4,29.9,72.2,1000.2,11.9,341,391
2026-07-07T05:13:43.328Z,348.6,391.2,29.9,72.1,1000.2,11.8,341,398
2026-07-07T05:13:53.328Z,344,382.2,29.9,72.1,1000.2,11.8,342,393
2026-07-07T05:14:03.328Z,349.8,397.8,29.9,72.1,1000.2,11.7,342,399
2026-07-07T05:14:13.332Z,352.6,401.6,29.9,72.1,1000.2,11.7,342,402
2026-07-07T05:14:23.371Z,369.8,417,29.9,72.1,1000.2,11.6,342,413
2026-07-07T05:14:33.388Z,384.4,435,29.9,72,1000.2,11.5,343,423
2026-07-07T05:14:43.322Z,387.4,437.2,29.9,72,1000.2,11.5,342,425
2026-07-07T05:14:53.330Z,401.2,454,29.9,71.9,1000.2,11.4,343,434
2026-07-07T05:15:03.317Z,432.4,500.2,29.9,71.9,1000.2,11.3,346,455
2026-07-07T05:15:13.320Z,471.6,549.4,30,71.9,1000.2,11.2,346,480
2026-07-07T05:15:23.313Z,515.2,611.2,30,71.9,1000.2,11.1,347,500
2026-07-07T05:15:33.325Z,549.8,652.8,30,71.9,1000.2,11,350,500
2026-07-07T05:15:43.323Z,554.6,660,30,71.9,1000.2,10.9,350,500
2026-07-07T05:15:53.320Z,568.4,666.2,30,71.9,1000.2,10.8,350,500
2026-07-07T05:16:03.315Z,562,659.8,30,71.9,1000.2,10.8,350,500
2026-07-07T05:16:13.323Z,562,678.6,30,71.9,1000.2,10.7,350,500
2026-07-07T05:16:23.354Z,567.8,688.6,30,71.9,1000.2,10.6,350,500
2026-07-07T05:16:33.312Z,564.8,674.2,30,71.9,1000.2,10.5,350,500
2026-07-07T05:16:43.317Z,564,664.6,30,71.9,1000.2,10.5,349,500
2026-07-07T05:16:53.315Z,561.2,661.2,30,71.9,1000.2,10.4,349,500
2026-07-07T05:17:03.324Z,552,648.8,30,71.9,1000.2,10.4,349,500
2026-07-07T05:17:13.316Z,545.6,638.8,30,71.9,1000.2,10.3,348,500
2026-07-07T05:17:23.315Z,536.8,623.6,30,71.8,1000.2,10.3,347,500
2026-07-07T05:17:33.321Z,515.8,591.4,30,71.8,1000.2,10.3,347,500
2026-07-07T05:17:43.322Z,507.6,578.6,30,71.8,1000.2,10.2,346,500
2026-07-07T05:17:53.327Z,502.2,575.4,30,71.8,1000.2,10.2,346,500
2026-07-07T05:18:03.309Z,482.2,559.6,30,71.8,1000.2,10.2,346,487
2026-07-07T05:18:13.313Z,481,566.4,30,71.7,1000.2,10.2,345,487
2026-07-07T05:18:23.318Z,489.6,571.2,30,71.7,1000.2,10.1,345,492
2026-07-07T05:18:33.315Z,494.2,572.6,30,71.7,1000.2,10.1,343,495
2026-07-07T05:18:43.317Z,489.8,563.6,30,71.6,1000.2,10.1,343,492
2026-07-07T05:18:53.312Z,485.2,559.8,30.1,71.6,1000.2,10.1,343,489
2026-07-07T05:19:03.318Z,480.4,560.6,30.1,71.6,1000.2,10.1,343,486
2026-07-07T05:19:13.318Z,479.8,561.4,30.1,71.6,1000.2,10.1,343,486
2026-07-07T05:19:23.320Z,472.8,552.8,30.1,71.6,1000.2,10.1,343,481
2026-07-07T05:19:33.320Z,461.8,541,30.1,71.6,1000.2,10.1,343,474
2026-07-07T05:19:43.327Z,461.8,543.4,30.1,71.6,1000.2,10.1,342,474
2026-07-07T05:19:53.327Z,449.4,527.8,30.1,71.6,1000.2,10.1,343,466
2026-07-07T05:20:03.331Z,448.8,524,30.1,71.6,1000.2,10.1,342,465
2026-07-07T05:20:13.336Z,442,506.8,30.1,71.5,1000.2,10.1,336,461
2026-07-07T05:20:23.329Z,412.6,475.8,30.1,71.5,1000.2,10.1,339,442
2026-07-07T05:20:33.329Z,405.8,467.2,30.1,71.5,1000.2,10.1,337,437
2026-07-07T05:20:43.342Z,418.6,482.4,30.1,71.4,1000.2,10.1,337,445
2026-07-07T05:20:53.317Z,423.6,486.8,30.1,71.3,1000.2,10.1,339,449
2026-07-07T05:21:03.322Z,420.4,484.6,30.1,71.2,1000.2,10.1,338,447
2026-07-07T05:21:13.323Z,415.6,481.6,30.2,71.1,1000.2,10.1,337,443
2026-07-07T05:21:23.322Z,409.8,475.6,30.2,71,1000.2,10.1,338,440
2026-07-07T05:21:33.306Z,401,457.4,30.2,70.9,1000.2,10.1,338,434
2026-07-07T05:21:43.326Z,396.8,445.2,30.2,70.8,1000.2,10.1,337,431
2026-07-07T05:21:53.309Z,388.4,439.8,30.3,70.7,1000.2,10.1,337,426
2026-07-07T05:22:03.307Z,385.4,444.2,30.3,70.6,1000.2,10.1,337,424
2026-07-07T05:22:13.313Z,384.2,446,30.4,70.4,1000.1,10.1,337,423
2026-07-07T05:22:23.305Z,389.4,444.2,30.4,70.3,1000.1,10.1,336,426
2026-07-07T05:22:33.302Z,377.8,425.2,30.4,70.1,1000.1,10.1,336,419
2026-07-07T05:22:43.321Z,372.2,421,30.5,70,1000.1,10.1,336,415
2026-07-07T05:22:53.301Z,372.6,429.8,30.5,69.9,1000.1,10.1,336,415
2026-07-07T05:23:03.305Z,365.8,420,30.6,69.8,1000.1,10.1,336,411
2026-07-07T05:23:13.312Z,354,404.2,30.6,69.8,1000.1,10.1,336,403
2026-07-07T05:23:23.333Z,355.8,405.4,30.6,69.7,1000.1,10.1,336,404
2026-07-07T05:23:33.304Z,352.8,403.8,30.6,69.7,1000.1,10.1,336,402
2026-07-07T05:23:43.309Z,349.2,398.4,30.7,69.7,1000.1,10.1,336,398
2026-07-07T05:23:53.303Z,344.6,384.6,30.7,69.7,1000.1,10.1,336,394
2026-07-07T05:24:03.300Z,339,379,30.7,69.6,1000.1,10.1,336,388
2026-07-07T05:24:13.307Z,337.6,380.4,30.7,69.6,1000.1,10.1,336,387
2026-07-07T05:24:23.310Z,332.2,387,30.7,69.6,1000.1,10.2,336,381
2026-07-07T05:24:33.309Z,324,373.4,30.7,69.6,1000.1,10.2,336,373
2026-07-07T05:24:43.319Z,322.4,370.6,30.7,69.5,1000.1,10.2,336,372
2026-07-07T05:24:53.309Z,313.8,358.6,30.7,69.6,1000.1,10.2,336,363
2026-07-07T05:25:03.307Z,305.8,350.2,30.7,69.6,1000.1,10.2,336,355
2026-07-07T05:25:13.315Z,304.2,346,30.7,69.7,1000.1,10.2,336,354
2026-07-07T05:25:23.304Z,305,349,30.7,69.7,1000.1,10.2,336,355
2026-07-07T05:25:33.305Z,298.6,342,30.7,69.8,1000.1,10.3,336,348
2026-07-07T05:25:43.304Z,292,333.6,30.7,69.9,1000.1,10.3,336,342
2026-07-07T05:25:53.313Z,291.8,338.4,30.7,70,1000.1,10.3,336,341
2026-07-07T05:26:03.309Z,283.2,331,30.6,70.1,1000.1,10.3,341,333
2026-07-07T05:26:13.308Z,282.8,324.2,30.6,70.2,1000.1,10.4,341,333
2026-07-07T05:26:23.329Z,290.6,331,30.6,70.2,1000.1,10.4,341,340
2026-07-07T05:26:33.310Z,283.8,323.2,30.6,70.3,1000.1,10.4,343,334
2026-07-07T05:26:43.312Z,282.2,319.8,30.6,70.3,1000.1,10.4,343,332
2026-07-07T05:26:53.308Z,280.4,316,30.6,70.3,1000.1,10.4,343,330
2026-07-07T05:27:03.314Z,278.6,311.8,30.5,70.3,1000.1,10.4,343,328
2026-07-07T05:27:13.324Z,273.2,307.8,30.5,70.3,1000.1,10.5,343,323
2026-07-07T05:27:23.321Z,267.6,299,30.5,70.3,1000.1,10.5,343,317
2026-07-07T05:27:33.319Z,267.6,300.8,30.5,70.4,1000.1,10.5,346,317
2026-07-07T05:27:43.308Z,262.2,297.6,30.5,70.4,1000.1,10.5,343,312
2026-07-07T05:27:53.305Z,252.4,286.4,30.5,70.4,1000.1,10.5,343,302
2026-07-07T05:28:03.308Z,249,279.8,30.5,70.5,1000,10.5,346,298
2026-07-07T05:28:13.318Z,242.8,271,30.5,70.6,1000,10.6,346,292
2026-07-07T05:28:23.317Z,243.4,274.8,30.5,70.7,1000,10.6,346,293
2026-07-07T05:28:33.315Z,243,276.8,30.4,70.7,1000,10.6,346,292
2026-07-07T05:28:43.312Z,240.4,275.2,30.4,70.8,1000,10.6,346,290
2026-07-07T05:28:53.314Z,237,268.6,30.4,70.9,1000,10.6,347,286
2026-07-07T05:29:03.318Z,230.4,259,30.4,70.9,1000,10.7,348,280
2026-07-07T05:29:13.322Z,227,260.2,30.4,70.9,1000,10.7,350,276
2026-07-07T05:29:23.310Z,218.8,251.2,30.4,71,1000,10.7,350,268
2026-07-07T05:29:33.313Z,214.2,246,30.4,71,1000,10.7,351,264
2026-07-07T05:29:43.311Z,214.4,244.6,30.3,71.1,1000,10.7,352,264
2026-07-07T05:29:53.318Z,209.4,238,30.3,71.2,1000,10.7,353,259
2026-07-07T05:30:03.324Z,205.8,239,30.3,71.2,1000,10.7,353,255
2026-07-07T05:30:13.320Z,202.2,234,30.3,71.3,1000,10.7,353,252
2026-07-07T05:30:23.314Z,199,231,30.3,71.3,1000,10.8,351,249
2026-07-07T05:30:33.316Z,196.6,230,30.3,71.4,1000,10.8,351,246
2026-07-07T05:30:43.313Z,198.6,230.4,30.3,71.4,1000,10.8,351,248
2026-07-07T05:30:53.521Z,193.2,222,30.3,71.4,1000,10.8,353,243
2026-07-07T05:31:03.316Z,191,216.8,30.3,71.5,1000,10.8,353,241
2026-07-07T05:31:13.329Z,190.8,214.8,30.3,71.6,1000,10.8,354,240
2026-07-07T05:31:23.302Z,184,210,30.3,71.7,1000,10.7,354,234
2026-07-07T05:31:33.314Z,180,209.4,30.3,71.7,1000,10.7,354,230
2026-07-07T05:31:43.318Z,180.4,205.4,30.3,71.7,1000,10.7,354,230
2026-07-07T05:31:53.379Z,178,206.6,30.3,71.7,1000,10.7,354,228
2026-07-07T05:32:03.302Z,179.6,209.6,30.3,71.7,1000,10.7,342,229
2026-07-07T05:32:13.309Z,176.4,203.8,30.3,71.7,1000,10.7,354,226
2026-07-07T05:32:23.316Z,170.2,196,30.3,71.8,1000,10.7,356,220
2026-07-07T05:32:33.317Z,168.8,192.8,30.3,71.8,1000,10.7,354,219
2026-07-07T05:32:43.313Z,168.2,191.4,30.3,71.8,1000,10.7,354,218
2026-07-07T05:32:53.315Z,165.4,189.2,30.3,71.8,1000,10.7,356,215
2026-07-07T05:33:03.314Z,162.6,185.2,30.3,71.8,1000,10.7,358,212
2026-07-07T05:33:13.309Z,162.8,186.6,30.3,71.9,1000,10.7,359,213
2026-07-07T05:33:23.308Z,160.8,184.4,30.3,71.9,1000,10.8,363,211
2026-07-07T05:33:33.309Z,157,178.6,30.3,71.9,1000,10.8,363,207
2026-07-07T05:33:43.317Z,163.4,184,30.3,71.9,1000,10.8,364,213
2026-07-07T05:33:53.319Z,156.4,178.6,30.3,71.9,1000,10.8,365,206
2026-07-07T05:34:03.315Z,155.4,175.2,30.3,71.9,1000,10.8,368,205
2026-07-07T05:34:13.315Z,156.2,172.2,30.3,71.9,1000,10.8,368,206
2026-07-07T05:34:23.311Z,150,165.4,30.3,71.9,1000,10.8,368,199
2026-07-07T05:34:33.311Z,144,159.2,30.3,71.9,1000,10.8,369,196
2026-07-07T05:34:43.309Z,142.8,158.4,30.3,71.9,1000,10.8,375,196
2026-07-07T05:34:53.310Z,141.8,154.4,30.3,71.9,1000,10.8,375,195
2026-07-07T05:35:03.323Z,135.8,147.6,30.3,71.9,1000,10.9,382,192
2026-07-07T05:35:13.293Z,133.4,145.4,30.3,71.9,1000,10.9,387,191
2026-07-07T05:35:23.296Z,129.4,143.2,30.3,71.9,1000,10.9,387,189
2026-07-07T05:35:33.296Z,130.2,146.4,30.3,71.9,1000,10.9,395,189
2026-07-07T05:35:43.300Z,129.4,144.4,30.2,71.9,1000,10.9,395,189
2026-07-07T05:35:53.443Z,127,142.6,30.2,71.9,1000,10.9,395,187
2026-07-07T05:36:03.295Z,127.6,141,30.2,71.9,1000,11,394,188
2026-07-07T05:36:13.346Z,124.4,136.8,30.2,71.9,1000,11,394,186
2026-07-07T05:36:23.314Z,125,139.6,30.2,72,1000,11,391,186
2026-07-07T05:36:33.312Z,122.4,141.6,30.2,72.1,1000,11,389,185
2026-07-07T05:36:43.317Z,122.4,143,30.2,72.1,1000,11,389,185
2026-07-07T05:36:53.315Z,123.2,140.6,30.2,72.2,1000,11,385,185
2026-07-07T05:37:03.336Z,123.8,141.2,30.2,72.2,1000,11,385,186
2026-07-07T05:37:13.303Z,124.4,141.4,30.2,72.3,1000,11,387,186
2026-07-07T05:37:23.316Z,126,142.8,30.2,72.4,1000,11.1,387,187
2026-07-07T05:37:33.305Z,123.4,140.4,30.2,72.4,1000,11.1,387,186
2026-07-07T05:37:43.311Z,120.4,136.4,30.2,72.5,1000,11.1,389,184
2026-07-07T05:37:53.328Z,118.4,133.6,30.2,72.6,1000,11.1,390,183
2026-07-07T05:38:03.313Z,114,128.8,30.2,72.6,1000,11.1,389,181
2026-07-07T05:38:13.316Z,113.2,125.8,30.2,72.7,1000,11.1,389,180
2026-07-07T05:38:23.305Z,113.4,125.8,30.2,72.8,1000,11.1,390,180
2026-07-07T05:38:33.307Z,112,124,30.2,72.8,1000,11.1,392,180
2026-07-07T05:38:43.326Z,113,125.2,30.2,72.9,1000,11.1,392,180
2026-07-07T05:38:53.308Z,113.6,124.6,30.2,72.9,1000,11.1,392,180
2026-07-07T05:39:03.306Z,112.2,124.8,30.2,72.9,1000,11.1,392,180
2026-07-07T05:39:13.306Z,111.8,124.4,30.2,73,1000,11.1,390,180
2026-07-07T05:39:23.310Z,112.4,125.6,30.2,73,1000,11.1,392,180
2026-07-07T05:39:33.309Z,111,123.8,30.2,73,1000,11.1,392,179
2026-07-07T05:39:43.322Z,110.6,123,30.2,73,1000,11.1,390,179
2026-07-07T05:39:53.314Z,111.2,123.6,30.2,73,1000,11.1,393,179
2026-07-07T05:40:03.312Z,108.6,124,30.2,73,1000,11.1,393,178
2026-07-07T05:40:13.314Z,110.2,123,30.2,73,1000,11.1,390,179
2026-07-07T05:40:23.390Z,110.8,124,30.2,73,1000,11.1,390,179
2026-07-07T05:40:33.317Z,106.4,119.2,30.2,73,1000,11.1,390,177
2026-07-07T05:40:43.309Z,107.2,119.2,30.2,72.9,1000,11.1,389,177
2026-07-07T05:40:53.306Z,104.8,115,30.2,72.8,1000,11.1,387,176
2026-07-07T05:41:03.336Z,103.6,112.6,30.3,72.7,1000,11.1,389,175
2026-07-07T05:41:13.316Z,100.6,111.4,30.3,72.7,1000,11,387,174
2026-07-07T05:41:23.314Z,102.4,114.6,30.3,72.7,1000,11,387,175
2026-07-07T05:41:33.328Z,100,111.8,30.3,72.6,1000,11,387,173
2026-07-07T05:41:43.315Z,98.2,108.4,30.3,72.6,1000,11,386,173
2026-07-07T05:41:53.305Z,98,108.6,30.4,72.5,1000,11,384,172
2026-07-07T05:42:03.315Z,96.2,107.6,30.4,72.4,1000,11,386,172
2026-07-07T05:42:13.301Z,92.4,103.8,30.4,72.4,1000,11,386,170
2026-07-07T05:42:23.330Z,93.4,104,30.4,72.3,1000,10.9,384,170
2026-07-07T05:42:33.304Z,94.6,106.4,30.5,72.3,1000,10.9,384,171
2026-07-07T05:42:43.296Z,92,102.8,30.5,72.3,1000,10.9,384,169
2026-07-07T05:42:53.306Z,91,102.6,30.5,72.2,1000,10.9,384,169
2026-07-07T05:43:03.304Z,91.4,104.6,30.5,72.1,1000,10.9,384,169
2026-07-07T05:43:13.298Z,90.4,100.6,30.6,72.1,1000,10.9,384,169
2026-07-07T05:43:23.295Z,91.6,100.8,30.6,72,1000,10.8,388,169
2026-07-07T05:43:33.301Z,87.8,97.2,30.6,72,1000,10.8,388,167
2026-07-07T05:43:43.328Z,86.4,96,30.6,71.9,1000,10.8,389,166
2026-07-07T05:43:53.296Z,87.6,97,30.7,71.8,1000,10.8,390,167
2026-07-07T05:44:03.295Z,90.2,100.8,30.7,71.7,1000,10.8,390,168
2026-07-07T05:44:13.305Z,88,97.8,30.7,71.6,1000,10.8,391,167
2026-07-07T05:44:23.309Z,83.4,94,30.7,71.6,1000,10.8,393,165
2026-07-07T05:44:33.312Z,83.4,93.8,30.8,71.5,1000,10.8,393,165
2026-07-07T05:44:43.304Z,83.6,92.2,30.8,71.4,1000,10.8,393,165
2026-07-07T05:44:53.302Z,83.4,94,30.8,71.3,1000,10.7,394,165
2026-07-07T05:45:03.303Z,82.8,91.8,30.8,71.2,1000,10.7,393,165
2026-07-07T05:45:13.310Z,83.6,90.2,30.9,71.2,1000,10.7,394,165
2026-07-07T05:45:23.302Z,85.2,93.2,30.9,71.1,1000,10.7,397,166
2026-07-07T05:45:33.302Z,86.4,95.6,30.9,71,1000,10.7,397,166
2026-07-07T05:45:43.303Z,85.6,93.2,30.9,71,1000,10.7,397,166
2026-07-07T05:45:53.318Z,82.4,90,31,71,1000,10.7,397,164
2026-07-07T05:46:03.298Z,83.6,90.6,31,70.9,1000,10.7,398,165
2026-07-07T05:46:13.293Z,80.2,87,31,70.9,1000,10.7,398,163
2026-07-07T05:46:23.297Z,81.8,89.6,31,70.8,1000,10.7,398,164
2026-07-07T05:46:33.298Z,81.4,93.2,31,70.8,1000,10.7,398,164
2026-07-07T05:46:43.297Z,79,89.2,31,70.8,1000,10.7,398,163
2026-07-07T05:46:53.295Z,76.6,87.6,31,70.7,1000,10.7,398,161
2026-07-07T05:47:03.303Z,74.8,84.8,31.1,70.7,1000,10.7,399,160
2026-07-07T05:47:13.287Z,72.6,81.8,31.1,70.6,1000,10.7,399,159
2026-07-07T05:47:23.303Z,73,80,31.1,70.5,1000,10.7,398,160
2026-07-07T05:47:33.290Z,75.2,82.4,31.1,70.4,999.9,10.7,398,161
2026-07-07T05:47:43.290Z,75,83,31.1,70.4,999.9,10.7,398,161
2026-07-07T05:47:53.293Z,74.8,81.8,31.2,70.3,999.9,10.7,395,160
2026-07-07T05:48:03.293Z,71.6,79.2,31.2,70.2,999.9,10.7,395,159
2026-07-07T05:48:13.317Z,71.8,79.8,31.2,70.2,999.9,10.7,399,159
2026-07-07T05:48:23.302Z,72.2,80.2,31.2,70.2,999.9,10.7,395,159
2026-07-07T05:48:33.303Z,72.8,81.4,31.2,70.1,999.9,10.7,399,159
2026-07-07T05:48:43.311Z,72.8,79.8,31.2,70.1,999.9,10.7,400,159
2026-07-07T05:48:53.304Z,74.2,82.4,31.3,70.1,999.9,10.7,399,160
2026-07-07T05:49:03.309Z,73.2,81,31.3,70,999.9,10.7,399,160
2026-07-07T05:49:13.313Z,72.2,79,31.3,69.9,999.9,10.7,400,159
2026-07-07T05:49:23.305Z,72.6,80,31.3,69.8,999.9,10.7,400,159
2026-07-07T05:49:33.297Z,69.2,77,31.3,69.8,999.9,10.7,400,158
2026-07-07T05:49:43.298Z,67.8,77.4,31.3,69.7,999.9,10.7,400,157
2026-07-07T05:49:53.301Z,69.6,78.4,31.3,69.7,999.9,10.7,399,158
2026-07-07T05:50:03.312Z,70.6,78.4,31.3,69.6,999.9,10.7,394,158
2026-07-07T05:50:13.300Z,69.4,78,31.3,69.6,999.9,10.7,394,158
2026-07-07T05:50:23.300Z,67,78.4,31.3,69.5,999.9,10.7,379,156
2026-07-07T05:50:33.307Z,65.4,77,31.3,69.4,999.9,10.7,371,156
2026-07-07T05:50:43.300Z,68,78,31.4,69.4,999.9,10.8,371,157
2026-07-07T05:50:53.307Z,66.2,76.8,31.4,69.3,999.9,10.8,368,156
2026-07-07T05:51:03.302Z,64,75.4,31.4,69.3,999.9,10.8,362,155
2026-07-07T05:51:13.320Z,65.4,76,31.4,69.3,999.9,10.8,362,156
2026-07-07T05:51:23.295Z,66.6,77,31.4,69.2,999.9,10.8,353,156
2026-07-07T05:51:33.295Z,65.2,76.2,31.4,69.2,999.9,10.8,351,156
2026-07-07T05:51:43.295Z,66.2,77,31.4,69.1,999.9,10.8,349,156
2026-07-07T05:51:53.299Z,64.2,75.2,31.4,69.1,999.9,10.8,349,155
2026-07-07T05:52:03.379Z,63.2,76,31.4,69,999.9,10.8,347,154
2026-07-07T05:52:13.298Z,64.6,76,31.4,69,999.9,10.8,347,155
2026-07-07T05:52:23.290Z,65.4,76.4,31.4,69,999.8,10.8,343,156
2026-07-07T05:52:33.300Z,65.4,76.4,31.4,69,999.8,10.8,347,156
2026-07-07T05:52:43.300Z,64.6,77.2,31.4,68.9,999.8,10.9,343,155
2026-07-07T05:52:53.300Z,64,76.2,31.4,68.9,999.8,10.9,342,155
2026-07-07T05:53:03.295Z,64.8,75.2,31.4,68.9,999.8,10.9,342,155
2026-07-07T05:53:13.299Z,61.2,72.6,31.4,68.9,999.8,10.9,342,153
2026-07-07T05:53:23.299Z,62.8,73.8,31.4,68.9,999.8,10.9,342,154
2026-07-07T05:53:33.303Z,61.6,73.6,31.4,68.8,999.8,10.9,350,154
2026-07-07T05:53:43.297Z,62,74,31.4,68.8,999.8,10.9,350,154
2026-07-07T05:53:53.295Z,60,73,31.4,68.8,999.8,10.9,353,153
2026-07-07T05:54:03.288Z,61,72.4,31.4,68.8,999.8,10.9,354,153
2026-07-07T05:54:13.315Z,62,72,31.4,68.8,999.8,10.9,354,154
2026-07-07T05:54:23.312Z,63.2,71.6,31.4,68.8,999.8,10.9,353,154
2026-07-07T05:54:33.302Z,63.2,72.6,31.4,68.8,999.8,10.9,354,154
2026-07-07T05:54:43.304Z,63.6,73.6,31.4,68.8,999.8,10.9,359,155
2026-07-07T05:54:53.306Z,63.4,73.2,31.4,68.7,999.8,11,361,155
2026-07-07T05:55:03.335Z,63.4,74.4,31.4,68.7,999.8,11,361,155
2026-07-07T05:55:13.304Z,61.4,72.8,31.4,68.7,999.8,11,363,154
2026-07-07T05:55:23.288Z,57.4,72.2,31.4,68.7,999.8,11,363,151
2026-07-07T05:55:33.286Z,59.2,73.4,31.4,68.7,999.8,11,365,152
2026-07-07T05:55:43.285Z,59.6,73,31.4,68.7,999.8,11,365,153
2026-07-07T05:55:53.289Z,58.6,72,31.4,68.7,999.8,11,368,152
2026-07-07T05:56:03.289Z,57.4,71.8,31.4,68.7,999.8,11,371,151
2026-07-07T05:56:13.285Z,59.6,73.6,31.4,68.7,999.8,11,373,153
2026-07-07T05:56:23.286Z,59.8,72.8,31.5,68.6,999.8,11,377,153
2026-07-07T05:56:33.292Z,59,71.4,31.5,68.6,999.8,11,380,152
2026-07-07T05:56:43.286Z,58,70.2,31.5,68.6,999.8,11,383,152
2026-07-07T05:56:53.299Z,58.8,71.8,31.5,68.6,999.8,11,389,152
2026-07-07T05:57:03.298Z,61.6,74.2,31.5,68.5,999.8,11,389,154
2026-07-07T05:57:13.302Z,60.8,72,31.5,68.5,999.8,11,400,153
2026-07-07T05:57:23.296Z,58.6,70.6,31.5,68.5,999.8,11,400,152
2026-07-07T05:57:33.308Z,57,69,31.5,68.5,999.8,11,400,151
2026-07-07T05:57:43.301Z,55.6,68.4,31.5,68.5,999.8,11.1,402,151
2026-07-07T05:57:53.296Z,55.2,68.4,31.5,68.5,999.8,11.1,404,149
2026-07-07T05:58:03.292Z,55.2,67.6,31.5,68.4,999.8,11.1,407,149
2026-07-07T05:58:13.315Z,55.8,69.6,31.5,68.4,999.7,11.1,407,151
2026-07-07T05:58:23.304Z,55.8,70,31.5,68.4,999.7,11.1,409,151
2026-07-07T05:58:33.457Z,54.4,70,31.5,68.5,999.7,11.1,409,147
2026-07-07T05:58:43.292Z,55.4,70.6,31.5,68.5,999.7,11.1,409,150
2026-07-07T05:58:53.301Z,55.6,71,31.5,68.5,999.7,11.1,409,151
2026-07-07T05:59:03.300Z,53,68.6,31.5,68.5,999.7,11.1,411,144
2026-07-07T05:59:13.298Z,54,69.6,31.5,68.6,999.7,11.1,411,146
2026-07-07T05:59:23.312Z,54,69.6,31.5,68.6,999.7,11.1,411,146
2026-07-07T05:59:33.311Z,55.4,69.4,31.5,68.6,999.7,11.2,414,150
2026-07-07T05:59:43.299Z,54.4,69.2,31.4,68.7,999.7,11.2,415,147
2026-07-07T05:59:53.300Z,54.4,68.6,31.4,68.7,999.7,11.2,414,147
2026-07-07T06:00:03.327Z,54.6,69.6,31.4,68.7,999.7,11.2,413,148
2026-07-07T06:00:13.296Z,53,68.8,31.4,68.7,999.7,11.2,413,144
2026-07-07T06:00:23.445Z,54.4,69,31.4,68.7,999.7,11.2,413,147
2026-07-07T06:00:33.309Z,52.8,66.6,31.4,68.7,999.7,11.3,413,143
2026-07-07T06:00:43.307Z,53.8,66.8,31.4,68.7,999.7,11.3,414,146
2026-07-07T06:00:53.321Z,54.4,67.6,31.4,68.7,999.7,11.3,413,147
2026-07-07T06:01:03.296Z,54.2,69.8,31.4,68.7,999.7,11.3,413,147
2026-07-07T06:01:13.305Z,55.8,69.8,31.4,68.7,999.7,11.3,414,151
2026-07-07T06:01:23.307Z,53.8,70,31.4,68.7,999.7,11.3,413,146
2026-07-07T06:01:33.303Z,51.6,67.4,31.4,68.7,999.7,11.3,413,140
2026-07-07T06:01:43.302Z,52.6,66.8,31.4,68.7,999.7,11.3,415,143
2026-07-07T06:01:53.301Z,55.4,68.4,31.4,68.7,999.7,11.4,415,150
2026-07-07T06:02:03.305Z,54.4,67.8,31.4,68.7,999.7,11.4,422,147
2026-07-07T06:02:13.298Z,53.8,67.6,31.4,68.7,999.7,11.4,423,146
2026-07-07T06:02:23.297Z,52.2,66.4,31.4,68.7,999.7,11.4,426,142
2026-07-07T06:02:33.307Z,52.2,66.4,31.4,68.8,999.7,11.4,426,142
2026-07-07T06:02:43.294Z,52.6,66.6,31.3,68.8,999.7,11.4,426,143
2026-07-07T06:02:53.299Z,52,66,31.3,68.9,999.7,11.4,428,141
2026-07-07T06:03:03.300Z,51.6,66.4,31.3,68.9,999.7,11.4,428,140
2026-07-07T06:03:13.298Z,51.2,66.2,31.3,68.9,999.7,11.4,430,139
2026-07-07T06:03:23.315Z,52,66.4,31.3,69,999.6,11.4,432,141
2026-07-07T06:03:33.301Z,52,65.4,31.3,69,999.6,11.4,432,141
2026-07-07T06:03:43.305Z,51.4,64.4,31.3,69,999.6,11.4,432,140
2026-07-07T06:03:53.288Z,51,65,31.3,69.1,999.6,11.5,432,139
2026-07-07T06:04:03.285Z,50.8,65.6,31.3,69.1,999.6,11.5,432,138
2026-07-07T06:04:13.284Z,51.6,65.4,31.3,69.1,999.6,11.5,432,140
2026-07-07T06:04:23.287Z,50.8,64.6,31.3,69.1,999.6,11.5,432,138
2026-07-07T06:04:33.308Z,51.2,65.2,31.3,69.1,999.6,11.5,400,139
2026-07-07T06:04:43.296Z,51.4,66,31.3,69,999.6,11.5,400,140
2026-07-07T06:04:53.291Z,51.6,67.4,31.3,69,999.6,11.5,398,140
2026-07-07T06:05:03.318Z,51.6,67.4,31.3,69,999.6,11.5,398,140
2026-07-07T06:05:13.287Z,52,66,31.3,69,999.6,11.5,388,141
2026-07-07T06:05:23.294Z,52.6,66.6,31.3,69,999.6,11.5,384,143
2026-07-07T06:05:33.309Z,51.2,66.2,31.3,69,999.6,11.5,383,139
2026-07-07T06:05:43.304Z,50.4,65,31.3,69,999.6,11.5,379,137
2026-07-07T06:05:53.302Z,50.6,64.6,31.3,69,999.6,11.5,379,138
2026-07-07T06:06:03.295Z,50.2,63,31.3,69,999.6,11.5,380,137
2026-07-07T06:06:13.316Z,49,61,31.3,69,999.6,11.5,380,134
2026-07-07T06:06:23.312Z,49.6,61.6,31.3,69,999.6,11.5,380,135
2026-07-07T06:06:33.294Z,50,62.4,31.3,69,999.6,11.5,383,136
2026-07-07T06:06:43.288Z,49.4,61.8,31.3,69,999.6,11.6,383,135
2026-07-07T06:06:53.333Z,49.6,61.6,31.3,68.9,999.6,11.6,384,135
2026-07-07T06:07:03.302Z,49.8,62.8,31.3,68.9,999.6,11.6,386,136
2026-07-07T06:07:13.289Z,50,64,31.3,68.8,999.6,11.6,387,136
2026-07-07T06:07:23.304Z,49.4,63.4,31.3,68.8,999.6,11.6,387,135
2026-07-07T06:07:33.290Z,49.6,63.6,31.3,68.7,999.6,11.6,387,135
2026-07-07T06:07:44.015Z,50,64,31.3,68.7,999.6,11.6,387,136
2026-07-07T06:07:53.301Z,50.6,64.8,31.4,68.7,999.6,11.6,386,138
2026-07-07T06:08:03.290Z,50.6,63.8,31.4,68.6,999.6,11.6,386,138
2026-07-07T06:08:13.299Z,49.4,63.4,31.4,68.6,999.6,11.6,378,135
2026-07-07T06:08:23.283Z,49.4,63,31.4,68.5,999.6,11.6,347,135
2026-07-07T06:08:33.288Z,48.2,61.4,31.4,68.5,999.6,11.6,343,132
2026-07-07T06:08:43.288Z,49.8,62.2,31.4,68.5,999.6,11.7,337,136
2026-07-07T06:08:53.287Z,48,61.6,31.4,68.6,999.6,11.7,331,131
2026-07-07T06:09:03.302Z,48,61,31.4,68.6,999.5,11.7,320,131
2026-07-07T06:09:13.286Z,48.6,61.6,31.4,68.7,999.5,11.7,319,133
2026-07-07T06:09:23.314Z,49.8,61.8,31.3,68.8,999.5,11.7,319,136
2026-07-07T06:09:33.296Z,48,61.2,31.3,69,999.5,11.7,316,131
2026-07-07T06:09:43.295Z,48.6,61.6,31.3,69.1,999.5,11.8,314,133
2026-07-07T06:09:53.292Z,48.4,61.4,31.2,69.3,999.5,11.8,313,132
2026-07-07T06:10:03.302Z,48.4,61.4,31.2,69.4,999.5,11.8,311,132
2026-07-07T06:10:13.309Z,49.6,62.4,31.1,69.5,999.5,11.8,310,135
2026-07-07T06:10:23.758Z,49,63.2,31.1,69.7,999.5,11.9,310,134
2026-07-07T06:10:33.292Z,47.8,61,31,69.8,999.5,11.9,310,131
2026-07-07T06:10:43.290Z,46.6,60.6,31,70,999.5,11.9,310,128
2026-07-07T06:10:53.293Z,46.8,60,30.9,70.2,999.5,11.9,311,128
2026-07-07T06:11:03.285Z,47,60.4,30.9,70.3,999.5,12,310,129
2026-07-07T06:11:13.293Z,49,62,30.8,70.4,999.5,12,310,134
2026-07-07T06:11:23.289Z,49,61.4,30.8,70.5,999.5,12,310,134
2026-07-07T06:11:33.292Z,48,61,30.8,70.7,999.5,12,309,131
2026-07-07T06:11:43.284Z,47.4,60.8,30.7,70.8,999.5,12,309,130
2026-07-07T06:11:53.311Z,47.8,59.8,30.7,70.9,999.5,12,309,131
2026-07-07T06:12:03.288Z,48,60.8,30.7,70.9,999.5,12.1,307,131
2026-07-07T06:12:13.323Z,47,60,30.7,71,999.5,12.1,304,129
2026-07-07T06:12:23.294Z,48.2,62,30.6,71.1,999.5,12.1,304,132
2026-07-07T06:12:33.293Z,49.6,62.6,30.6,71.2,999.5,12.1,303,135
2026-07-07T06:12:43.296Z,49.6,62.6,30.6,71.2,999.5,12.1,303,135
2026-07-07T06:12:53.301Z,49.8,62.8,30.6,71.2,999.5,12.1,303,136
2026-07-07T06:13:03.297Z,48.2,60.6,30.6,71.3,999.5,12.1,302,132
2026-07-07T06:13:13.296Z,47.4,60.4,30.6,71.3,999.5,12.1,302,130
2026-07-07T06:13:23.289Z,46.4,59.4,30.6,71.3,999.5,12.1,302,127
2026-07-07T06:13:33.287Z,47.8,61,30.6,71.2,999.5,12.1,302,131
2026-07-07T06:13:43.301Z,45.6,59,30.6,71.2,999.5,12.1,302,125
2026-07-07T06:13:53.350Z,46,59.2,30.6,71.1,999.5,12.1,299,126
2026-07-07T06:14:03.296Z,46,59,30.6,71.1,999.5,12.1,298,126
2026-07-07T06:14:13.288Z,47,60,30.6,71.1,999.4,12.1,299,129
2026-07-07T06:14:23.295Z,47.2,60.4,30.6,71,999.4,12.1,298,129
2026-07-07T06:14:33.288Z,47.8,61,30.6,70.9,999.4,12.1,297,131
2026-07-07T06:14:43.288Z,48.4,61.6,30.6,70.8,999.4,12.1,297,132
2026-07-07T06:14:53.285Z,48,61,30.6,70.7,999.4,12.1,297,131
2026-07-07T06:15:03.287Z,48,60.4,30.6,70.7,999.4,12.1,297,131
2026-07-07T06:15:13.316Z,46.4,57.4,30.6,70.7,999.4,12.1,297,127
2026-07-07T06:15:23.290Z,46.4,58.6,30.5,70.7,999.4,12.2,297,127
2026-07-07T06:15:33.290Z,47.6,59.6,30.5,70.6,999.4,12.2,297,130
2026-07-07T06:15:43.293Z,46.6,58.8,30.5,70.6,999.4,12.2,297,128
2026-07-07T06:15:53.290Z,47.6,60,30.5,70.6,999.4,12.2,294,130
2026-07-07T06:16:03.285Z,48.6,60.6,30.4,70.5,999.4,12.3,293,133
2026-07-07T06:16:13.292Z,47.8,60.2,30.4,70.5,999.4,12.3,293,131
2026-07-07T06:16:23.292Z,47.4,60.4,30.3,70.5,999.4,12.3,293,130
2026-07-07T06:16:33.285Z,47.6,59,30.3,70.5,999.4,12.4,291,130
2026-07-07T06:16:43.290Z,47.2,56.6,30.3,70.4,999.4,12.4,291,129
2026-07-07T06:16:53.438Z,47.2,57.6,30.2,70.3,999.4,12.4,290,129
2026-07-07T06:17:03.328Z,46.4,57.4,30.2,70.2,999.4,12.5,289,127
2026-07-07T06:17:13.484Z,47,57.2,30.2,70,999.4,12.5,288,129
2026-07-07T06:17:23.336Z,44.4,55.4,30.2,69.8,999.4,12.5,284,122
2026-07-07T06:17:33.595Z,45,56.6,30.2,69.7,999.4,12.6,284,124
2026-07-07T06:17:43.283Z,44.6,56.6,30.2,69.5,999.4,12.6,283,123
2026-07-07T06:17:53.299Z,45.4,57.4,30.1,69.3,999.4,12.6,283,125
2026-07-07T06:18:03.283Z,45.4,57,30.1,69.1,999.4,12.7,283,125
2026-07-07T06:18:13.292Z,45.4,57.4,30.1,68.9,999.4,12.7,282,125
2026-07-07T06:18:23.295Z,45.6,57.6,30.2,68.6,999.4,12.7,279,125
2026-07-07T06:18:33.286Z,44.8,57.2,30.2,68.4,999.4,12.8,279,123
2026-07-07T06:18:43.299Z,45.2,59.2,30.2,68.1,999.4,12.8,278,124
2026-07-07T06:18:53.341Z,44.4,59,30.2,67.9,999.4,12.8,277,122
2026-07-07T06:19:03.285Z,45.8,58.8,30.2,67.6,999.4,12.8,277,126
2026-07-07T06:19:13.330Z,45.2,56.4,30.2,67.4,999.4,12.9,276,124
2026-07-07T06:19:23.284Z,46,57,30.2,67.2,999.4,12.9,276,126
2026-07-07T06:19:33.288Z,44.2,56.2,30.2,67,999.4,12.9,276,122
2026-07-07T06:19:43.415Z,44.6,56.6,30.2,66.9,999.4,13,273,123
2026-07-07T06:19:53.366Z,45,56.4,30.2,66.7,999.4,13,273,124
2026-07-07T06:20:03.291Z,45.4,56.4,30.1,66.7,999.4,13.1,273,125
2026-07-07T06:20:13.302Z,46,57,30.1,66.7,999.4,13.1,273,126
2026-07-07T06:20:23.309Z,45.6,56.6,30,66.7,999.4,13.2,273,125
2026-07-07T06:20:33.283Z,45.4,56.4,30,66.8,999.4,13.2,272,125
2026-07-07T06:20:43.280Z,45.2,56.2,29.9,66.9,999.4,13.3,273,124
2026-07-07T06:20:53.287Z,44.4,55,29.9,66.8,999.4,13.3,272,122
2026-07-07T06:21:03.278Z,44.4,55,29.8,66.8,999.4,13.4,272,122
2026-07-07T06:21:13.285Z,44.2,55,29.7,66.7,999.4,13.5,272,122
2026-07-07T06:21:23.286Z,44,54,29.7,66.6,999.4,13.5,272,121
2026-07-07T06:21:33.307Z,43.8,54.2,29.6,66.6,999.4,13.6,272,121
2026-07-07T06:21:43.315Z,44,53.2,29.6,66.5,999.4,13.7,272,121
2026-07-07T06:21:53.303Z,44.6,54.6,29.5,66.4,999.4,13.7,272,123
2026-07-07T06:22:33.244Z,43.2,53.8,29.2,66.5,999.4,14,269,119
2026-07-07T06:22:43.244Z,43.6,55.4,29.2,66.4,999.3,14,269,120
2026-07-07T06:22:53.234Z,43.2,55.2,29.1,66.4,999.3,14.1,269,119
2026-07-07T06:23:03.431Z,42.8,55.8,29.1,66.3,999.3,14.1,269,118
2026-07-07T06:23:13.238Z,42.4,53.8,29,66.2,999.3,14.2,267,117
2026-07-07T06:23:23.248Z,42,52,29,66.1,999.3,14.2,267,117
2026-07-07T06:23:33.299Z,42.6,51.8,29,66.1,999.3,14.2,267,118
2026-07-07T06:23:43.260Z,43.4,51.8,28.9,66.1,999.3,14.3,267,120
2026-07-07T06:23:53.279Z,42.8,51.8,28.9,66.1,999.3,14.4,267,118
2026-07-07T06:24:03.260Z,42,51.6,28.8,66,999.3,14.4,267,117
2026-07-07T06:24:13.244Z,42.2,52.4,28.8,65.9,999.3,14.5,266,117
2026-07-07T06:24:23.288Z,42.8,53.8,28.7,65.8,999.3,14.5,266,118
2026-07-07T06:24:33.248Z,41,51,28.7,65.7,999.3,14.6,266,114
2026-07-07T06:24:43.251Z,42,52,28.6,65.6,999.3,14.6,263,117
2026-07-07T06:24:53.250Z,41.2,52,28.6,65.5,999.3,14.7,263,115
2026-07-07T06:25:03.251Z,41.4,50,28.6,65.4,999.3,14.7,262,115
2026-07-07T06:25:13.286Z,41,49.2,28.5,65.3,999.3,14.8,262,114
2026-07-07T06:25:23.243Z,43.4,52,28.5,65.2,999.3,14.8,260,120
2026-07-07T06:25:33.250Z,42.8,52.6,28.5,65.1,999.3,14.9,259,118
2026-07-07T06:25:43.261Z,42,53.2,28.4,65,999.3,14.9,259,117
2026-07-07T06:25:53.266Z,42.2,52.4,28.4,65,999.3,15,257,117
2026-07-07T06:26:03.264Z,43.4,52.8,28.4,65,999.3,15,257,120
2026-07-07T06:26:13.266Z,43.4,53.2,28.3,64.9,999.3,15,259,120
2026-07-07T06:26:23.246Z,40.8,49.4,28.3,64.9,999.3,15.1,257,114
2026-07-07T06:26:33.270Z,42,50,28.3,64.8,999.3,15.1,257,117
2026-07-07T06:26:43.264Z,41.4,49.4,28.2,64.7,999.3,15.2,257,115
2026-07-07T06:26:53.241Z,41.4,49.4,28.2,64.6,999.3,15.2,257,115
2026-07-07T06:27:03.246Z,41,48.8,28.2,64.4,999.3,15.2,257,114
2026-07-07T06:27:13.249Z,42,51,28.2,64.2,999.3,15.3,257,117
2026-07-07T06:27:23.746Z,42,51,28.2,64,999.3,15.3,255,117
2026-07-07T06:27:33.239Z,40.6,51.4,28.2,63.8,999.3,15.3,255,113
2026-07-07T06:27:43.640Z,40.4,51.4,28.2,63.6,999.3,15.4,255,113
2026-07-07T06:27:53.241Z,40.8,50.2,28.2,63.5,999.3,15.4,254,114
2026-07-07T06:28:03.235Z,39.6,48.6,28.2,63.4,999.2,15.5,253,111
2026-07-07T06:28:13.246Z,39.6,49.6,28.1,63.4,999.2,15.5,253,111
2026-07-07T06:28:23.261Z,40.8,49.8,28.1,63.3,999.2,15.6,253,114
2026-07-07T06:28:33.258Z,40.4,49.4,28.1,63.2,999.2,15.6,253,113
2026-07-07T06:28:43.254Z,40,49.6,28.1,63.1,999.2,15.6,253,112
2026-07-07T06:28:53.246Z,39.6,48,28.1,63,999.2,15.7,252,111
2026-07-07T06:29:03.381Z,40.2,48.8,28,63,999.2,15.7,252,112
2026-07-07T06:29:13.345Z,40.8,50.4,28,63,999.2,15.8,252,114
2026-07-07T06:29:23.250Z,40.6,50.6,28,62.9,999.2,15.8,250,113
2026-07-07T06:29:33.255Z,41,51,28,62.8,999.2,15.8,250,114
2026-07-07T06:29:43.247Z,41.2,51.8,27.9,62.8,999.2,15.9,250,115
2026-07-07T06:29:53.248Z,41,51,27.9,62.6,999.2,15.9,250,114
2026-07-07T06:30:03.246Z,41.2,50.4,27.9,62.5,999.2,15.9,250,115
2026-07-07T06:30:13.254Z,40.8,49.8,27.9,62.4,999.2,16,250,114
2026-07-07T06:30:23.242Z,40,49.2,27.9,62.2,999.2,16,245,112
2026-07-07T06:30:33.255Z,38.4,48.6,27.9,62.2,999.2,16,249,108
2026-07-07T06:30:43.236Z,40.8,50,27.9,62,999.2,16,245,114
2026-07-07T06:30:53.230Z,40.4,49.4,27.9,61.9,999.2,16.1,244,113
2026-07-07T06:31:03.232Z,40,49,27.9,61.8,999.2,16.1,244,112
2026-07-07T06:31:13.397Z,39.4,48.4,27.8,61.7,999.2,16.1,244,110
2026-07-07T06:31:23.256Z,38.6,48.6,27.8,61.6,999.2,16.2,244,108
2026-07-07T06:31:33.242Z,39.6,49.6,27.8,61.5,999.2,16.2,244,111
2026-07-07T06:31:43.249Z,40.2,48.8,27.8,61.3,999.2,16.3,243,112
2026-07-07T06:31:53.395Z,40,49.2,27.8,61.1,999.2,16.3,242,112
2026-07-07T06:32:03.239Z,40,49.4,27.8,60.9,999.2,16.3,242,112
2026-07-07T06:32:13.250Z,39.4,49.4,27.8,60.7,999.2,16.3,241,110
2026-07-07T06:32:23.241Z,39.6,49.6,27.9,60.4,999.2,16.4,240,111
2026-07-07T06:32:33.237Z,38.8,48.6,27.9,60.2,999.2,16.4,240,109
2026-07-07T06:32:43.244Z,38,47.6,27.9,60,999.2,16.4,240,107
2026-07-07T06:32:53.237Z,38,46,28,59.7,999.2,16.4,240,107
2026-07-07T06:33:03.238Z,37.6,45.6,28,59.5,999.2,16.4,240,106
2026-07-07T06:33:13.249Z,38.4,47,28,59.3,999.2,16.4,239,108
2026-07-07T06:33:23.243Z,39,47,28.1,59.1,999.2,16.4,238,109
2026-07-07T06:33:33.237Z,40,47.8,28.1,58.9,999.2,16.5,238,112
2026-07-07T06:33:43.253Z,39.2,48.2,28.1,58.9,999.1,16.5,238,110
2026-07-07T06:33:53.257Z,39.8,49,28.1,58.8,999.1,16.6,238,111
2026-07-07T06:34:03.256Z,37.8,47.2,28.1,58.7,999.1,16.6,237,106
2026-07-07T06:34:13.263Z,38.6,48.6,28,58.7,999.1,16.6,237,108
2026-07-07T06:34:25.584Z,37,46.6,28,58.6,999.1,16.7,237,104
2026-07-07T06:34:33.253Z,35.8,45.6,28,58.6,999.1,16.8,237,101
2026-07-07T06:34:43.251Z,36.6,45.2,27.9,58.6,999.1,16.8,237,103
2026-07-07T06:34:53.261Z,38,46,27.9,58.6,999.1,16.9,237,107
2026-07-07T06:35:03.241Z,38.2,45.8,27.9,58.5,999.1,16.9,237,107
2026-07-07T06:35:13.245Z,38.6,45.8,27.8,58.5,999.1,17,235,108
2026-07-07T06:35:23.238Z,37,45,27.8,58.5,999.1,17.1,236,104
2026-07-07T06:35:33.237Z,37,45.4,27.7,58.5,999.1,17.1,236,104
2026-07-07T06:35:43.248Z,37.2,46.2,27.7,58.6,999.1,17.2,236,105
2026-07-07T06:35:53.239Z,37.4,46.4,27.6,58.5,999.1,17.2,237,105
2026-07-07T06:36:03.250Z,37.4,45.4,27.6,58.5,999.1,17.3,236,105
2026-07-07T06:36:13.240Z,38.4,47.2,27.6,58.5,999.1,17.3,236,108
2026-07-07T06:36:23.243Z,38,48,27.5,58.6,999.1,17.4,236,107
2026-07-07T06:36:33.246Z,38,47.6,27.5,58.6,999.1,17.4,236,107
2026-07-07T06:36:43.253Z,37.4,46.2,27.4,58.6,999.1,17.5,235,105
2026-07-07T06:36:53.235Z,38.6,46.6,27.4,58.5,999.1,17.5,235,108
2026-07-07T06:37:03.243Z,37.6,46.4,27.4,58.5,999.1,17.5,235,106
2026-07-07T06:37:13.263Z,37.4,44.6,27.4,58.4,999.1,17.6,235,105
2026-07-07T06:37:23.264Z,36.6,44.6,27.4,58.3,999.1,17.6,234,103
2026-07-07T06:37:33.259Z,36.6,46.8,27.3,58.3,999.1,17.6,234,103
2026-07-07T06:37:43.240Z,36,46,27.3,58.2,999.1,17.7,233,102
2026-07-07T06:37:53.237Z,37.2,46.4,27.3,58.2,999.1,17.7,233,105
2026-07-07T06:38:03.246Z,37.6,47.4,27.2,58.1,999.1,17.8,233,106
2026-07-07T06:38:13.253Z,38.4,47.4,27.2,58.2,999.1,17.8,233,108
2026-07-07T06:38:23.239Z,38.4,47.2,27.2,58.2,999.1,17.8,233,108
2026-07-07T06:38:33.698Z,38.4,46.4,27.2,58.1,999.1,17.9,233,108
2026-07-07T06:38:43.264Z,36.6,44.6,27.2,58,999.1,17.9,233,103
2026-07-07T06:38:53.238Z,37.6,44.4,27.2,57.9,999.1,17.9,233,106
2026-07-07T06:39:03.237Z,37.4,45.8,27.1,57.9,999.1,18,232,105
2026-07-07T06:39:13.237Z,37.6,46.6,27.1,57.9,999.1,18,232,106
2026-07-07T06:39:23.226Z,35.8,46.4,27.1,57.8,999.1,18,230,101
2026-07-07T06:39:33.244Z,35.2,45,27.1,57.8,999.1,18.1,230,99
2026-07-07T06:39:43.229Z,36.2,44.6,27.1,57.7,999.1,18.1,230,102
2026-07-07T06:39:53.222Z,37,45,27.1,57.7,999.1,18.1,230,104
2026-07-07T06:40:03.223Z,36.6,46.6,27.1,57.6,999.1,18.2,229,103
2026-07-07T06:40:13.228Z,38,46.8,27,57.6,999,18.2,229,107
2026-07-07T06:40:23.240Z,38.4,45.6,27,57.5,999,18.2,229,108
2026-07-07T06:40:33.246Z,38.4,46.2,27,57.4,999,18.3,229,108
2026-07-07T06:40:43.235Z,37.8,44.6,27,57.3,999,18.3,229,106
2026-07-07T06:40:53.247Z,37,44.2,27.1,57.2,999,18.3,229,104
2026-07-07T06:41:03.235Z,35.4,44.4,27.1,57,999,18.3,228,100
2026-07-07T06:41:13.236Z,37.4,45,27.1,56.9,999,18.4,228,105
2026-07-07T06:41:23.229Z,36,43.2,27.1,56.7,999,18.4,227,102
2026-07-07T06:41:33.224Z,36.6,42,27.1,56.6,999,18.4,227,103
2026-07-07T06:41:43.232Z,35,40.8,27.2,56.4,999,18.4,225,99
2026-07-07T06:41:53.230Z,35.4,42.6,27.2,56.1,999,18.4,225,100
2026-07-07T06:42:03.233Z,35.6,44.6,27.3,55.9,999,18.4,223,101
2026-07-07T06:42:13.227Z,35.4,43.4,27.3,55.7,999,18.4,221,100
2026-07-07T06:42:23.231Z,35.4,44.4,27.3,55.5,999,18.4,221,100
2026-07-07T06:42:33.236Z,35.2,44.2,27.4,55.3,999,18.4,221,99
2026-07-07T06:42:43.250Z,35.6,44.6,27.4,55,999,18.4,220,101
2026-07-07T06:42:53.234Z,36.8,44.6,27.5,54.9,999,18.5,219,104
2026-07-07T06:43:03.244Z,36.4,44.8,27.5,54.8,999,18.5,220,103
2026-07-07T06:43:13.231Z,36,43.4,27.5,54.7,999,18.5,219,102
2026-07-07T06:43:23.229Z,35,42,27.5,54.6,998.9,18.6,218,99
2026-07-07T06:43:33.225Z,36,44.4,27.5,54.6,998.9,18.6,219,102
2026-07-07T06:43:43.235Z,35,44,27.5,54.5,998.9,18.7,218,99
2026-07-07T06:43:53.227Z,35.8,42.8,27.5,54.5,998.9,18.7,218,101
2026-07-07T06:44:03.227Z,35.4,42,27.5,54.4,998.9,18.8,218,100
2026-07-07T06:44:13.231Z,34.4,40.8,27.4,54.4,998.9,18.8,218,97
2026-07-07T06:44:23.243Z,35.4,42.4,27.4,54.4,998.9,18.9,218,100
2026-07-07T06:44:33.238Z,35.4,43.4,27.4,54.3,998.9,18.9,218,100
2026-07-07T06:44:43.232Z,34,42.2,27.4,54.3,998.9,19,218,97
2026-07-07T06:44:53.236Z,34.8,43.2,27.4,54.3,998.9,19,218,98
2026-07-07T06:45:03.261Z,34.4,43.6,27.4,54.2,998.9,19,218,97
2026-07-07T06:45:13.238Z,36,43,27.3,54.1,998.9,19.1,218,102
2026-07-07T06:45:23.247Z,34.8,40.2,27.3,54.1,998.9,19.1,218,98
2026-07-07T06:45:33.231Z,34,39.4,27.3,54.1,998.9,19.2,218,97
2026-07-07T06:45:43.248Z,34,42.6,27.3,54,998.9,19.2,218,97
2026-07-07T06:45:53.244Z,34.4,43.4,27.3,53.9,998.9,19.2,218,97
2026-07-07T06:46:03.231Z,33,41.6,27.3,53.8,998.9,19.2,217,94
2026-07-07T06:46:13.242Z,32.6,38.6,27.3,53.7,998.9,19.3,217,94
2026-07-07T06:46:23.249Z,34.4,38.6,27.4,53.6,998.9,19.3,215,97
2026-07-07T06:46:33.241Z,34.6,40,27.4,53.4,998.9,19.3,215,98
2026-07-07T06:46:43.229Z,36,42.8,27.4,53.2,998.8,19.3,215,102
2026-07-07T06:46:53.240Z,34.6,41.6,27.5,53,998.8,19.3,215,98
2026-07-07T06:47:03.227Z,34.4,42,27.5,52.9,998.8,19.3,214,97
2026-07-07T06:47:13.229Z,32.6,41.6,27.5,52.7,998.8,19.3,214,94
2026-07-07T06:47:23.267Z,33,40.6,27.6,52.6,998.8,19.3,214,94
2026-07-07T06:47:33.233Z,32.8,41.8,27.6,52.4,998.8,19.3,214,94
2026-07-07T06:47:43.233Z,33.8,42.8,27.6,52.3,998.8,19.3,214,96
2026-07-07T06:47:53.236Z,33.6,42.6,27.7,52.2,998.8,19.3,214,96
2026-07-07T06:48:03.269Z,33,40.6,27.7,52.1,998.8,19.3,213,94
2026-07-07T06:48:13.234Z,34,39.8,27.7,51.9,998.8,19.4,212,97
2026-07-07T06:48:23.218Z,34.4,40.4,27.8,51.8,998.8,19.4,212,97
2026-07-07T06:48:33.222Z,33.2,39,27.8,51.7,998.8,19.4,212,95
2026-07-07T06:48:43.223Z,34.2,41.2,27.8,51.6,998.8,19.4,212,97
2026-07-07T06:48:53.252Z,34.2,40.6,27.9,51.5,998.8,19.4,212,97
2026-07-07T06:49:03.225Z,33.4,39.4,27.9,51.4,998.8,19.4,212,95
2026-07-07T06:49:13.218Z,34.2,40.8,27.9,51.2,998.8,19.4,212,97
2026-07-07T06:49:23.235Z,34.8,42.8,28,51.1,998.8,19.4,212,98
2026-07-07T06:49:33.235Z,34,40.8,28,51,998.8,19.4,210,97
2026-07-07T06:49:43.231Z,34.6,39.6,28,50.9,998.8,19.4,210,98
2026-07-07T06:49:53.235Z,34.6,39.6,28,50.9,998.7,19.4,210,98
2026-07-07T06:50:03.251Z,35.8,42.6,28,50.8,998.7,19.5,208,101
2026-07-07T06:50:13.240Z,34.2,41.2,28,50.7,998.7,19.5,208,97
2026-07-07T06:50:23.233Z,34,42,28,50.7,998.7,19.5,208,97
2026-07-07T06:50:33.229Z,32.6,39.4,28,50.6,998.7,19.5,208,94
2026-07-07T06:50:43.233Z,32.6,39.6,28,50.5,998.7,19.6,208,94
2026-07-07T06:50:53.234Z,34.4,40.4,28,50.5,998.7,19.6,208,97
2026-07-07T06:51:03.244Z,34,40,28,50.4,998.7,19.7,208,97
2026-07-07T06:51:13.233Z,32.4,40.4,27.9,50.4,998.7,19.7,208,93
2026-07-07T06:51:23.225Z,34.6,40.2,27.9,50.4,998.7,19.7,208,98
2026-07-07T06:51:33.233Z,33.8,38.2,27.9,50.4,998.7,19.8,208,96
2026-07-07T06:51:43.235Z,33.2,37.2,27.8,50.4,998.7,19.9,208,95
2026-07-07T06:51:53.232Z,33.8,37.4,27.8,50.3,998.7,19.9,208,96
2026-07-07T06:52:03.228Z,33.4,39,27.8,50.3,998.7,20,207,95
2026-07-07T06:52:13.225Z,33.8,40.8,27.8,50.3,998.7,20,207,96
2026-07-07T06:52:23.230Z,33.4,40.4,27.7,50.2,998.7,20.1,207,95
2026-07-07T06:52:33.225Z,34,41,27.7,50.2,998.7,20.1,206,97
2026-07-07T06:52:43.246Z,33,40.4,27.7,50.2,998.6,20.2,206,94
2026-07-07T06:52:53.224Z,32.4,38.4,27.6,50.1,998.6,20.2,206,93
2026-07-07T06:53:03.228Z,32.8,38.4,27.6,50.1,998.6,20.3,206,94
2026-07-07T06:53:13.223Z,33.6,40.2,27.6,50,998.6,20.3,206,96
2026-07-07T06:53:23.230Z,32.4,40.4,27.6,49.9,998.6,20.4,206,93
2026-07-07T06:53:33.233Z,33,39.8,27.6,49.9,998.6,20.4,206,94
2026-07-07T06:53:43.227Z,32.6,38.6,27.6,49.8,998.6,20.4,206,94
2026-07-07T06:53:53.243Z,31.4,37.4,27.6,49.7,998.6,20.5,205,91
2026-07-07T06:54:03.225Z,32.4,39,27.6,49.7,998.6,20.5,204,93
2026-07-07T06:54:13.226Z,33.2,41.2,27.6,49.6,998.6,20.5,204,95
2026-07-07T06:54:23.235Z,34,41,27.6,49.4,998.6,20.6,203,97
2026-07-07T06:54:33.223Z,33,37.2,27.6,49.2,998.6,20.6,202,94
2026-07-07T06:54:43.227Z,33.8,37.8,27.6,49.1,998.6,20.7,201,96
2026-07-07T06:54:53.239Z,32.6,37.6,27.7,48.9,998.6,20.7,201,94
2026-07-07T06:55:03.222Z,32.6,37.2,27.7,48.8,998.6,20.7,201,94
2026-07-07T06:55:13.230Z,32.6,36,27.7,48.7,998.6,20.8,200,94
2026-07-07T06:55:23.242Z,31.4,36.6,27.7,48.5,998.6,20.8,198,91
2026-07-07T06:55:33.235Z,31,36.4,27.8,48.4,998.6,20.8,200,90
2026-07-07T06:55:43.245Z,31.4,34.4,27.8,48.3,998.6,20.8,198,91
2026-07-07T06:55:53.274Z,31,33.2,27.8,48.1,998.6,20.8,198,90
2026-07-07T06:56:03.228Z,31.8,35,27.8,48,998.6,20.9,198,92
2026-07-07T06:56:13.227Z,31.2,35.8,27.9,47.9,998.6,20.9,198,91
2026-07-07T06:56:23.244Z,32.2,37.2,27.9,47.8,998.6,20.9,198,93
2026-07-07T06:56:33.248Z,32.6,36.8,27.9,47.8,998.6,20.9,198,94
2026-07-07T06:56:43.226Z,32.6,36.6,27.9,47.7,998.6,21,198,94
2026-07-07T06:56:53.235Z,32.6,38.6,27.9,47.7,998.6,21,198,94
2026-07-07T06:57:03.259Z,32.8,37.8,27.9,47.6,998.6,21,199,94
2026-07-07T06:57:13.246Z,32.4,36.2,27.9,47.6,998.6,21.1,199,93
2026-07-07T06:57:23.231Z,32,37.6,27.9,47.5,998.6,21.1,199,92
2026-07-07T06:57:33.231Z,32.8,37.6,27.9,47.5,998.5,21.1,199,94
2026-07-07T06:57:43.287Z,32.2,36.8,27.9,47.4,998.5,21.1,199,93
2026-07-07T06:57:53.237Z,31.6,37.6,27.9,47.4,998.5,21.2,199,92
2026-07-07T06:58:03.240Z,32.6,41.2,27.9,47.3,998.5,21.2,197,94
2026-07-07T06:58:13.235Z,33,40.4,27.9,47.3,998.5,21.2,198,94
2026-07-07T06:58:23.227Z,32.6,39.2,27.9,47.2,998.5,21.3,198,94
2026-07-07T06:58:33.223Z,32.2,38.2,27.9,47.2,998.5,21.3,196,93
2026-07-07T06:58:43.225Z,32.8,39.4,27.9,47.1,998.5,21.4,196,94
2026-07-07T06:58:53.221Z,33,40,27.9,47,998.5,21.4,196,94
2026-07-07T06:59:03.217Z,33,38.8,28,46.9,998.5,21.4,195,94
2026-07-07T06:59:13.306Z,32.4,36.4,28,46.8,998.5,21.4,195,93
2026-07-07T06:59:23.232Z,32,36.2,28,46.8,998.5,21.5,196,92
2026-07-07T06:59:33.225Z,33,38,28,46.7,998.5,21.5,195,94
2026-07-07T06:59:43.237Z,32,36.8,28,46.6,998.5,21.5,195,92
2026-07-07T06:59:53.235Z,32,38,28,46.6,998.5,21.6,195,92
2026-07-07T07:00:03.405Z,33,40,28,46.5,998.5,21.6,194,94
2026-07-07T07:00:13.229Z,32.4,39.4,28,46.4,998.5,21.6,193,93
2026-07-07T07:00:23.228Z,32.2,38.4,28,46.3,998.5,21.7,193,93
2026-07-07T07:00:33.232Z,31,36,28,46.3,998.5,21.7,193,90
2026-07-07T07:00:43.218Z,32.2,38,28,46.2,998.5,21.8,193,93
2026-07-07T07:00:53.216Z,33.6,39.4,28,46.2,998.5,21.8,195,96
2026-07-07T07:01:03.262Z,32.4,38.6,28,46.1,998.5,21.8,193,93
2026-07-07T07:01:13.224Z,32.4,39.4,28,46,998.5,21.8,193,93
2026-07-07T07:01:23.226Z,31.8,36.8,28.1,46,998.5,21.9,193,92
2026-07-07T07:01:33.222Z,32,36,28.1,45.9,998.5,21.9,193,92
2026-07-07T07:01:43.223Z,31,35,28.1,45.8,998.5,21.9,194,90
2026-07-07T07:01:53.222Z,31.8,35.6,28.1,45.8,998.5,21.9,194,92
2026-07-07T07:02:03.240Z,31.8,34.8,28.1,45.7,998.5,21.9,195,92
2026-07-07T07:02:13.227Z,31.4,34.2,28.2,45.6,998.5,22,195,91
2026-07-07T07:02:23.219Z,31.8,34.8,28.2,45.6,998.5,22,195,92
2026-07-07T07:02:33.232Z,32.6,37.8,28.2,45.5,998.5,22,195,94
2026-07-07T07:02:43.221Z,31.6,35.6,28.2,45.5,998.5,22,195,92
2026-07-07T07:02:53.219Z,32,35.2,28.2,45.5,998.5,22.1,195,92
2026-07-07T07:03:03.218Z,31.2,35,28.2,45.5,998.5,22.1,195,91
2026-07-07T07:03:13.228Z,31.6,35.8,28.2,45.5,998.5,22.1,196,92
2026-07-07T07:03:23.227Z,31.2,36,28.2,45.5,998.5,22.1,195,91
2026-07-07T07:03:33.225Z,31.8,34.8,28.2,45.6,998.5,22.2,197,92
2026-07-07T07:03:43.221Z,31.4,36.4,28.2,45.6,998.4,22.2,197,91
2026-07-07T07:03:53.237Z,32,37,28.2,45.6,998.4,22.2,197,92
2026-07-07T07:04:03.222Z,31.4,37.2,28.2,45.7,998.4,22.2,197,91
2026-07-07T07:04:13.223Z,31.6,39,28.2,45.7,998.4,22.2,197,92
2026-07-07T07:04:23.222Z,32,38,28.1,45.7,998.4,22.2,197,92
2026-07-07T07:04:33.220Z,32.4,36.8,28.1,45.7,998.4,22.2,197,93
2026-07-07T07:04:43.224Z,31,36,28.1,45.7,998.4,22.2,198,90
2026-07-07T07:04:53.227Z,31.2,34,28.1,45.7,998.4,22.2,198,91
2026-07-07T07:05:03.229Z,32,34,28.1,45.7,998.4,22.2,198,92
2026-07-07T07:05:13.234Z,31.8,34.2,28.1,45.7,998.4,22.3,198,92
2026-07-07T07:05:23.225Z,31.8,34.4,28.1,45.6,998.4,22.3,198,92
2026-07-07T07:05:33.332Z,31.8,35,28,45.6,998.4,22.3,198,92
2026-07-07T07:05:43.223Z,31,35.2,28,45.6,998.4,22.4,198,90
2026-07-07T07:05:53.224Z,31.8,38,28,45.5,998.4,22.4,197,92
2026-07-07T07:06:03.219Z,31.8,36.2,28,45.4,998.4,22.5,197,92
2026-07-07T07:06:13.223Z,30.4,34.2,28,45.4,998.4,22.5,196,89
2026-07-07T07:06:23.213Z,31,36.4,28,45.4,998.4,22.5,195,90
2026-07-07T07:06:33.389Z,31,36.4,28,45.4,998.3,22.5,195,90
2026-07-07T07:06:43.211Z,31.4,36,28,45.3,998.3,22.6,194,91
2026-07-07T07:06:53.214Z,32.2,38,28,45.6,998.3,22.5,194,93
2026-07-07T07:07:03.250Z,33.2,39.2,28.1,45.6,998.3,22.5,194,95
2026-07-07T07:07:13.217Z,33,39.6,28.1,45.5,998.3,22.5,194,94
2026-07-07T07:07:23.215Z,33,38.4,28.1,45.4,998.3,22.5,194,94
2026-07-07T07:07:33.214Z,31.6,36.6,28.1,45.4,998.3,22.5,194,92
2026-07-07T07:07:43.210Z,33.4,38,28.1,45.3,998.3,22.5,193,95
2026-07-07T07:07:53.207Z,32.6,36.2,28.1,45.2,998.3,22.5,193,94
2026-07-07T07:08:03.226Z,31.8,35.4,28.1,45.2,998.3,22.5,193,92
2026-07-07T07:08:13.220Z,31,34,28.2,45.1,998.3,22.5,193,90
2026-07-07T07:08:23.217Z,31.8,35,28.2,45.1,998.3,22.5,193,92
2026-07-07T07:08:33.221Z,33,38.6,28.2,45,998.3,22.5,193,94
2026-07-07T07:08:43.220Z,32.6,37.6,28.2,44.9,998.3,22.5,192,94
2026-07-07T07:08:53.232Z,32.8,38.6,28.2,44.8,998.3,22.6,192,94
2026-07-07T07:09:05.686Z,31.6,37,28.2,44.7,998.3,22.6,192,92
2026-07-07T07:09:13.232Z,32.6,38,28.2,44.7,998.3,22.6,192,94
2026-07-07T07:09:23.234Z,32.8,37,28.2,44.6,998.3,22.6,190,94
2026-07-07T07:09:33.237Z,32.6,36.6,28.3,44.6,998.3,22.7,192,94
2026-07-07T07:09:43.242Z,32.6,36.6,28.3,44.6,998.3,22.7,190,94
2026-07-07T07:09:53.212Z,31.2,34.2,28.3,44.5,998.3,22.7,190,91
2026-07-07T07:10:03.261Z,31.4,35.6,28.3,44.5,998.3,22.8,190,91
2026-07-07T07:10:13.212Z,31.4,35.4,28.3,44.4,998.3,22.8,190,91
2026-07-07T07:10:23.230Z,31.4,33.8,28.2,44.5,998.3,22.8,190,91
2026-07-07T07:10:33.212Z,32,35.4,28.2,44.5,998.3,22.8,190,92
2026-07-07T07:10:43.223Z,32.8,37.2,28.2,44.5,998.3,22.9,190,94
2026-07-07T07:10:53.214Z,32.2,36.6,28.2,44.5,998.3,22.9,190,93
2026-07-07T07:11:03.210Z,32.6,37.6,28.2,44.6,998.3,23,190,94
2026-07-07T07:11:13.214Z,33,38.8,28.1,44.7,998.3,23,190,94
2026-07-07T07:11:23.219Z,32,38.8,28.1,44.7,998.3,23.1,190,92
2026-07-07T07:11:33.214Z,33.6,39.6,28.1,44.8,998.3,23.1,190,96
2026-07-07T07:11:43.214Z,32.6,37.6,28,44.8,998.3,23.2,190,94
2026-07-07T07:11:53.219Z,32.2,36.8,28,44.8,998.3,23.2,190,93
2026-07-07T07:12:03.225Z,32,37,28,44.8,998.3,23.3,189,92
2026-07-07T07:12:13.218Z,33,37.6,28,44.8,998.2,23.3,189,94
2026-07-07T07:12:23.217Z,32.8,39.2,28,44.8,998.2,23.4,189,94
2026-07-07T07:12:33.219Z,32.4,38.4,28,44.8,998.2,23.4,189,93
2026-07-07T07:12:43.218Z,31.4,37.4,27.9,44.8,998.2,23.5,189,91
2026-07-07T07:12:53.222Z,31.4,38.2,27.9,44.8,998.2,23.5,189,91
2026-07-07T07:13:03.221Z,31.6,38,27.9,44.8,998.2,23.5,189,92
2026-07-07T07:13:13.226Z,31.2,36.2,27.9,44.9,998.2,23.6,189,91
2026-07-07T07:13:23.216Z,31.6,36.6,27.9,45.1,998.2,23.6,190,92
2026-07-07T07:13:33.226Z,31.4,35.4,27.8,45.1,998.2,23.7,190,91
2026-07-07T07:13:43.219Z,33.8,38,27.8,45.2,998.2,23.7,190,96
2026-07-07T07:13:53.219Z,32.6,36.6,27.8,45.1,998.2,23.8,190,94
2026-07-07T07:14:03.219Z,32.2,37.2,27.8,45.1,998.2,23.8,190,93
2026-07-07T07:14:13.226Z,31.6,37.2,27.8,45.1,998.2,23.9,190,92
2026-07-07T07:14:23.254Z,31.4,35.4,27.7,45.2,998.2,23.9,190,91
2026-07-07T07:14:33.216Z,31,36,27.7,45.2,998.2,24,191,90
2026-07-07T07:14:43.215Z,31.4,36.4,27.7,45.3,998.2,24,191,91
2026-07-07T07:14:53.213Z,31.8,37.6,27.7,45.4,998.2,24.1,191,92
2026-07-07T07:15:03.220Z,31,38,27.6,45.4,998.2,24.1,190,90
2026-07-07T07:15:13.219Z,31.6,37.2,27.6,45.4,998.2,24.2,190,92
2026-07-07T07:15:23.221Z,32,36.4,27.6,45.4,998.2,24.3,190,92
2026-07-07T07:15:33.212Z,31.4,36.8,27.6,45.3,998.2,24.3,190,91
2026-07-07T07:15:43.220Z,32.2,36.8,27.6,45.3,998.2,24.3,190,93
2026-07-07T07:15:53.217Z,32,35.8,27.5,45.4,998.2,24.4,189,92
2026-07-07T07:16:03.248Z,31.6,35.4,27.5,45.4,998.2,24.5,188,92
2026-07-07T07:16:13.210Z,31.8,34.8,27.5,45.5,998.2,24.5,189,92
2026-07-07T07:16:23.208Z,32.2,35.4,27.5,45.5,998.2,24.6,188,93
2026-07-07T07:16:33.209Z,32.6,37.6,27.5,45.6,998.1,24.6,188,94
2026-07-07T07:16:43.209Z,33,38.2,27.4,45.6,998.1,24.7,189,94
2026-07-07T07:16:53.210Z,33.2,37.4,27.4,45.6,998.1,24.7,189,95
2026-07-07T07:17:03.208Z,32.4,37,27.4,45.6,998.1,24.8,188,93
2026-07-07T07:17:13.207Z,31.8,35.8,27.4,45.6,998.1,24.8,188,92
2026-07-07T07:17:23.237Z,31.4,35.4,27.4,45.5,998.1,24.9,188,91
2026-07-07T07:17:33.213Z,32,37.8,27.4,45.4,998.1,24.9,188,92
2026-07-07T07:17:43.230Z,31.8,36.8,27.4,45.4,998.1,25,188,92
2026-07-07T07:17:53.219Z,31.4,34.8,27.4,45.3,998.1,25,188,91
2026-07-07T07:18:03.217Z,31.8,34,27.4,45.2,998.1,25,188,92
2026-07-07T07:18:13.221Z,32,34,27.4,45.2,998.1,25.1,188,92
2026-07-07T07:18:23.215Z,33,36,27.4,45.2,998.1,25.1,186,94
2026-07-07T07:18:33.213Z,31.4,34.2,27.4,45.2,998.1,25.1,185,91
2026-07-07T07:18:43.213Z,31.4,33.8,27.4,45.1,998.1,25.2,185,91
2026-07-07T07:18:53.215Z,31.6,34.6,27.4,45.1,998.1,25.2,185,92
2026-07-07T07:19:03.224Z,31.6,34.6,27.4,45.1,998.1,25.2,185,92
2026-07-07T07:19:13.211Z,30.2,35.2,27.4,45.2,998.1,25.3,185,89
2026-07-07T07:19:23.204Z,30.6,34.6,27.4,45.2,998.1,25.3,185,89
2026-07-07T07:19:33.202Z,32,35.4,27.3,45.2,998.1,25.4,185,92
2026-07-07T07:19:43.210Z,32.4,35.2,27.3,45.2,998.1,25.4,183,93
2026-07-07T07:19:53.212Z,32.6,37.4,27.3,45.2,998.1,25.5,183,94
2026-07-07T07:20:03.202Z,33.2,40,27.3,45.2,998.1,25.5,183,95
2026-07-07T07:20:13.208Z,32.4,38.4,27.3,45.2,998,25.6,183,93
2026-07-07T07:20:23.219Z,31.8,37.6,27.2,45.2,998,25.7,183,92
2026-07-07T07:20:33.212Z,31.2,36.8,27.2,45.1,998,25.7,183,91
2026-07-07T07:20:43.215Z,31,34.6,27.2,45.1,998,25.8,183,90
2026-07-07T07:20:53.214Z,31.2,34,27.2,45,998,25.8,183,91
2026-07-07T07:21:03.211Z,30.4,34.6,27.2,45,998,25.8,183,89
2026-07-07T07:21:13.246Z,31.4,33.8,27.2,45,998,25.9,186,91
2026-07-07T07:21:23.212Z,31.6,35.2,27.2,45,998,25.9,183,92
2026-07-07T07:21:33.215Z,31.8,36.4,27.2,45.1,998,26,185,92
2026-07-07T07:21:43.218Z,31.4,36.4,27.2,45.1,998,26,185,91
2026-07-07T07:21:53.216Z,32,35.4,27.2,45.1,998,26.1,186,92
2026-07-07T07:22:03.211Z,30.2,33.2,27.1,45.1,998,26.1,186,89
2026-07-07T07:22:13.253Z,31,33.6,27.1,45.1,998,26.2,186,90
2026-07-07T07:22:23.215Z,30.8,33.2,27.1,45.1,998,26.2,186,90
2026-07-07T07:22:33.212Z,31,32.2,27.1,45.1,998,26.3,186,90
2026-07-07T07:22:43.230Z,30.2,33,27,45.2,998,26.4,185,89
2026-07-07T07:22:53.209Z,31.6,35,27,45.2,998,26.4,185,92
2026-07-07T07:23:03.217Z,31.8,35.8,27,45.3,998,26.4,185,92
2026-07-07T07:23:13.210Z,31.2,35.4,27,45.3,998,26.5,185,91
2026-07-07T07:23:23.209Z,31.4,33.4,27,45.4,998,26.5,185,91
2026-07-07T07:23:33.210Z,31,33,26.9,45.3,998,26.6,185,90
2026-07-07T07:23:43.229Z,32,34,26.9,45.3,998,26.6,185,92
2026-07-07T07:23:53.209Z,31.4,34.4,26.9,45.3,998,26.6,185,91
2026-07-07T07:24:03.208Z,31.8,34,26.9,45.2,998,26.7,185,92
2026-07-07T07:24:13.219Z,31.4,36.8,26.9,45.2,998,26.7,185,91
2026-07-07T07:24:23.206Z,31,39,26.9,45.1,998,26.7,185,90
2026-07-07T07:24:33.222Z,31.8,39.2,27,45,998,26.8,183,92
2026-07-07T07:24:43.213Z,32,36.6,27,44.9,998,26.8,182,92
2026-07-07T07:24:53.207Z,31,36.2,27,44.8,998,26.8,183,90
2026-07-07T07:25:03.208Z,31.8,36.8,27,44.7,998,26.8,182,92
2026-07-07T07:25:13.204Z,32,36,27,44.6,998,26.9,182,92
2026-07-07T07:25:23.217Z,31,34.4,27.1,44.5,998,26.9,182,90
2026-07-07T07:25:33.207Z,31.8,33.8,27.1,44.4,998,26.9,182,92
2026-07-07T07:25:43.200Z,32,35.6,27.1,44.3,998,26.9,182,92
2026-07-07T07:25:53.218Z,32,34.4,27.1,44.3,998,26.9,182,92
2026-07-07T07:26:03.203Z,29.8,32.8,27.2,44.2,998,27,180,88
2026-07-07T07:26:13.203Z,30.2,33.8,27.2,44.1,998,27,180,89
2026-07-07T07:26:23.211Z,30.8,35.4,27.2,44.1,998,27,180,90
2026-07-07T07:26:33.208Z,30,33.2,27.2,44,998,27,180,88
2026-07-07T07:26:43.206Z,31.4,34.4,27.3,43.9,998,27.1,180,91
2026-07-07T07:26:53.210Z,31.4,36,27.3,43.8,998,27.1,180,91
2026-07-07T07:27:03.215Z,31.6,35,27.3,43.7,998,27.1,179,92
2026-07-07T07:27:13.209Z,31.6,34.6,27.3,43.6,998,27.1,180,92
2026-07-07T07:27:23.215Z,31.6,33.8,27.4,43.5,998,27.1,179,92
2026-07-07T07:27:33.210Z,31,34.2,27.4,43.4,998,27.1,179,90
2026-07-07T07:27:43.205Z,32,36.4,27.4,43.4,998,27.2,179,92
2026-07-07T07:27:53.192Z,30.6,33.8,27.4,43.5,998,27.2,178,89
2026-07-07T07:28:03.194Z,30.6,34.6,27.4,43.6,998,27.2,178,89
2026-07-07T07:28:13.194Z,32,38.4,27.4,43.7,998,27.2,180,92
2026-07-07T07:28:23.199Z,31.4,40,27.4,43.8,998,27.2,180,91
2026-07-07T07:28:33.198Z,31,37.2,27.4,44,998,27.2,180,90
2026-07-07T07:28:43.195Z,30.8,35.6,27.4,44.1,998,27.2,181,90
2026-07-07T07:28:53.210Z,29,33,27.4,44.2,998,27.2,181,86
2026-07-07T07:29:03.196Z,29.8,33.6,27.4,44.3,998,27.1,181,88
2026-07-07T07:29:13.194Z,29.6,33.4,27.3,44.5,998,27.1,183,87
2026-07-07T07:29:23.209Z,29.4,32.4,27.3,44.6,998,27.1,187,87
2026-07-07T07:29:33.206Z,30.2,33.8,27.3,44.7,998,27.1,187,89
2026-07-07T07:29:43.203Z,31.6,35.4,27.3,44.8,998,27.1,189,92
2026-07-07T07:29:53.211Z,31.6,37,27.3,44.9,998,27,190,92
2026-07-07T07:30:03.206Z,31,36.8,27.3,45,998,27,190,90
2026-07-07T07:30:13.203Z,32,35.2,27.3,45.1,998,26.9,194,92
2026-07-07T07:30:23.211Z,31,34,27.4,45.2,998,26.8,195,90
2026-07-07T07:30:33.217Z,31.4,34.2,27.4,45.3,998,26.8,195,91
2026-07-07T07:30:43.209Z,30.6,33.6,27.4,45.4,997.9,26.7,195,89
2026-07-07T07:30:53.211Z,30.8,34.2,27.4,45.5,997.9,26.6,196,90
2026-07-07T07:31:03.213Z,31,34.6,27.5,45.5,997.9,26.6,197,90
2026-07-07T07:31:13.209Z,30,33,27.5,45.6,997.9,26.5,197,88
2026-07-07T07:31:23.204Z,31,34,27.5,45.7,998,26.4,197,90
2026-07-07T07:31:33.203Z,31,33,27.5,45.8,998,26.3,199,90
2026-07-07T07:31:43.220Z,32,34,27.6,45.8,998,26.2,199,92
2026-07-07T07:31:53.241Z,31,32.6,27.6,45.8,998,26.2,199,90
2026-07-07T07:32:03.203Z,29.4,31.4,27.7,45.8,998,26.1,199,87
2026-07-07T07:32:13.211Z,29.6,31.6,27.7,45.9,998,26,199,87
2026-07-07T07:32:23.211Z,29,31.2,27.7,45.9,998,25.9,199,86
2026-07-07T07:32:33.220Z,29,32.6,27.8,46,998,25.9,201,86
2026-07-07T07:32:43.229Z,32,33.2,27.8,46,998,25.8,201,92
2026-07-07T07:32:53.206Z,31,33,27.8,46.1,998,25.8,201,90
2026-07-07T07:33:03.208Z,31.8,34.6,27.9,46.2,998,25.7,203,92
2026-07-07T07:33:13.235Z,31.6,34.2,27.9,46.2,998,25.6,201,92
2026-07-07T07:33:23.200Z,31.6,33.8,27.9,46.2,998,25.6,201,92
2026-07-07T07:33:33.202Z,29,32,27.9,46.3,998,25.5,203,86
2026-07-07T07:33:43.205Z,29.8,33.8,28,46.3,998,25.5,204,88
2026-07-07T07:33:53.209Z,29.8,33.6,28,46.3,998,25.4,205,88
2026-07-07T07:34:03.199Z,28.8,29.6,28.1,46.3,998,25.4,206,86
2026-07-07T07:34:13.202Z,29.4,31.4,28.1,46.3,998,25.3,206,87
2026-07-07T07:34:23.203Z,31,35.4,28.1,46.4,998,25.3,206,90
2026-07-07T07:34:33.209Z,31,35,28.2,46.4,998,25.2,206,90
2026-07-07T07:34:43.207Z,30.4,34.4,28.2,46.4,998,25.1,207,89
2026-07-07T07:34:53.217Z,30.4,34,28.3,46.4,998,25.1,207,89
2026-07-07T07:35:03.201Z,29.4,35.2,28.3,46.4,998,25,207,87
2026-07-07T07:35:13.287Z,30.4,34.4,28.3,46.5,998,25,207,89
2026-07-07T07:35:23.195Z,30,33.8,28.4,46.5,998,24.9,207,88
2026-07-07T07:35:33.204Z,30,34,28.4,46.5,998,24.9,207,88
2026-07-07T07:35:43.199Z,29,31.4,28.4,46.5,998,24.8,208,86
2026-07-07T07:35:53.217Z,29.2,30.6,28.5,46.6,998,24.8,208,86
2026-07-07T07:36:07.215Z,27,29,28.5,46.6,998,24.7,208,82
2026-07-07T07:36:13.212Z,28.4,30.6,28.5,46.6,998,24.7,208,85
2026-07-07T07:37:01.794Z,26.4,29.4,28.7,46.7,998,24.5,208,84
2026-07-07T07:37:03.190Z,26.6,29.6,28.7,46.8,998,24.5,208,81
2026-07-07T07:37:13.178Z,26.4,29.4,28.7,46.8,998,24.4,208,81
2026-07-07T07:37:23.188Z,27.2,29.4,28.7,46.9,998,24.4,208,82
2026-07-07T07:37:33.190Z,29.6,31.6,28.7,47,998,24.4,208,87
2026-07-07T07:37:43.196Z,29.2,32.2,28.8,47.1,998,24.3,208,86
2026-07-07T07:37:53.188Z,29.4,32.4,28.8,47.2,998,24.3,208,87
2026-07-07T07:38:03.188Z,29,31,28.8,47.3,998,24.3,208,86
2026-07-07T07:38:13.198Z,29.4,32.2,28.8,47.4,998,24.3,208,87
2026-07-07T07:38:28.701Z,30.6,34,28.8,47.5,998,24.2,208,89
2026-07-07T07:38:43.239Z,32,35.2,28.8,47.7,998,24.2,211,92
2026-07-07T07:38:53.243Z,31,34.6,28.7,47.9,998,24.2,211,90
2026-07-07T07:39:03.239Z,31.4,34,28.7,48,998,24.2,211,91
2026-07-07T07:39:13.237Z,31.2,33.2,28.7,48.2,998,24.1,211,91
2026-07-07T07:39:23.229Z,31.4,33.4,28.7,48.3,998,24.1,211,91
2026-07-07T07:39:33.237Z,32,34,28.7,48.5,998,24.1,211,92
2026-07-07T07:39:43.229Z,31.6,33.6,28.6,48.6,998,24.1,214,92
2026-07-07T07:39:53.226Z,30,33.4,28.6,48.7,998,24.1,214,88
2026-07-07T07:40:03.241Z,29.6,33.6,28.6,48.8,998,24.1,217,87
2026-07-07T07:40:13.233Z,29.8,33,28.6,48.9,998,24.1,217,88
2026-07-07T07:40:23.245Z,29,32.8,28.6,49,998,24.1,217,86
2026-07-07T07:40:33.238Z,28,30.2,28.6,49.1,998,24.1,221,84
2026-07-07T07:40:43.245Z,26.2,31,28.5,49.2,998,24.1,221,80
2026-07-07T07:40:53.241Z,27.4,30.4,28.5,49.3,998,24,221,83
2026-07-07T07:41:03.252Z,28.8,31,28.5,49.4,998,24,221,86
2026-07-07T07:41:13.242Z,29.8,33.4,28.5,49.4,998,24,222,88
2026-07-07T07:41:23.237Z,30.4,33.4,28.5,49.5,997.9,24,221,89
2026-07-07T07:41:33.232Z,29.6,32.2,28.5,49.5,997.9,24,221,87
2026-07-07T07:41:43.310Z,29.6,32.8,28.6,49.5,997.9,23.9,222,87
2026-07-07T07:41:53.240Z,30,31.6,28.6,49.4,997.9,23.9,222,88
2026-07-07T07:42:03.239Z,29.6,31.6,28.6,49.4,997.9,23.9,222,87
2026-07-07T07:42:13.231Z,29.2,32.2,28.6,49.4,997.9,23.8,222,86
2026-07-07T07:42:23.228Z,29,30,28.7,49.3,997.9,23.8,222,86
2026-07-07T07:42:33.225Z,27.8,28.8,28.7,49.3,997.9,23.7,221,84
2026-07-07T07:42:43.228Z,28.8,30.6,28.7,49.3,997.9,23.7,221,86
2026-07-07T07:42:53.231Z,28,30.8,28.8,49.3,997.9,23.6,221,84
2026-07-07T07:43:03.225Z,28.4,31.2,28.8,49.3,997.9,23.6,221,85
2026-07-07T07:43:13.226Z,29,31,28.8,49.3,997.9,23.5,221,86
2026-07-07T07:43:23.264Z,29,32.6,28.9,49.3,997.9,23.5,221,86
2026-07-07T07:43:33.247Z,27.2,31,28.9,49.3,997.9,23.5,221,82
2026-07-07T07:43:43.238Z,27.6,29.8,28.9,49.4,997.9,23.4,221,83
2026-07-07T07:43:53.245Z,29,31,28.9,49.4,997.9,23.4,221,86
2026-07-07T07:44:03.239Z,29,30.8,29,49.4,997.9,23.4,221,86
2026-07-07T07:44:13.240Z,28.8,31.4,29,49.4,997.9,23.3,221,86
2026-07-07T07:44:23.255Z,29,31,29,49.4,997.9,23.3,221,86
2026-07-07T07:44:33.229Z,29.6,31,29,49.4,997.9,23.3,221,87
2026-07-07T07:44:43.241Z,30,32,29.1,49.4,997.9,23.2,221,88
2026-07-07T07:44:53.229Z,29,32,29.1,49.4,997.9,23.2,221,86
2026-07-07T07:45:03.230Z,29.2,32,29.1,49.5,997.9,23.1,221,86
2026-07-07T07:45:13.240Z,29.8,33.8,29.1,49.5,997.8,23.1,221,88
2026-07-07T07:45:23.233Z,31,34,29.2,49.5,997.8,23.1,221,90
2026-07-07T07:45:33.230Z,30.2,33,29.2,49.5,997.8,23,222,89
2026-07-07T07:45:43.236Z,29.4,31.8,29.2,49.5,997.8,23,221,87
2026-07-07T07:45:53.236Z,28.8,32,29.2,49.6,997.8,23,222,86
2026-07-07T07:46:03.231Z,29.2,31.8,29.2,49.6,997.8,22.9,224,86
2026-07-07T07:46:13.732Z,29.8,30.8,29.3,49.7,997.8,22.9,224,88
2026-07-07T07:46:23.235Z,29.6,31.4,29.3,49.7,997.8,22.8,225,87
2026-07-07T07:46:33.233Z,29.6,31.8,29.3,49.8,997.8,22.8,225,87
2026-07-07T07:46:43.241Z,28,32,29.3,49.8,997.8,22.8,226,84
2026-07-07T07:46:53.344Z,28.6,31.8,29.3,49.9,997.8,22.8,227,85
2026-07-07T07:47:03.252Z,28.2,31.2,29.3,50,997.8,22.7,227,84
2026-07-07T07:47:13.236Z,28.4,29.2,29.3,50.1,997.8,22.7,229,85
2026-07-07T07:47:23.225Z,29.2,29.6,29.3,50.1,997.8,22.7,229,86
2026-07-07T07:47:33.242Z,29.4,33.2,29.3,50.2,997.7,22.6,229,87
2026-07-07T07:47:43.239Z,29,34,29.3,50.3,997.7,22.6,229,86
2026-07-07T07:47:53.228Z,29,33,29.3,50.4,997.7,22.6,230,86
2026-07-07T07:48:03.224Z,29,34,29.2,50.6,997.7,22.6,229,86
2026-07-07T07:48:13.229Z,29.4,32.4,29.2,50.7,997.7,22.6,230,87
2026-07-07T07:48:23.234Z,29.6,33.6,29.2,50.8,997.7,22.6,231,87
2026-07-07T07:48:33.250Z,29.6,33.4,29.2,51,997.7,22.6,231,87
2026-07-07T07:48:43.237Z,29.6,33.4,29.1,51.1,997.7,22.6,233,87
2026-07-07T07:48:53.232Z,29.6,32.4,29.1,51.2,997.7,22.6,234,87
2026-07-07T07:49:03.236Z,29.2,30.4,29.1,51.3,997.7,22.6,234,86
2026-07-07T07:49:13.234Z,29.4,32,29.1,51.4,997.7,22.6,238,87
2026-07-07T07:49:23.268Z,31.6,33.6,29,51.5,997.7,22.6,240,92
2026-07-07T07:49:33.239Z,31.8,33.8,29,51.6,997.7,22.6,240,92
2026-07-07T07:49:43.229Z,30.4,33.4,29,51.7,997.7,22.6,240,89
2026-07-07T07:49:53.261Z,29.6,32.4,29,51.8,997.7,22.6,240,87
2026-07-07T07:50:03.241Z,28,30.2,28.9,51.9,997.6,22.6,240,84
2026-07-07T07:50:13.242Z,27,29,28.9,52.1,997.6,22.6,240,82
2026-07-07T07:50:23.240Z,26.6,28.6,28.9,52.2,997.6,22.5,240,81
2026-07-07T07:50:33.247Z,27.4,28.6,28.9,52.2,997.6,22.5,240,83
2026-07-07T07:50:43.230Z,28.4,29.8,28.9,52.3,997.6,22.5,240,85
2026-07-07T07:50:53.232Z,26.8,31.2,28.9,52.4,997.6,22.5,241,81
2026-07-07T07:51:03.289Z,28.6,32.6,28.9,52.5,997.6,22.5,241,85
2026-07-07T07:51:13.229Z,30.8,34,28.9,52.5,997.6,22.5,242,90
2026-07-07T07:51:23.223Z,31.2,33.4,28.8,52.6,997.6,22.4,242,91
2026-07-07T07:51:33.228Z,29.2,33.4,28.8,52.6,997.6,22.4,242,86
2026-07-07T07:51:43.226Z,29.2,32.6,28.8,52.7,997.6,22.4,242,86
2026-07-07T07:51:53.235Z,28.6,32,28.8,52.7,997.6,22.4,242,85
2026-07-07T07:52:03.261Z,28,32,28.8,52.8,997.6,22.3,242,84
2026-07-07T07:52:13.233Z,28.4,31,28.9,52.8,997.6,22.3,241,85
2026-07-07T07:52:23.234Z,28.2,29.6,28.9,52.8,997.6,22.3,240,84
2026-07-07T07:52:33.230Z,27,30.2,28.9,52.8,997.6,22.2,240,82
2026-07-07T07:52:43.233Z,27.2,32,28.9,52.8,997.6,22.2,240,82
2026-07-07T07:52:53.249Z,28.6,30.6,28.9,52.8,997.6,22.1,240,85
2026-07-07T07:53:03.254Z,30,32.6,28.9,52.8,997.6,22.1,240,88
2026-07-07T07:53:13.230Z,28,30,29,52.9,997.6,22.1,240,84
2026-07-07T07:53:23.232Z,27.6,28.6,29,52.9,997.6,22,240,83
2026-07-07T07:53:33.230Z,29.2,30,29,53,997.6,22,240,86
2026-07-07T07:53:43.226Z,28.4,29.2,29,53,997.6,22,240,85
2026-07-07T07:53:53.237Z,27.4,29.4,29,52.9,997.6,21.9,240,83
2026-07-07T07:54:03.239Z,29.6,33.2,29.1,52.9,997.6,21.9,240,87
2026-07-07T07:54:13.227Z,29.4,33.4,29.1,52.9,997.6,21.8,241,87
2026-07-07T07:54:23.245Z,29,31.4,29.1,52.8,997.6,21.8,241,86
2026-07-07T07:54:33.233Z,28,29.4,29.2,52.7,997.6,21.7,241,84
2026-07-07T07:54:43.239Z,27.6,29,29.2,52.7,997.6,21.6,241,83
2026-07-07T07:54:53.252Z,29,30.2,29.3,52.6,997.6,21.6,240,86
2026-07-07T07:55:03.242Z,28.2,30.6,29.3,52.6,997.6,21.5,240,84
2026-07-07T07:55:13.237Z,28,32,29.4,52.6,997.6,21.5,240,84
2026-07-07T07:55:23.227Z,28.2,33.6,29.4,52.5,997.6,21.4,240,84
2026-07-07T07:55:33.223Z,30,33.4,29.4,52.5,997.6,21.4,240,88
2026-07-07T07:55:43.226Z,27,30.2,29.4,52.5,997.6,21.4,240,82
2026-07-07T07:55:53.224Z,28.2,32,29.5,52.4,997.6,21.4,240,84
2026-07-07T07:56:03.225Z,27.4,33.4,29.5,52.4,997.6,21.4,240,83
2026-07-07T07:56:13.228Z,27,32.4,29.5,52.3,997.6,21.4,240,82
2026-07-07T07:56:23.236Z,26.8,30.2,29.5,52.4,997.6,21.4,240,81
2026-07-07T07:56:33.228Z,27.4,29.2,29.4,52.5,997.6,21.5,240,83
2026-07-07T07:56:43.228Z,27.2,28.8,29.4,52.5,997.6,21.5,240,82
2026-07-07T07:56:53.228Z,29.4,30.8,29.3,52.7,997.6,21.6,240,87
2026-07-07T07:57:03.233Z,29.6,30.6,29.3,52.8,997.6,21.7,240,87
2026-07-07T07:57:13.261Z,28.4,31.4,29.2,53,997.6,21.8,240,85
2026-07-07T07:57:23.229Z,27.6,29.4,29.1,53.1,997.5,22,238,83
2026-07-07T07:57:33.231Z,25.4,26.4,29,53.3,997.5,22.1,240,78
2026-07-07T07:57:43.231Z,24,25.2,28.9,53.5,997.5,22.3,238,76
2026-07-07T07:58:09.818Z,25.6,27.4,28.8,53.6,997.5,22.4,238,79
2026-07-07T07:58:09.819Z,26,28.4,28.7,53.7,997.5,22.6,238,80
2026-07-07T07:58:13.232Z,26,28,28.5,53.8,997.5,22.8,236,80
2026-07-07T07:58:23.243Z,26.6,29.6,28.4,53.9,997.5,23,234,81
2026-07-07T07:58:33.231Z,26.6,30.4,28.3,54.1,997.5,23.2,236,81
2026-07-07T07:58:43.232Z,28.4,30.6,28.2,54.2,997.5,23.4,236,85
2026-07-07T07:58:53.244Z,27.8,30.8,28.1,54.2,997.5,23.5,234,84
2026-07-07T07:59:03.232Z,26,28.4,28,54.3,997.5,23.7,234,80
2026-07-07T07:59:13.226Z,27,28.8,27.9,54.4,997.5,23.9,234,82
2026-07-07T07:59:23.223Z,28.2,30.6,27.8,54.5,997.5,24.1,233,84
2026-07-07T07:59:33.222Z,27,30,27.7,54.5,997.5,24.3,233,82
2026-07-07T07:59:43.223Z,25.8,28.8,27.6,54.5,997.5,24.5,231,79
2026-07-07T07:59:53.222Z,26.4,29.6,27.5,54.5,997.5,24.6,231,81
2026-07-07T08:00:03.239Z,26.6,28.4,27.4,54.6,997.5,24.8,231,81
2026-07-07T08:00:13.226Z,26.6,29.4,27.3,54.6,997.5,25,230,81
2026-07-07T08:00:23.221Z,25.4,27.8,27.2,54.7,997.5,25.2,229,78
2026-07-07T08:00:33.220Z,24.8,27,27.1,54.7,997.5,25.3,229,77
2026-07-07T08:00:43.213Z,24.6,27.6,27,54.7,997.5,25.5,229,77
2026-07-07T08:00:53.214Z,26,27,27,54.8,997.5,25.6,227,80
2026-07-07T08:01:03.218Z,26,28.6,26.9,54.7,997.4,25.8,226,80
2026-07-07T08:01:13.217Z,28.2,30.2,26.8,54.7,997.4,25.9,226,84
2026-07-07T08:01:23.225Z,28,31.2,26.8,54.6,997.4,26.1,226,84
2026-07-07T08:01:33.229Z,27.6,30.4,26.7,54.6,997.4,26.2,223,83
2026-07-07T08:01:43.229Z,28.4,29.8,26.7,54.6,997.4,26.3,223,85
2026-07-07T08:01:53.222Z,28.4,28.6,26.6,54.5,997.4,26.5,224,85
2026-07-07T08:02:03.229Z,28,29,26.6,54.5,997.4,26.6,223,84
2026-07-07T08:02:13.243Z,26.2,27,26.6,54.4,997.4,26.7,221,80
2026-07-07T08:02:23.421Z,26.2,26.2,26.5,54.3,997.4,26.8,221,80
2026-07-07T08:02:33.225Z,27.6,27.6,26.5,54.3,997.4,26.9,221,83
2026-07-07T08:02:43.233Z,26.2,26.8,26.4,54.2,997.4,27.1,221,80
2026-07-07T08:02:53.226Z,26,26.8,26.4,54.2,997.4,27.2,221,80
2026-07-07T08:03:03.239Z,26,28,26.4,54.2,997.4,27.3,221,80
2026-07-07T08:03:13.238Z,26.4,29.6,26.3,54.2,997.4,27.4,220,81
2026-07-07T08:03:23.221Z,28.2,31.2,26.3,54.1,997.4,27.6,220,84
2026-07-07T08:03:33.228Z,28,29.4,26.3,54.1,997.4,27.7,219,84
2026-07-07T08:03:43.229Z,27.6,27.6,26.2,54,997.4,27.8,219,83
2026-07-07T08:03:53.240Z,27.2,28,26.2,53.9,997.4,27.9,219,82
2026-07-07T08:04:03.238Z,27,28,26.2,53.8,997.4,28,218,82
2026-07-07T08:04:13.229Z,26.4,27.8,26.2,53.7,997.4,28.1,218,81
2026-07-07T08:04:23.228Z,26,27.8,26.2,53.6,997.4,28.1,218,80
2026-07-07T08:04:33.230Z,24.8,27.8,26.2,53.5,997.4,28.2,218,77
2026-07-07T08:04:43.222Z,25.8,28.8,26.1,53.4,997.4,28.4,217,79
2026-07-07T08:04:53.230Z,26.6,28.6,26.1,53.3,997.4,28.5,214,81
2026-07-07T08:05:03.217Z,26.4,28.4,26.1,53.2,997.4,28.6,212,81
2026-07-07T08:05:13.214Z,28,29,26.1,53.1,997.4,28.7,211,84
2026-07-07T08:05:23.220Z,27,27.6,26.1,53,997.4,28.8,209,82
2026-07-07T08:05:33.232Z,24.6,27,26.1,52.9,997.4,28.8,208,77
2026-07-07T08:05:43.217Z,24.4,27,26.1,52.8,997.4,28.9,209,76
2026-07-07T08:05:53.219Z,26.2,29,26,52.7,997.4,29.1,208,80
2026-07-07T08:06:03.227Z,27.6,29,26,52.7,997.4,29.2,208,83
2026-07-07T08:06:13.265Z,27.6,29.4,26,52.7,997.4,29.3,209,83
2026-07-07T08:06:23.233Z,26.6,29.8,26,52.6,997.4,29.4,208,81
2026-07-07T08:06:33.218Z,25.8,28.4,26,52.5,997.4,29.5,208,79
2026-07-07T08:06:43.217Z,27,30,25.9,52.5,997.4,29.6,208,82
2026-07-07T08:06:53.230Z,25.6,28.6,25.9,52.4,997.4,29.7,208,79
2026-07-07T08:07:03.229Z,26.4,29.4,25.9,52.3,997.4,29.8,208,81
2026-07-07T08:07:13.216Z,27.6,29.8,25.9,52.3,997.4,29.9,208,83
2026-07-07T08:07:23.215Z,26,28.4,25.9,52.2,997.4,30,209,80
2026-07-07T08:07:33.212Z,24.4,27.6,25.9,52.2,997.4,30.1,210,76
2026-07-07T08:07:43.209Z,24,27,25.9,52.1,997.4,30.2,210,76
2026-07-07T08:07:53.222Z,25,28,25.9,52.1,997.4,30.2,210,78
2026-07-07T08:08:03.209Z,26.4,30,25.9,52,997.4,30.3,208,81
2026-07-07T08:08:13.213Z,26,29,25.8,52,997.4,30.4,208,80
2026-07-07T08:08:23.209Z,25,29,25.8,51.9,997.4,30.5,208,78
2026-07-07T08:08:33.222Z,25,29,25.8,51.9,997.4,30.6,209,78
2026-07-07T08:08:43.260Z,24.6,29,25.8,51.8,997.4,30.6,209,77
2026-07-07T08:08:53.232Z,24.4,26.6,25.8,51.7,997.4,30.7,209,76
2026-07-07T08:09:03.235Z,25,27.8,25.8,51.7,997.4,30.8,208,78
2026-07-07T08:09:13.232Z,24.8,28.8,25.8,51.6,997.4,30.8,208,77
2026-07-07T08:09:23.230Z,25,30,25.8,51.5,997.4,30.9,208,78
2026-07-07T08:09:33.216Z,24.6,30,25.8,51.4,997.4,31,208,77
2026-07-07T08:09:43.210Z,25.4,29.8,25.8,51.4,997.4,31,208,78
2026-07-07T08:09:53.219Z,24.8,28.6,25.8,51.3,997.4,31.1,208,77
2026-07-07T08:10:03.220Z,25.4,29.4,25.8,51.2,997.4,31.2,208,78
2026-07-07T08:10:13.220Z,26,30,25.8,51.2,997.4,31.2,208,80
2026-07-07T08:10:23.224Z,25.6,28.8,25.9,51.1,997.4,31.2,208,79
2026-07-07T08:10:33.215Z,25,26.8,25.9,51,997.4,31.3,208,78
2026-07-07T08:10:43.226Z,24.6,26.4,25.9,50.9,997.3,31.3,206,77
2026-07-07T08:10:53.211Z,25.6,27,25.9,50.9,997.3,31.4,206,79
2026-07-07T08:11:03.220Z,26,27.6,25.9,50.8,997.3,31.5,206,80
2026-07-07T08:11:13.214Z,24,27,25.9,50.8,997.3,31.6,205,76
2026-07-07T08:11:23.218Z,24.8,27,25.9,50.8,997.3,31.6,205,77
2026-07-07T08:11:33.219Z,25.6,28.6,25.8,50.8,997.3,31.7,205,79
2026-07-07T08:11:43.240Z,24,26,25.8,50.9,997.3,31.9,205,76
2026-07-07T08:11:53.223Z,24.4,26.6,25.8,50.9,997.3,32,205,76
2026-07-07T08:12:03.251Z,25.4,27.8,25.7,50.9,997.3,32.1,205,78
2026-07-07T08:12:13.231Z,24,26.6,25.7,50.9,997.3,32.2,206,76
2026-07-07T08:12:23.215Z,26.6,27.4,25.7,51,997.3,32.4,207,81
2026-07-07T08:12:33.217Z,26.6,29,25.6,51,997.3,32.5,207,81
2026-07-07T08:12:43.213Z,25.6,29.2,25.6,51,997.3,32.6,208,79
2026-07-07T08:12:53.212Z,26,27,25.6,51,997.3,32.7,208,80
2026-07-07T08:13:03.219Z,26,27,25.5,51.1,997.3,32.8,208,80
2026-07-07T08:13:13.220Z,25.6,26.8,25.5,51.1,997.3,32.9,208,79
2026-07-07T08:13:23.216Z,24.2,26.8,25.5,51.2,997.3,33.1,208,76
2026-07-07T08:13:33.218Z,25.4,30.2,25.4,51.2,997.3,33.2,208,78
2026-07-07T08:13:43.219Z,25.6,29.2,25.4,51.2,997.3,33.3,205,79
2026-07-07T08:13:53.211Z,26.2,27.2,25.4,51.2,997.3,33.4,208,80
2026-07-07T08:14:03.214Z,26.4,27.6,25.3,51.2,997.3,33.5,205,81
2026-07-07T08:14:13.223Z,25.4,27.4,25.3,51.2,997.3,33.6,205,78
2026-07-07T08:14:23.212Z,24.8,27.4,25.3,51.2,997.3,33.6,205,77
2026-07-07T08:14:33.227Z,26.4,29.4,25.3,51.1,997.3,33.7,205,81
2026-07-07T08:14:43.233Z,25,27.8,25.3,51,997.3,33.7,205,78
2026-07-07T08:14:53.241Z,22.6,25.6,25.3,50.9,997.3,33.7,205,73
2026-07-07T08:15:03.230Z,24,25.8,25.4,50.7,997.3,33.7,205,76
2026-07-07T08:15:13.217Z,25.4,26.4,25.4,50.4,997.3,33.7,203,78
2026-07-07T08:15:23.222Z,26.8,27.6,25.5,50.2,997.3,33.6,203,81
2026-07-07T08:15:33.211Z,26.8,27.6,25.6,50,997.3,33.6,201,81
2026-07-07T08:15:43.213Z,26.2,27,25.6,49.8,997.3,33.6,198,80
2026-07-07T08:15:53.208Z,24.4,25.4,25.7,49.7,997.3,33.6,198,76
2026-07-07T08:16:03.215Z,25.4,27,25.7,49.6,997.3,33.6,198,78
2026-07-07T08:16:13.245Z,27.4,27.4,25.8,49.4,997.3,33.6,198,83
2026-07-07T08:16:23.216Z,26.4,26.4,25.8,49.3,997.3,33.6,198,81
2026-07-07T08:16:33.218Z,24.8,27.2,25.8,49.2,997.3,33.6,197,77
2026-07-07T08:16:43.221Z,24.8,28.6,25.9,49.1,997.3,33.6,197,77
2026-07-07T08:16:53.219Z,24.2,26.8,25.9,49,997.3,33.6,197,76
2026-07-07T08:17:03.228Z,23.4,26,25.9,48.9,997.3,33.6,197,74
2026-07-07T08:17:13.243Z,25.2,29,25.9,48.8,997.3,33.7,197,78
2026-07-07T08:17:23.220Z,25.6,29.6,25.9,48.8,997.3,33.7,197,79
2026-07-07T08:17:33.237Z,25.6,29.6,26,48.7,997.3,33.8,197,79
2026-07-07T08:17:43.215Z,25,29,26,48.6,997.3,33.8,197,78
2026-07-07T08:17:53.214Z,26.8,30,26,48.5,997.3,33.8,195,81
2026-07-07T08:18:03.212Z,26.6,29.6,26,48.4,997.3,33.9,194,81
2026-07-07T08:18:13.214Z,27,30.6,26,48.4,997.3,33.9,195,82
2026-07-07T08:18:23.226Z,27.6,30.8,26.1,48.3,997.3,34,194,83
2026-07-07T08:18:33.228Z,27.2,29.2,26.1,48.1,997.3,34,192,82
2026-07-07T08:18:43.214Z,26,27,26.1,47.9,997.3,34,192,80
2026-07-07T08:18:53.220Z,27.2,28.4,26.2,47.8,997.3,34,192,82
2026-07-07T08:19:03.223Z,26.8,27.8,26.2,47.7,997.3,34,191,81
2026-07-07T08:19:13.225Z,25.2,26.6,26.2,47.6,997.3,34,192,78
2026-07-07T08:19:23.216Z,24.4,27,26.3,47.5,997.3,34,192,76
2026-07-07T08:19:33.216Z,25.6,27.6,26.3,47.4,997.3,34.1,192,79
2026-07-07T08:19:43.211Z,26,28.8,26.3,47.4,997.3,34.1,192,80
2026-07-07T08:19:53.201Z,24.2,27.2,26.3,47.3,997.3,34.1,192,76
2026-07-07T08:20:03.212Z,24,27,26.4,47.2,997.4,34.1,192,76
2026-07-07T08:20:13.214Z,25.6,28.6,26.4,47.1,997.4,34.2,192,79
2026-07-07T08:20:23.212Z,25,28,26.4,47,997.4,34.2,192,78
2026-07-07T08:20:33.209Z,24.6,27.4,26.5,46.9,997.4,34.2,192,77
2026-07-07T08:20:43.205Z,26.6,28.4,26.5,46.8,997.4,34.2,192,81
2026-07-07T08:20:53.217Z,27.4,28.4,26.5,46.7,997.4,34.3,192,83
2026-07-07T08:21:03.213Z,25.6,26.8,26.5,46.6,997.4,34.3,192,79
2026-07-07T08:21:13.209Z,26,28.4,26.5,46.6,997.4,34.4,192,80
2026-07-07T08:21:23.214Z,25.6,28.4,26.5,46.6,997.4,34.4,192,79
2026-07-07T08:21:33.225Z,25,26,26.5,46.5,997.4,34.5,192,78
2026-07-07T08:21:43.221Z,25.6,25.6,26.5,46.5,997.4,34.6,191,79
2026-07-07T08:21:53.234Z,25.2,25.2,26.5,46.5,997.4,34.7,191,78
2026-07-07T08:22:03.229Z,25.6,25.6,26.5,46.6,997.4,34.8,191,79
2026-07-07T08:22:13.224Z,25.6,25.6,26.5,46.6,997.4,34.9,190,79
2026-07-07T08:22:23.217Z,25.8,26.2,26.4,46.7,997.4,35,190,79
2026-07-07T08:22:33.205Z,26.4,27.8,26.4,46.7,997.4,35.1,191,81
2026-07-07T08:22:43.206Z,26.2,28,26.4,46.8,997.4,35.2,191,80
2026-07-07T08:22:53.201Z,25.2,26.6,26.3,46.8,997.4,35.3,191,78
2026-07-07T08:23:03.218Z,25.4,25.4,26.3,46.8,997.4,35.4,191,78
2026-07-07T08:23:13.212Z,25,28,26.2,46.9,997.4,35.5,191,78
2026-07-07T08:23:23.201Z,24.8,27.8,26.2,46.9,997.4,35.6,190,77
2026-07-07T08:23:33.226Z,26.4,29.4,26.2,46.9,997.4,35.7,190,81
2026-07-07T08:23:43.238Z,24.4,27,26.2,46.9,997.4,35.8,190,76
2026-07-07T08:23:53.219Z,23.6,25,26.1,46.9,997.4,35.9,190,75
2026-07-07T08:24:03.214Z,22.4,23.4,26.1,46.9,997.4,35.9,190,72
2026-07-07T08:24:13.215Z,23.4,25,26.1,46.9,997.4,36,190,74
2026-07-07T08:24:23.214Z,23.4,25.6,26.1,46.8,997.4,36,190,74
2026-07-07T08:24:33.218Z,23.8,26,26.1,46.8,997.4,36.1,190,75
2026-07-07T08:24:43.230Z,24.6,27.2,26.1,46.7,997.4,36.1,189,77
2026-07-07T08:24:53.211Z,25,27,26.1,46.6,997.4,36.2,189,78
2026-07-07T08:25:03.218Z,25.4,27.4,26.2,46.6,997.4,36.2,189,78
2026-07-07T08:25:13.212Z,24.6,26.8,26.2,46.5,997.4,36.2,188,77
2026-07-07T08:25:23.211Z,24.6,26.8,26.2,46.3,997.4,36.2,187,77
2026-07-07T08:25:33.212Z,24,29,26.3,46.2,997.4,36.2,187,76
2026-07-07T08:25:43.222Z,24.6,29,26.3,46.1,997.4,36.2,186,77
2026-07-07T08:25:53.246Z,23.6,28,26.3,46,997.4,36.2,185,75
2026-07-07T08:26:03.217Z,25.6,28.6,26.4,45.9,997.4,36.3,185,79
2026-07-07T08:26:13.257Z,25.2,29.2,26.4,45.9,997.4,36.3,185,78
2026-07-07T08:26:23.215Z,23.8,27.2,26.4,45.8,997.4,36.3,186,75
2026-07-07T08:26:33.207Z,23.8,27.6,26.4,45.8,997.4,36.3,185,75
2026-07-07T08:26:43.208Z,24,27.8,26.5,45.7,997.4,36.3,185,76
2026-07-07T08:26:53.211Z,23.6,25.6,26.5,45.6,997.4,36.3,186,75
2026-07-07T08:27:03.366Z,24.2,25.6,26.5,45.6,997.4,36.3,185,76
2026-07-07T08:27:13.209Z,25,26,26.5,45.5,997.4,36.3,185,78
2026-07-07T08:27:23.227Z,23.4,24.4,26.6,45.4,997.4,36.3,186,74
2026-07-07T08:27:33.215Z,24,25,26.6,45.3,997.4,36.4,186,76
2026-07-07T08:27:43.209Z,24.4,26,26.6,45.2,997.4,36.4,186,76
2026-07-07T08:27:53.251Z,24.8,27.8,26.7,45.1,997.4,36.4,186,77
2026-07-07T08:28:03.217Z,25,28,26.7,45,997.4,36.4,186,78
2026-07-07T08:28:13.264Z,24.6,27.6,26.7,44.9,997.4,36.4,186,77
2026-07-07T08:28:23.209Z,23.2,25.4,26.7,44.8,997.4,36.4,186,74
2026-07-07T08:28:33.214Z,23.4,25.4,26.8,44.7,997.4,36.5,186,74
2026-07-07T08:28:43.273Z,24.2,26,26.8,44.6,997.4,36.5,186,76
2026-07-07T08:28:53.219Z,24.8,27.8,26.8,44.5,997.4,36.5,186,77
2026-07-07T08:29:03.288Z,25.4,27.8,26.8,44.5,997.4,36.6,185,78
2026-07-07T08:29:13.215Z,25,26,26.8,44.4,997.4,36.6,185,78
2026-07-07T08:29:23.252Z,26.2,27.2,26.9,44.4,997.4,36.6,183,80
2026-07-07T08:29:33.216Z,27.4,28.4,26.9,44.3,997.4,36.7,183,83
2026-07-07T08:29:43.216Z,26,27,26.9,44.2,997.4,36.7,183,80
2026-07-07T08:29:53.242Z,26,28,26.9,44.1,997.4,36.7,182,80
2026-07-07T08:30:03.215Z,24,26.4,26.9,44.1,997.4,36.8,182,76
2026-07-07T08:30:13.297Z,23.8,25.4,26.9,44,997.4,36.8,181,75
2026-07-07T08:30:23.213Z,25.4,27,26.9,43.9,997.4,36.9,181,78
2026-07-07T08:30:33.223Z,24.4,25.4,27,43.9,997.4,37,181,76
2026-07-07T08:30:43.389Z,23.6,24.6,27,43.9,997.4,37,181,75
2026-07-07T08:30:53.211Z,23.4,24,27,43.8,997.4,37,181,74
2026-07-07T08:31:03.220Z,23.4,25.4,27,43.8,997.4,37.1,181,74
2026-07-07T08:31:13.227Z,22,25,27,43.8,997.4,37.1,181,71
2026-07-07T08:31:23.213Z,23,26,27,43.7,997.4,37.2,181,73
2026-07-07T08:31:33.267Z,22,25,27,43.7,997.4,37.3,181,71
2026-07-07T08:31:43.231Z,23.6,26.8,27,43.7,997.4,37.3,181,75
2026-07-07T08:31:53.238Z,24.6,25.8,26.9,43.7,997.4,37.4,181,77
2026-07-07T08:32:03.218Z,24.8,25.8,26.9,43.7,997.4,37.5,182,77
2026-07-07T08:32:13.240Z,25.6,25.6,26.9,43.8,997.4,37.6,182,79
2026-07-07T08:32:23.220Z,24.6,25.4,26.9,43.8,997.4,37.7,181,77
2026-07-07T08:32:33.215Z,24,26,26.9,43.8,997.4,37.7,181,76
2026-07-07T08:32:43.224Z,24.8,26.8,26.8,43.9,997.4,37.9,181,77
2026-07-07T08:32:53.219Z,22.8,25.2,26.8,43.9,997.4,37.9,181,73
2026-07-07T08:33:03.288Z,23.4,26.2,26.8,43.9,997.4,38,181,74
2026-07-07T08:33:13.214Z,24.8,28.8,26.7,43.9,997.4,38.2,181,77
2026-07-07T08:33:23.212Z,23.4,28.4,26.7,44,997.4,38.3,181,74
2026-07-07T08:33:33.274Z,22.8,27.4,26.7,44.1,997.4,38.4,181,73
2026-07-07T08:33:43.211Z,23.2,27.6,26.6,44.1,997.4,38.5,181,74
2026-07-07T08:33:53.229Z,23.6,26.6,26.6,44.2,997.4,38.6,181,75
2026-07-07T08:34:03.213Z,24,26.8,26.6,44.2,997.4,38.7,181,76
2026-07-07T08:34:13.220Z,23.4,23.8,26.5,44.3,997.4,38.8,181,74
2026-07-07T08:34:23.274Z,24.4,25,26.5,44.3,997.4,38.9,180,76
2026-07-07T08:34:33.201Z,24.6,26.2,26.5,44.3,997.4,39,181,77
2026-07-07T08:34:43.258Z,24.8,28.8,26.4,44.3,997.4,39,180,77
2026-07-07T08:34:53.205Z,25,27.6,26.4,44.4,997.4,39.1,180,78
2026-07-07T08:35:03.213Z,26.4,27.4,26.4,44.4,997.4,39.2,182,81
2026-07-07T08:35:13.201Z,25.6,28.6,26.3,44.5,997.4,39.3,180,79
2026-07-07T08:35:23.202Z,24,27.6,26.3,44.5,997.4,39.4,179,76
2026-07-07T08:35:33.301Z,22.6,26,26.3,44.6,997.4,39.6,180,73
2026-07-07T08:35:43.209Z,24,26.6,26.2,44.7,997.4,39.7,179,76
2026-07-07T08:35:53.223Z,23.4,25.8,26.2,44.7,997.4,39.8,180,74
2026-07-07T08:36:03.284Z,25,26.2,26.1,44.8,997.4,39.9,182,78
2026-07-07T08:36:13.218Z,25,27.2,26.1,44.9,997.4,40,182,78
2026-07-07T08:36:23.209Z,24.2,26,26,45,997.4,40.1,182,76
2026-07-07T08:36:33.214Z,24,26,26,45,997.4,40.2,183,76
2026-07-07T08:36:43.213Z,22.6,24.6,26,45.1,997.4,40.3,183,73
2026-07-07T08:36:53.204Z,21,24,25.9,45.1,997.4,40.4,183,69
2026-07-07T08:37:03.225Z,22.8,25.8,25.9,45.1,997.4,40.5,183,73
2026-07-07T08:37:13.206Z,22.2,24.8,25.9,45.1,997.4,40.5,183,72
2026-07-07T08:37:23.225Z,23.6,26.8,25.9,45.1,997.4,40.6,183,75
2026-07-07T08:37:33.250Z,24.6,27,25.8,45.1,997.4,40.7,183,77
2026-07-07T08:37:43.218Z,24,25,25.8,45.2,997.4,40.8,184,76
2026-07-07T08:37:53.527Z,25,25.8,25.8,45.2,997.4,40.9,184,78
2026-07-07T08:38:03.224Z,24.6,25.6,25.8,45.3,997.4,41,183,77
2026-07-07T08:38:13.228Z,25.4,27,25.7,45.3,997.4,41,183,78
2026-07-07T08:38:23.224Z,26.2,27.2,25.7,45.4,997.3,41.1,182,80
2026-07-07T08:38:33.210Z,23.8,25.6,25.7,45.4,997.3,41.2,182,75
2026-07-07T08:38:43.233Z,23.4,25.6,25.6,45.5,997.3,41.3,182,74
2026-07-07T08:38:53.203Z,23,25,25.6,45.5,997.3,41.4,182,73
2026-07-07T08:39:03.276Z,23.2,25.2,25.6,45.5,997.3,41.5,182,74
2026-07-07T08:39:13.218Z,23,25,25.6,45.6,997.3,41.6,182,73
2026-07-07T08:39:23.204Z,23.4,26.8,25.6,45.6,997.3,41.6,182,74
2026-07-07T08:39:33.317Z,24.8,27.8,25.6,45.6,997.3,41.6,181,77
2026-07-07T08:39:43.205Z,24.2,25,25.5,45.6,997.3,41.7,182,76
2026-07-07T08:39:53.272Z,24,25.8,25.5,45.7,997.3,41.7,182,76
2026-07-07T08:40:03.217Z,22,25,25.6,45.6,997.3,41.7,182,71
2026-07-07T08:40:13.205Z,22.8,25,25.6,45.5,997.3,41.7,181,73
2026-07-07T08:40:23.232Z,23.6,26.6,25.6,45.5,997.3,41.6,182,75
2026-07-07T08:40:33.217Z,24.2,26.2,25.6,45.4,997.3,41.6,182,76
2026-07-07T08:40:43.274Z,25,27,25.7,45.3,997.3,41.6,181,78
2026-07-07T08:40:53.204Z,25,27,25.7,45.3,997.3,41.5,182,78
2026-07-07T08:41:03.214Z,25.8,27.6,25.7,45.2,997.3,41.5,181,79
2026-07-07T08:41:13.272Z,24.2,25,25.7,45.1,997.3,41.5,181,76
2026-07-07T08:41:23.207Z,23.6,23.6,25.8,45,997.3,41.4,181,75
2026-07-07T08:41:33.217Z,24.8,25.8,25.8,44.9,997.3,41.4,181,77
2026-07-07T08:41:43.205Z,24.6,27.6,25.8,44.9,997.3,41.4,181,77
2026-07-07T08:41:53.262Z,24,28,25.9,44.8,997.3,41.4,180,76
2026-07-07T08:42:03.204Z,23.2,26.6,25.9,44.8,997.3,41.4,180,74
2026-07-07T08:42:13.205Z,23.6,27,25.9,44.7,997.3,41.4,180,75
2026-07-07T08:42:23.306Z,26.2,28.4,25.9,44.7,997.3,41.4,180,80
2026-07-07T08:42:33.206Z,25.4,27,25.9,44.6,997.3,41.4,180,78
2026-07-07T08:42:43.309Z,25.4,26.6,26,44.5,997.3,41.4,180,78
2026-07-07T08:42:53.205Z,25.4,26.4,26,44.5,997.3,41.4,180,78
2026-07-07T08:43:03.219Z,23,24,26,44.4,997.3,41.4,179,73
2026-07-07T08:43:13.219Z,23,24,26,44.4,997.3,41.4,179,73
2026-07-07T08:43:23.217Z,23,23.2,26,44.4,997.3,41.4,179,73
2026-07-07T08:43:33.265Z,23.2,23.2,26,44.3,997.3,41.4,179,74
2026-07-07T08:43:43.221Z,24,25,26,44.3,997.3,41.5,179,76
2026-07-07T08:43:53.203Z,24.4,25.8,26,44.2,997.3,41.5,178,76
2026-07-07T08:44:03.253Z,24.2,26,26,44.2,997.3,41.5,178,76
2026-07-07T08:44:13.210Z,24.4,26.4,26,44.3,997.3,41.6,178,76
2026-07-07T08:44:23.832Z,25,26,26,44.3,997.3,41.7,178,78
2026-07-07T08:44:33.205Z,24.2,25.8,26,44.4,997.3,41.8,178,76
2026-07-07T08:44:43.213Z,24.6,26.4,25.9,44.4,997.2,41.9,178,77
2026-07-07T08:44:53.205Z,25.2,26.4,25.9,44.5,997.2,42,179,78
2026-07-07T08:45:03.199Z,25.8,26,25.9,44.5,997.2,42.1,178,79
2026-07-07T08:45:13.291Z,24,24,25.8,44.6,997.2,42.3,178,76
2026-07-07T08:45:23.253Z,24,25.2,25.8,44.6,997.2,42.4,178,76
2026-07-07T08:45:33.262Z,24.8,26.4,25.8,44.7,997.2,42.5,179,77
2026-07-07T08:45:43.199Z,24.6,26.2,25.7,44.7,997.2,42.6,179,77
2026-07-07T08:45:53.202Z,22.8,25,25.7,44.7,997.2,42.7,179,73
2026-07-07T08:46:03.262Z,22.2,23.2,25.7,44.8,997.2,42.8,179,72
2026-07-07T08:46:13.207Z,22.8,24,25.6,44.8,997.2,43,179,73
2026-07-07T08:46:23.238Z,23.8,25.8,25.6,44.8,997.2,43.1,177,75
2026-07-07T08:46:33.210Z,23.6,25.6,25.6,44.8,997.2,43.1,177,75
2026-07-07T08:46:43.205Z,21.8,24.4,25.6,44.8,997.2,43.2,177,71
2026-07-07T08:46:53.240Z,21.4,23.4,25.6,44.8,997.2,43.3,177,70
2026-07-07T08:47:03.205Z,23.8,26.6,25.5,44.8,997.2,43.3,177,75
2026-07-07T08:47:13.313Z,24.6,25.2,25.5,44.8,997.2,43.4,177,77
2026-07-07T08:47:23.216Z,25.2,25.6,25.5,44.8,997.2,43.5,177,78
2026-07-07T08:47:33.201Z,25.8,27.4,25.5,44.9,997.2,43.5,177,79
2026-07-07T08:47:43.266Z,25,27,25.5,44.9,997.2,43.6,176,78
2026-07-07T08:47:53.198Z,22.6,24.2,25.5,44.9,997.2,43.7,176,73
2026-07-07T08:48:03.244Z,23.8,25.2,25.5,44.9,997.2,43.7,176,75
2026-07-07T08:48:13.207Z,24,24.4,25.5,44.9,997.2,43.8,176,76
2026-07-07T08:48:23.272Z,23.6,23.6,25.4,44.9,997.2,43.8,177,75
2026-07-07T08:48:33.197Z,23.2,23.8,25.4,44.9,997.2,43.9,177,74
2026-07-07T08:48:43.194Z,23,24,25.4,44.9,997.2,43.9,177,73
2026-07-07T08:48:53.215Z,24.2,24.8,25.4,44.9,997.2,44,177,76
2026-07-07T08:49:03.202Z,24.8,25.8,25.4,44.9,997.2,44.1,177,77
2026-07-07T08:49:13.340Z,23,24.6,25.4,44.9,997.2,44.2,177,73
2026-07-07T08:49:23.194Z,23.8,25,25.4,44.9,997.2,44.3,177,75
2026-07-07T08:49:33.194Z,22.4,25.2,25.3,45,997.2,44.4,177,72
2026-07-07T08:49:43.221Z,22.6,25.6,25.3,45,997.2,44.4,178,73
2026-07-07T08:49:53.221Z,22.4,24.4,25.3,45.1,997.2,44.5,179,72
2026-07-07T08:50:03.205Z,22.4,25.2,25.3,45.1,997.2,44.6,179,72
2026-07-07T08:50:13.200Z,22.4,24.4,25.3,45.1,997.2,44.7,179,72
2026-07-07T08:50:23.202Z,24.8,25.2,25.3,45,997.2,44.7,178,77
2026-07-07T08:50:33.204Z,24.6,25.6,25.3,45,997.3,44.7,178,77
2026-07-07T08:50:43.212Z,24.4,25.6,25.3,45,997.3,44.8,178,76
2026-07-07T08:50:53.202Z,23.6,26.2,25.3,45,997.3,44.8,177,75
2026-07-07T08:51:03.205Z,22,24.6,25.3,45,997.3,44.8,176,71
2026-07-07T08:51:13.243Z,21,23,25.2,45,997.3,44.9,176,69
2026-07-07T08:51:23.211Z,21.8,23.8,25.2,45,997.3,44.9,176,71
2026-07-07T08:51:33.204Z,21.6,23.6,25.2,45,997.3,45,176,70
2026-07-07T08:51:43.299Z,23.6,25.6,25.2,45,997.3,45,176,75
2026-07-07T08:51:53.207Z,23.6,25,25.2,45,997.3,45.1,176,75
2026-07-07T08:52:03.293Z,23,25,25.2,45,997.3,45.1,176,73
2026-07-07T08:52:13.231Z,23,25,25.2,45,997.3,45.1,176,73
2026-07-07T08:52:23.205Z,23.8,25.4,25.2,45,997.3,45.2,176,75
2026-07-07T08:52:33.217Z,24,26.4,25.2,44.9,997.3,45.2,176,76
2026-07-07T08:52:43.202Z,22.6,25.6,25.2,44.9,997.3,45.2,176,73
2026-07-07T08:52:53.232Z,24.2,26.8,25.2,44.9,997.3,45.2,176,76
2026-07-07T08:53:03.201Z,24.4,26,25.2,44.9,997.3,45.2,176,76
2026-07-07T08:53:13.210Z,24,26.8,25.2,44.9,997.3,45.3,176,76
2026-07-07T08:53:23.274Z,23.4,28.2,25.2,44.8,997.3,45.3,176,74
2026-07-07T08:53:33.260Z,23.6,27.2,25.2,44.8,997.3,45.3,176,75
2026-07-07T08:53:43.250Z,24.8,27,25.2,44.8,997.3,45.3,176,77
2026-07-07T08:53:53.190Z,25.6,27,25.2,44.8,997.3,45.3,176,79
2026-07-07T08:54:03.207Z,24.2,25.2,25.2,44.8,997.3,45.3,176,76
2026-07-07T08:54:13.200Z,24.4,25.4,25.2,44.7,997.3,45.3,176,76
2026-07-07T08:54:23.192Z,23.4,25,25.2,44.7,997.3,45.3,176,74
2026-07-07T08:54:33.228Z,23.6,24.6,25.2,44.7,997.3,45.4,176,75
2026-07-07T08:54:43.189Z,22,23,25.2,44.7,997.3,45.4,176,71
2026-07-07T08:54:53.198Z,24,24,25.2,44.8,997.3,45.5,176,76
2026-07-07T08:55:03.199Z,22.6,24,25.2,44.8,997.3,45.5,176,73
2026-07-07T08:55:13.284Z,21.4,23.4,25.2,44.8,997.3,45.6,176,70
2026-07-07T08:55:23.193Z,20.4,23.4,25.2,44.8,997.3,45.6,176,68
2026-07-07T08:55:33.197Z,22,24,25.2,44.8,997.3,45.7,176,71
2026-07-07T08:55:43.199Z,21.6,23.6,25.2,44.7,997.3,45.7,176,70
2026-07-07T08:55:53.200Z,21.8,23.8,25.2,44.7,997.3,45.7,176,71
2026-07-07T08:56:03.193Z,20.8,23.4,25.2,44.6,997.3,45.7,176,69
2026-07-07T08:56:13.194Z,20,23.4,25.2,44.6,997.3,45.8,176,67
2026-07-07T08:56:23.204Z,20.6,22.2,25.2,44.6,997.3,45.8,176,68
2026-07-07T08:56:33.294Z,21.8,24.2,25.2,44.6,997.3,45.8,176,71
2026-07-07T08:56:43.197Z,22.6,25.6,25.2,44.5,997.3,45.8,176,73
2026-07-07T08:56:53.203Z,22.8,24.8,25.2,44.5,997.3,45.8,176,73
2026-07-07T08:57:03.208Z,23,23.8,25.2,44.5,997.3,45.8,176,73
2026-07-07T08:57:13.201Z,23.4,24,25.3,44.4,997.3,45.8,176,74
2026-07-07T08:57:23.194Z,23,24.8,25.3,44.4,997.3,45.8,176,73
2026-07-07T08:57:33.188Z,24,25.4,25.3,44.4,997.3,45.8,176,76
2026-07-07T08:57:43.200Z,24,24.8,25.3,44.3,997.3,45.8,176,76
2026-07-07T08:57:53.190Z,22.6,23.2,25.3,44.2,997.3,45.7,177,73
2026-07-07T08:58:03.188Z,22.4,25.4,25.3,44.2,997.2,45.8,176,72
2026-07-07T08:58:13.190Z,23,26,25.3,44.2,997.2,45.8,176,73
2026-07-07T08:58:23.189Z,23.6,25,25.3,44.1,997.2,45.8,176,75
2026-07-07T08:58:33.205Z,23.4,23.4,25.3,44.1,997.2,45.8,176,74
2026-07-07T08:58:43.199Z,22.8,23.8,25.4,44.1,997.2,45.8,176,73
2026-07-07T08:58:53.204Z,21,23.2,25.4,44.1,997.2,45.8,176,69
2026-07-07T08:59:03.202Z,19.4,20.8,25.4,44,997.2,45.8,176,66
2026-07-07T08:59:13.200Z,21,22,25.4,44,997.2,45.7,176,69
2026-07-07T08:59:23.199Z,21.6,22.6,25.4,43.9,997.2,45.7,176,70
2026-07-07T08:59:33.262Z,22,23,25.5,43.9,997.2,45.6,176,71
2026-07-07T08:59:43.190Z,21.6,23.2,25.5,43.8,997.2,45.6,176,70
2026-07-07T08:59:53.184Z,22.2,23.2,25.5,43.7,997.2,45.5,176,72
2026-07-07T09:00:03.221Z,23.6,23.8,25.6,43.7,997.2,45.4,176,75
2026-07-07T09:00:13.188Z,23.2,23.2,25.6,43.6,997.2,45.4,176,74
2026-07-07T09:00:23.185Z,23.4,25,25.6,43.6,997.2,45.3,176,74
2026-07-07T09:00:33.194Z,23.4,24.4,25.6,43.6,997.2,45.3,176,74
2026-07-07T09:00:43.193Z,23.4,24.4,25.7,43.6,997.2,45.2,176,74
2026-07-07T09:00:53.201Z,23.6,25.2,25.7,43.6,997.2,45.2,176,75
2026-07-07T09:01:03.197Z,24,26,25.7,43.6,997.2,45.1,176,76
2026-07-07T09:01:13.212Z,23.6,24.6,25.7,43.5,997.2,45.1,176,75
2026-07-07T09:01:23.201Z,24.4,24.4,25.8,43.5,997.2,45,176,76
2026-07-07T09:01:33.202Z,24,24,25.8,43.4,997.2,45,176,76
2026-07-07T09:01:43.204Z,22.2,24,25.8,43.4,997.2,44.9,177,72
2026-07-07T09:01:53.199Z,22.4,26,25.8,43.3,997.2,44.9,176,72
2026-07-07T09:02:03.202Z,22,25,25.9,43.2,997.2,44.8,176,71
2026-07-07T09:02:13.199Z,23.2,26,25.9,43.1,997.2,44.8,176,74
2026-07-07T09:02:23.194Z,23.6,25,25.9,43.1,997.2,44.7,176,75
2026-07-07T09:02:33.215Z,23.4,24.4,26,43,997.2,44.7,176,74
2026-07-07T09:02:43.202Z,24,25.6,26,43,997.2,44.6,176,76
2026-07-07T09:02:53.211Z,23,27,26,43,997.2,44.7,176,73
2026-07-07T09:03:03.215Z,22,24.8,26,43,997.2,44.7,176,71
2026-07-07T09:03:13.196Z,22.8,25.8,26,43.1,997.2,44.7,176,73
2026-07-07T09:03:23.199Z,23.4,26.6,25.9,43.1,997.2,44.8,176,74
2026-07-07T09:03:33.195Z,23.4,26.6,25.9,43.1,997.2,44.8,176,74
2026-07-07T09:03:43.191Z,22.4,24.8,25.9,43.1,997.2,44.9,176,72
2026-07-07T09:03:53.187Z,23.4,24.4,25.9,43.1,997.2,44.9,176,74
2026-07-07T09:04:03.189Z,22.4,24.8,25.9,43.1,997.2,44.9,176,72
2026-07-07T09:04:13.190Z,21,23.6,25.9,43.1,997.2,44.9,176,69
2026-07-07T09:04:23.187Z,22,25,25.9,43,997.2,44.9,176,71
2026-07-07T09:04:33.207Z,22.2,27,25.9,43,997.2,44.9,176,72
2026-07-07T09:04:43.198Z,21.6,26.6,25.9,43,997.2,45,176,70
2026-07-07T09:04:53.198Z,21,25.6,26,42.9,997.3,45,176,69
2026-07-07T09:05:03.197Z,22,26,26,42.9,997.3,45,176,71
2026-07-07T09:05:13.191Z,21.4,24.6,26,42.9,997.3,45,176,70
2026-07-07T09:05:23.194Z,23,25,26,42.8,997.3,45,176,73
2026-07-07T09:05:33.201Z,22.6,25.6,26,42.7,997.3,45,176,73
2026-07-07T09:05:43.198Z,23.4,25.4,26,42.7,997.3,45,176,74
2026-07-07T09:05:53.190Z,23,25.6,26,42.6,997.3,45,176,73
2026-07-07T09:06:03.189Z,24,26,26,42.6,997.3,45,176,76
2026-07-07T09:06:13.224Z,24,28,26,42.7,997.3,45,176,76
2026-07-07T09:06:23.186Z,22.4,27.4,26,42.7,997.3,45.1,176,72
2026-07-07T09:06:33.193Z,21.4,25.6,26,42.7,997.3,45.2,176,70
2026-07-07T09:06:43.191Z,21,24.2,26,42.8,997.3,45.3,176,69
2026-07-07T09:06:53.189Z,20.4,23.4,25.9,42.9,997.3,45.3,176,68
2026-07-07T09:07:03.219Z,21.8,23,25.9,42.9,997.3,45.4,176,71
2026-07-07T09:07:13.209Z,21.8,23.2,25.9,43,997.3,45.5,176,71
2026-07-07T09:07:23.196Z,23.4,25.6,25.9,43,997.3,45.5,176,74
2026-07-07T09:07:33.193Z,21.4,24.6,25.9,43,997.3,45.5,176,70
2026-07-07T09:07:43.217Z,21.6,23.6,25.9,43,997.3,45.6,176,70
2026-07-07T09:07:53.189Z,23.4,24.8,25.9,43,997.3,45.6,176,74
2026-07-07T09:08:03.212Z,23.6,23.6,25.9,43,997.3,45.6,176,75
2026-07-07T09:08:13.191Z,23.2,23.2,25.9,43,997.3,45.7,176,74
2026-07-07T09:08:23.203Z,24,24,25.8,42.9,997.3,45.7,176,76
2026-07-07T09:08:33.248Z,24.4,24.4,25.9,42.9,997.3,45.8,176,76
2026-07-07T09:08:43.189Z,23,24.6,25.9,42.9,997.3,45.8,176,73
2026-07-07T09:08:53.190Z,22,24,25.9,42.8,997.3,45.8,176,71
2026-07-07T09:09:03.194Z,22.8,25.6,25.9,42.8,997.3,45.8,176,73
2026-07-07T09:09:13.202Z,24.2,25.8,25.9,42.8,997.3,45.8,176,76
2026-07-07T09:09:23.199Z,23.6,25.6,25.9,42.8,997.3,45.8,176,75
2026-07-07T09:09:33.200Z,23.4,25.6,25.9,42.7,997.3,45.8,176,74
2026-07-07T09:09:43.198Z,22.8,25.8,25.9,42.6,997.3,45.8,176,73
2026-07-07T09:09:53.197Z,23,25,25.9,42.6,997.3,45.8,176,73
2026-07-07T09:10:03.197Z,21.4,23.2,25.9,42.6,997.4,45.8,176,70
2026-07-07T09:10:13.203Z,21.8,23.2,25.9,42.5,997.4,45.8,176,71
2026-07-07T09:10:23.203Z,22.2,24.4,26,42.5,997.4,45.8,176,72
2026-07-07T09:10:33.209Z,25.4,28,26,42.5,997.4,45.8,176,78
2026-07-07T09:10:43.196Z,23.2,26,26,42.5,997.4,45.8,176,74
2026-07-07T09:10:53.196Z,25.2,26.2,26,42.4,997.4,45.8,176,78
2026-07-07T09:11:03.192Z,23.4,26,26,42.4,997.4,45.8,176,74
2026-07-07T09:11:13.192Z,24.2,27.8,26,42.3,997.4,45.8,176,76
2026-07-07T09:11:23.202Z,22.2,26,26,42.3,997.4,45.8,176,72
2026-07-07T09:11:33.202Z,23.8,26.8,26,42.3,997.4,45.8,176,75
2026-07-07T09:11:43.201Z,22.2,25.2,26,42.3,997.4,45.8,176,72
2026-07-07T09:11:53.194Z,22,24.6,26,42.3,997.4,45.9,176,71
2026-07-07T09:12:03.223Z,23.6,24.6,26,42.4,997.4,45.9,176,75
2026-07-07T09:12:13.197Z,22.2,24,26,42.4,997.4,46,176,72
2026-07-07T09:12:23.192Z,20.6,22.6,26,42.4,997.4,46.1,176,68
2026-07-07T09:12:33.206Z,21,23,25.9,42.4,997.4,46.2,176,69
2026-07-07T09:12:43.202Z,21,22.2,25.9,42.4,997.4,46.3,176,69
2026-07-07T09:12:53.198Z,23,23,25.9,42.5,997.4,46.3,176,73
2026-07-07T09:13:03.198Z,22.6,22.6,25.9,42.5,997.4,46.4,176,73
2026-07-07T09:13:13.198Z,22.8,22.8,25.8,42.6,997.4,46.5,176,73
2026-07-07T09:13:23.194Z,22.6,22.6,25.8,42.7,997.4,46.6,176,73
2026-07-07T09:13:33.195Z,23,24,25.8,42.7,997.4,46.7,176,73
2026-07-07T09:13:43.197Z,22.6,24.6,25.7,42.8,997.4,46.8,176,73
2026-07-07T09:13:53.202Z,21.4,22,25.7,42.9,997.4,46.9,176,70
2026-07-07T09:14:03.196Z,22.6,22.6,25.6,43,997.4,47,176,73
2026-07-07T09:14:13.194Z,22.4,23.4,25.6,43,997.4,47.1,176,72
2026-07-07T09:14:23.195Z,22.6,23.6,25.6,43.1,997.4,47.1,176,73
2026-07-07T09:14:33.202Z,22,23,25.6,43.1,997.4,47.1,176,71
2026-07-07T09:14:43.189Z,22.4,24.2,25.6,43.1,997.4,47.2,176,72
2026-07-07T09:14:53.187Z,22,23,25.6,43,997.4,47.2,176,71
2026-07-07T09:15:03.189Z,23.4,24.4,25.6,43,997.4,47.2,176,74
2026-07-07T09:15:13.187Z,24.4,24.4,25.6,42.9,997.4,47.1,176,76
2026-07-07T09:15:23.182Z,25.4,25.8,25.6,42.9,997.4,47.1,176,78
2026-07-07T09:15:33.200Z,25.4,25.8,25.7,42.8,997.4,47,176,78
2026-07-07T09:15:43.225Z,23.6,24.4,25.7,42.7,997.4,47,176,75
2026-07-07T09:15:53.190Z,22.6,25.6,25.7,42.6,997.4,46.9,176,73
2026-07-07T09:16:03.193Z,23,24,25.8,42.6,997.4,46.9,176,73
2026-07-07T09:16:13.201Z,23,23,25.8,42.5,997.4,46.9,176,73
2026-07-07T09:16:23.202Z,23.8,25,25.8,42.5,997.4,46.9,176,75
2026-07-07T09:16:33.204Z,22.4,22.8,25.8,42.5,997.4,46.9,175,72
2026-07-07T09:16:43.190Z,22.8,25.2,25.8,42.5,997.4,46.8,175,73
2026-07-07T09:16:53.187Z,22,24.6,25.9,42.4,997.4,46.8,176,71
2026-07-07T09:17:03.190Z,21.8,24,25.9,42.4,997.4,46.8,175,71
2026-07-07T09:17:13.191Z,21.2,24.2,25.9,42.3,997.4,46.8,175,70
2026-07-07T09:17:23.205Z,21,24,25.9,42.3,997.4,46.8,175,69
2026-07-07T09:17:33.202Z,21.4,23.2,25.9,42.3,997.4,46.8,175,70
2026-07-07T09:17:43.220Z,21.6,24,25.9,42.2,997.4,46.8,175,70
2026-07-07T09:17:53.195Z,22,25,26,42.2,997.4,46.7,176,71
2026-07-07T09:18:03.191Z,22.2,24.6,26,42.2,997.4,46.7,176,72
2026-07-07T09:18:13.206Z,21.4,25.8,26,42.2,997.4,46.7,176,70
2026-07-07T09:18:23.197Z,22.6,26.6,26,42.1,997.4,46.7,176,73
2026-07-07T09:18:33.185Z,23.8,27.2,26,42.1,997.4,46.6,176,75
2026-07-07T09:18:43.198Z,24.6,27,26.1,42,997.4,46.6,176,77
2026-07-07T09:18:53.185Z,23,24,26.1,42,997.4,46.6,176,73
2026-07-07T09:19:03.186Z,22.8,24,26.1,42,997.4,46.6,176,73
2026-07-07T09:19:13.186Z,23.6,25,26.1,42,997.4,46.6,176,75
2026-07-07T09:19:23.190Z,24,25,26.1,42,997.4,46.6,176,76
2026-07-07T09:19:33.209Z,24.4,25.4,26.1,42,997.4,46.6,176,76
2026-07-07T09:19:43.195Z,23.6,24,26.1,42,997.4,46.6,176,75
2026-07-07T09:19:53.198Z,23.2,25,26.1,42,997.4,46.7,175,74
2026-07-07T09:20:03.204Z,22.2,24.2,26,42.1,997.4,46.7,174,72
2026-07-07T09:20:13.202Z,23,25,26,42.1,997.4,46.8,175,73
2026-07-07T09:20:23.197Z,23,24.4,26,42.2,997.4,46.9,174,73
2026-07-07T09:20:33.199Z,22.8,24,25.9,42.3,997.4,46.9,174,73
2026-07-07T09:20:43.195Z,24,26,25.9,42.4,997.4,47,176,76
2026-07-07T09:20:53.192Z,23.6,25,25.9,42.4,997.4,47.1,174,75
2026-07-07T09:21:03.197Z,23.6,23.6,25.9,42.4,997.4,47.1,174,75
2026-07-07T09:21:13.195Z,24.4,24.4,25.8,42.4,997.4,47.1,176,76
2026-07-07T09:21:23.196Z,24.6,25.6,25.8,42.4,997.4,47.2,176,77
2026-07-07T09:21:33.183Z,23.8,23.8,25.8,42.4,997.4,47.2,176,75
2026-07-07T09:21:43.196Z,24.4,24.4,25.8,42.4,997.4,47.2,176,76
2026-07-07T09:21:53.196Z,24,24,25.8,42.4,997.4,47.2,176,76
2026-07-07T09:22:03.180Z,24.4,25.4,25.8,42.4,997.4,47.2,176,76
2026-07-07T09:22:13.183Z,24.6,25.6,25.8,42.4,997.4,47.3,176,77
2026-07-07T09:22:23.177Z,24.6,24.8,25.8,42.4,997.4,47.3,176,77
2026-07-07T09:22:33.192Z,24,24,25.8,42.4,997.4,47.4,176,76
2026-07-07T09:22:43.189Z,23.6,23.6,25.8,42.4,997.4,47.4,176,75
2026-07-07T09:22:53.190Z,21.4,22,25.8,42.4,997.4,47.4,176,70
2026-07-07T09:23:03.201Z,22.8,23.8,25.8,42.4,997.4,47.4,176,73
2026-07-07T09:23:13.196Z,24,25,25.8,42.4,997.4,47.4,176,76
2026-07-07T09:23:23.192Z,22.6,25.6,25.8,42.3,997.4,47.4,176,73
2026-07-07T09:23:33.189Z,23,25.6,25.8,42.3,997.4,47.5,175,73
2026-07-07T09:23:43.194Z,22,23.8,25.7,42.4,997.4,47.5,175,71
2026-07-07T09:23:53.188Z,23.8,25,25.7,42.4,997.4,47.6,175,75
2026-07-07T09:24:03.205Z,24.2,24.2,25.7,42.5,997.4,47.7,175,76
2026-07-07T09:24:13.208Z,23.4,23.4,25.7,42.6,997.4,47.8,174,74
2026-07-07T09:24:23.190Z,23.4,24.2,25.6,42.6,997.4,47.9,175,74
2026-07-07T09:24:33.201Z,22.8,26,25.6,42.7,997.4,47.9,175,73
2026-07-07T09:24:43.197Z,23,27,25.6,42.7,997.4,48,175,73
2026-07-07T09:24:53.180Z,22.2,25.2,25.5,42.8,997.4,48.1,175,72
2026-07-07T09:25:03.200Z,23.8,27,25.5,42.8,997.3,48.1,175,75
2026-07-07T09:25:13.186Z,23.4,25.4,25.5,42.8,997.3,48.1,175,74
2026-07-07T09:25:23.185Z,23.2,24.2,25.5,42.8,997.3,48.2,175,74
2026-07-07T09:25:33.184Z,21,22,25.5,42.8,997.3,48.2,176,69
2026-07-07T09:25:43.185Z,22.8,23.8,25.5,42.8,997.3,48.2,176,73
2026-07-07T09:25:53.193Z,22.6,25,25.5,42.9,997.3,48.2,176,73
2026-07-07T09:26:03.186Z,22.4,24.4,25.5,42.8,997.3,48.2,176,72
2026-07-07T09:26:13.192Z,21.6,23.6,25.5,42.8,997.3,48.3,176,70
2026-07-07T09:26:23.184Z,21.8,24,25.5,42.8,997.3,48.2,176,71
2026-07-07T09:26:33.184Z,24,25,25.5,42.8,997.3,48.2,176,76
2026-07-07T09:26:43.186Z,23.4,24.4,25.5,42.7,997.3,48.2,176,74
2026-07-07T09:26:53.179Z,22.4,22.8,25.5,42.7,997.3,48.1,176,72
2026-07-07T09:27:03.181Z,22.2,22.2,25.5,42.6,997.3,48.2,176,72
2026-07-07T09:27:13.182Z,22.4,23.4,25.5,42.6,997.3,48.1,176,72
2026-07-07T09:27:23.177Z,22.6,22.6,25.5,42.7,997.3,48.2,176,73
2026-07-07T09:27:33.219Z,22.8,24.8,25.5,42.7,997.3,48.2,176,73
2026-07-07T09:27:43.176Z,23,24.6,25.5,42.7,997.3,48.2,176,73
2026-07-07T09:27:53.184Z,22.4,24.4,25.5,42.7,997.3,48.3,176,72
2026-07-07T09:28:03.191Z,24,25.2,25.5,42.8,997.3,48.3,176,76
2026-07-07T09:28:13.186Z,22.6,24.6,25.5,42.8,997.3,48.4,176,73
2026-07-07T09:28:23.179Z,22,25.8,25.4,42.9,997.3,48.4,176,71
2026-07-07T09:28:33.192Z,21.4,25,25.4,42.9,997.3,48.5,176,70
2026-07-07T09:28:43.185Z,22.6,25.4,25.4,43,997.2,48.6,176,73
2026-07-07T09:28:53.200Z,22,25.4,25.4,43,997.2,48.6,176,71
2026-07-07T09:29:03.207Z,22,25.4,25.4,43,997.2,48.7,176,71
2026-07-07T09:29:13.181Z,21.4,24.4,25.4,43,997.2,48.7,176,70
2026-07-07T09:29:23.184Z,22.8,25.4,25.4,43,997.2,48.7,176,73
2026-07-07T09:29:33.188Z,23.8,24.8,25.4,43,997.2,48.7,176,75
2026-07-07T09:29:43.196Z,23.6,23.6,25.4,42.9,997.2,48.7,176,75
2026-07-07T09:29:53.235Z,22.4,23,25.4,42.9,997.2,48.7,176,72
2026-07-07T09:30:03.188Z,23.2,24.8,25.5,42.8,997.2,48.6,176,74
2026-07-07T09:30:13.201Z,24,25.4,25.5,42.7,997.2,48.6,176,76
2026-07-07T09:30:23.195Z,23.8,24,25.5,42.7,997.2,48.5,176,75
2026-07-07T09:30:33.191Z,24.6,27,25.5,42.7,997.2,48.5,176,77
2026-07-07T09:30:43.230Z,23.6,25.6,25.5,42.7,997.2,48.5,176,75
2026-07-07T09:30:53.199Z,23,25.2,25.5,42.7,997.2,48.4,176,73
2026-07-07T09:31:03.192Z,21,23.6,25.6,42.7,997.1,48.4,176,69
2026-07-07T09:31:13.190Z,21.6,23.6,25.6,42.7,997.1,48.3,176,70
2026-07-07T09:31:23.189Z,20.4,23.4,25.6,42.7,997.1,48.4,176,68
2026-07-07T09:31:33.183Z,22.6,23.6,25.6,42.7,997.1,48.4,176,73
2026-07-07T09:31:43.183Z,21.4,22.4,25.5,42.7,997.1,48.4,176,70
2026-07-07T09:31:53.187Z,23,25.4,25.5,42.8,997.1,48.5,176,73
2026-07-07T09:32:03.182Z,23.8,25,25.5,42.9,997.1,48.5,176,75
2026-07-07T09:32:13.177Z,25.4,26.4,25.5,42.9,997.1,48.5,176,78
2026-07-07T09:32:23.178Z,25,27,25.5,42.9,997.1,48.6,176,78
2026-07-07T09:32:33.190Z,23.8,25.2,25.4,43,997.1,48.6,176,75
2026-07-07T09:32:43.189Z,22.2,23,25.4,43,997.1,48.7,176,72
2026-07-07T09:32:53.193Z,22,22.2,25.4,43.1,997.1,48.8,176,71
2026-07-07T09:33:03.191Z,21.4,22.6,25.4,43.2,997.1,48.9,176,70
2026-07-07T09:33:13.195Z,23.6,24.6,25.3,43.2,997.1,48.9,176,75
2026-07-07T09:33:23.196Z,22.8,25.2,25.3,43.2,997.1,48.9,176,73
2026-07-07T09:33:33.192Z,22.8,25.8,25.4,43.1,997.1,48.9,176,73
2026-07-07T09:33:43.189Z,22.2,25.4,25.4,43.1,997.1,48.8,176,72
2026-07-07T09:33:53.195Z,21,23.8,25.4,43,997.1,48.7,176,69
2026-07-07T09:34:03.181Z,20.6,23.4,25.5,42.9,997.1,48.6,176,68
2026-07-07T09:34:13.183Z,21.6,24.2,25.5,42.8,997.1,48.5,176,70
2026-07-07T09:34:23.182Z,22.6,24.6,25.6,42.7,997.1,48.3,176,73
2026-07-07T09:34:33.206Z,22.2,24.4,25.6,42.6,997.1,48.2,176,72
2026-07-07T09:34:43.190Z,22.8,26.2,25.6,42.6,997.1,48.2,176,73
2026-07-07T09:34:53.193Z,23.6,26,25.6,42.6,997.1,48.1,176,75
2026-07-07T09:35:03.191Z,23.8,24.8,25.6,42.7,997.1,48.1,176,75
2026-07-07T09:35:13.191Z,22,23,25.6,42.8,997.1,48.1,176,71
2026-07-07T09:35:23.191Z,22.6,23.6,25.6,42.9,997.1,48.2,176,73
2026-07-07T09:35:33.187Z,22.6,23.6,25.5,43,997.1,48.2,176,73
2026-07-07T09:35:43.198Z,22.8,25,25.5,43.1,997.1,48.3,176,73
2026-07-07T09:35:53.190Z,22.4,24.4,25.5,43.3,997.1,48.4,176,72
2026-07-07T09:36:03.187Z,22,25.8,25.4,43.5,997.1,48.5,176,71
2026-07-07T09:36:13.184Z,21.6,24.6,25.3,43.6,997.1,48.6,176,70
2026-07-07T09:36:23.184Z,22.4,25.4,25.3,43.8,997.1,48.7,177,72
2026-07-07T09:36:33.178Z,23,25.6,25.2,44,997.1,48.8,179,73
2026-07-07T09:36:43.189Z,21.6,23.4,25.1,44.2,997.1,48.9,179,70
2026-07-07T09:36:53.179Z,22.8,24.4,25.1,44.3,997.2,49,179,73
2026-07-07T09:37:03.182Z,23.2,25.4,25,44.5,997.2,49.1,180,74
2026-07-07T09:37:13.186Z,23.6,25,25,44.5,997.2,49.2,179,75
2026-07-07T09:37:23.179Z,22.2,23.2,24.9,44.6,997.2,49.2,181,72
2026-07-07T09:37:33.233Z,24.4,26.8,24.9,44.6,997.2,49.3,181,76
2026-07-07T09:37:43.189Z,24.4,26.4,24.9,44.7,997.2,49.3,181,76
2026-07-07T09:37:53.178Z,24.6,27,24.9,44.7,997.2,49.4,180,77
2026-07-07T09:38:03.178Z,23.4,25.4,24.8,44.7,997.2,49.4,181,74
2026-07-07T09:38:13.177Z,23,24.8,24.8,44.7,997.2,49.4,180,73
2026-07-07T09:38:23.179Z,22.8,23.8,24.8,44.7,997.2,49.4,180,73
2026-07-07T09:38:33.178Z,22.6,23.8,24.8,44.7,997.2,49.3,180,73
2026-07-07T09:38:43.174Z,22.6,23.4,24.8,44.6,997.2,49.4,180,73
2026-07-07T09:38:53.177Z,23,23.8,24.8,44.6,997.2,49.4,179,73
2026-07-07T09:39:03.197Z,24,24,24.8,44.5,997.2,49.3,179,76
2026-07-07T09:39:13.173Z,23.6,24.4,24.9,44.4,997.2,49.2,179,75
2026-07-07T09:39:23.169Z,22.2,24.6,24.9,44.3,997.2,49.1,179,72
2026-07-07T09:39:33.191Z,21.8,24.8,25,44.1,997.2,49,179,71
2026-07-07T09:39:43.210Z,23,25.6,25,43.9,997.2,48.9,178,73
2026-07-07T09:39:53.180Z,23.8,24.8,25.1,43.8,997.2,48.7,178,75
2026-07-07T09:40:03.211Z,23,23.2,25.2,43.6,997.2,48.6,178,73
2026-07-07T09:40:13.217Z,23.4,23.4,25.2,43.5,997.2,48.4,177,74
2026-07-07T09:40:23.196Z,22,22,25.3,43.3,997.2,48.3,176,71
2026-07-07T09:40:33.187Z,22,22.8,25.4,43.2,997.2,48.2,176,71
2026-07-07T09:40:43.182Z,23,24,25.5,43,997.2,48,176,73
2026-07-07T09:40:53.186Z,22.8,23.8,25.5,42.9,997.2,47.9,176,73
2026-07-07T09:41:03.181Z,22.6,23.6,25.6,42.8,997.2,47.7,176,73
2026-07-07T09:41:13.182Z,21.4,23.4,25.6,42.7,997.2,47.7,176,70
2026-07-07T09:41:23.195Z,21,24,25.7,42.6,997.2,47.6,176,69
2026-07-07T09:41:33.186Z,21.6,24.4,25.7,42.5,997.2,47.6,176,70
2026-07-07T09:41:43.179Z,21.4,25.4,25.7,42.5,997.2,47.5,176,70
2026-07-07T09:41:53.255Z,22,25.8,25.7,42.5,997.2,47.5,176,71
2026-07-07T09:42:03.186Z,22,25.8,25.7,42.6,997.2,47.5,176,71
2026-07-07T09:42:13.185Z,24.4,25.6,25.7,42.6,997.2,47.4,176,76
2026-07-07T09:42:23.179Z,23.2,24.6,25.7,42.6,997.2,47.5,176,74
2026-07-07T09:42:33.180Z,22.6,23,25.7,42.7,997.2,47.6,176,73
2026-07-07T09:42:43.179Z,22.2,23.2,25.6,42.8,997.2,47.7,176,72
2026-07-07T09:42:53.181Z,23.4,24.6,25.6,42.9,997.2,47.8,176,74
2026-07-07T09:43:03.181Z,24.6,27.4,25.5,43,997.2,47.9,176,77
2026-07-07T09:43:13.183Z,24.6,25.4,25.5,43.1,997.2,48,177,77
2026-07-07T09:43:23.181Z,22.6,23.4,25.4,43.2,997.2,48.1,177,73
2026-07-07T09:43:33.174Z,25.2,26,25.4,43.2,997.2,48.2,177,78
2026-07-07T09:43:43.169Z,26.2,27.6,25.4,43.3,997.2,48.3,177,80
2026-07-07T09:43:53.176Z,24.2,25.4,25.3,43.3,997.2,48.3,177,76
2026-07-07T09:44:03.173Z,23.6,24.6,25.3,43.3,997.2,48.4,177,75
2026-07-07T09:44:13.170Z,24,24.4,25.3,43.2,997.2,48.4,177,76
2026-07-07T09:44:23.174Z,24,25,25.3,43.2,997.2,48.4,177,76
2026-07-07T09:44:33.169Z,24.8,27.4,25.3,43.2,997.2,48.4,176,77
2026-07-07T09:44:43.174Z,24.4,26.6,25.3,43.1,997.2,48.4,176,76
2026-07-07T09:44:53.178Z,23.2,26,25.4,43,997.2,48.4,176,74
2026-07-07T09:45:03.175Z,22.6,25.6,25.4,42.9,997.2,48.3,176,73
2026-07-07T09:45:13.168Z,22.6,24.6,25.4,42.8,997.2,48.3,176,73
2026-07-07T09:45:23.178Z,23.4,24.4,25.4,42.8,997.2,48.2,176,74
2026-07-07T09:45:33.178Z,22,23,25.5,42.7,997.2,48.2,176,71
2026-07-07T09:45:43.177Z,24.4,25.2,25.5,42.6,997.2,48.2,176,76
2026-07-07T09:45:53.183Z,24,24.4,25.5,42.5,997.2,48.1,176,76
2026-07-07T09:46:03.178Z,22.2,24.2,25.6,42.4,997.2,48.1,176,72
2026-07-07T09:46:13.176Z,22.6,24.4,25.6,42.4,997.2,48,176,73
2026-07-07T09:46:23.193Z,23,25,25.6,42.3,997.2,48,176,73
2026-07-07T09:46:33.180Z,23.2,24.6,25.7,42.3,997.2,47.9,177,74
2026-07-07T09:46:43.185Z,24.6,26.2,25.7,42.4,997.2,47.8,177,77
2026-07-07T09:46:53.197Z,24.8,26.6,25.8,42.5,997.2,47.6,177,77
2026-07-07T09:47:03.187Z,24,25.4,25.8,42.6,997.2,47.4,177,76
2026-07-07T09:47:13.180Z,24,26,25.9,42.8,997.2,47.2,177,76
2026-07-07T09:47:23.174Z,23.2,25.2,25.9,42.9,997.2,47,177,74
2026-07-07T09:47:33.178Z,23.4,25.4,26,43.1,997.2,46.7,179,74
2026-07-07T09:47:43.203Z,23.2,25.2,26,43.2,997.2,46.5,180,74
2026-07-07T09:47:53.179Z,23.2,25.2,26.1,43.4,997.2,46.2,183,74
2026-07-07T09:48:03.178Z,23.6,25.4,26.1,43.5,997.2,46,185,75
2026-07-07T09:48:13.182Z,22.6,24.6,26.2,43.7,997.2,45.7,185,73
2026-07-07T09:48:23.174Z,23,25,26.2,43.8,997.2,45.4,186,73
2026-07-07T09:48:33.185Z,23,24.8,26.3,44,997.3,45.1,187,73
2026-07-07T09:48:43.183Z,23.2,25.2,26.3,44.1,997.3,44.8,187,74
2026-07-07T09:48:53.183Z,25,25,26.4,44.3,997.3,44.5,187,78
2026-07-07T09:49:03.181Z,25.4,25.8,26.4,44.4,997.3,44.2,190,78
2026-07-07T09:49:13.193Z,27.6,28,26.5,44.5,997.3,43.9,189,83
2026-07-07T09:49:23.185Z,26,27.6,26.5,44.7,997.3,43.6,189,80
2026-07-07T09:49:33.178Z,25.6,27.6,26.6,44.8,997.3,43.4,192,79
2026-07-07T09:49:43.182Z,25.6,27.6,26.6,44.9,997.3,43.1,192,79
2026-07-07T09:49:53.183Z,24.4,26.2,26.6,44.9,997.3,42.9,189,76
2026-07-07T09:50:03.192Z,26,27.2,26.7,45,997.3,42.6,192,80
2026-07-07T09:50:13.178Z,25.2,27.2,26.7,45.1,997.3,42.4,189,78
2026-07-07T09:50:23.195Z,24.2,26,26.7,45.1,997.3,42.3,189,76
2026-07-07T09:50:33.176Z,24.2,24.4,26.8,45.1,997.3,42.1,192,76
2026-07-07T09:50:43.184Z,23.2,23.2,26.8,45.1,997.3,41.9,196,74
2026-07-07T09:50:53.183Z,22.8,24.6,26.8,45.2,997.3,41.8,197,73
2026-07-07T09:51:03.174Z,23,25,26.8,45.1,997.3,41.7,197,73
2026-07-07T09:51:13.173Z,20.8,24.6,26.9,45.1,997.3,41.6,197,69
2026-07-07T09:51:23.179Z,20.8,24.4,26.9,45.1,997.3,41.5,197,69
2026-07-07T09:51:33.182Z,23.6,25.8,26.9,45.2,997.3,41.4,197,75
2026-07-07T09:51:43.225Z,25.4,26.4,26.9,45.2,997.3,41.4,197,78
2026-07-07T09:51:53.176Z,23.2,26,26.9,45.2,997.3,41.4,197,74
2026-07-07T09:52:03.179Z,23.6,27.4,26.9,45.2,997.3,41.4,197,75
2026-07-07T09:52:13.178Z,24.2,27.2,26.9,45.2,997.3,41.4,197,76
2026-07-07T09:52:23.184Z,24.8,27.4,26.9,45.2,997.3,41.4,198,77
2026-07-07T09:52:33.182Z,24.2,27,26.8,45.2,997.3,41.4,197,76
2026-07-07T09:52:43.186Z,23.8,25,26.8,45.2,997.3,41.5,196,75
2026-07-07T09:52:53.180Z,23,24.2,26.8,45.2,997.3,41.5,195,73
2026-07-07T09:53:03.184Z,24,25.2,26.8,45.1,997.3,41.6,194,76
2026-07-07T09:53:13.192Z,24,25.6,26.8,45,997.2,41.6,194,76
2026-07-07T09:53:23.177Z,25,26,26.8,45,997.2,41.6,194,78
2026-07-07T09:53:33.176Z,25.2,26.2,26.8,44.9,997.2,41.6,194,78
2026-07-07T09:53:43.163Z,25.4,25.8,26.8,44.8,997.2,41.7,192,78
2026-07-07T09:53:53.169Z,24.4,26.4,26.9,44.7,997.2,41.7,192,76
2026-07-07T09:54:03.168Z,24.4,26.2,26.9,44.6,997.2,41.8,191,76
2026-07-07T09:54:13.180Z,23.6,26,26.9,44.6,997.2,41.8,191,75
2026-07-07T09:54:23.171Z,23,26,26.9,44.5,997.2,41.9,191,73
2026-07-07T09:54:33.185Z,22.8,24.4,26.9,44.4,997.2,41.9,190,73
2026-07-07T09:54:43.168Z,23,26.2,26.9,44.3,997.2,42,188,73
2026-07-07T09:54:53.183Z,24,28,26.9,44.3,997.2,42.1,189,76
2026-07-07T09:55:03.170Z,24,26,26.9,44.2,997.2,42.1,188,76
2026-07-07T09:55:13.198Z,22,24,26.9,44.2,997.2,42.3,188,71
2026-07-07T09:55:23.182Z,21.6,24.6,26.8,44.2,997.1,42.4,188,70
2026-07-07T09:55:33.186Z,22.4,24.6,26.8,44.3,997.1,42.5,188,72
2026-07-07T09:55:43.186Z,22,25,26.7,44.3,997.1,42.7,188,71
2026-07-07T09:55:53.180Z,24.8,27,26.7,44.4,997.1,42.9,188,77
2026-07-07T09:56:03.210Z,24,26,26.6,44.4,997.1,43.1,188,76
2026-07-07T09:56:13.188Z,24.4,25.4,26.6,44.5,997.1,43.3,189,76
2026-07-07T09:56:23.201Z,26,26.8,26.5,44.6,997.1,43.5,189,80
2026-07-07T09:56:33.179Z,25.2,26.4,26.5,44.6,997.1,43.6,189,78
2026-07-07T09:56:43.182Z,24.4,24.8,26.4,44.6,997.1,43.8,188,76
2026-07-07T09:56:53.179Z,24.6,26.4,26.4,44.6,997.1,43.9,188,77
2026-07-07T09:57:03.184Z,24,25.4,26.3,44.6,997.1,44.1,187,76
2026-07-07T09:57:13.177Z,24,25.8,26.3,44.6,997.1,44.2,186,76
2026-07-07T09:57:23.185Z,24.4,25.6,26.3,44.5,997.1,44.3,186,76
2026-07-07T09:57:33.188Z,24,24.8,26.3,44.4,997.1,44.3,186,76
2026-07-07T09:57:43.182Z,23.6,23.6,26.3,44.3,997.1,44.4,186,75
2026-07-07T09:57:53.182Z,25.4,25.8,26.3,44.2,997.1,44.4,185,78
2026-07-07T09:58:03.179Z,25,25.8,26.3,44.1,997.1,44.5,183,78
2026-07-07T09:58:13.180Z,23.6,24.6,26.3,44,997,44.5,185,75
2026-07-07T09:58:23.181Z,24,25,26.4,43.8,997,44.5,183,76
2026-07-07T09:58:33.172Z,22.6,24.6,26.4,43.7,997,44.5,182,73
2026-07-07T09:58:43.176Z,22.2,25.8,26.4,43.5,997,44.6,182,72
2026-07-07T09:58:53.175Z,22.6,24.8,26.5,43.4,997,44.6,181,73
2026-07-07T09:59:03.170Z,23.2,23.2,26.5,43.2,997,44.6,181,74
2026-07-07T09:59:13.181Z,24.6,24.6,26.5,43.1,997,44.6,181,77
2026-07-07T09:59:23.172Z,22.6,24.6,26.6,43,997,44.6,181,73
2026-07-07T09:59:33.166Z,21.2,24,26.6,42.9,997,44.7,181,70
2026-07-07T09:59:43.166Z,21.4,23.4,26.6,42.9,997,44.7,181,70
2026-07-07T09:59:53.166Z,21.4,24.6,26.6,42.8,997,44.8,181,70
2026-07-07T10:00:03.241Z,22.2,25.2,26.6,42.8,997,44.9,181,72
2026-07-07T10:00:13.166Z,22.4,24.6,26.6,42.7,997,44.9,181,72
2026-07-07T10:00:23.168Z,23.4,24,26.6,42.7,997,45,181,74
2026-07-07T10:00:33.182Z,22.2,22.2,26.6,42.6,997,45.1,181,72
2026-07-07T10:00:43.179Z,21,21.8,26.6,42.6,997,45.2,181,69
2026-07-07T10:00:53.210Z,21,21.8,26.6,42.6,997,45.3,180,69
2026-07-07T10:01:03.173Z,21.2,21.2,26.6,42.5,997,45.4,180,70
2026-07-07T10:01:13.182Z,23,23.6,26.5,42.5,997,45.5,179,73
2026-07-07T10:01:23.362Z,22.4,23.8,26.5,42.6,997.1,45.6,178,72
2026-07-07T10:01:33.168Z,22.4,23.4,26.5,42.6,997.1,45.6,178,72
2026-07-07T10:01:43.184Z,22.4,22.8,26.5,42.5,997.1,45.8,177,72
2026-07-07T10:01:53.171Z,24.4,25.4,26.5,42.6,997.1,45.9,177,76
2026-07-07T10:02:03.176Z,24.2,25.2,26.4,42.6,997.1,46,177,76
2026-07-07T10:02:13.178Z,22.6,25.6,26.4,42.7,997.1,46.1,177,73
2026-07-07T10:02:23.171Z,20,22.8,26.3,42.8,997.1,46.3,177,67
2026-07-07T10:02:33.178Z,21.4,23.4,26.3,42.8,997.1,46.4,177,70
2026-07-07T10:02:43.187Z,21,22,26.2,42.9,997.1,46.5,177,69
2026-07-07T10:02:53.176Z,21.6,24.2,26.2,42.9,997.1,46.7,177,70
2026-07-07T10:03:03.173Z,21.2,24.2,26.1,43,997.1,46.8,177,70
2026-07-07T10:03:13.174Z,21.6,24.8,26.1,43,997.1,46.9,177,70
2026-07-07T10:03:23.174Z,23.6,25,26.1,43,997.1,47,177,75
2026-07-07T10:03:33.174Z,23.2,24.4,26,43.1,997.1,47.1,178,74
2026-07-07T10:03:43.183Z,25,26.4,26,43.1,997.1,47.2,178,78
2026-07-07T10:03:53.175Z,24.8,27,26,43.1,997.1,47.3,178,77
2026-07-07T10:04:03.185Z,22.6,26.6,26,43.1,997.1,47.4,178,73
2026-07-07T10:04:13.182Z,22.6,24.6,25.9,43.1,997.1,47.4,178,73
2026-07-07T10:04:23.178Z,23,24.4,25.9,43.1,997.1,47.5,178,73
2026-07-07T10:04:33.170Z,24,26.8,25.9,43,997.1,47.6,178,76
2026-07-07T10:04:43.181Z,24,25,25.9,43,997.1,47.6,178,76
2026-07-07T10:04:53.165Z,24.6,25.4,25.9,43,997.1,47.7,177,77
2026-07-07T10:05:03.187Z,23.8,26.4,25.9,42.9,997.1,47.7,177,75
2026-07-07T10:05:13.167Z,21.4,24.4,25.9,42.8,997.1,47.7,177,70
2026-07-07T10:05:23.182Z,21.8,23.8,26,42.7,997.1,47.7,177,71
2026-07-07T10:05:33.162Z,21,23,26,42.7,997.1,47.6,176,69
2026-07-07T10:05:43.169Z,22,23,26,42.8,997.1,47.6,176,71
2026-07-07T10:05:53.171Z,22,24,26.1,42.8,997.1,47.5,177,71
2026-07-07T10:06:03.196Z,21.8,22.8,26.1,42.9,997.1,47.3,176,71
2026-07-07T10:06:13.164Z,22,23,26.1,43,997.1,47.2,176,71
2026-07-07T10:06:23.166Z,24,25.2,26.2,43.2,997.1,47,178,76
2026-07-07T10:06:33.171Z,23.6,24.8,26.2,43.4,997.1,46.8,178,75
2026-07-07T10:06:43.172Z,23,24.2,26.3,43.6,997.1,46.5,180,73
2026-07-07T10:06:53.177Z,24.2,25.2,26.3,43.8,997.1,46.2,180,76
2026-07-07T10:07:03.171Z,23.4,24.4,26.4,43.9,997.1,46,180,74
2026-07-07T10:07:13.172Z,21,22.8,26.4,44.1,997.1,45.7,183,69
2026-07-07T10:07:23.186Z,22.6,25,26.5,44.2,997.1,45.4,189,73
2026-07-07T10:07:33.168Z,23,23.8,26.5,44.4,997.1,45.1,189,73
2026-07-07T10:07:43.176Z,24,24,26.6,44.5,997.1,44.8,191,76
2026-07-07T10:07:53.168Z,24.2,26.2,26.6,44.7,997.1,44.5,192,76
2026-07-07T10:08:03.172Z,24,25,26.7,44.8,997.1,44.2,194,76
2026-07-07T10:08:13.169Z,24.4,24.4,26.7,45,997.1,43.9,194,76
2026-07-07T10:08:23.170Z,23.2,23.2,26.7,45.1,997.1,43.6,194,74
2026-07-07T10:08:33.173Z,22.4,24.2,26.8,45.3,997.1,43.3,197,72
2026-07-07T10:08:43.167Z,23.4,24.4,26.8,45.4,997.1,43.1,197,74
2026-07-07T10:08:53.176Z,23.6,24.6,26.8,45.6,997.1,42.9,197,75
2026-07-07T10:09:03.182Z,24,25,26.8,45.7,997.1,42.8,198,76
2026-07-07T10:09:13.162Z,24,25,26.8,45.9,997.1,42.6,199,76
2026-07-07T10:09:23.169Z,23.2,24.2,26.8,46.1,997.1,42.5,199,74
2026-07-07T10:09:33.169Z,23.4,25,26.7,46.2,997.1,42.5,199,74
2026-07-07T10:09:43.168Z,22.8,26.6,26.7,46.4,997.1,42.4,199,73
2026-07-07T10:09:53.170Z,24.8,28,26.7,46.5,997.2,42.4,198,77
2026-07-07T10:10:03.171Z,24,25.4,26.6,46.7,997.2,42.5,200,76
2026-07-07T10:10:13.173Z,24,24.8,26.6,46.8,997.2,42.5,202,76
2026-07-07T10:10:23.175Z,22.8,24.8,26.5,47,997.2,42.6,200,73
2026-07-07T10:10:33.160Z,22.6,25.6,26.4,47.1,997.2,42.6,202,73
2026-07-07T10:10:43.168Z,23.4,26.2,26.4,47.3,997.2,42.7,202,74
2026-07-07T10:10:53.166Z,23.8,26.8,26.3,47.5,997.2,42.8,202,75
2026-07-07T10:11:03.162Z,24,25.6,26.2,47.6,997.2,42.9,198,76
2026-07-07T10:11:13.160Z,23.6,24.4,26.2,47.7,997.2,43,202,75
2026-07-07T10:11:23.171Z,23,23.2,26.1,47.7,997.2,43.2,202,73
2026-07-07T10:11:33.166Z,22.6,22.6,26,47.8,997.2,43.3,198,73
2026-07-07T10:11:43.165Z,22,22,26,47.9,997.2,43.5,199,71
2026-07-07T10:11:53.181Z,23.6,24,25.9,48,997.2,43.6,199,75
2026-07-07T10:12:03.175Z,25,25,25.9,48,997.2,43.7,199,78
2026-07-07T10:12:13.166Z,24.6,24.6,25.8,48.1,997.2,43.9,199,77
2026-07-07T10:12:23.174Z,23.8,25.6,25.7,48.1,997.2,44,199,75
2026-07-07T10:12:33.171Z,24,25.2,25.7,48.2,997.2,44.2,198,76
2026-07-07T10:12:43.181Z,23,25.8,25.6,48.2,997.2,44.3,198,73
2026-07-07T10:12:53.178Z,22.2,23.2,25.6,48.3,997.2,44.5,199,72
2026-07-07T10:13:03.184Z,22.4,23.4,25.5,48.4,997.2,44.6,198,72
2026-07-07T10:13:13.181Z,23.2,23.2,25.5,48.4,997.2,44.7,198,74
2026-07-07T10:13:23.176Z,23.2,23.8,25.4,48.5,997.2,44.9,199,74
2026-07-07T10:13:33.169Z,23.6,23.8,25.3,48.6,997.2,45,199,75
2026-07-07T10:13:43.162Z,23.4,24.4,25.3,48.6,997.2,45.2,198,74
2026-07-07T10:13:53.178Z,24,27.8,25.2,48.7,997.2,45.3,198,76
2026-07-07T10:14:03.165Z,24,27.4,25.2,48.7,997.2,45.5,198,76
2026-07-07T10:14:13.168Z,24.4,27.6,25.1,48.7,997.2,45.6,198,76
2026-07-07T10:14:23.160Z,23.8,26.8,25.1,48.7,997.2,45.8,198,75
2026-07-07T10:14:33.170Z,24.4,25.4,25,48.7,997.2,45.9,198,76
2026-07-07T10:14:43.171Z,24.6,25,25,48.7,997.3,46,198,77
2026-07-07T10:14:53.179Z,25,25.4,25,48.7,997.3,46.1,198,78
2026-07-07T10:15:03.176Z,23,24,24.9,48.7,997.3,46.2,198,73
2026-07-07T10:15:13.157Z,22.8,24.8,24.9,48.6,997.3,46.3,198,73
2026-07-07T10:15:23.158Z,23.8,24.6,24.9,48.5,997.3,46.3,196,75
2026-07-07T10:15:33.162Z,23,23,24.9,48.4,997.3,46.4,196,73
2026-07-07T10:15:43.163Z,23.6,24,24.9,48.2,997.3,46.4,195,75
2026-07-07T10:15:53.168Z,23,24,24.9,48.1,997.3,46.5,193,73
2026-07-07T10:16:03.165Z,23.4,25.2,24.9,48,997.3,46.6,193,74
2026-07-07T10:16:13.161Z,22.6,24,24.9,48,997.3,46.7,193,73
2026-07-07T10:16:23.173Z,22,25.4,24.9,47.9,997.3,46.7,193,71
2026-07-07T10:16:33.164Z,21.6,25.6,24.9,47.9,997.3,46.8,193,70
2026-07-07T10:16:43.161Z,22.4,25.4,24.9,47.9,997.3,46.8,193,72
2026-07-07T10:16:53.175Z,22.2,25.2,24.9,47.8,997.3,46.8,192,72
2026-07-07T10:17:03.172Z,22.4,25.4,24.9,47.8,997.3,46.9,192,72
2026-07-07T10:17:13.165Z,24.2,26.2,24.9,47.7,997.3,46.9,192,76
2026-07-07T10:17:23.158Z,24.4,24.6,24.9,47.7,997.3,47,192,76
2026-07-07T10:17:33.166Z,25.6,25.6,24.9,47.6,997.3,47,191,79
2026-07-07T10:17:43.161Z,24.4,27.2,24.9,47.6,997.4,47,192,76
2026-07-07T10:17:53.165Z,23.6,27.6,24.9,47.6,997.4,47.1,191,75
2026-07-07T10:18:03.250Z,24,27.4,24.9,47.5,997.4,47.1,190,76
2026-07-07T10:18:13.179Z,22,25,24.9,47.5,997.4,47.1,190,71
2026-07-07T10:18:23.162Z,23,25,24.9,47.4,997.4,47.2,191,73
2026-07-07T10:18:33.161Z,22.6,23.6,24.8,47.4,997.4,47.2,190,73
2026-07-07T10:18:43.167Z,22.6,24,24.8,47.3,997.4,47.3,190,73
2026-07-07T10:18:53.167Z,22.4,23.8,24.9,47.2,997.4,47.3,191,72
2026-07-07T10:19:03.160Z,20.6,21.6,24.9,47.1,997.4,47.3,191,68
2026-07-07T10:19:13.166Z,20.6,21.6,24.9,46.9,997.4,47.3,189,68
2026-07-07T10:19:23.167Z,21.4,22.4,24.9,46.9,997.4,47.3,189,70
2026-07-07T10:19:33.166Z,21.4,22.8,24.9,46.8,997.4,47.3,187,70
2026-07-07T10:19:43.186Z,21.4,23.4,24.9,46.7,997.4,47.3,187,70
2026-07-07T10:19:53.174Z,22.4,24.4,24.9,46.7,997.4,47.3,188,72
2026-07-07T10:20:03.170Z,22.6,24.6,24.9,46.6,997.5,47.4,187,73
2026-07-07T10:20:13.168Z,22.6,23.6,24.9,46.6,997.5,47.4,187,73
2026-07-07T10:20:23.171Z,22.6,23.6,24.9,46.6,997.5,47.4,188,73
2026-07-07T10:20:33.167Z,23,26,25,46.5,997.5,47.4,187,73
2026-07-07T10:20:43.173Z,23.6,23.6,25,46.4,997.5,47.3,187,75
2026-07-07T10:20:53.169Z,23.6,23.6,25,46.3,997.5,47.3,187,75
2026-07-07T10:21:03.174Z,21,21.6,25,46.1,997.5,47.3,187,69
2026-07-07T10:21:13.176Z,21.4,22.4,25.1,46,997.5,47.3,187,70
2026-07-07T10:21:23.167Z,20.4,21.4,25.1,45.9,997.5,47.2,187,68
2026-07-07T10:21:33.188Z,20.6,22.4,25.1,45.7,997.5,47.1,186,68
2026-07-07T10:21:43.171Z,20.8,23.8,25.2,45.7,997.5,47.1,186,69
2026-07-07T10:21:53.177Z,21.8,24,25.2,45.6,997.5,47.1,185,71
2026-07-07T10:22:03.174Z,21.4,24.4,25.2,45.6,997.5,47.1,185,70
2026-07-07T10:22:13.168Z,22.2,23.2,25.2,45.6,997.5,47.1,183,72
2026-07-07T10:22:23.167Z,22.8,23,25.2,45.5,997.5,47.1,183,73
2026-07-07T10:22:33.168Z,20.4,22.4,25.2,45.5,997.5,47.2,183,68
2026-07-07T10:22:43.162Z,21.8,24.4,25.2,45.5,997.5,47.3,183,71
2026-07-07T10:22:53.158Z,22.8,25.8,25.1,45.5,997.5,47.4,183,73
2026-07-07T10:23:03.161Z,23.8,26.4,25.1,45.5,997.5,47.5,183,75
2026-07-07T10:23:13.160Z,23.8,26,25.1,45.6,997.5,47.5,183,75
2026-07-07T10:23:23.159Z,23.6,24.6,25.1,45.6,997.5,47.6,183,75
2026-07-07T10:23:33.153Z,21.6,23,25.1,45.6,997.5,47.7,183,70
2026-07-07T10:23:43.156Z,21.8,24.8,25,45.6,997.5,47.8,185,71
2026-07-07T10:23:53.179Z,22.2,23,25,45.6,997.5,47.9,185,72
2026-07-07T10:24:03.161Z,22.4,22.4,25,45.6,997.5,48,185,72
2026-07-07T10:24:13.161Z,23,24,25,45.6,997.5,48.1,185,73
2026-07-07T10:24:23.151Z,23.4,25.4,24.9,45.6,997.5,48.2,185,74
2026-07-07T10:24:33.178Z,22.8,24.6,24.9,45.6,997.5,48.3,185,73
2026-07-07T10:24:43.156Z,22.2,23.2,24.9,45.7,997.5,48.4,185,72
2026-07-07T10:24:53.156Z,22.6,22.6,24.8,45.7,997.5,48.5,182,73
2026-07-07T10:25:03.161Z,22.4,22.4,24.8,45.8,997.5,48.6,182,72
2026-07-07T10:25:13.159Z,22.8,23.8,24.8,45.8,997.5,48.7,182,73
2026-07-07T10:25:23.163Z,23.6,24.6,24.7,45.8,997.6,48.8,182,75
2026-07-07T10:25:33.160Z,23,23,24.7,45.9,997.6,48.9,182,73
2026-07-07T10:25:43.158Z,22,22,24.7,46,997.6,49,181,71
2026-07-07T10:25:53.157Z,22.6,22.6,24.6,46,997.6,49.1,182,73
2026-07-07T10:26:03.160Z,22.6,23.6,24.6,46.1,997.6,49.2,182,73
2026-07-07T10:26:13.157Z,23.2,24.2,24.5,46.2,997.6,49.3,182,74
2026-07-07T10:26:23.161Z,23.4,24.4,24.5,46.3,997.6,49.3,182,74
2026-07-07T10:26:33.162Z,21.2,22.6,24.5,46.5,997.6,49.3,182,70
2026-07-07T10:26:43.156Z,20.6,21.6,24.5,46.6,997.6,49.3,182,68
2026-07-07T10:26:53.163Z,22,22.2,24.5,46.6,997.6,49.2,182,71
2026-07-07T10:27:03.173Z,21.2,21.2,24.5,46.7,997.6,49,186,70
2026-07-07T10:27:13.155Z,22.4,23.4,24.5,46.7,997.6,48.9,187,72
2026-07-07T10:27:23.163Z,25.2,26.6,24.6,46.7,997.6,48.7,189,78
2026-07-07T10:27:33.156Z,25.2,25.6,24.6,46.7,997.6,48.6,191,78
2026-07-07T10:27:43.175Z,23.8,24,24.6,46.7,997.6,48.4,191,75
2026-07-07T10:27:53.157Z,22.6,24.6,24.7,46.7,997.6,48.2,192,73
2026-07-07T10:28:03.202Z,22.4,25.4,24.8,46.7,997.6,47.9,198,72
2026-07-07T10:28:13.152Z,23.4,25,24.8,46.7,997.6,47.7,198,74
2026-07-07T10:28:23.150Z,23.2,25,24.9,46.6,997.6,47.4,201,74
2026-07-07T10:28:33.161Z,23.8,26,25,46.6,997.6,47.1,201,75
2026-07-07T10:28:43.159Z,23.8,27.8,25,46.6,997.6,46.8,203,75
2026-07-07T10:28:53.160Z,23,25.8,25.1,46.5,997.6,46.4,204,73
2026-07-07T10:29:03.163Z,23.6,26,25.2,46.5,997.5,46.1,204,75
2026-07-07T10:29:13.166Z,22.6,26.2,25.3,46.4,997.5,45.8,205,73
2026-07-07T10:29:23.170Z,22.6,27.6,25.3,46.4,997.5,45.5,206,73
2026-07-07T10:29:33.152Z,22.6,27,25.4,46.4,997.5,45.2,206,73
2026-07-07T10:29:43.161Z,22.8,26.6,25.5,46.3,997.5,44.9,207,73
2026-07-07T10:29:53.152Z,23.4,25.8,25.6,46.3,997.5,44.6,208,74
2026-07-07T10:30:03.161Z,23,24,25.6,46.3,997.5,44.3,207,73
2026-07-07T10:30:13.155Z,21.6,22.8,25.7,46.2,997.5,44,208,70
2026-07-07T10:30:23.158Z,21.6,23.6,25.8,46.2,997.5,43.7,208,70
2026-07-07T10:30:33.160Z,20.8,22.6,25.8,46.2,997.5,43.4,208,69
2026-07-07T10:30:43.168Z,19,20.8,25.9,46.1,997.5,43.2,208,65
2026-07-07T10:30:53.167Z,20,23.8,26,46.1,997.5,42.9,208,67
2026-07-07T10:31:03.283Z,19.2,22.2,26,46.1,997.5,42.7,208,65
2026-07-07T10:31:13.172Z,20.4,22.2,26.1,46,997.5,42.4,208,68
2026-07-07T10:31:23.174Z,22.2,24,26.2,46,997.5,42.2,209,72
2026-07-07T10:31:33.159Z,22,23,26.2,46,997.5,41.9,209,71
2026-07-07T10:31:43.167Z,22.6,23.8,26.3,46,997.5,41.7,210,73
2026-07-07T10:31:53.167Z,24.4,27.2,26.3,46,997.5,41.5,211,76
2026-07-07T10:32:03.160Z,24,27.2,26.4,45.9,997.5,41.3,212,76
2026-07-07T10:32:13.170Z,23.8,26.6,26.4,45.9,997.5,41.1,212,75
2026-07-07T10:32:23.164Z,24,27,26.5,46,997.5,40.8,213,76
2026-07-07T10:32:33.165Z,23,27.4,26.5,46,997.5,40.6,213,73
2026-07-07T10:32:43.170Z,21.4,25,26.6,46,997.5,40.4,213,70
2026-07-07T10:32:53.164Z,23.6,26.4,26.6,46,997.5,40.2,214,75
2026-07-07T10:33:03.193Z,22.8,24,26.6,46,997.5,40,215,73
2026-07-07T10:33:13.159Z,24,24,26.7,46,997.5,39.8,215,76
2026-07-07T10:33:23.162Z,23.4,24.4,26.7,46,997.5,39.7,215,74
2026-07-07T10:33:33.167Z,24.6,24.8,26.8,46,997.5,39.5,215,77
2026-07-07T10:33:43.159Z,24.2,25,26.8,46,997.5,39.3,215,76
2026-07-07T10:33:53.160Z,23,23.8,26.8,46,997.5,39.2,215,73
2026-07-07T10:34:03.159Z,24.4,24.4,26.9,46,997.5,39,215,76
2026-07-07T10:34:13.168Z,23.4,24,26.9,46,997.5,38.9,215,74
2026-07-07T10:34:23.170Z,23.6,25.2,26.9,46.1,997.5,38.7,215,75
2026-07-07T10:34:33.163Z,23,25,27,46.1,997.5,38.6,215,73
2026-07-07T10:34:43.193Z,22,22.6,27,46.1,997.5,38.4,215,71
2026-07-07T10:34:53.158Z,22.6,22.6,27,46.1,997.5,38.3,215,73
2026-07-07T10:35:03.169Z,24.2,24.2,27,46.1,997.5,38.1,214,76
2026-07-07T10:35:13.160Z,23.6,23.6,27.1,46.2,997.5,38,214,75
2026-07-07T10:35:23.162Z,20.4,22.4,27.1,46.2,997.5,37.8,214,68
2026-07-07T10:35:33.165Z,20.6,22.6,27.1,46.2,997.5,37.7,214,68
2026-07-07T10:35:43.164Z,21.6,23.6,27.1,46.2,997.5,37.6,215,70
2026-07-07T10:35:53.184Z,22.2,23,27.2,46.2,997.5,37.4,214,72
2026-07-07T10:36:03.166Z,23.8,24.8,27.2,46.3,997.5,37.3,214,75
2026-07-07T10:36:13.172Z,23,25,27.2,46.3,997.5,37.2,217,73
2026-07-07T10:36:23.158Z,22,24,27.2,46.3,997.5,37.1,218,71
2026-07-07T10:36:33.173Z,22,25.8,27.3,46.3,997.5,36.9,218,71
2026-07-07T10:36:43.162Z,21.6,24.2,27.3,46.3,997.5,36.8,219,70
2026-07-07T10:36:53.165Z,21.8,23.6,27.3,46.4,997.5,36.7,219,71
2026-07-07T10:37:03.164Z,21.8,23.4,27.3,46.4,997.5,36.6,219,71
2026-07-07T10:37:13.161Z,21.6,22.6,27.4,46.4,997.5,36.5,219,70
2026-07-07T10:37:23.164Z,21.8,22.6,27.4,46.4,997.5,36.4,219,71
2026-07-07T10:37:33.165Z,23.6,25.2,27.4,46.4,997.5,36.3,219,75
2026-07-07T10:37:43.159Z,23.6,26.6,27.4,46.4,997.5,36.2,219,75
2026-07-07T10:37:53.150Z,24,26,27.4,46.5,997.5,36.1,219,76
2026-07-07T10:38:03.187Z,23.6,25,27.5,46.5,997.5,36,219,75
2026-07-07T10:38:13.150Z,22.6,24.6,27.5,46.5,997.5,35.9,219,73
2026-07-07T10:38:23.151Z,23.6,24.8,27.5,46.5,997.5,35.8,219,75
2026-07-07T10:38:33.161Z,22.4,23.8,27.5,46.5,997.5,35.7,219,72
2026-07-07T10:38:43.167Z,20.2,23,27.5,46.6,997.5,35.7,219,68
2026-07-07T10:38:53.169Z,21.6,23.6,27.6,46.6,997.5,35.6,219,70
2026-07-07T10:39:03.158Z,22,23,27.6,46.6,997.5,35.5,221,71
2026-07-07T10:39:13.161Z,22.6,22.6,27.6,46.6,997.5,35.4,221,73
2026-07-07T10:39:23.161Z,21.6,22.2,27.6,46.7,997.5,35.3,221,70
2026-07-07T10:39:33.162Z,21.6,22.2,27.6,46.7,997.5,35.2,221,70
2026-07-07T10:39:43.162Z,23,24,27.6,46.7,997.5,35.2,221,73
2026-07-07T10:39:53.169Z,22.8,25.8,27.7,46.7,997.5,35.1,221,73
2026-07-07T10:40:03.161Z,22.8,25.8,27.7,46.8,997.5,35,221,73
2026-07-07T10:40:13.158Z,23.4,24.4,27.7,46.8,997.5,35,221,74
2026-07-07T10:40:23.166Z,21.6,23.4,27.7,46.8,997.5,34.9,222,70
2026-07-07T10:40:33.158Z,23,24,27.7,46.8,997.5,34.8,223,73
2026-07-07T10:40:43.168Z,23.6,23.6,27.7,46.9,997.4,34.8,223,75
2026-07-07T10:40:53.145Z,23.4,24.4,27.7,46.9,997.4,34.7,223,74
2026-07-07T10:41:03.152Z,22,23,27.8,46.9,997.4,34.7,224,71
2026-07-07T10:41:13.144Z,22.6,25,27.8,47,997.4,34.6,224,73
2026-07-07T10:41:23.149Z,21.8,24.6,27.8,47,997.4,34.6,224,71
2026-07-07T10:41:33.160Z,22.6,24.6,27.8,47,997.4,34.5,224,73
2026-07-07T10:41:43.153Z,21.4,25.4,27.8,47.1,997.4,34.4,224,70
2026-07-07T10:41:53.154Z,20.6,26.4,27.8,47.1,997.4,34.4,224,68
2026-07-07T10:42:03.153Z,20.4,25.4,27.8,47.1,997.4,34.3,224,68
2026-07-07T10:42:13.166Z,21.6,24,27.8,47.2,997.4,34.2,224,70
2026-07-07T10:42:23.149Z,24.6,25.8,27.8,47.3,997.4,34.2,224,77
2026-07-07T10:42:33.150Z,25.6,26,27.9,47.3,997.4,34.1,224,79
2026-07-07T10:42:43.160Z,22.8,24,27.9,47.4,997.4,34,224,73
2026-07-07T10:42:53.267Z,22.2,24.4,27.9,47.4,997.4,34,224,72
2026-07-07T10:43:03.171Z,24.6,25.2,27.9,47.5,997.4,33.9,224,77
2026-07-07T10:43:13.168Z,25,25.2,27.9,47.5,997.4,33.9,224,78
2026-07-07T10:43:23.160Z,23,25,27.9,47.6,997.4,33.8,225,73
2026-07-07T10:43:33.163Z,22,25.6,27.9,47.6,997.4,33.7,225,71
2026-07-07T10:43:43.155Z,21,25,27.9,47.7,997.4,33.7,229,69
2026-07-07T10:43:53.185Z,21.8,22.6,27.9,47.7,997.4,33.6,230,71
2026-07-07T10:44:03.156Z,22.4,23.4,27.9,47.8,997.4,33.6,230,72
2026-07-07T10:44:13.163Z,22.6,23.2,27.9,47.8,997.4,33.5,230,73
2026-07-07T10:44:23.154Z,23.2,23.2,27.9,47.9,997.4,33.5,231,74
2026-07-07T10:44:33.158Z,24,24.4,27.9,48,997.3,33.4,233,76
2026-07-07T10:44:43.155Z,25,26.6,27.9,48.1,997.3,33.3,239,78
2026-07-07T10:44:53.154Z,24.4,26.4,27.9,48.1,997.3,33.3,240,76
2026-07-07T10:45:03.162Z,25,26.4,27.9,48.2,997.3,33.2,240,78
2026-07-07T10:45:13.154Z,25.6,25.6,28,48.3,997.3,33.2,240,79
2026-07-07T10:45:23.154Z,24.6,24.6,28,48.3,997.3,33.1,240,77
2026-07-07T10:45:33.167Z,25.6,25.6,28,48.4,997.3,33.1,240,79
2026-07-07T10:45:43.141Z,23.8,25.4,28,48.4,997.3,33,240,75
2026-07-07T10:45:53.142Z,22.4,24.2,28,48.4,997.3,32.9,240,72
2026-07-07T10:46:03.163Z,21.8,23.2,28,48.5,997.3,32.9,240,71
2026-07-07T10:46:13.169Z,21.6,22.6,28,48.5,997.3,32.8,240,70
2026-07-07T10:46:23.147Z,22.6,23.6,28,48.6,997.3,32.8,240,73
2026-07-07T10:46:33.183Z,23.4,24.4,28,48.6,997.3,32.7,240,74
2026-07-07T10:46:43.154Z,22.2,24,28,48.6,997.3,32.6,240,72
2026-07-07T10:46:53.152Z,23.6,26,28,48.6,997.3,32.5,237,75
2026-07-07T10:47:03.154Z,22.8,25.8,28.1,48.6,997.3,32.4,235,73
2026-07-07T10:47:13.181Z,22.6,25.6,28.1,48.7,997.3,32.3,234,73
2026-07-07T10:47:23.158Z,23.6,26.6,28.1,48.7,997.3,32.2,233,75
2026-07-07T10:47:33.167Z,23,27,28.1,48.6,997.3,32.2,230,73
2026-07-07T10:47:43.163Z,22.2,25.8,28.2,48.6,997.3,32,231,72
2026-07-07T10:47:53.152Z,21,24,28.2,48.6,997.3,31.9,230,69
2026-07-07T10:48:03.154Z,22.4,24.4,28.2,48.6,997.3,31.8,228,72
2026-07-07T10:48:13.147Z,23,25,28.3,48.6,997.3,31.7,230,73
2026-07-07T10:48:23.144Z,24.4,26.4,28.3,48.6,997.3,31.6,228,76
2026-07-07T10:48:33.146Z,25.4,27.4,28.4,48.6,997.3,31.5,228,78
2026-07-07T10:48:43.166Z,25,27,28.4,48.5,997.3,31.4,229,78
2026-07-07T10:48:53.265Z,24,27,28.4,48.5,997.3,31.3,229,76
2026-07-07T10:49:03.152Z,23.6,26.4,28.5,48.6,997.3,31.2,229,75
2026-07-07T10:49:13.152Z,25,26.2,28.5,48.5,997.3,31.1,230,78
2026-07-07T10:49:23.157Z,24,25.6,28.5,48.5,997.3,31,229,76
2026-07-07T10:49:33.148Z,25.4,28.2,28.6,48.5,997.3,30.9,229,78
2026-07-07T10:49:43.158Z,24.6,28.6,28.6,48.5,997.4,30.8,229,77
2026-07-07T10:49:53.157Z,26,28,28.7,48.5,997.4,30.7,231,80
2026-07-07T10:50:03.165Z,25.4,27.4,28.7,48.5,997.4,30.6,231,78
2026-07-07T10:50:13.151Z,24.6,27.4,28.7,48.5,997.4,30.6,231,77
2026-07-07T10:50:23.151Z,23.4,27.4,28.8,48.4,997.4,30.5,231,74
2026-07-07T10:50:33.150Z,24.6,27.6,28.8,48.4,997.4,30.4,231,77
2026-07-07T10:50:43.165Z,24.4,27.4,28.8,48.4,997.4,30.3,231,76
2026-07-07T10:50:53.150Z,23,25,28.8,48.4,997.4,30.3,230,73
2026-07-07T10:51:03.150Z,23.6,25.4,28.9,48.3,997.4,30.2,229,75
2026-07-07T10:51:13.157Z,23.4,25.4,28.9,48.3,997.4,30.1,229,74
2026-07-07T10:51:23.154Z,25.6,26.6,28.9,48.2,997.4,30.1,229,79
2026-07-07T10:51:33.150Z,25.2,26.4,29,48.1,997.4,30,229,78
2026-07-07T10:51:43.155Z,23.6,24.8,29,48.1,997.4,29.9,228,75
2026-07-07T10:51:53.413Z,22.6,25.6,29.1,48,997.4,29.8,228,73
2026-07-07T10:52:03.163Z,23.4,26.8,29.1,48,997.4,29.7,229,74
2026-07-07T10:52:13.162Z,22.8,27.2,29.2,47.9,997.4,29.6,228,73
2026-07-07T10:52:23.151Z,22.2,27,29.2,47.9,997.4,29.5,228,72
2026-07-07T10:52:33.151Z,22.2,26.4,29.2,47.9,997.4,29.4,229,72
2026-07-07T10:52:43.154Z,22.8,26.8,29.3,47.8,997.4,29.4,228,73
2026-07-07T10:52:53.155Z,23,25.4,29.3,47.8,997.4,29.3,229,73
2026-07-07T10:53:03.150Z,22.4,23.6,29.3,47.8,997.4,29.2,229,72
2026-07-07T10:53:13.155Z,24.6,25.8,29.4,47.8,997.4,29.2,230,77
2026-07-07T10:53:23.163Z,25.2,27.2,29.4,47.9,997.4,29.1,230,78
2026-07-07T10:53:33.199Z,24,25,29.4,47.9,997.4,29,230,76
2026-07-07T10:53:43.162Z,23.6,25,29.4,47.9,997.4,29,230,75
2026-07-07T10:53:53.147Z,23,25,29.4,47.9,997.4,28.9,231,73
2026-07-07T10:54:03.158Z,24.2,24.4,29.5,47.8,997.4,28.9,231,76
2026-07-07T10:54:13.164Z,24.8,24.8,29.5,47.8,997.4,28.8,230,77
2026-07-07T10:54:23.150Z,24.6,25.2,29.5,47.8,997.4,28.7,230,77
2026-07-07T10:54:33.153Z,25.4,26.4,29.5,47.8,997.4,28.7,230,78
2026-07-07T10:54:43.167Z,26,26.8,29.6,47.7,997.4,28.6,231,80
2026-07-07T10:54:53.151Z,24.8,26.2,29.6,47.7,997.4,28.5,231,77
2026-07-07T10:55:03.149Z,24.4,26.4,29.6,47.6,997.4,28.5,230,76
2026-07-07T10:55:13.156Z,24,28,29.6,47.6,997.4,28.4,231,76
2026-07-07T10:55:23.149Z,24,29,29.7,47.6,997.4,28.3,231,76
2026-07-07T10:55:33.161Z,25,28.2,29.7,47.6,997.4,28.2,231,78
2026-07-07T10:55:43.178Z,25.6,28.4,29.7,47.6,997.4,28.2,231,79
2026-07-07T10:55:53.148Z,23.4,26.2,29.8,47.5,997.4,28.1,231,74
2026-07-07T10:56:03.156Z,25.6,27.2,29.8,47.5,997.4,28.1,231,79
2026-07-07T10:56:13.174Z,25.4,27.4,29.8,47.5,997.5,28,231,78
2026-07-07T10:56:23.161Z,25.4,26.4,29.8,47.4,997.5,27.9,231,78
2026-07-07T10:56:33.160Z,24,25.6,29.9,47.4,997.5,27.9,231,76
2026-07-07T10:56:43.152Z,25,25.6,29.9,47.3,997.5,27.8,231,78
2026-07-07T10:56:53.146Z,25,25.4,29.9,47.3,997.5,27.8,233,78
2026-07-07T10:57:03.152Z,25.4,26.6,30,47.3,997.5,27.7,233,78
2026-07-07T10:57:13.150Z,25,25,30,47.2,997.5,27.7,231,78
2026-07-07T10:57:23.147Z,25.2,25.2,30,47.2,997.5,27.6,233,78
2026-07-07T10:57:33.152Z,25.8,26.6,30,47.2,997.5,27.6,233,79
2026-07-07T10:57:43.146Z,24,24.6,30.1,47.1,997.5,27.5,234,76
2026-07-07T10:57:53.146Z,24,24,30.1,47.1,997.5,27.5,234,76
2026-07-07T10:58:03.152Z,24.2,24.8,30.1,47.1,997.5,27.4,234,76
2026-07-07T10:58:13.151Z,21.6,23.4,30.1,47.2,997.5,27.4,234,70
2026-07-07T10:58:23.158Z,22.6,24.6,30.1,47.2,997.5,27.4,234,73
2026-07-07T10:58:33.144Z,24,25.4,30.1,47.2,997.5,27.3,234,76
2026-07-07T10:58:43.158Z,23,26,30.1,47.2,997.5,27.3,234,73
2026-07-07T10:58:53.147Z,23.4,25.4,30.1,47.2,997.5,27.3,234,74
2026-07-07T10:59:03.149Z,24,25,30.2,47.3,997.5,27.3,234,76
2026-07-07T10:59:13.147Z,23.6,25,30.2,47.3,997.5,27.2,235,75
2026-07-07T10:59:23.212Z,24.6,25.6,30.2,47.3,997.5,27.2,235,77
2026-07-07T10:59:33.149Z,24.2,25.2,30.2,47.3,997.5,27.2,235,76
2026-07-07T10:59:43.146Z,25,26,30.2,47.3,997.6,27.1,235,78
2026-07-07T10:59:53.146Z,24.8,27,30.2,47.3,997.6,27.1,235,77
2026-07-07T11:00:03.191Z,24.8,27,30.2,47.4,997.6,27.1,233,77
2026-07-07T11:00:13.153Z,23,27,30.2,47.4,997.6,27.1,234,73
2026-07-07T11:00:23.147Z,23.8,28.2,30.2,47.4,997.6,27.1,233,75
2026-07-07T11:00:33.143Z,24.2,26.6,30.2,47.4,997.6,27,234,76
2026-07-07T11:00:43.163Z,24.6,27.2,30.2,47.4,997.6,27,235,77
2026-07-07T11:00:53.152Z,24.2,26.2,30.2,47.5,997.6,27,234,76
2026-07-07T11:01:03.153Z,25.6,27.6,30.2,47.6,997.6,27,234,79
2026-07-07T11:01:13.142Z,24.6,27,30.1,47.7,997.6,27,235,77
2026-07-07T11:01:23.157Z,23.8,26.4,30.1,47.8,997.6,27,235,75
2026-07-07T11:01:33.144Z,23.2,26.8,30.1,47.9,997.6,27.1,235,74
2026-07-07T11:01:43.147Z,23.4,27.4,30,48,997.6,27.1,236,74
2026-07-07T11:01:53.156Z,23.4,26.6,30,48.2,997.6,27.1,237,74
2026-07-07T11:02:03.152Z,22.6,25.6,30,48.3,997.6,27.2,238,73
2026-07-07T11:02:13.148Z,21.8,24.4,29.9,48.4,997.6,27.2,238,71
2026-07-07T11:02:23.157Z,22,25,29.9,48.5,997.6,27.3,239,71
2026-07-07T11:02:33.152Z,22,25,29.8,48.7,997.6,27.3,239,71
2026-07-07T11:02:43.153Z,22.8,25.4,29.8,48.8,997.6,27.3,239,73
2026-07-07T11:02:53.144Z,25,28.6,29.8,48.9,997.6,27.4,239,78
2026-07-07T11:03:03.144Z,24,27.4,29.7,49,997.6,27.4,240,76
2026-07-07T11:03:13.152Z,26,28,29.7,49.1,997.6,27.4,239,80
2026-07-07T11:03:23.152Z,24.4,25.8,29.7,49.1,997.6,27.4,240,76
2026-07-07T11:03:33.156Z,24,25,29.6,49.2,997.6,27.4,240,76
2026-07-07T11:03:43.151Z,25.4,26.4,29.6,49.3,997.6,27.5,239,78
2026-07-07T11:03:53.178Z,27,27.4,29.6,49.4,997.6,27.4,240,82
2026-07-07T11:04:03.147Z,25.4,25.6,29.6,49.5,997.6,27.4,240,78
2026-07-07T11:04:13.150Z,24.6,26.6,29.5,49.6,997.6,27.4,240,77
2026-07-07T11:04:23.147Z,25.6,26.6,29.5,49.7,997.6,27.4,240,79
2026-07-07T11:04:33.152Z,24.6,25.6,29.5,49.9,997.6,27.5,240,77
2026-07-07T11:04:43.151Z,24,25,29.4,50,997.6,27.5,240,76
2026-07-07T11:04:53.146Z,26.4,26.4,29.4,50.1,997.6,27.5,240,81
2026-07-07T11:05:03.158Z,26,26,29.4,50.2,997.6,27.5,240,80
2026-07-07T11:05:13.148Z,26,26,29.3,50.3,997.6,27.5,240,80
2026-07-07T11:05:23.154Z,24.6,24.6,29.3,50.5,997.6,27.6,240,77
2026-07-07T11:05:33.147Z,23.6,24.6,29.3,50.6,997.6,27.6,240,75
2026-07-07T11:05:43.170Z,22,24,29.2,50.7,997.6,27.6,240,71
2026-07-07T11:05:53.150Z,23.2,26,29.2,50.8,997.6,27.6,240,74
2026-07-07T11:06:03.141Z,23,26,29.2,50.8,997.6,27.6,241,73
2026-07-07T11:06:13.168Z,24.2,27,29.2,50.9,997.6,27.6,241,76
2026-07-07T11:06:23.149Z,24.4,25.8,29.2,51,997.6,27.6,243,76
2026-07-07T11:06:33.157Z,23.6,26,29.1,51.1,997.6,27.6,243,75
2026-07-07T11:06:43.164Z,23.4,28.4,29.1,51.1,997.6,27.6,243,74
2026-07-07T11:06:53.175Z,23.8,27.2,29.1,51.2,997.6,27.6,243,75
2026-07-07T11:07:03.241Z,24.4,26.4,29.1,51.3,997.6,27.6,243,76
2026-07-07T11:07:13.175Z,24.8,27.2,29.1,51.3,997.6,27.6,243,77
2026-07-07T11:07:23.145Z,26,29.8,29.1,51.5,997.6,27.6,243,80
2026-07-07T11:07:33.138Z,26.2,30,29.1,51.6,997.6,27.6,243,80
2026-07-07T11:07:43.166Z,27.2,28.2,29.1,51.7,997.6,27.6,242,82
2026-07-07T11:07:53.155Z,26.8,29.4,29.1,51.7,997.6,27.5,243,81
2026-07-07T11:08:03.147Z,26,29,29.1,51.8,997.6,27.5,242,80
2026-07-07T11:08:13.235Z,28.2,30.6,29.1,51.8,997.6,27.4,242,84
2026-07-07T11:08:23.142Z,29.6,32,29.1,51.9,997.6,27.4,242,87
2026-07-07T11:08:33.147Z,29.6,33.4,29.2,52,997.6,27.4,242,87
2026-07-07T11:08:43.171Z,29.8,33,29.2,52.2,997.6,27.3,242,88
2026-07-07T11:08:53.146Z,31.6,33.6,29.2,52.3,997.6,27.2,242,92
2026-07-07T11:09:03.287Z,32,34.6,29.2,52.4,997.6,27.2,242,92
2026-07-07T11:09:13.141Z,31.2,34.8,29.3,52.5,997.6,27.1,242,91
2026-07-07T11:09:23.146Z,32,35.8,29.3,52.5,997.6,27.1,244,92
2026-07-07T11:09:33.152Z,31,34,29.3,52.6,997.6,27,244,90
2026-07-07T11:09:43.139Z,29.2,32.2,29.3,52.6,997.6,27,244,86
2026-07-07T11:09:53.136Z,29.6,32.2,29.3,52.7,997.6,26.9,247,87
2026-07-07T11:10:03.154Z,29,31,29.4,52.8,997.6,26.9,247,86
2026-07-07T11:10:13.137Z,29.8,33.6,29.4,52.8,997.6,26.9,247,88
2026-07-07T11:10:23.133Z,29.8,33.4,29.4,52.9,997.6,26.9,247,88
2026-07-07T11:10:33.140Z,31.6,33.8,29.4,53.1,997.6,26.9,247,92
2026-07-07T11:10:43.141Z,31.4,35.2,29.4,53.2,997.6,26.9,247,91
2026-07-07T11:10:53.145Z,32,35.2,29.4,53.4,997.6,26.9,247,92
2026-07-07T11:11:03.165Z,32.4,36.2,29.4,53.6,997.6,26.8,247,93
2026-07-07T11:11:13.146Z,32.8,37.8,29.4,53.6,997.6,26.8,247,94
2026-07-07T11:11:23.144Z,32.4,36.4,29.4,53.7,997.6,26.7,247,93
2026-07-07T11:11:33.154Z,31.4,36.2,29.5,53.7,997.6,26.7,249,91
2026-07-07T11:11:43.160Z,32,36.2,29.5,53.8,997.6,26.6,249,92
2026-07-07T11:11:53.148Z,31.4,38,29.5,53.9,997.6,26.6,249,91
2026-07-07T11:12:03.142Z,32.6,38.2,29.5,54,997.6,26.6,249,94
2026-07-07T11:12:13.139Z,33.6,39.6,29.5,54.1,997.6,26.6,249,96
2026-07-07T11:12:23.138Z,34,39,29.5,54.3,997.6,26.5,249,97
2026-07-07T11:12:33.145Z,34.4,39.4,29.5,54.4,997.6,26.5,249,97
2026-07-07T11:12:43.136Z,34.6,38.8,29.6,54.5,997.6,26.5,250,98
2026-07-07T11:12:53.134Z,34.6,38.6,29.6,54.7,997.6,26.5,249,98
2026-07-07T11:13:03.178Z,34,39.2,29.6,54.8,997.6,26.4,249,97
2026-07-07T11:13:13.136Z,36,42.8,29.6,54.8,997.7,26.4,251,102
2026-07-07T11:13:23.134Z,35.4,42,29.6,54.9,997.7,26.3,251,100
2026-07-07T11:13:33.140Z,35.2,43.2,29.6,55,997.7,26.3,251,99
2026-07-07T11:13:43.139Z,37,45.8,29.7,55,997.7,26.2,251,104
2026-07-07T11:13:53.149Z,37,45.6,29.7,55.1,997.7,26.1,252,104
2026-07-07T11:14:03.136Z,38.6,47,29.7,55.1,997.7,26,253,108
2026-07-07T11:14:13.139Z,38.4,46.4,29.8,55.1,997.7,26,254,108
2026-07-07T11:14:23.148Z,37.4,44.4,29.8,55.2,997.7,25.9,256,105
2026-07-07T11:14:33.141Z,37.4,44.6,29.8,55.2,997.7,25.8,256,105
2026-07-07T11:14:43.133Z,37.4,46.4,29.9,55.2,997.7,25.7,256,105
2026-07-07T11:14:53.152Z,37.6,45.8,29.9,55.2,997.7,25.6,256,106
2026-07-07T11:15:03.193Z,38.2,46.2,30,55.2,997.7,25.5,256,107
2026-07-07T11:15:13.145Z,38.8,46.8,30,55.3,997.7,25.4,256,109
2026-07-07T11:15:23.135Z,38.6,48.6,30,55.3,997.7,25.4,256,108
2026-07-07T11:15:33.134Z,38.6,49,30.1,55.4,997.7,25.3,256,108
2026-07-07T11:15:43.130Z,38,47.2,30.1,55.5,997.7,25.3,256,107
2026-07-07T11:15:53.148Z,38.6,47.8,30.1,55.6,997.7,25.3,256,108
2026-07-07T11:16:03.133Z,38.4,46.4,30.1,55.7,997.7,25.2,256,108
2026-07-07T11:16:13.134Z,38.4,46.4,30.1,55.7,997.7,25.2,256,108
2026-07-07T11:16:23.128Z,38.6,46.6,30.2,55.8,997.7,25.2,256,108
2026-07-07T11:16:33.146Z,39.8,48.2,30.2,55.8,997.7,25.1,256,111
2026-07-07T11:16:43.149Z,39.6,48.6,30.2,55.9,997.7,25.1,256,111
2026-07-07T11:16:53.175Z,40.6,49.2,30.2,56.1,997.7,25,256,113
2026-07-07T11:17:03.153Z,39.8,48.8,30.2,56.2,997.7,25,257,111
2026-07-07T11:17:13.135Z,40,48,30.2,56.3,997.7,25,257,112
2026-07-07T11:17:23.144Z,39.8,49.2,30.2,56.5,997.7,25,258,111
2026-07-07T11:17:33.135Z,40.2,50.2,30.2,56.6,997.7,25,259,112
2026-07-07T11:17:43.137Z,40,49.2,30.2,56.7,997.8,25.1,259,112
2026-07-07T11:17:53.142Z,39.6,48.6,30.2,56.7,997.8,25.1,259,111
2026-07-07T11:18:03.136Z,38.4,48.4,30.2,56.7,997.8,25,260,108
2026-07-07T11:18:13.143Z,38.6,48.6,30.2,56.8,997.8,25,261,108
2026-07-07T11:18:23.147Z,42,51.4,30.2,56.8,997.8,25,261,117
2026-07-07T11:18:33.145Z,41.8,51,30.2,56.8,997.8,25,261,116
2026-07-07T11:18:43.138Z,41,51,30.3,56.8,997.8,24.9,261,114
2026-07-07T11:18:53.159Z,41.6,52.8,30.3,56.9,997.8,24.9,263,116
2026-07-07T11:19:03.135Z,42.8,52.8,30.3,57,997.8,24.8,263,118
2026-07-07T11:19:13.146Z,41,52,30.4,57.1,997.8,24.7,263,114
2026-07-07T11:19:23.152Z,42,53,30.4,57.2,997.8,24.6,266,117
2026-07-07T11:19:33.134Z,41,52,30.4,57.3,997.8,24.5,266,114
2026-07-07T11:19:43.141Z,41.4,51.8,30.4,57.4,997.8,24.4,266,115
2026-07-07T11:19:53.135Z,42.8,52.6,30.5,57.5,997.8,24.3,266,118
2026-07-07T11:20:03.140Z,42,51.6,30.5,57.6,997.8,24.2,266,117
2026-07-07T11:20:13.142Z,43.6,52,30.5,57.7,997.8,24.1,266,120
2026-07-07T11:20:23.144Z,44,54,30.5,57.9,997.8,24,269,121
2026-07-07T11:20:33.144Z,43.6,52.8,30.5,58,997.8,23.9,269,120
2026-07-07T11:20:43.133Z,43.8,54.8,30.5,58.1,997.8,23.8,271,121
2026-07-07T11:20:53.133Z,45.8,57.2,30.5,58.2,997.8,23.7,272,126
2026-07-07T11:21:03.150Z,46.6,57.6,30.5,58.4,997.8,23.6,272,128
2026-07-07T11:21:13.139Z,46,57,30.5,58.5,997.8,23.5,269,126
2026-07-07T11:21:23.134Z,45.8,56.2,30.5,58.7,997.8,23.4,272,126
2026-07-07T11:21:33.140Z,45.6,56.6,30.5,58.8,997.8,23.3,272,125
2026-07-07T11:21:43.133Z,45.4,56.6,30.6,58.9,997.9,23.2,272,125
2026-07-07T11:21:53.130Z,45.6,55.8,30.6,59,997.9,23.1,272,125
2026-07-07T11:22:03.161Z,45.6,57,30.6,59.1,997.9,23,272,125
2026-07-07T11:22:13.159Z,46,58,30.6,59.2,997.9,22.9,273,126
2026-07-07T11:22:23.142Z,46.8,59,30.6,59.2,997.9,22.8,277,128
2026-07-07T11:22:33.136Z,48,60.8,30.6,59.3,997.9,22.7,277,131
2026-07-07T11:22:43.189Z,48.4,60.4,30.6,59.3,997.9,22.7,278,132
2026-07-07T11:22:53.136Z,49,60.2,30.7,59.3,997.9,22.6,278,134
2026-07-07T11:23:03.135Z,48.6,60.6,30.7,59.4,997.9,22.5,280,133
2026-07-07T11:23:13.134Z,46,59,30.7,59.4,997.9,22.4,278,126
2026-07-07T11:23:23.139Z,46,59,30.7,59.4,997.9,22.3,278,126
2026-07-07T11:23:33.209Z,47,60,30.8,59.5,997.9,22.2,278,129
2026-07-07T11:23:43.139Z,48,60.4,30.8,59.5,997.9,22.2,281,131
2026-07-07T11:23:53.129Z,48.4,61.4,30.8,59.6,997.9,22.1,278,132
2026-07-07T11:24:03.130Z,50,62.6,30.8,59.6,997.9,22,281,136
2026-07-07T11:24:13.128Z,50.2,64.4,30.8,59.6,997.9,21.9,282,137
2026-07-07T11:24:23.146Z,50.4,65.2,30.9,59.6,997.9,21.8,282,137
2026-07-07T11:24:33.125Z,50,64.6,30.9,59.7,997.9,21.8,277,136
2026-07-07T11:24:43.148Z,49.8,62.8,30.9,59.7,997.9,21.7,282,136
2026-07-07T11:24:53.131Z,49.2,62.2,30.9,59.7,997.9,21.6,277,134
2026-07-07T11:25:03.134Z,48.4,60.8,30.9,59.7,997.9,21.6,285,132
2026-07-07T11:25:13.139Z,47.4,59.4,30.9,59.7,997.9,21.5,288,130
2026-07-07T11:25:23.132Z,47.2,59.2,30.9,59.8,997.9,21.4,285,129
2026-07-07T11:25:33.129Z,47.6,59.6,31,59.8,997.9,21.4,288,130
2026-07-07T11:25:43.142Z,47.6,59.6,31,59.8,997.9,21.3,291,130
2026-07-07T11:25:53.136Z,47,59,31,59.8,997.9,21.3,288,129
2026-07-07T11:26:03.156Z,47.8,59.8,31,59.8,997.9,21.3,289,131
2026-07-07T11:26:13.134Z,48,60,31,59.8,997.9,21.2,291,131
2026-07-07T11:26:23.140Z,47,59,31,59.8,997.9,21.2,291,129
2026-07-07T11:26:33.136Z,46.8,58.4,31,59.8,997.9,21.1,291,128
2026-07-07T11:26:43.135Z,46.6,58,31,59.9,997.9,21.1,291,128
2026-07-07T11:26:53.135Z,46.4,59.4,31,59.9,997.9,21.1,291,127
2026-07-07T11:27:03.129Z,47,58.2,31,59.9,997.9,21,291,129
2026-07-07T11:27:13.127Z,47.2,58.8,31,59.9,997.9,21,291,129
2026-07-07T11:27:23.126Z,47,57.4,31,59.9,997.9,21,290,129
2026-07-07T11:27:33.128Z,46,58.6,31,59.9,997.9,21,290,126
2026-07-07T11:27:43.129Z,47.8,61,31,59.9,997.9,21,290,131
2026-07-07T11:27:53.139Z,47,59.4,31,60,997.9,21,290,129
2026-07-07T11:28:03.143Z,46.4,59.4,31,60,997.9,20.9,290,127
2026-07-07T11:28:13.131Z,45.8,59.6,31,60.1,997.9,20.9,290,126
2026-07-07T11:28:23.129Z,46,59.6,31,60.3,997.9,21,290,126
2026-07-07T11:28:33.133Z,46,58.8,31,60.4,997.9,21,290,126
2026-07-07T11:28:43.128Z,45.8,57.4,30.9,60.5,997.9,21,290,126
2026-07-07T11:28:53.131Z,44.6,56.4,30.9,60.6,997.9,21,290,123
2026-07-07T11:29:03.129Z,45.4,58,30.9,60.7,997.9,21,290,125
2026-07-07T11:29:13.128Z,45.4,57.2,30.8,60.7,997.9,21.1,290,125
2026-07-07T11:29:23.134Z,44.6,55.8,30.8,60.8,997.9,21.1,293,123
2026-07-07T11:29:33.128Z,45.8,59.4,30.8,60.9,997.9,21.1,293,126
2026-07-07T11:29:43.137Z,46,59.4,30.8,60.9,997.9,21.1,293,126
2026-07-07T11:29:53.135Z,45.6,59,30.7,61,997.9,21.1,294,125
2026-07-07T11:30:03.137Z,46.6,60,30.7,61.1,997.9,21.1,294,128
2026-07-07T11:30:13.148Z,45.4,58.8,30.7,61.2,997.9,21.1,294,125
2026-07-07T11:30:23.130Z,46.2,58.4,30.7,61.2,997.9,21.1,293,127
2026-07-07T11:30:33.140Z,46.6,58.6,30.7,61.3,997.9,21.1,294,128
2026-07-07T11:30:43.134Z,46.8,59,30.6,61.3,997.9,21.1,294,128
2026-07-07T11:30:53.137Z,46.6,59.8,30.6,61.4,997.9,21.1,294,128
2026-07-07T11:31:03.130Z,46.8,60,30.6,61.4,997.9,21.1,294,128
2026-07-07T11:31:13.140Z,46.4,59.4,30.6,61.4,997.9,21.1,294,127
2026-07-07T11:31:23.118Z,46.2,57.8,30.6,61.4,997.9,21.1,295,127
2026-07-07T11:31:33.127Z,45.2,57,30.6,61.4,997.9,21.1,295,124
2026-07-07T11:31:43.128Z,45,56,30.6,61.3,997.9,21.1,296,124
2026-07-07T11:31:53.139Z,44.6,55.8,30.6,61.3,997.9,21.1,296,123
2026-07-07T11:32:03.150Z,46.2,59.4,30.6,61.3,997.9,21,296,127
2026-07-07T11:32:13.262Z,44.8,57,30.6,61.3,997.9,21,297,123
2026-07-07T11:32:23.124Z,45,57,30.7,61.3,997.9,21,299,124
2026-07-07T11:32:33.125Z,46.6,58.6,30.7,61.3,997.9,21,299,128
2026-07-07T11:32:43.129Z,46.2,57.6,30.7,61.2,997.9,20.9,299,127
2026-07-07T11:32:53.162Z,46,57,30.7,61.2,997.9,20.9,300,126
2026-07-07T11:33:03.145Z,46.2,57.2,30.7,61.1,997.9,20.9,300,127
2026-07-07T11:33:13.134Z,46.4,57.4,30.8,61,997.9,20.8,302,127
2026-07-07T11:33:23.135Z,47.2,59.4,30.8,60.9,997.9,20.8,302,129
2026-07-07T11:33:33.136Z,46,57.6,30.8,60.8,997.9,20.7,302,126
2026-07-07T11:33:43.150Z,45.8,57.8,30.9,60.7,997.9,20.7,304,126
2026-07-07T11:33:53.122Z,45.8,57.8,30.9,60.6,997.9,20.7,304,126
2026-07-07T11:34:03.114Z,46.4,59,31,60.5,997.9,20.6,304,127
2026-07-07T11:34:13.120Z,47.2,59.4,31,60.4,997.9,20.6,304,129
2026-07-07T11:34:23.118Z,48,60.2,31.1,60.3,997.9,20.5,304,131
2026-07-07T11:34:33.141Z,47.6,59.8,31.1,60.2,997.9,20.5,304,130
2026-07-07T11:34:43.114Z,46.8,58.8,31.1,60.1,997.9,20.4,304,128
2026-07-07T11:34:53.127Z,46.4,58.8,31.2,60,997.9,20.4,304,127
2026-07-07T11:35:03.146Z,47.2,60.4,31.2,59.9,997.9,20.4,304,129
2026-07-07T11:35:13.126Z,47,61,31.3,59.9,997.9,20.3,304,129
2026-07-07T11:35:23.134Z,46.4,59.4,31.3,59.8,997.9,20.3,304,127
2026-07-07T11:35:33.132Z,46,58,31.3,59.8,997.9,20.3,305,126
2026-07-07T11:35:43.130Z,44,55.6,31.3,59.8,997.9,20.2,305,121
2026-07-07T11:35:53.124Z,46,58,31.4,59.7,997.9,20.2,305,126
2026-07-07T11:36:03.125Z,45.8,57.8,31.4,59.7,997.9,20.2,305,126
2026-07-07T11:36:13.118Z,45,58,31.4,59.7,997.9,20.2,305,124
2026-07-07T11:36:23.117Z,45.2,56.8,31.4,59.7,997.9,20.2,305,124
2026-07-07T11:36:33.118Z,46.8,59.6,31.4,59.7,997.9,20.1,305,128
2026-07-07T11:36:43.117Z,47.6,59.6,31.5,59.7,997.9,20.1,306,130
2026-07-07T11:36:53.135Z,47.4,59.4,31.5,59.7,997.9,20.1,305,130
2026-07-07T11:37:03.132Z,47.8,60.4,31.5,59.6,997.9,20.1,306,131
2026-07-07T11:37:13.137Z,46,58.8,31.5,59.6,997.9,20.1,306,126
2026-07-07T11:37:23.136Z,46,58,31.5,59.6,997.9,20.1,306,126
2026-07-07T11:37:33.139Z,46.4,57.6,31.5,59.6,997.9,20.1,306,127
2026-07-07T11:37:43.125Z,46.6,57.8,31.5,59.6,997.9,20,307,128
2026-07-07T11:37:53.118Z,47,59,31.5,59.6,997.9,20,306,129
2026-07-07T11:38:03.129Z,46,58.8,31.5,59.6,997.9,20,306,126
2026-07-07T11:38:13.124Z,46.6,58.4,31.5,59.6,997.9,20,309,128
2026-07-07T11:38:23.122Z,45.6,57.6,31.5,59.6,997.9,20,306,125
2026-07-07T11:38:33.152Z,46.2,57.4,31.5,59.7,997.9,20,307,127
2026-07-07T11:38:43.117Z,47,58,31.5,59.7,997.9,20,309,129
2026-07-07T11:38:53.124Z,48,58,31.5,59.7,997.9,20,309,131
2026-07-07T11:39:03.120Z,46.4,57.4,31.5,59.7,997.9,20,309,127
2026-07-07T11:39:13.128Z,46.4,58.4,31.5,59.7,998,19.9,309,127
2026-07-07T11:39:23.123Z,47.4,59.4,31.5,59.7,998,19.9,309,130
2026-07-07T11:39:33.135Z,47,59.4,31.5,59.7,998,19.9,309,129
2026-07-07T11:39:43.119Z,47.8,58,31.5,59.8,998,19.9,309,131
2026-07-07T11:39:53.120Z,47,57,31.5,59.8,998,19.9,309,129
2026-07-07T11:40:03.116Z,47.6,58.8,31.5,59.8,998,19.9,310,130
2026-07-07T11:40:13.116Z,47.6,59.6,31.5,59.8,998,19.9,310,130
2026-07-07T11:40:23.122Z,45.8,57.4,31.5,59.8,998,19.9,311,126
2026-07-07T11:40:33.114Z,46.8,57,31.5,59.9,998,19.8,312,128
2026-07-07T11:40:43.114Z,45.8,56.4,31.5,60,998,19.8,312,126
2026-07-07T11:40:53.125Z,46.4,59,31.5,60,998,19.8,313,127
2026-07-07T11:41:03.123Z,46.4,59.4,31.5,60.1,998,19.8,314,127
2026-07-07T11:41:13.128Z,47,59.2,31.5,60.1,998,19.8,313,129
2026-07-07T11:41:23.125Z,45.8,57.4,31.5,60.2,998,19.8,311,126
2026-07-07T11:41:33.124Z,47,58.4,31.5,60.3,998,19.8,313,129
2026-07-07T11:41:43.127Z,47.6,59.6,31.4,60.3,998,19.8,313,130
2026-07-07T11:41:53.125Z,47.8,61.4,31.4,60.3,998,19.8,311,131
2026-07-07T11:42:03.129Z,47.4,59.4,31.4,60.3,998,19.7,314,130
2026-07-07T11:42:13.128Z,45.4,56.4,31.4,60.3,998,19.7,311,125
2026-07-07T11:42:23.145Z,46,57,31.4,60.3,998,19.7,311,126
2026-07-07T11:42:33.134Z,46.6,57.8,31.4,60.3,998,19.7,312,128
2026-07-07T11:42:43.133Z,46.8,58.8,31.4,60.3,998,19.7,311,128
2026-07-07T11:42:53.128Z,46.8,59.8,31.4,60.4,998,19.7,311,128
2026-07-07T11:43:03.128Z,46.8,59.6,31.4,60.4,998,19.7,311,128
2026-07-07T11:43:13.125Z,45.6,59.6,31.4,60.4,998,19.6,311,125
2026-07-07T11:43:23.132Z,45.6,59,31.4,60.5,998,19.6,311,125
2026-07-07T11:43:33.124Z,45.6,57.6,31.4,60.5,998,19.6,312,125
2026-07-07T11:43:43.132Z,45.6,57.6,31.4,60.5,998,19.6,312,125
2026-07-07T11:43:53.116Z,45.6,57.6,31.4,60.6,998,19.6,312,125
2026-07-07T11:44:03.113Z,45.6,57.2,31.4,60.7,998,19.6,312,125
2026-07-07T11:44:13.115Z,46.4,57.4,31.4,60.7,998,19.6,313,127
2026-07-07T11:44:23.120Z,48,59.8,31.4,60.8,998,19.6,314,131
2026-07-07T11:44:33.131Z,47.4,60.4,31.4,60.8,998,19.6,314,130
2026-07-07T11:44:43.126Z,48,61,31.3,60.8,998,19.6,311,131
2026-07-07T11:44:53.107Z,46.8,60.8,31.3,60.8,998,19.6,311,128
2026-07-07T11:45:03.109Z,46.4,59.6,31.3,60.8,998,19.6,311,127
2026-07-07T11:45:13.123Z,47,60,31.3,60.8,998,19.6,310,129
2026-07-07T11:45:23.113Z,46,58,31.3,60.8,998,19.6,310,126
2026-07-07T11:45:33.118Z,45,56,31.3,60.9,998.1,19.6,309,124
2026-07-07T11:45:43.143Z,45.8,57.2,31.3,60.9,998.1,19.6,309,126
2026-07-07T11:45:53.132Z,46.4,59.4,31.3,60.9,998.1,19.6,310,127
2026-07-07T11:46:03.126Z,46,59,31.3,60.9,998.1,19.5,309,126
2026-07-07T11:46:13.127Z,48.6,61.2,31.3,60.9,998.1,19.5,309,133
2026-07-07T11:46:23.125Z,46.2,59.2,31.3,61,998.1,19.5,310,127
2026-07-07T11:46:33.151Z,46,58,31.3,61,998.1,19.5,309,126
2026-07-07T11:46:43.244Z,47.2,59.8,31.3,61.1,998.1,19.5,311,129
2026-07-07T11:46:53.131Z,47,59.6,31.3,61.1,998.1,19.5,313,129
2026-07-07T11:47:03.134Z,45.8,57.8,31.3,61.2,998.1,19.5,313,126
2026-07-07T11:47:13.126Z,45.2,57,31.3,61.3,998.2,19.5,313,124
2026-07-07T11:47:23.122Z,46.6,57.6,31.2,61.4,998.2,19.5,314,128
2026-07-07T11:47:33.122Z,46.6,57.6,31.2,61.6,998.2,19.5,314,128
2026-07-07T11:47:43.129Z,46,56.8,31.2,61.7,998.2,19.5,314,126
2026-07-07T11:47:53.141Z,45,55.4,31.1,61.8,998.2,19.5,314,124
2026-07-07T11:48:03.121Z,45.4,57.4,31.1,61.9,998.2,19.5,314,125
2026-07-07T11:48:13.119Z,46.8,58.2,31.1,62,998.2,19.5,314,128
2026-07-07T11:48:23.122Z,46.6,59.2,31,62,998.2,19.5,314,128
2026-07-07T11:48:33.124Z,46,57.2,31,62.2,998.2,19.5,314,126
2026-07-07T11:48:43.152Z,45.2,57.6,31,62.3,998.2,19.5,315,124
2026-07-07T11:48:53.124Z,46,58.4,30.9,62.4,998.3,19.5,315,126
2026-07-07T11:49:03.121Z,45,56.2,30.9,62.6,998.3,19.5,315,124
2026-07-07T11:49:13.119Z,45.2,56.2,30.9,62.7,998.3,19.6,315,124
2026-07-07T11:49:23.133Z,45,56,30.8,62.8,998.3,19.6,315,124
2026-07-07T11:49:33.124Z,46.6,57.6,30.8,63,998.3,19.6,315,128
2026-07-07T11:49:43.120Z,46.4,57.4,30.7,63.1,998.3,19.6,315,127
2026-07-07T11:49:53.139Z,45.8,55.6,30.7,63.3,998.3,19.7,315,126
2026-07-07T11:50:03.125Z,46.6,56.2,30.6,63.4,998.3,19.7,317,128
2026-07-07T11:50:13.112Z,47,59.6,30.6,63.5,998.3,19.7,317,129
2026-07-07T11:50:23.119Z,47,58.6,30.6,63.5,998.3,19.7,317,129
2026-07-07T11:50:33.117Z,46.6,58.6,30.6,63.6,998.4,19.8,318,128
2026-07-07T11:50:43.128Z,46.8,57.4,30.5,63.7,998.4,19.8,318,128
2026-07-07T11:50:53.124Z,48.2,59.8,30.5,63.8,998.4,19.8,318,132
2026-07-07T11:51:03.118Z,48,58.6,30.5,63.8,998.4,19.8,318,131
2026-07-07T11:51:13.133Z,47,58.6,30.5,63.8,998.4,19.8,318,129
2026-07-07T11:51:23.120Z,48.2,61.8,30.5,63.8,998.4,19.7,318,132
2026-07-07T11:51:33.177Z,49,62.2,30.5,63.9,998.4,19.7,316,134
2026-07-07T11:51:43.120Z,48,59.6,30.5,63.9,998.4,19.7,318,131
2026-07-07T11:51:53.137Z,48,60,30.5,63.8,998.4,19.7,316,131
2026-07-07T11:52:03.128Z,47.8,60.6,30.5,63.8,998.4,19.6,315,131
2026-07-07T11:52:13.122Z,48,60.8,30.6,63.7,998.4,19.6,315,131
2026-07-07T11:52:23.120Z,47.6,60.6,30.6,63.7,998.4,19.6,315,130
2026-07-07T11:52:33.131Z,49,62,30.6,63.7,998.4,19.5,314,134
2026-07-07T11:52:43.127Z,48.4,61.4,30.6,63.7,998.4,19.5,314,132
2026-07-07T11:52:53.138Z,49,61.8,30.6,63.6,998.5,19.5,314,134
2026-07-07T11:53:03.122Z,47.6,60.6,30.7,63.6,998.5,19.4,314,130
2026-07-07T11:53:13.118Z,47.6,61.6,30.7,63.5,998.5,19.4,313,130
2026-07-07T11:53:23.112Z,48.2,61.4,30.7,63.5,998.5,19.3,313,132
2026-07-07T11:53:33.114Z,47.8,60.2,30.8,63.5,998.5,19.3,313,131
2026-07-07T11:53:43.116Z,47,60.2,30.8,63.4,998.5,19.3,310,129
2026-07-07T11:53:53.117Z,47,60.2,30.8,63.4,998.5,19.3,310,129
2026-07-07T11:54:03.117Z,49,62.2,30.8,63.4,998.5,19.2,311,134
2026-07-07T11:54:13.120Z,48,62,30.8,63.4,998.5,19.2,310,131
2026-07-07T11:54:23.117Z,46.8,60.4,30.9,63.4,998.5,19.2,311,128
2026-07-07T11:54:33.115Z,46.6,58.2,30.9,63.3,998.5,19.1,313,128
2026-07-07T11:54:43.118Z,46.8,57.2,30.9,63.3,998.5,19.1,311,128
2026-07-07T11:54:53.138Z,47,58.8,30.9,63.4,998.5,19.1,311,129
2026-07-07T11:55:03.114Z,48.2,60.8,30.9,63.4,998.5,19.1,314,132
2026-07-07T11:55:13.247Z,48.4,61.6,30.9,63.3,998.5,19.1,314,132
2026-07-07T11:55:23.110Z,47.2,59.4,31,63.4,998.5,19.1,311,129
2026-07-07T11:55:33.112Z,47.8,58.2,31,63.4,998.5,19.1,313,131
2026-07-07T11:55:43.113Z,47.6,59,31,63.4,998.5,19,313,130
2026-07-07T11:55:53.115Z,47.4,60.2,31,63.4,998.5,19,313,130
2026-07-07T11:56:03.113Z,48,61.4,31,63.4,998.5,19,313,131
2026-07-07T11:56:13.130Z,47.4,60.4,31,63.4,998.5,19,313,130
2026-07-07T11:56:23.122Z,47,59.2,31,63.4,998.5,19,313,129
2026-07-07T11:56:33.114Z,48,59,31,63.4,998.6,19,313,131
2026-07-07T11:56:43.139Z,48.4,59.2,31,63.4,998.6,19,313,132
2026-07-07T11:56:53.162Z,48.2,59.2,31,63.4,998.6,19,313,132
2026-07-07T11:57:03.118Z,48,58,31,63.4,998.6,19,313,131
2026-07-07T11:57:13.120Z,48,59,31.1,63.5,998.6,18.9,313,131
2026-07-07T11:57:23.116Z,48,58.4,31.1,63.5,998.6,18.9,313,131
2026-07-07T11:57:33.120Z,45.2,56,31.1,63.6,998.6,18.9,313,124
2026-07-07T11:57:43.116Z,47.4,57.4,31,63.6,998.6,18.9,314,130
2026-07-07T11:57:53.115Z,47.2,58,31,63.7,998.6,18.9,314,129
2026-07-07T11:58:03.127Z,47.4,60,31,63.7,998.6,18.9,313,130
2026-07-07T11:58:13.142Z,47,60,31,63.8,998.6,18.9,313,129
2026-07-07T11:58:23.144Z,48,60,31,63.9,998.6,19,313,131
2026-07-07T11:58:33.121Z,47,59.6,31,64,998.6,19,313,129
2026-07-07T11:58:43.159Z,47.2,59.8,31,64.1,998.6,19,313,129
2026-07-07T11:58:53.119Z,45,57.4,31,64.3,998.6,19,314,124
2026-07-07T11:59:03.126Z,43.8,56.6,30.9,64.4,998.6,19,313,121
2026-07-07T11:59:13.121Z,46.4,58,30.9,64.6,998.6,19.1,314,127
2026-07-07T11:59:23.122Z,46.2,57.2,30.8,64.8,998.6,19.1,315,127
2026-07-07T11:59:33.130Z,47,58.4,30.8,65,998.6,19.1,315,129
2026-07-07T11:59:43.129Z,45.6,56,30.7,65.2,998.6,19.2,318,125
2026-07-07T11:59:53.111Z,45.8,55.8,30.7,65.4,998.6,19.2,319,126
2026-07-07T12:00:03.212Z,44.6,56.4,30.6,65.6,998.6,19.2,323,123
2026-07-07T12:00:13.119Z,45.8,59,30.6,65.8,998.6,19.3,324,126
2026-07-07T12:00:23.118Z,44.8,57,30.5,66,998.6,19.3,324,123
2026-07-07T12:00:33.120Z,44.2,57,30.5,66.2,998.6,19.3,327,122
2026-07-07T12:00:43.128Z,43.2,55.2,30.4,66.3,998.6,19.4,327,119
2026-07-07T12:00:53.180Z,44.2,56.2,30.4,66.5,998.6,19.4,327,122
2026-07-07T12:01:03.123Z,45.6,57.8,30.3,66.7,998.7,19.4,329,125
2026-07-07T12:01:13.159Z,46.2,59.8,30.3,66.8,998.7,19.5,330,127
2026-07-07T12:01:23.116Z,46.4,59.8,30.3,67,998.7,19.5,330,127
2026-07-07T12:01:33.119Z,45.6,57.6,30.2,67.1,998.7,19.5,331,125
2026-07-07T12:01:43.129Z,45.8,57.6,30.2,67.2,998.7,19.6,333,126
2026-07-07T12:01:53.103Z,45,55.8,30.1,67.4,998.7,19.6,333,124
2026-07-07T12:02:03.130Z,44.6,55.4,30.1,67.5,998.7,19.6,334,123
2026-07-07T12:02:13.119Z,43.6,54.4,30.1,67.6,998.7,19.6,335,120
2026-07-07T12:02:23.118Z,44.6,54.6,30,67.7,998.7,19.6,335,123
2026-07-07T12:02:33.120Z,44,54,30,67.8,998.7,19.7,335,121
2026-07-07T12:02:43.125Z,44.4,54.8,30,67.9,998.7,19.7,336,122
2026-07-07T12:02:53.123Z,45.4,56,30,68,998.7,19.7,336,125
2026-07-07T12:03:03.133Z,45,55.6,29.9,68.1,998.7,19.7,336,124
2026-07-07T12:03:13.119Z,43.4,54.4,29.9,68.3,998.7,19.7,336,120
2026-07-07T12:03:23.105Z,44.2,54.2,29.9,68.4,998.7,19.7,336,122
2026-07-07T12:03:33.116Z,43,53.4,29.9,68.5,998.7,19.7,337,119
2026-07-07T12:03:43.121Z,44,53.8,29.9,68.6,998.7,19.6,337,121
2026-07-07T12:03:53.121Z,43.4,53.4,29.8,68.6,998.7,19.6,337,120
2026-07-07T12:04:03.123Z,43.2,52.2,29.8,68.7,998.8,19.6,339,119
2026-07-07T12:04:13.118Z,42.4,51.4,29.8,68.8,998.8,19.6,339,117
2026-07-07T12:04:23.117Z,43.4,53.2,29.8,68.8,998.8,19.6,339,120
2026-07-07T12:04:33.126Z,43.4,54.4,29.8,68.9,998.8,19.6,341,120
2026-07-07T12:04:43.117Z,43.8,54.8,29.8,69,998.8,19.5,341,121
2026-07-07T12:04:53.129Z,44,56,29.8,69.1,998.8,19.5,341,121
2026-07-07T12:05:03.102Z,43.4,54.2,29.8,69.2,998.8,19.5,341,120
2026-07-07T12:05:13.112Z,43.4,52.4,29.8,69.3,998.8,19.4,341,120
2026-07-07T12:05:23.120Z,43.6,54.6,29.8,69.4,998.8,19.4,341,120
2026-07-07T12:05:33.118Z,45.2,55,29.8,69.5,998.8,19.3,342,124
2026-07-07T12:05:43.108Z,45,55.8,29.8,69.5,998.8,19.2,342,124
2026-07-07T12:05:53.125Z,45,56,29.8,69.6,998.8,19.2,342,124
2026-07-07T12:06:03.110Z,44.6,54.4,29.8,69.7,998.8,19.1,346,123
2026-07-07T12:06:13.118Z,43.2,52.2,29.8,69.8,998.8,19,346,119
2026-07-07T12:06:23.122Z,43.6,52.6,29.8,69.9,998.8,18.9,348,120
2026-07-07T12:06:33.125Z,43.6,53,29.8,70,998.8,18.8,348,120
2026-07-07T12:06:43.126Z,42.4,51.2,29.8,70.2,998.8,18.7,348,117
2026-07-07T12:06:53.109Z,43,52.6,29.8,70.3,998.8,18.6,348,119
2026-07-07T12:07:03.106Z,42,51.6,29.8,70.4,998.8,18.5,349,117
2026-07-07T12:07:13.112Z,42.8,53,29.8,70.5,998.8,18.4,348,118
2026-07-07T12:07:23.113Z,41.6,51.6,29.8,70.6,998.8,18.3,349,116
2026-07-07T12:07:33.123Z,42.4,53.8,29.8,70.8,998.8,18.2,350,117
2026-07-07T12:07:43.136Z,43.6,56.6,29.8,71,998.8,18.1,351,120
2026-07-07T12:07:53.113Z,43.4,56.4,29.8,71.1,998.9,18,351,120
2026-07-07T12:08:03.126Z,45,56.6,29.8,71.2,998.9,17.9,352,124
2026-07-07T12:08:13.110Z,44,55.2,29.8,71.4,998.9,17.8,352,121
2026-07-07T12:08:23.114Z,43.6,54.6,29.8,71.5,998.9,17.7,352,120
2026-07-07T12:08:33.121Z,42.4,54.4,29.8,71.7,998.9,17.5,353,117
2026-07-07T12:08:43.118Z,43.4,55.4,29.9,71.9,998.9,17.4,353,120
2026-07-07T12:08:53.098Z,43.4,55,29.9,72,998.9,17.3,354,120
2026-07-07T12:09:03.096Z,44.2,56.2,29.9,72.1,998.9,17.2,354,122
2026-07-07T12:09:13.096Z,44.4,57.2,29.9,72.3,998.9,17.1,355,122
2026-07-07T12:09:23.094Z,44.4,57,29.9,72.4,998.9,17.1,355,122
2026-07-07T12:09:33.100Z,45.8,59,29.9,72.5,998.9,17,355,126
2026-07-07T12:09:43.102Z,45.6,57.6,29.9,72.6,998.9,16.9,356,125
2026-07-07T12:09:53.118Z,44.6,56.6,29.9,72.7,998.9,16.8,360,123
2026-07-07T12:10:03.114Z,45,57.6,29.9,72.8,998.9,16.8,360,124
2026-07-07T12:10:13.109Z,45.8,58,29.9,72.9,998.9,16.7,360,126
2026-07-07T12:10:23.113Z,46,58.8,29.9,73,998.9,16.6,361,126
2026-07-07T12:10:33.118Z,45.2,60,29.9,73.1,998.9,16.6,356,124
2026-07-07T12:10:43.108Z,46,59.8,29.9,73.2,998.9,16.5,356,126
2026-07-07T12:10:53.118Z,45.6,57.6,29.9,73.3,998.9,16.5,361,125
2026-07-07T12:11:03.117Z,45.4,56.4,29.9,73.3,998.9,16.4,356,125
2026-07-07T12:11:13.120Z,46,57.2,29.9,73.4,998.9,16.4,362,126
2026-07-07T12:11:23.116Z,45.4,57.4,29.9,73.5,998.9,16.3,362,125
2026-07-07T12:11:33.109Z,45,58.2,29.9,73.6,998.9,16.3,362,124
2026-07-07T12:11:43.135Z,46,59.6,29.9,73.7,998.9,16.2,363,126
2026-07-07T12:11:53.099Z,45.4,57.6,29.9,73.7,999,16.2,363,125
2026-07-07T12:12:03.114Z,45.6,57,30,73.7,999,16.1,362,125
2026-07-07T12:12:13.106Z,45.4,56.4,30,73.7,999,16.1,361,125
2026-07-07T12:12:23.135Z,46.6,57.6,30,73.7,999,16,361,128
2026-07-07T12:12:33.136Z,47,58,30,73.6,999,16,361,129
2026-07-07T12:12:43.156Z,47.2,59.2,30,73.5,999,15.9,361,129
2026-07-07T12:12:53.110Z,47.2,60.8,30.1,73.5,999,15.9,361,129
2026-07-07T12:13:03.119Z,45.2,59.2,30.1,73.4,999,15.8,359,124
2026-07-07T12:13:13.108Z,45.8,58,30.1,73.3,999,15.8,359,126
2026-07-07T12:13:23.116Z,46.8,57.8,30.2,73.3,999,15.8,359,128
2026-07-07T12:13:33.121Z,46.4,57.4,30.2,73.2,999,15.7,357,127
2026-07-07T12:13:43.109Z,46,57.6,30.2,73.1,999,15.7,356,126
2026-07-07T12:13:53.112Z,46.4,58.4,30.2,73.1,999,15.7,354,127
2026-07-07T12:14:03.104Z,45.4,56.4,30.2,73,999,15.6,353,125
2026-07-07T12:14:13.109Z,45,56.2,30.3,73,999,15.6,352,124
2026-07-07T12:14:23.111Z,46.6,57.8,30.3,73,999,15.6,350,128
2026-07-07T12:14:33.103Z,46.8,57.8,30.3,73,999,15.6,350,128
2026-07-07T12:14:43.116Z,46.4,58.4,30.3,72.9,999,15.6,351,127
2026-07-07T12:14:53.116Z,45.2,57.4,30.3,72.9,999,15.6,350,124
2026-07-07T12:15:03.111Z,47.2,59.4,30.3,72.9,999,15.5,350,129
2026-07-07T12:15:13.107Z,47.4,57.8,30.3,72.8,999,15.5,350,130
2026-07-07T12:15:23.109Z,45.8,56,30.3,72.7,999,15.5,349,126
2026-07-07T12:15:33.112Z,44.6,54.6,30.3,72.7,999,15.5,347,123
2026-07-07T12:15:43.108Z,45.4,55.2,30.4,72.6,999,15.5,347,125
2026-07-07T12:15:53.105Z,45.6,56.6,30.4,72.5,999,15.5,345,125
2026-07-07T12:16:03.092Z,46,57,30.4,72.5,999,15.4,345,126
2026-07-07T12:16:13.097Z,45.6,57.4,30.4,72.5,999,15.4,345,125
2026-07-07T12:16:23.096Z,47,59,30.4,72.6,999.1,15.4,345,129
2026-07-07T12:16:33.100Z,46.4,59.4,30.4,72.7,999.1,15.4,345,127
2026-07-07T12:16:43.112Z,46.4,59.6,30.4,72.8,999.1,15.4,345,127
2026-07-07T12:16:53.106Z,45.8,58.8,30.4,72.9,999.1,15.4,345,126
2026-07-07T12:17:03.112Z,45.8,58.8,30.3,73,999.1,15.4,345,126
2026-07-07T12:17:13.109Z,46.4,58.6,30.3,73,999.1,15.4,345,127
2026-07-07T12:17:23.116Z,46.4,59,30.3,73.1,999.1,15.4,349,127
2026-07-07T12:17:33.137Z,46.4,59,30.3,73.2,999.1,15.4,349,127
2026-07-07T12:17:43.114Z,47,60,30.3,73.2,999.1,15.4,349,129
2026-07-07T12:17:53.199Z,47.2,60.2,30.2,73.3,999.1,15.4,349,129
2026-07-07T12:18:03.106Z,47,59,30.2,73.4,999.1,15.4,349,129
2026-07-07T12:18:13.121Z,47,59.4,30.2,73.5,999.1,15.4,349,129
2026-07-07T12:18:23.108Z,47.4,60.4,30.2,73.5,999.1,15.4,349,130
2026-07-07T12:18:33.107Z,47,60,30.2,73.6,999.1,15.4,349,129
2026-07-07T12:18:43.110Z,48,62,30.1,73.7,999.1,15.4,349,131
2026-07-07T12:18:53.097Z,47.2,59.6,30.1,73.8,999.1,15.4,348,129
2026-07-07T12:19:03.101Z,46.4,57.6,30.1,73.8,999.1,15.4,349,127
2026-07-07T12:19:13.102Z,46.8,58,30.1,73.9,999.1,15.4,348,128
2026-07-07T12:19:23.117Z,46.4,58.4,30.1,73.9,999.1,15.4,349,127
2026-07-07T12:19:33.423Z,45.4,56.4,30.1,74,999.1,15.4,349,125
2026-07-07T12:19:43.122Z,46.4,56.8,30,74,999.1,15.4,349,127
2026-07-07T12:19:53.095Z,44.8,55.4,30,74.1,999.1,15.4,349,123
2026-07-07T12:20:03.097Z,45,55.6,30,74.1,999.1,15.4,349,124
2026-07-07T12:20:13.098Z,47,59.8,30,74.1,999.1,15.4,349,129
2026-07-07T12:20:23.093Z,46.2,59.2,30,74,999.1,15.4,349,127
2026-07-07T12:20:33.105Z,46.6,57.6,30,73.8,999.2,15.3,349,128
2026-07-07T12:20:43.110Z,46.4,58,30.1,73.7,999.2,15.3,349,127
2026-07-07T12:20:53.102Z,45.4,57.2,30.1,73.5,999.2,15.2,349,125
2026-07-07T12:21:03.119Z,45,56,30.2,73.3,999.2,15.2,349,124
2026-07-07T12:21:13.120Z,45.8,56.8,30.2,73.1,999.2,15.1,346,126
2026-07-07T12:21:23.092Z,45.4,56.8,30.3,73,999.2,15.1,345,125
2026-07-07T12:21:33.092Z,45.6,57.8,30.3,72.9,999.2,15,345,125
2026-07-07T12:21:43.112Z,46.6,60,30.3,72.9,999.2,15,345,128
2026-07-07T12:21:53.105Z,47.6,60,30.4,72.8,999.2,14.9,345,130
2026-07-07T12:22:03.109Z,47.4,59.4,30.4,72.7,999.2,14.9,345,130
2026-07-07T12:22:13.104Z,47,59.6,30.4,72.6,999.2,14.8,345,129
2026-07-07T12:22:23.103Z,47.4,59.4,30.5,72.6,999.2,14.8,345,130
2026-07-07T12:22:33.105Z,46.4,59.6,30.5,72.5,999.2,14.7,345,127
2026-07-07T12:22:43.103Z,47.8,60.8,30.5,72.4,999.2,14.7,345,131
2026-07-07T12:22:53.103Z,48,61.8,30.6,72.4,999.2,14.6,345,131
2026-07-07T12:23:03.111Z,47,60.8,30.6,72.3,999.2,14.6,345,129
2026-07-07T12:23:13.104Z,48.4,62.4,30.6,72.2,999.2,14.6,347,132
2026-07-07T12:23:23.123Z,47,61.2,30.6,72.1,999.2,14.5,347,129
2026-07-07T12:23:33.117Z,47.8,61.2,30.7,71.9,999.2,14.5,345,131
2026-07-07T12:23:43.103Z,46.4,60.4,30.7,71.8,999.2,14.5,343,127
2026-07-07T12:23:53.126Z,46,59.2,30.7,71.7,999.2,14.5,343,126
2026-07-07T12:24:03.115Z,46.4,61.8,30.7,71.6,999.2,14.5,342,127
2026-07-07T12:24:13.104Z,46.2,61.2,30.8,71.5,999.3,14.4,341,127
2026-07-07T12:24:23.107Z,46.6,60,30.8,71.5,999.3,14.4,342,128
2026-07-07T12:24:33.105Z,46.2,58.4,30.8,71.4,999.3,14.4,342,127
2026-07-07T12:24:43.101Z,45.6,56.6,30.8,71.3,999.3,14.4,342,125
2026-07-07T12:24:53.108Z,45.4,56.4,30.8,71.2,999.3,14.4,342,125
2026-07-07T12:25:03.101Z,46,57,30.9,71.2,999.3,14.4,342,126
2026-07-07T12:25:13.112Z,44.6,55.4,30.9,71.1,999.3,14.4,342,123
2026-07-07T12:25:23.187Z,44.4,56.2,30.9,71,999.3,14.4,342,122
2026-07-07T12:25:33.105Z,46,58,30.9,70.9,999.3,14.4,343,126
2026-07-07T12:25:43.124Z,45,57,30.9,70.8,999.3,14.4,345,124
2026-07-07T12:25:53.107Z,45.4,57.4,30.9,70.8,999.3,14.4,345,125
2026-07-07T12:26:03.112Z,47,59.8,30.9,70.7,999.3,14.4,345,129
2026-07-07T12:26:13.105Z,45.8,59.2,30.9,70.6,999.3,14.4,343,126
2026-07-07T12:26:23.100Z,44.4,57,30.9,70.6,999.3,14.4,343,122
2026-07-07T12:26:33.103Z,45.2,56.8,30.9,70.5,999.3,14.4,343,124
2026-07-07T12:26:43.124Z,45.2,57.2,30.9,70.5,999.3,14.5,343,124
2026-07-07T12:26:53.165Z,46.4,59.4,31,70.4,999.3,14.5,343,127
2026-07-07T12:27:03.099Z,46,58,31,70.3,999.3,14.5,342,126
2026-07-07T12:27:13.102Z,45,56.2,31,70.3,999.3,14.5,341,124
2026-07-07T12:27:23.344Z,45.4,57.4,31,70.2,999.3,14.5,339,125
2026-07-07T12:27:33.102Z,44.8,56.2,31,70.1,999.3,14.5,338,123
2026-07-07T12:27:43.117Z,44.4,56,31,70,999.3,14.5,339,122
2026-07-07T12:27:53.101Z,44.4,56.4,31,69.9,999.3,14.5,338,122
2026-07-07T12:28:03.107Z,43.8,54.8,31,69.8,999.3,14.5,339,121
2026-07-07T12:28:13.117Z,43.2,54.2,31,69.8,999.3,14.5,339,119
2026-07-07T12:28:23.116Z,43.4,52.8,31,69.7,999.3,14.5,338,120
2026-07-07T12:28:33.098Z,43.4,54.4,31.1,69.6,999.3,14.5,338,120
2026-07-07T12:28:43.100Z,44.4,55.4,31.1,69.5,999.3,14.6,338,122
2026-07-07T12:28:53.117Z,44.8,55.8,31.1,69.5,999.3,14.6,338,123
2026-07-07T12:29:03.097Z,44.6,56.6,31.1,69.4,999.3,14.6,337,123
2026-07-07T12:29:13.107Z,45,56.4,31.1,69.4,999.3,14.6,337,124
2026-07-07T12:29:23.100Z,43.4,54.4,31.1,69.4,999.4,14.6,337,120
2026-07-07T12:29:33.103Z,42.4,52.4,31.1,69.3,999.4,14.6,336,117
2026-07-07T12:29:43.122Z,43.6,55.2,31.1,69.3,999.4,14.7,336,120
2026-07-07T12:29:53.104Z,44.4,56.4,31.1,69.3,999.4,14.7,336,122
2026-07-07T12:30:03.106Z,44.4,55.4,31.1,69.2,999.4,14.7,336,122
2026-07-07T12:30:13.143Z,44,55.6,31.1,69.2,999.4,14.8,336,121
2026-07-07T12:30:23.102Z,44,54,31.1,69.1,999.4,14.8,336,121
2026-07-07T12:30:33.167Z,43.2,52.8,31.1,69.1,999.4,14.8,333,119
2026-07-07T12:30:43.099Z,42,52,31,69.1,999.4,14.8,332,117
2026-07-07T12:30:53.100Z,43.4,53.6,31,69,999.4,14.9,330,120
2026-07-07T12:31:03.108Z,43.6,53.2,31,69,999.4,14.9,330,120
2026-07-07T12:31:13.102Z,43.6,54.2,31,69,999.4,14.9,330,120
2026-07-07T12:31:23.117Z,45.8,57.6,31,68.9,999.4,14.9,329,126
2026-07-07T12:31:33.104Z,44,56,31,68.9,999.4,15,329,121
2026-07-07T12:31:43.119Z,43.6,54.6,31,68.9,999.4,15,328,120
2026-07-07T12:31:53.139Z,42.4,52.4,31,68.8,999.4,15,326,117
2026-07-07T12:32:03.100Z,43.4,52.4,31,68.8,999.4,15,326,120
2026-07-07T12:32:13.109Z,43.4,52.8,31,68.8,999.4,15.1,326,120
2026-07-07T12:32:23.123Z,44,53,31,68.7,999.4,15.1,324,121
2026-07-07T12:32:33.113Z,42,51.2,31,68.7,999.4,15.1,326,117
2026-07-07T12:32:43.099Z,41.4,50.8,31,68.7,999.4,15.1,324,115
2026-07-07T12:32:53.126Z,42.6,51.8,31,68.6,999.4,15.1,324,118
2026-07-07T12:33:03.197Z,43.4,52.4,31,68.6,999.4,15.1,324,120
2026-07-07T12:33:13.188Z,42.6,52.6,31,68.6,999.4,15.2,323,118
2026-07-07T12:33:23.098Z,42.2,51.6,31,68.5,999.4,15.2,323,117
2026-07-07T12:33:33.089Z,43.6,53.6,31,68.5,999.4,15.2,323,120
2026-07-07T12:33:43.106Z,44,54.2,31,68.5,999.4,15.2,323,121
2026-07-07T12:33:53.084Z,44.8,54.8,31,68.5,999.4,15.2,323,123
2026-07-07T12:34:03.085Z,42.4,53.6,31,68.5,999.4,15.3,323,117
2026-07-07T12:34:13.105Z,41.4,52.4,31,68.5,999.4,15.3,323,115
2026-07-07T12:34:23.088Z,41.6,51.8,31,68.5,999.4,15.3,321,116
2026-07-07T12:34:33.090Z,42,50.4,31,68.5,999.4,15.4,321,117
2026-07-07T12:34:43.085Z,43,53.2,31,68.5,999.4,15.4,320,119
2026-07-07T12:34:53.170Z,44,55.6,31,68.5,999.4,15.4,320,121
2026-07-07T12:35:03.164Z,42.6,54,31,68.4,999.4,15.4,320,118
2026-07-07T12:35:13.097Z,41.2,51.2,31,68.4,999.4,15.5,320,115
2026-07-07T12:35:23.095Z,41.4,50.4,31,68.4,999.4,15.5,320,115
2026-07-07T12:35:33.132Z,42,52,31,68.4,999.4,15.5,319,117
2026-07-07T12:35:43.107Z,42.6,51.8,31,68.4,999.4,15.5,318,118
2026-07-07T12:35:53.089Z,42.6,52.2,31,68.3,999.4,15.5,319,118
2026-07-07T12:36:03.096Z,42.6,52.6,31,68.3,999.4,15.5,318,118
2026-07-07T12:36:13.108Z,42.8,51.8,31,68.3,999.4,15.6,318,118
2026-07-07T12:36:23.106Z,42.2,51.4,31,68.3,999.4,15.6,319,117
2026-07-07T12:36:33.107Z,42,52,31,68.3,999.4,15.6,319,117
2026-07-07T12:36:43.095Z,40.8,51.8,31,68.2,999.4,15.6,318,114
2026-07-07T12:36:53.107Z,42.2,52.8,31,68.2,999.4,15.6,318,117
2026-07-07T12:37:03.099Z,43.4,53.4,31,68.2,999.4,15.6,318,120
2026-07-07T12:37:13.096Z,42.4,52.4,31,68.1,999.4,15.7,318,117
2026-07-07T12:37:23.097Z,43.6,55,31,68.1,999.4,15.7,318,120
2026-07-07T12:37:33.103Z,44,55,31,68.1,999.4,15.7,318,121
2026-07-07T12:37:43.101Z,42.2,54.4,31,68.1,999.4,15.7,318,117
2026-07-07T12:37:53.095Z,42,52.2,31,68.1,999.4,15.8,318,117
2026-07-07T12:38:03.101Z,41.4,51.6,31,68,999.4,15.8,315,115
2026-07-07T12:38:13.097Z,41.4,50.2,31,68,999.4,15.8,315,115
2026-07-07T12:38:23.091Z,41.4,51.4,31,68,999.4,15.8,315,115
2026-07-07T12:38:33.858Z,41.4,49,31,68,999.4,15.9,315,115
2026-07-07T12:38:43.108Z,42.4,50,31,68,999.4,15.9,314,117
2026-07-07T12:38:53.086Z,41,50.4,31,68,999.4,15.9,314,114
2026-07-07T12:39:03.087Z,41,51,31,68,999.4,15.9,314,114
2026-07-07T12:39:13.090Z,40.8,51.6,31,68.1,999.4,15.9,314,114
2026-07-07T12:39:23.089Z,41.2,51.2,31,68,999.4,15.9,314,115
2026-07-07T12:39:33.184Z,41.4,51.6,31,68,999.4,15.9,310,115
2026-07-07T12:39:43.084Z,40.2,50,31,68,999.4,16,313,112
2026-07-07T12:39:53.105Z,40.6,51.8,31,67.9,999.4,16,310,113
2026-07-07T12:40:03.102Z,41.4,52.4,31,67.9,999.4,16,310,115
2026-07-07T12:40:13.102Z,40.2,52.6,31,67.9,999.4,16,310,112
2026-07-07T12:40:23.094Z,40.4,52.4,31,67.9,999.4,16,309,113
2026-07-07T12:40:33.095Z,42,53.2,31,67.8,999.4,16,309,117
2026-07-07T12:40:43.110Z,40,51,31,67.8,999.4,16,309,112
2026-07-07T12:40:53.099Z,40.6,52.6,31,67.8,999.4,16.1,309,113
2026-07-07T12:41:03.088Z,42,53.2,31,67.7,999.4,16.1,309,117
2026-07-07T12:41:13.103Z,41,52.4,31,67.8,999.4,16.1,309,114
2026-07-07T12:41:23.113Z,40,51.2,31,67.9,999.4,16.1,309,112
2026-07-07T12:41:33.088Z,41,52,31,68,999.4,16.1,309,114
2026-07-07T12:41:43.091Z,41.2,51.6,31,68,999.4,16.1,309,115
2026-07-07T12:41:53.119Z,41,51,31,68,999.4,16.1,309,114
2026-07-07T12:42:03.100Z,41,51.4,31,68,999.4,16.1,310,114
2026-07-07T12:42:13.107Z,40,51.2,31,68.1,999.4,16.1,310,112
2026-07-07T12:42:23.111Z,40.2,52.4,31,68.1,999.4,16.1,311,112
2026-07-07T12:42:33.089Z,39.8,51.4,31.1,68.1,999.4,16.1,311,111
2026-07-07T12:42:43.094Z,40.8,51.2,31.1,68.1,999.4,16.1,311,114
2026-07-07T12:42:53.505Z,41,51,31.1,68.1,999.4,16.1,314,114
2026-07-07T12:43:03.091Z,41.8,52.4,31.1,68.1,999.4,16.1,315,116
2026-07-07T12:43:13.109Z,42,52.4,31.1,68.1,999.4,16.1,315,117
2026-07-07T12:43:23.090Z,40,49,31.1,68.1,999.4,16.1,317,112
2026-07-07T12:43:33.097Z,41.6,51.8,31.1,68,999.4,16.1,317,116
2026-07-07T12:43:43.088Z,40.6,49.6,31.1,68,999.4,16.1,315,113
2026-07-07T12:43:53.101Z,40,50.6,31.1,67.9,999.4,16.1,315,112
2026-07-07T12:44:03.110Z,40.2,49.4,31.1,67.9,999.4,16.2,317,112
2026-07-07T12:44:13.105Z,40,49,31.1,67.9,999.4,16.2,315,112
2026-07-07T12:44:23.147Z,39.8,48.4,31.1,67.8,999.4,16.2,315,111
2026-07-07T12:44:33.095Z,39.2,48.8,31.1,67.8,999.4,16.2,315,110
2026-07-07T12:44:43.096Z,40.6,49.6,31.1,67.8,999.4,16.2,315,113
2026-07-07T12:44:53.117Z,39.6,48.6,31.1,67.8,999.4,16.2,315,111
2026-07-07T12:45:03.094Z,39.8,49.4,31.1,67.9,999.4,16.2,315,111
2026-07-07T12:45:13.106Z,39.6,49.6,31.1,68,999.4,16.2,315,111
2026-07-07T12:45:23.119Z,40,50,31,68.1,999.4,16.3,314,112
2026-07-07T12:45:33.090Z,40.8,49.8,31,68.3,999.5,16.3,315,114
2026-07-07T12:45:43.092Z,40,49.8,30.9,68.4,999.5,16.3,315,112
2026-07-07T12:45:53.106Z,39.6,47.8,30.9,68.6,999.5,16.3,314,111
2026-07-07T12:46:03.102Z,38,46,30.9,68.8,999.5,16.4,315,107
2026-07-07T12:46:13.119Z,39.8,47,30.8,68.9,999.5,16.4,315,111
2026-07-07T12:46:23.092Z,40,48,30.8,69.1,999.5,16.4,315,112
2026-07-07T12:46:33.100Z,39.8,48.6,30.7,69.3,999.5,16.5,315,111
2026-07-07T12:46:43.114Z,39.2,48,30.6,69.5,999.5,16.5,315,110
2026-07-07T12:46:53.090Z,39.6,48.6,30.6,69.6,999.5,16.6,317,111
2026-07-07T12:47:03.107Z,39.2,47.2,30.5,69.8,999.5,16.6,315,110
2026-07-07T12:47:13.097Z,39.6,47.6,30.5,69.9,999.5,16.6,317,111
2026-07-07T12:47:23.124Z,38.6,46.6,30.4,70,999.5,16.7,317,108
2026-07-07T12:47:33.095Z,38,46.8,30.4,70.2,999.5,16.7,317,107
2026-07-07T12:47:43.094Z,38,46.6,30.4,70.3,999.5,16.7,317,107
2026-07-07T12:47:53.091Z,38.4,46.4,30.3,70.4,999.5,16.7,317,108
2026-07-07T12:48:03.108Z,40,49,30.3,70.4,999.5,16.8,317,112
2026-07-07T12:48:13.809Z,39.2,48.4,30.3,70.5,999.5,16.8,317,110
2026-07-07T12:48:23.099Z,38.6,47.4,30.3,70.5,999.5,16.8,317,108
2026-07-07T12:48:33.202Z,37.4,45.8,30.2,70.5,999.5,16.8,317,105
2026-07-07T12:48:43.110Z,38.4,47.2,30.2,70.5,999.5,16.8,314,108
2026-07-07T12:48:53.102Z,39.8,48.8,30.2,70.5,999.5,16.8,314,111
2026-07-07T12:49:03.213Z,39.4,47.8,30.2,70.6,999.5,16.8,313,110
2026-07-07T12:49:13.090Z,37,44,30.2,70.6,999.5,16.8,312,104
2026-07-07T12:49:23.105Z,37.8,44.8,30.2,70.6,999.5,16.8,313,106
2026-07-07T12:49:33.088Z,36.4,44,30.2,70.7,999.5,16.8,313,103
2026-07-07T12:49:43.102Z,37.4,48,30.1,70.7,999.5,16.8,313,105
2026-07-07T12:49:53.095Z,38.4,49.4,30.1,70.8,999.5,16.9,314,108
2026-07-07T12:50:03.094Z,38,49,30.1,70.8,999.5,16.9,314,107
2026-07-07T12:50:13.099Z,39,48.8,30.1,70.8,999.5,16.9,314,109
2026-07-07T12:50:23.093Z,38.6,46.6,30.1,70.8,999.5,16.9,314,108
2026-07-07T12:50:33.571Z,38.4,49.2,30.1,70.8,999.5,16.9,314,108
2026-07-07T12:50:43.092Z,38.6,49,30.1,70.8,999.5,16.9,314,108
2026-07-07T12:50:53.085Z,37.4,47.2,30.1,70.7,999.5,16.9,314,105
2026-07-07T12:51:03.120Z,38,47,30.1,70.6,999.5,16.8,314,107
2026-07-07T12:51:13.091Z,38.4,48.6,30.2,70.4,999.5,16.8,314,108
2026-07-07T12:51:23.100Z,39,49.8,30.2,70.3,999.5,16.8,314,109
2026-07-07T12:51:33.089Z,38,48,30.3,70.1,999.5,16.7,313,107
2026-07-07T12:51:43.098Z,38.6,48.6,30.3,70,999.5,16.7,311,108
2026-07-07T12:51:53.195Z,39.6,49,30.3,69.9,999.5,16.6,310,111
2026-07-07T12:52:03.098Z,40.2,49,30.4,69.8,999.5,16.6,310,112
2026-07-07T12:52:13.161Z,39.6,48.6,30.4,69.8,999.5,16.6,310,111
2026-07-07T12:52:23.090Z,38.2,47.6,30.4,69.7,999.5,16.5,310,107
2026-07-07T12:52:33.098Z,40.6,48.4,30.4,69.7,999.5,16.5,310,113
2026-07-07T12:52:43.171Z,40.2,47.6,30.5,69.7,999.5,16.5,310,112
2026-07-07T12:52:53.091Z,38.4,47,30.5,69.7,999.5,16.5,310,108
2026-07-07T12:53:03.136Z,38.6,48.8,30.5,69.8,999.5,16.5,310,108
2026-07-07T12:53:13.089Z,40,50,30.4,69.8,999.5,16.5,310,112
2026-07-07T12:53:23.102Z,39.4,48.8,30.4,69.9,999.5,16.5,310,110
2026-07-07T12:53:33.121Z,39,49,30.4,70,999.5,16.5,311,109
2026-07-07T12:53:43.098Z,37,46.8,30.4,70,999.5,16.5,311,104
2026-07-07T12:53:53.100Z,36,44.4,30.4,70,999.5,16.5,312,102
2026-07-07T12:54:03.090Z,35.4,44.4,30.4,69.9,999.5,16.5,311,100
2026-07-07T12:54:13.163Z,36,44.8,30.4,69.9,999.5,16.5,314,102
2026-07-07T12:54:23.087Z,37.4,45.8,30.4,69.9,999.5,16.5,314,105
2026-07-07T12:54:33.096Z,37.4,47.2,30.4,69.8,999.5,16.5,313,105
2026-07-07T12:54:43.109Z,38.8,49.4,30.4,69.7,999.5,16.5,313,109
2026-07-07T12:54:53.085Z,37.6,48.6,30.4,69.7,999.5,16.5,311,106
2026-07-07T12:55:03.105Z,36.8,48.6,30.5,69.6,999.5,16.5,311,104
2026-07-07T12:55:13.093Z,37.4,46.6,30.5,69.5,999.5,16.5,311,105
2026-07-07T12:55:23.098Z,37.6,46.6,30.5,69.5,999.5,16.5,309,106
2026-07-07T12:55:33.141Z,37,46,30.5,69.5,999.5,16.5,309,104
2026-07-07T12:55:43.096Z,37.2,46.4,30.5,69.4,999.5,16.5,307,105
2026-07-07T12:55:53.128Z,39,49,30.5,69.4,999.5,16.5,307,109
2026-07-07T12:56:03.083Z,38.6,49.6,30.5,69.3,999.5,16.5,307,108
2026-07-07T12:56:13.075Z,38.2,48.2,30.5,69.3,999.5,16.5,306,107
2026-07-07T12:56:23.102Z,38,49,30.5,69.3,999.5,16.5,306,107
2026-07-07T12:56:33.085Z,38.2,48.4,30.5,69.3,999.5,16.5,307,107
2026-07-07T12:56:43.134Z,37.2,46.8,30.5,69.4,999.5,16.5,306,105
2026-07-07T12:56:53.078Z,38,48,30.5,69.4,999.5,16.5,306,107
2026-07-07T12:57:03.161Z,38,48.6,30.5,69.4,999.5,16.5,307,107
2026-07-07T12:57:13.086Z,38,47,30.5,69.5,999.5,16.5,307,107
2026-07-07T12:57:23.301Z,37,44.2,30.5,69.6,999.5,16.6,310,104
2026-07-07T12:57:33.167Z,37.6,45.4,30.4,69.6,999.5,16.6,313,106
2026-07-07T12:57:43.091Z,37.8,46.8,30.4,69.7,999.5,16.6,319,106
2026-07-07T12:57:53.127Z,36.8,44,30.4,69.8,999.5,16.6,320,104
2026-07-07T12:58:03.085Z,36,44.4,30.4,69.8,999.5,16.7,320,102
2026-07-07T12:58:13.091Z,36.6,43.2,30.4,69.9,999.5,16.7,320,103
2026-07-07T12:58:23.169Z,37.4,44.4,30.3,69.9,999.5,16.7,320,105
2026-07-07T12:58:33.092Z,37,47,30.3,69.9,999.5,16.7,320,104
2026-07-07T12:58:43.116Z,37.2,47,30.3,69.9,999.5,16.7,319,105
2026-07-07T12:58:53.101Z,37.6,46.4,30.3,69.9,999.5,16.7,319,106
2026-07-07T12:59:03.082Z,37.2,46,30.3,69.9,999.5,16.7,319,105
2026-07-07T12:59:13.105Z,37.2,46.2,30.3,69.9,999.5,16.8,318,105
2026-07-07T12:59:23.082Z,37.4,45.4,30.3,70,999.5,16.8,318,105
2026-07-07T12:59:33.099Z,38,45.8,30.3,70,999.5,16.8,317,107
2026-07-07T12:59:43.094Z,38,45,30.3,70,999.5,16.8,317,107
2026-07-07T12:59:53.078Z,35,43,30.3,70,999.5,16.8,317,99
2026-07-07T13:00:03.091Z,34.8,42,30.3,70,999.5,16.8,317,98
2026-07-07T13:00:13.079Z,35,42,30.2,70,999.5,16.8,317,99
2026-07-07T13:00:23.088Z,33.8,43,30.2,70.1,999.5,16.8,317,96
2026-07-07T13:00:33.088Z,36.8,46.4,30.2,70.1,999.5,16.8,317,104
2026-07-07T13:00:43.100Z,38.4,48.4,30.2,70.1,999.5,16.8,317,108
2026-07-07T13:00:53.083Z,36.6,45,30.2,70.1,999.5,16.8,317,103
2026-07-07T13:01:03.085Z,36,43.2,30.2,70.2,999.5,16.9,317,102
2026-07-07T13:01:13.127Z,35,42.4,30.2,70.2,999.5,16.9,316,99
2026-07-07T13:01:23.096Z,35.2,43,30.2,70.2,999.5,16.9,317,99
2026-07-07T13:01:33.094Z,36,44.8,30.2,70.2,999.5,16.9,316,102
2026-07-07T13:01:43.118Z,35,43,30.2,70.2,999.5,16.9,315,99
2026-07-07T13:01:53.114Z,35.4,42.4,30.2,70.2,999.5,16.9,315,100
2026-07-07T13:02:03.202Z,34.6,39.8,30.2,70.2,999.5,16.9,315,98
2026-07-07T13:02:18.875Z,34.4,41.6,30.2,70.2,999.5,16.9,314,97
2026-07-07T13:02:23.090Z,34.4,44.2,30.2,70.1,999.5,17,315,97
2026-07-07T13:02:33.079Z,35.4,45.2,30.2,70.1,999.5,16.9,315,100
2026-07-07T13:02:43.099Z,35.8,45.4,30.2,70.1,999.5,17,314,101
2026-07-07T13:02:53.078Z,36.8,44.8,30.2,70,999.5,16.9,314,104
2026-07-07T13:03:03.094Z,37,46.4,30.2,70.1,999.5,17,312,104
2026-07-07T13:03:13.075Z,37.6,46.6,30.2,70.1,999.5,17,312,106
2026-07-07T13:03:23.070Z,37,45,30.2,70.1,999.5,17,312,104
2026-07-07T13:03:33.081Z,36.4,46.4,30.2,70.1,999.5,17,312,103
2026-07-07T13:03:43.072Z,35.4,46.4,30.1,70.1,999.5,17,316,100
2026-07-07T13:03:53.073Z,36.2,44.8,30.1,70.2,999.5,17,312,102
2026-07-07T13:04:03.090Z,38.6,46,30.1,70.2,999.5,17,316,108
2026-07-07T13:04:13.083Z,37.4,46.4,30.1,70.2,999.5,17.1,314,105
2026-07-07T13:04:23.081Z,36.6,45,30.1,70.2,999.5,17.1,312,103
2026-07-07T13:04:33.086Z,35.4,44.4,30.1,70.2,999.5,17.1,313,100
2026-07-07T13:04:43.086Z,35,43,30.1,70.2,999.5,17.1,314,99
2026-07-07T13:04:53.082Z,37.2,45.6,30.1,70.1,999.5,17.1,314,105
2026-07-07T13:05:03.071Z,37,44.4,30.1,70,999.5,17.1,314,104
2026-07-07T13:05:13.411Z,35.8,43.6,30.2,69.9,999.5,17.1,314,101
2026-07-07T13:05:23.072Z,36.4,44.4,30.2,69.8,999.5,17,313,103
2026-07-07T13:05:33.073Z,35.6,44.4,30.2,69.6,999.5,17,313,101
2026-07-07T13:05:43.076Z,36,45,30.3,69.5,999.5,17,313,102
2026-07-07T13:05:53.311Z,36.6,44.6,30.3,69.3,999.5,17,309,103
2026-07-07T13:06:03.076Z,35.4,44.8,30.3,69.2,999.5,17,309,100
2026-07-07T13:06:13.084Z,34,43,30.4,69.2,999.5,17,309,97
2026-07-07T13:06:23.131Z,34.8,43.8,30.4,69.1,999.5,16.9,309,98
2026-07-07T13:06:33.079Z,34.4,45,30.4,69.1,999.5,16.9,309,97
2026-07-07T13:06:43.112Z,34.2,43.4,30.4,69,999.5,16.9,309,97
2026-07-07T13:06:53.078Z,32.8,41.2,30.4,69,999.5,16.9,309,94
2026-07-07T13:07:03.078Z,33.4,41.4,30.4,69,999.4,16.9,308,95
2026-07-07T13:07:13.087Z,35,44,30.4,69,999.4,16.9,308,99
2026-07-07T13:07:23.079Z,35,43.6,30.5,68.9,999.4,16.9,308,99
2026-07-07T13:07:33.078Z,34.4,42,30.5,68.9,999.4,16.9,307,97
2026-07-07T13:07:43.084Z,34.8,40.8,30.5,68.8,999.4,16.9,307,98
2026-07-07T13:07:53.076Z,35,40,30.5,68.8,999.4,17,308,99
2026-07-07T13:08:03.080Z,35.2,42,30.5,68.8,999.4,17,308,99
2026-07-07T13:08:13.086Z,35.6,44.6,30.5,68.9,999.4,17,307,101
2026-07-07T13:08:23.083Z,36,45,30.5,68.9,999.4,17,307,102
2026-07-07T13:08:33.084Z,35,42.4,30.5,68.9,999.4,17,307,99
2026-07-07T13:08:43.087Z,34.8,41.2,30.4,69,999.4,17.1,306,98
2026-07-07T13:08:53.079Z,32.8,41,30.4,69,999.4,17.1,307,94
2026-07-07T13:09:03.075Z,33,39.2,30.4,69,999.4,17.1,307,94
2026-07-07T13:09:13.075Z,32.8,39.8,30.4,69,999.5,17.1,305,94
2026-07-07T13:09:23.072Z,33.6,40.4,30.4,69.1,999.5,17.1,306,96
2026-07-07T13:09:33.076Z,35.4,43.4,30.4,69.1,999.5,17.2,307,100
2026-07-07T13:09:43.109Z,35,44,30.4,69.1,999.5,17.2,306,99
2026-07-07T13:09:53.077Z,35,41.6,30.4,69.1,999.5,17.2,306,99
2026-07-07T13:10:03.081Z,34.4,40.4,30.4,69.1,999.5,17.2,306,97
2026-07-07T13:10:13.086Z,33.2,39.4,30.3,69.1,999.5,17.2,306,95
2026-07-07T13:10:23.075Z,33.6,40.6,30.3,69.1,999.5,17.2,306,96
2026-07-07T13:10:33.078Z,34.2,40.4,30.3,69.2,999.5,17.2,306,97
2026-07-07T13:10:43.075Z,35.2,42,30.3,69.2,999.5,17.2,306,99
2026-07-07T13:10:53.070Z,36.8,43.2,30.3,69.3,999.5,17.2,306,104
2026-07-07T13:11:03.080Z,36.6,42.8,30.3,69.3,999.5,17.3,306,103
2026-07-07T13:11:13.089Z,35,42,30.3,69.3,999.5,17.3,306,99
2026-07-07T13:11:23.094Z,34.8,40.4,30.3,69.3,999.5,17.3,306,98
2026-07-07T13:11:33.082Z,34,41,30.3,69.3,999.5,17.3,306,97
2026-07-07T13:11:43.084Z,32.4,39.8,30.3,69.3,999.5,17.3,305,93
2026-07-07T13:11:53.078Z,32.6,38.6,30.3,69.3,999.5,17.3,306,94
2026-07-07T13:12:03.072Z,32.4,40,30.3,69.3,999.5,17.3,305,93
2026-07-07T13:12:13.077Z,33,41.8,30.3,69.2,999.5,17.3,305,94
2026-07-07T13:12:23.086Z,32.6,40,30.3,69.2,999.5,17.3,305,94
2026-07-07T13:12:33.075Z,35,42,30.3,69.2,999.5,17.3,304,99
