timestamp,pm2_5,pm10,temperature,humidity,pressure,gas_resistance,mq135,aqi
2026-07-04T00:00:05.092Z,3.6,3.6,32,64.7,1001.4,53.2,210,14
2026-07-04T00:00:14.932Z,2,3,32,64.7,1001.4,53.2,210,13
2026-07-04T00:00:24.920Z,3.8,3.8,32,64.7,1001.4,53.2,210,15
2026-07-04T00:00:34.939Z,3.4,4.6,32,64.7,1001.4,53.2,213,14
2026-07-04T00:00:44.924Z,4,5,32,64.7,1001.4,53.2,213,16
2026-07-04T00:00:55.017Z,4,4.8,32,64.7,1001.4,53.2,213,16
2026-07-04T00:01:04.915Z,3,3.4,32,64.8,1001.4,53.2,213,13
2026-07-04T00:01:14.917Z,3.6,4,32,64.8,1001.4,53.2,213,14
2026-07-04T00:01:25.010Z,4,6,32,64.8,1001.4,53.2,214,16
2026-07-04T00:01:34.920Z,3,4,32,64.8,1001.4,53.2,214,13
2026-07-04T00:01:44.978Z,3.6,4.6,32,64.8,1001.4,53.2,214,14
2026-07-04T00:01:54.921Z,4.6,4.6,32,64.8,1001.4,53.2,215,19
2026-07-04T00:02:04.912Z,4,4.6,32,64.8,1001.4,53.2,215,16
2026-07-04T00:02:14.996Z,3.2,3.2,32,64.8,1001.4,53.2,214,13
2026-07-04T00:02:24.931Z,3.4,3.8,32,64.8,1001.4,53.2,214,14
2026-07-04T00:02:34.960Z,3.6,4.6,32,64.8,1001.4,53.2,214,14
2026-07-04T00:02:44.919Z,4.8,5.8,32,64.8,1001.4,53.2,214,20
2026-07-04T00:02:54.917Z,4.8,6.2,32,64.8,1001.4,53.2,214,20
2026-07-04T00:03:04.966Z,3,4.2,32,64.8,1001.4,53.2,213,13
2026-07-04T00:03:14.914Z,2.4,3.4,32,64.8,1001.4,53.3,213,13
2026-07-04T00:03:25.030Z,2,3,32,64.8,1001.4,53.3,212,13
2026-07-04T00:03:34.923Z,3,4,32,64.8,1001.4,53.4,212,13
2026-07-04T00:03:44.920Z,2.8,3.2,32,64.8,1001.4,53.4,212,13
2026-07-04T00:03:54.917Z,2.8,3.8,32,64.8,1001.4,53.4,211,13
2026-07-04T00:04:04.916Z,3.4,4.4,32,64.8,1001.4,53.5,211,14
2026-07-04T00:04:14.930Z,2.6,3,32,64.8,1001.4,53.5,211,13
2026-07-04T00:04:24.916Z,2.8,3.2,32,64.7,1001.4,53.6,210,13
2026-07-04T00:04:34.953Z,4,4.8,32,64.7,1001.4,53.6,210,16
2026-07-04T00:04:44.921Z,4.4,4.8,32,64.7,1001.4,53.7,210,18
2026-07-04T00:04:54.913Z,5.2,5.2,32,64.7,1001.4,53.7,210,21
2026-07-04T00:05:04.970Z,2.4,3.6,32,64.6,1001.4,53.8,210,13
2026-07-04T00:05:14.904Z,2.2,2.8,32,64.6,1001.4,53.9,210,13
2026-07-04T00:05:24.933Z,3.4,3.6,32,64.6,1001.4,53.9,210,14
2026-07-04T00:05:34.902Z,3.4,3.4,32,64.5,1001.4,53.9,209,14
2026-07-04T00:05:44.904Z,3,4,32,64.5,1001.4,53.9,209,13
2026-07-04T00:05:54.919Z,3.6,3.6,32,64.5,1001.4,54,208,14
2026-07-04T00:06:04.909Z,2.2,3.2,32,64.5,1001.4,54,208,13
2026-07-04T00:06:14.943Z,2,3.4,32,64.4,1001.4,54,208,13
2026-07-04T00:06:24.912Z,3,4.2,32,64.4,1001.4,54,208,13
2026-07-04T00:06:34.952Z,3,4,32,64.4,1001.4,54,208,13
2026-07-04T00:06:44.917Z,5,5.6,32,64.4,1001.4,54,208,20
2026-07-04T00:06:54.912Z,3.4,3.6,32,64.4,1001.4,54,208,14
2026-07-04T00:07:04.975Z,3,3.4,32,64.3,1001.4,54,208,13
2026-07-04T00:07:14.918Z,4,5,32,64.3,1001.4,54,208,16
2026-07-04T00:07:24.957Z,3.8,4,32,64.3,1001.4,54,208,15
2026-07-04T00:07:34.910Z,2.8,3.2,32,64.2,1001.4,54,208,13
2026-07-04T00:07:44.920Z,3.4,3.4,32.1,64.2,1001.4,54,208,14
2026-07-04T00:07:54.955Z,2.6,2.6,32.1,64.2,1001.4,54,208,13
2026-07-04T00:08:04.919Z,2,2,32.1,64.2,1001.4,54,208,13
2026-07-04T00:08:14.924Z,2.6,2.6,32.1,64.2,1001.4,54,208,13
2026-07-04T00:08:24.907Z,2.4,2.4,32.1,64.1,1001.4,54,208,13
2026-07-04T00:08:34.911Z,2.2,2.2,32.1,64.1,1001.4,54,208,13
2026-07-04T00:08:44.922Z,2.8,2.8,32.1,64.1,1001.3,54,208,13
2026-07-04T00:08:54.906Z,3,3,32.1,64,1001.3,54,208,13
2026-07-04T00:09:04.929Z,1.4,1.4,32.1,64,1001.3,54,208,13
2026-07-04T00:09:14.910Z,2.4,2.8,32.1,64,1001.3,54,208,13
2026-07-04T00:09:24.968Z,3.4,4.4,32.1,64,1001.3,53.9,208,14
2026-07-04T00:09:34.913Z,2.6,3.6,32.1,64,1001.3,53.9,208,13
2026-07-04T00:09:44.908Z,3,4,32.1,64,1001.3,53.8,208,13
2026-07-04T00:09:54.973Z,1.6,2.6,32.1,64,1001.3,53.8,208,13
2026-07-04T00:10:04.949Z,3,3.2,32.1,64,1001.3,53.8,208,13
2026-07-04T00:10:14.948Z,4.4,4.4,32.1,64,1001.3,53.8,208,18
2026-07-04T00:10:24.916Z,4.6,5,32.1,64,1001.3,53.8,208,19
2026-07-04T00:10:34.930Z,4.6,4.8,32.2,64,1001.3,53.7,208,19
2026-07-04T00:10:44.957Z,4.4,4.4,32.2,64,1001.3,53.7,208,18
2026-07-04T00:10:54.924Z,4.6,5.4,32.2,64,1001.3,53.7,208,19
2026-07-04T00:11:05.030Z,3.6,5.6,32.2,64,1001.3,53.7,208,14
2026-07-04T00:11:14.912Z,5,6,32.2,64,1001.3,53.7,208,20
2026-07-04T00:11:24.909Z,4.4,5.4,32.2,64,1001.3,53.7,208,18
2026-07-04T00:11:35.018Z,5.2,6,32.2,63.9,1001.4,53.7,208,21
2026-07-04T00:11:44.903Z,3.6,4.6,32.2,63.9,1001.4,53.7,208,14
2026-07-04T00:11:54.993Z,3.4,4.4,32.2,63.9,1001.4,53.7,208,14
2026-07-04T00:12:04.905Z,4.4,5.4,32.2,63.9,1001.4,53.7,208,18
2026-07-04T00:12:14.901Z,4.6,5,32.2,63.9,1001.4,53.7,208,19
2026-07-04T00:12:24.916Z,5,5.6,32.2,64,1001.4,53.7,208,20
2026-07-04T00:12:34.908Z,3.2,4.2,32.2,64,1001.4,53.7,208,13
2026-07-04T00:12:44.925Z,4,5,32.2,64.1,1001.4,53.7,208,16
2026-07-04T00:12:54.908Z,4.6,7.2,32.2,64.1,1001.4,53.7,208,19
2026-07-04T00:13:04.939Z,5.2,7.4,32.2,64.2,1001.4,53.7,208,21
2026-07-04T00:13:14.918Z,5.2,7.4,32.2,64.2,1001.4,53.7,208,21
2026-07-04T00:13:24.919Z,4.6,5.6,32.1,64.3,1001.4,53.7,208,19
2026-07-04T00:13:34.945Z,5.6,5.6,32.1,64.3,1001.4,53.7,208,23
2026-07-04T00:13:44.908Z,5.6,6,32.1,64.4,1001.4,53.7,209,23
2026-07-04T00:13:55.017Z,5.8,5.8,32.1,64.4,1001.4,53.8,209,24
2026-07-04T00:14:04.911Z,6.2,6.2,32.1,64.4,1001.4,53.8,209,25
2026-07-04T00:14:14.917Z,6.2,6.2,32.1,64.5,1001.4,53.8,209,25
2026-07-04T00:14:24.912Z,5.2,7.2,32.1,64.5,1001.4,53.8,210,21
2026-07-04T00:14:34.917Z,5.4,9,32.1,64.6,1001.4,53.9,210,22
2026-07-04T00:14:44.978Z,7.2,8.6,32.1,64.6,1001.4,53.9,210,29
2026-07-04T00:14:54.909Z,5.8,7.2,32,64.6,1001.4,53.9,210,24
2026-07-04T00:15:04.910Z,6.6,7.4,32,64.7,1001.4,53.9,210,27
2026-07-04T00:15:14.981Z,6.4,6.6,32,64.7,1001.4,53.9,210,26
2026-07-04T00:15:24.925Z,6.2,6.4,32,64.7,1001.4,53.9,210,25
2026-07-04T00:15:34.916Z,4.6,4.6,32,64.7,1001.4,53.9,211,19
2026-07-04T00:15:44.911Z,5.2,5.2,32,64.7,1001.4,53.9,211,21
2026-07-04T00:15:54.910Z,6,6,32,64.7,1001.4,53.9,211,25
2026-07-04T00:16:04.926Z,6.2,6.6,32,64.7,1001.4,53.9,211,25
2026-07-04T00:16:14.912Z,7.4,7.6,32,64.7,1001.4,53.9,211,30
2026-07-04T00:16:24.909Z,5.8,7,32,64.7,1001.4,53.9,211,24
2026-07-04T00:16:34.914Z,7.2,8.4,32,64.8,1001.4,53.9,211,29
2026-07-04T00:16:44.904Z,8.8,8.8,32,64.8,1001.4,53.9,211,36
2026-07-04T00:16:54.911Z,6.4,6.4,32,64.8,1001.4,53.9,211,26
2026-07-04T00:17:04.918Z,7,8.4,32,64.8,1001.4,53.9,211,29
2026-07-04T00:17:14.907Z,8.2,10.2,32,64.8,1001.4,53.9,211,34
2026-07-04T00:17:24.908Z,8.2,10.2,32,64.8,1001.4,53.9,211,34
2026-07-04T00:17:34.910Z,10.2,11.4,32,64.8,1001.4,53.9,211,42
2026-07-04T00:17:44.919Z,10.6,12,32,64.8,1001.4,53.9,211,44
2026-07-04T00:17:54.906Z,7.8,9.8,32,64.8,1001.4,53.9,211,32
2026-07-04T00:18:04.985Z,6.6,8,32.1,64.8,1001.4,53.9,211,27
2026-07-04T00:18:14.952Z,7,8,32.1,64.8,1001.4,53.8,212,29
2026-07-04T00:18:24.920Z,6.6,7.4,32.1,64.8,1001.4,53.8,212,27
2026-07-04T00:18:34.907Z,8.4,8.4,32.1,64.8,1001.4,53.8,212,34
2026-07-04T00:18:44.910Z,7.2,7.2,32.1,64.8,1001.4,53.8,212,29
2026-07-04T00:18:54.913Z,7.8,7.8,32.1,64.8,1001.4,53.7,212,32
2026-07-04T00:19:04.906Z,7.4,7.6,32.1,64.8,1001.4,53.7,213,30
2026-07-04T00:19:14.906Z,7.6,7.6,32.1,64.8,1001.4,53.7,212,31
2026-07-04T00:19:24.903Z,7.4,7.4,32.1,64.8,1001.4,53.6,212,30
2026-07-04T00:19:34.907Z,7,7,32.1,64.8,1001.4,53.6,213,29
2026-07-04T00:19:44.911Z,8.8,9.8,32.1,64.8,1001.4,53.6,213,36
2026-07-04T00:19:54.908Z,9,10,32.1,64.8,1001.4,53.6,213,37
2026-07-04T00:20:04.908Z,9.2,11.4,32.1,64.8,1001.4,53.5,213,38
2026-07-04T00:20:14.914Z,7.4,9.6,32.1,64.8,1001.4,53.5,212,30
2026-07-04T00:20:24.911Z,8.6,11.4,32.1,64.8,1001.4,53.5,213,35
2026-07-04T00:20:34.908Z,9.6,11.6,32.1,64.8,1001.4,53.4,213,40
2026-07-04T00:20:44.909Z,8.2,10.4,32.1,64.8,1001.4,53.4,213,34
2026-07-04T00:20:54.907Z,7.6,11,32.1,64.8,1001.4,53.3,213,31
2026-07-04T00:21:04.900Z,8,12.6,32.1,64.8,1001.4,53.3,213,33
2026-07-04T00:21:14.902Z,9,13.4,32.1,64.8,1001.4,53.3,213,37
2026-07-04T00:21:24.905Z,8.6,13.4,32.1,64.8,1001.4,53.2,213,35
2026-07-04T00:21:34.908Z,8.4,11.6,32.1,64.8,1001.4,53.2,214,34
2026-07-04T00:21:44.902Z,9,12,32.1,64.8,1001.4,53.2,214,37
2026-07-04T00:21:54.911Z,8.6,11.2,32.1,64.8,1001.4,53.2,214,35
2026-07-04T00:22:04.903Z,7.6,9.8,32.2,64.8,1001.4,53.1,215,31
2026-07-04T00:22:14.903Z,7.8,9.8,32.2,64.8,1001.4,53.1,215,32
2026-07-04T00:22:24.907Z,6.6,8.2,32.2,64.8,1001.4,53.1,215,27
2026-07-04T00:22:34.924Z,6.8,8.6,32.2,64.8,1001.4,53.1,215,28
2026-07-04T00:22:44.915Z,9.6,11.4,32.2,64.8,1001.4,53.1,215,40
2026-07-04T00:22:54.914Z,10.2,12.6,32.2,64.8,1001.4,53,215,42
2026-07-04T00:23:04.915Z,8.6,15.6,32.2,64.8,1001.4,53,215,35
2026-07-04T00:23:14.907Z,9.2,16,32.2,64.8,1001.4,52.9,215,38
2026-07-04T00:23:24.903Z,10,15.4,32.2,64.9,1001.4,52.9,215,41
2026-07-04T00:23:34.908Z,10.8,16.4,32.2,64.9,1001.4,52.9,215,45
2026-07-04T00:23:44.914Z,9.6,14.2,32.2,64.9,1001.4,52.8,217,40
2026-07-04T00:23:54.909Z,8.2,13.4,32.2,64.9,1001.4,52.8,217,34
2026-07-04T00:24:04.902Z,6.8,12,32.2,65,1001.4,52.8,217,28
2026-07-04T00:24:14.905Z,6.4,9.8,32.1,65,1001.4,52.7,217,26
2026-07-04T00:24:24.909Z,6.6,8.6,32.1,65,1001.4,52.7,218,27
2026-07-04T00:24:34.915Z,8.6,10.6,32.1,65,1001.4,52.7,219,35
2026-07-04T00:24:44.907Z,7,8.4,32.1,65.1,1001.4,52.7,219,29
2026-07-04T00:24:54.905Z,9.2,10.2,32.1,65.1,1001.4,52.7,224,38
2026-07-04T00:25:04.903Z,8.8,10.2,32.1,65.1,1001.4,52.7,227,36
2026-07-04T00:25:14.912Z,8.4,9.4,32.1,65.1,1001.4,52.7,227,34
2026-07-04T00:25:24.906Z,8.4,8.6,32.1,65.1,1001.4,52.7,229,34
2026-07-04T00:25:34.900Z,11,12.6,32.1,65.2,1001.4,52.7,229,45
2026-07-04T00:25:44.911Z,10.6,12.6,32.1,65.2,1001.4,52.7,229,44
2026-07-04T00:25:54.904Z,9.6,11.6,32.1,65.2,1001.4,52.7,229,40
2026-07-04T00:26:04.899Z,9.8,11.8,32.1,65.2,1001.4,52.7,228,40
2026-07-04T00:26:14.909Z,9.2,12,32.1,65.2,1001.4,52.7,228,38
2026-07-04T00:26:24.904Z,11,14.2,32.1,65.2,1001.4,52.7,227,45
2026-07-04T00:26:34.901Z,9.8,13.8,32.1,65.2,1001.4,52.7,227,40
2026-07-04T00:26:44.902Z,9,13.8,32.1,65.3,1001.4,52.7,227,37
2026-07-04T00:26:54.894Z,10.4,16.4,32.1,65.3,1001.4,52.7,227,43
2026-07-04T00:27:04.897Z,10.2,15.8,32.1,65.3,1001.4,52.7,227,42
2026-07-04T00:27:14.898Z,9.8,13.8,32.1,65.3,1001.4,52.6,227,40
2026-07-04T00:27:24.894Z,9.4,13.4,32,65.3,1001.4,52.6,227,39
2026-07-04T00:27:34.918Z,9.6,14.6,32,65.4,1001.4,52.6,227,40
2026-07-04T00:27:44.900Z,9.4,14.4,32,65.4,1001.4,52.6,227,39
2026-07-04T00:27:54.904Z,10.4,15.2,32,65.4,1001.4,52.6,227,43
2026-07-04T00:28:04.897Z,11.6,15.6,32,65.4,1001.4,52.6,227,48
2026-07-04T00:28:14.901Z,11.6,16.6,32,65.4,1001.4,52.6,230,48
2026-07-04T00:28:24.896Z,11.8,15,32,65.4,1001.4,52.6,230,49
2026-07-04T00:28:34.890Z,11.2,15,32,65.5,1001.4,52.6,233,46
2026-07-04T00:28:44.913Z,11.4,14.2,32,65.5,1001.4,52.6,236,47
2026-07-04T00:28:54.899Z,10.6,14,32,65.5,1001.4,52.6,237,44
2026-07-04T00:29:04.897Z,9.8,13.8,32,65.5,1001.4,52.6,237,40
2026-07-04T00:29:14.894Z,10.6,13.6,32,65.5,1001.4,52.6,237,44
2026-07-04T00:29:24.937Z,10.4,13.4,32,65.5,1001.4,52.6,237,43
2026-07-04T00:29:34.901Z,11,14.8,32,65.5,1001.4,52.6,237,45
2026-07-04T00:29:44.907Z,8.4,13,32,65.5,1001.4,52.6,237,34
2026-07-04T00:29:54.908Z,8.6,11.6,32,65.5,1001.4,52.6,237,35
2026-07-04T00:30:04.902Z,10.2,13,32,65.5,1001.4,52.6,236,42
2026-07-04T00:30:14.916Z,12.6,16.2,32,65.5,1001.4,52.6,236,52
2026-07-04T00:30:24.905Z,12.4,17,32,65.5,1001.4,52.6,236,51
2026-07-04T00:30:34.912Z,12.6,16,32,65.5,1001.4,52.6,235,52
2026-07-04T00:30:44.916Z,12.6,16.6,32,65.5,1001.4,52.6,235,52
2026-07-04T00:30:54.903Z,11,16.2,32,65.6,1001.4,52.6,235,45
2026-07-04T00:31:04.903Z,12,17.4,32,65.6,1001.4,52.6,234,50
2026-07-04T00:31:14.901Z,13,17.6,32,65.6,1001.4,52.6,233,52
2026-07-04T00:31:24.907Z,11.4,15,32,65.6,1001.4,52.6,231,47
2026-07-04T00:31:34.896Z,12,15.2,32,65.6,1001.4,52.6,231,50
2026-07-04T00:31:44.909Z,11.6,14.6,32,65.6,1001.4,52.5,231,48
2026-07-04T00:31:54.892Z,11.6,13.8,32,65.6,1001.4,52.5,231,48
2026-07-04T00:32:04.892Z,11.6,13.8,32,65.6,1001.4,52.5,230,48
2026-07-04T00:32:14.912Z,11.4,15.4,32,65.6,1001.4,52.5,230,47
2026-07-04T00:32:24.905Z,12,15.2,32,65.6,1001.4,52.5,229,50
2026-07-04T00:32:34.890Z,11.6,15.6,32,65.6,1001.4,52.5,229,48
2026-07-04T00:32:44.888Z,12.4,16.4,32,65.6,1001.4,52.4,229,51
2026-07-04T00:32:54.892Z,11.2,16.2,32,65.6,1001.4,52.4,229,46
2026-07-04T00:33:04.908Z,12,17,32,65.6,1001.4,52.5,227,50
2026-07-04T00:33:14.895Z,12.2,17.2,32,65.6,1001.4,52.5,227,51
2026-07-04T00:33:24.885Z,14,17.8,32,65.6,1001.4,52.5,226,54
2026-07-04T00:33:34.893Z,13,15.4,32,65.6,1001.5,52.5,226,52
2026-07-04T00:33:44.891Z,11.6,15,32,65.6,1001.5,52.5,226,48
2026-07-04T00:33:54.904Z,12,16,32,65.6,1001.5,52.5,226,50
2026-07-04T00:34:04.917Z,13,16,32,65.6,1001.5,52.5,226,52
2026-07-04T00:34:14.890Z,12,15,32,65.6,1001.5,52.5,225,50
2026-07-04T00:34:24.895Z,13,16,32,65.6,1001.5,52.5,225,52
2026-07-04T00:34:34.898Z,12.4,15.4,32,65.6,1001.5,52.6,224,51
2026-07-04T00:34:44.900Z,12.6,15.4,32,65.6,1001.5,52.6,224,52
2026-07-04T00:34:54.907Z,12.2,15.8,32,65.6,1001.5,52.6,222,51
2026-07-04T00:35:04.904Z,12.2,15.4,32,65.6,1001.5,52.6,222,51
2026-07-04T00:35:14.898Z,14.2,16.6,32,65.6,1001.5,52.6,221,55
2026-07-04T00:35:24.907Z,14.6,16.8,32,65.5,1001.5,52.7,221,56
2026-07-04T00:35:34.902Z,13.6,15.8,32,65.5,1001.5,52.7,221,54
2026-07-04T00:35:44.910Z,13.2,15.2,32,65.5,1001.5,52.7,221,53
2026-07-04T00:35:54.977Z,14,16,32,65.5,1001.5,52.8,221,54
2026-07-04T00:36:04.920Z,14,17.6,32,65.5,1001.5,52.8,220,54
2026-07-04T00:36:14.941Z,12.4,16.4,32,65.5,1001.5,52.8,220,51
2026-07-04T00:36:24.904Z,11,14.8,32,65.5,1001.5,52.8,219,45
2026-07-04T00:36:34.896Z,10.2,13,32,65.5,1001.5,52.8,219,42
2026-07-04T00:36:44.907Z,11.4,14.4,32,65.4,1001.5,52.8,219,47
2026-07-04T00:36:54.904Z,9.4,14,32,65.4,1001.5,52.8,219,39
2026-07-04T00:37:04.897Z,9.6,14,32,65.4,1001.5,52.8,219,40
2026-07-04T00:37:14.897Z,9.2,15,32,65.3,1001.5,52.8,219,38
2026-07-04T00:37:24.906Z,10.2,16.2,32,65.3,1001.5,52.8,217,42
2026-07-04T00:37:34.909Z,12.2,18,32.1,65.3,1001.5,52.7,217,51
2026-07-04T00:37:44.908Z,13,16.6,32.1,65.3,1001.5,52.7,217,52
2026-07-04T00:37:54.897Z,11,13.6,32.1,65.3,1001.5,52.7,216,45
2026-07-04T00:38:04.936Z,12.4,14.4,32.1,65.3,1001.5,52.6,216,51
2026-07-04T00:38:14.898Z,12.8,13.8,32.1,65.3,1001.5,52.6,216,52
2026-07-04T00:38:24.900Z,13,14.6,32.1,65.3,1001.5,52.6,217,52
2026-07-04T00:38:34.902Z,10,13.6,32.1,65.3,1001.5,52.6,218,41
2026-07-04T00:38:44.917Z,10.6,14.4,32.1,65.3,1001.5,52.5,218,44
2026-07-04T00:38:54.916Z,13.4,17.6,32.1,65.3,1001.5,52.5,219,53
2026-07-04T00:39:04.904Z,11.4,16,32.1,65.3,1001.5,52.5,219,47
2026-07-04T00:39:14.898Z,10,14,32.1,65.3,1001.5,52.5,219,41
2026-07-04T00:39:24.915Z,12.2,15.2,32.1,65.3,1001.5,52.4,221,51
2026-07-04T00:39:34.894Z,11.6,14.6,32.1,65.3,1001.5,52.4,222,48
2026-07-04T00:39:44.907Z,10.2,14,32.1,65.2,1001.5,52.4,222,42
2026-07-04T00:39:54.899Z,9,13,32.1,65.2,1001.5,52.3,222,37
2026-07-04T00:40:04.893Z,9.6,13.4,32.1,65.2,1001.5,52.3,222,40
2026-07-04T00:40:14.899Z,11.8,14.8,32.1,65.2,1001.5,52.2,223,49
2026-07-04T00:40:24.889Z,11.6,15.4,32.1,65.2,1001.5,52.1,223,48
2026-07-04T00:40:34.893Z,13.6,16.4,32.1,65.2,1001.5,52.1,222,54
2026-07-04T00:40:44.906Z,14.8,16.6,32.1,65.2,1001.5,52,222,56
2026-07-04T00:40:54.896Z,14.4,15.4,32.1,65.2,1001.5,51.9,222,55
2026-07-04T00:41:04.901Z,14.8,15.8,32.1,65.2,1001.5,51.9,222,56
2026-07-04T00:41:14.916Z,13.8,14.8,32.2,65.2,1001.5,51.8,222,54
2026-07-04T00:41:24.920Z,12.4,13.4,32.2,65.2,1001.5,51.8,222,51
2026-07-04T00:41:34.905Z,13.8,15.6,32.1,65.3,1001.6,51.8,222,54
2026-07-04T00:41:44.898Z,15.4,16.6,32.1,65.3,1001.6,51.7,222,57
2026-07-04T00:41:54.896Z,16.6,18,32.1,65.3,1001.6,51.7,222,60
2026-07-04T00:42:04.897Z,13.2,16.2,32.1,65.3,1001.6,51.6,222,53
2026-07-04T00:42:14.914Z,15.2,17.6,32.1,65.4,1001.6,51.6,222,57
2026-07-04T00:42:24.898Z,15,16,32.1,65.4,1001.6,51.6,222,57
2026-07-04T00:42:34.894Z,16.2,16.8,32.1,65.4,1001.6,51.6,224,59
2026-07-04T00:42:44.904Z,14.6,16.6,32.1,65.5,1001.6,51.6,224,56
2026-07-04T00:42:54.898Z,16.8,17.8,32.1,65.5,1001.6,51.6,224,60
2026-07-04T00:43:04.897Z,16.6,16.6,32.1,65.5,1001.6,51.6,224,60
2026-07-04T00:43:14.895Z,17.8,17.8,32.1,65.5,1001.6,51.6,225,62
2026-07-04T00:43:24.907Z,18,18.2,32.1,65.6,1001.6,51.6,225,63
2026-07-04T00:43:34.889Z,16.2,17.2,32.1,65.6,1001.6,51.7,225,59
2026-07-04T00:43:44.906Z,17,18.2,32.1,65.6,1001.6,51.7,225,61
2026-07-04T00:43:54.890Z,15,18,32.1,65.7,1001.6,51.7,226,57
2026-07-04T00:44:04.905Z,15.2,16.4,32,65.7,1001.6,51.7,226,57
2026-07-04T00:44:14.893Z,16,17,32,65.8,1001.6,51.7,225,59
2026-07-04T00:44:24.891Z,16.4,17.4,32,65.8,1001.6,51.8,225,60
2026-07-04T00:44:34.906Z,16.2,17.2,32,65.8,1001.6,51.8,225,59
2026-07-04T00:44:44.897Z,17.6,18.6,32,65.8,1001.6,51.8,225,62
2026-07-04T00:44:54.892Z,19.8,21,32,65.9,1001.6,51.9,225,67
2026-07-04T00:45:04.901Z,18.6,20.2,32,65.9,1001.6,51.9,225,64
2026-07-04T00:45:14.893Z,18,19.4,32,65.9,1001.6,51.9,225,63
2026-07-04T00:45:24.895Z,18,18,32,65.9,1001.6,51.9,225,63
2026-07-04T00:45:34.885Z,17.6,18.6,32,65.9,1001.6,51.9,225,62
2026-07-04T00:45:44.879Z,17.6,17.6,32,65.9,1001.6,51.9,225,62
2026-07-04T00:45:54.879Z,16.2,16.6,32,65.9,1001.6,51.9,225,59
2026-07-04T00:46:04.877Z,17,18.8,32,65.9,1001.6,52,225,61
2026-07-04T00:46:14.898Z,16,16.8,32,65.9,1001.6,52,225,59
2026-07-04T00:46:24.888Z,16,16,32,65.9,1001.6,51.9,225,59
2026-07-04T00:46:34.904Z,18.2,18.2,32,65.9,1001.6,51.9,225,63
2026-07-04T00:46:44.893Z,18.4,19.2,32,65.9,1001.6,51.9,225,64
2026-07-04T00:46:54.890Z,18.4,19.4,32,65.9,1001.6,51.9,224,64
2026-07-04T00:47:04.896Z,17.2,18.2,32,65.9,1001.6,51.9,224,61
2026-07-04T00:47:14.898Z,17.6,17.6,32,65.9,1001.6,51.9,225,62
2026-07-04T00:47:24.889Z,17.2,17.2,32,65.9,1001.6,51.9,224,61
2026-07-04T00:47:34.896Z,16.2,16.2,32,65.9,1001.6,51.9,224,59
2026-07-04T00:47:44.891Z,15.6,16.6,32,65.8,1001.6,51.9,224,58
2026-07-04T00:47:54.916Z,13.6,15,32,65.9,1001.6,51.9,224,54
2026-07-04T00:48:04.897Z,14,15,32,65.8,1001.6,51.9,224,54
2026-07-04T00:48:14.888Z,14,15,32,65.8,1001.7,51.9,224,54
2026-07-04T00:48:24.895Z,14.6,15.6,32,65.8,1001.7,51.9,224,56
2026-07-04T00:48:34.910Z,17,18.8,32,65.8,1001.7,51.9,224,61
2026-07-04T00:48:44.895Z,16.6,18.6,32,65.8,1001.7,51.9,224,60
2026-07-04T00:48:54.897Z,17,19.8,32,65.7,1001.7,51.9,224,61
2026-07-04T00:49:04.910Z,16,19,32,65.7,1001.7,51.9,223,59
2026-07-04T00:49:14.889Z,15.2,17.4,32,65.7,1001.7,52,223,57
2026-07-04T00:49:24.902Z,14.8,16.8,32,65.7,1001.7,51.9,223,56
2026-07-04T00:49:34.888Z,13.6,15.6,32,65.7,1001.7,51.9,223,54
2026-07-04T00:49:44.895Z,13,14.6,32,65.7,1001.7,51.9,222,52
2026-07-04T00:49:54.893Z,13.2,14.2,32,65.7,1001.7,51.9,222,53
2026-07-04T00:50:04.910Z,14.8,15.8,32,65.7,1001.7,51.9,222,56
2026-07-04T00:50:14.890Z,16.6,17.6,32,65.6,1001.7,51.9,222,60
2026-07-04T00:50:24.893Z,16.6,17.6,32.1,65.6,1001.7,51.8,222,60
2026-07-04T00:50:34.885Z,16.6,16.8,32.1,65.6,1001.7,51.8,222,60
2026-07-04T00:50:44.880Z,17.2,18.8,32.1,65.6,1001.7,51.8,222,61
2026-07-04T00:50:54.882Z,18.2,20.6,32.1,65.5,1001.7,51.8,222,63
2026-07-04T00:51:04.883Z,18,20,32.1,65.5,1001.7,51.7,222,63
2026-07-04T00:51:14.878Z,17.4,20,32.1,65.5,1001.7,51.7,222,62
2026-07-04T00:51:24.880Z,15.8,18.8,32.1,65.5,1001.7,51.7,222,58
2026-07-04T00:51:34.889Z,14.6,17.6,32.1,65.5,1001.7,51.7,222,56
2026-07-04T00:51:44.889Z,15.6,18,32.1,65.5,1001.7,51.7,222,58
2026-07-04T00:51:54.898Z,15.6,17.6,32.1,65.5,1001.7,51.7,222,58
2026-07-04T00:52:04.889Z,14.8,17.6,32.1,65.5,1001.7,51.7,221,56
2026-07-04T00:52:14.904Z,15.2,17.2,32.1,65.5,1001.7,51.7,221,57
2026-07-04T00:52:24.909Z,15.6,17.6,32.1,65.5,1001.7,51.6,221,58
2026-07-04T00:52:34.911Z,16,18,32.1,65.5,1001.7,51.6,221,59
2026-07-04T00:52:44.891Z,16,17,32.1,65.5,1001.7,51.6,223,59
2026-07-04T00:52:54.889Z,15.8,17,32.1,65.5,1001.7,51.6,221,58
2026-07-04T00:53:04.883Z,15,16.6,32.1,65.5,1001.7,51.6,223,57
2026-07-04T00:53:14.882Z,15.6,16.6,32.1,65.6,1001.8,51.6,224,58
2026-07-04T00:53:24.889Z,15.8,17.8,32.1,65.6,1001.8,51.6,224,58
2026-07-04T00:53:34.896Z,15,16.2,32.1,65.6,1001.8,51.5,224,57
2026-07-04T00:53:44.888Z,15,17,32.1,65.6,1001.8,51.5,224,57
2026-07-04T00:53:54.894Z,16.4,18.6,32.1,65.6,1001.8,51.4,224,60
2026-07-04T00:54:04.891Z,16,18.2,32.1,65.6,1001.8,51.4,226,59
2026-07-04T00:54:14.891Z,16.6,17.6,32.1,65.6,1001.8,51.4,226,60
2026-07-04T00:54:24.891Z,16.6,18.2,32.1,65.6,1001.8,51.3,226,60
2026-07-04T00:54:34.887Z,17.6,18.6,32.1,65.5,1001.8,51.3,226,62
2026-07-04T00:54:44.893Z,17.8,18.8,32.1,65.5,1001.8,51.3,227,62
2026-07-04T00:54:54.901Z,18,19,32.1,65.5,1001.8,51.2,226,63
2026-07-04T00:55:04.892Z,17,19.4,32.1,65.5,1001.8,51.2,226,61
2026-07-04T00:55:14.893Z,17.4,19.6,32.1,65.5,1001.8,51.1,227,62
2026-07-04T00:55:24.920Z,17.2,19,32.1,65.5,1001.8,51.1,227,61
2026-07-04T00:55:34.876Z,16.4,17.8,32.1,65.5,1001.8,51.1,227,60
2026-07-04T00:55:44.877Z,18.2,18.2,32.1,65.5,1001.8,51,228,63
2026-07-04T00:55:54.879Z,19,19.6,32.1,65.5,1001.8,51,227,65
2026-07-04T00:56:04.887Z,21,21.6,32.1,65.5,1001.8,51,227,69
2026-07-04T00:56:14.881Z,19.8,21,32.1,65.5,1001.8,51,227,67
2026-07-04T00:56:24.883Z,19,20,32.1,65.5,1001.8,51,227,65
2026-07-04T00:56:34.891Z,18,18,32.1,65.5,1001.8,51.1,227,63
2026-07-04T00:56:44.885Z,18,18,32.1,65.5,1001.8,51.1,227,63
2026-07-04T00:56:54.877Z,18.6,18.6,32.1,65.5,1001.8,51.1,227,64
2026-07-04T00:57:04.894Z,18,18,32.1,65.5,1001.8,51.1,227,63
2026-07-04T00:57:14.908Z,17.4,17.4,32.1,65.5,1001.8,51.2,225,62
2026-07-04T00:57:24.876Z,17.4,18.4,32.1,65.5,1001.8,51.1,225,62
2026-07-04T00:57:34.890Z,18.6,20,32.1,65.5,1001.8,51.1,225,64
2026-07-04T00:57:44.879Z,17.6,19,32.1,65.5,1001.8,51.2,225,62
2026-07-04T00:57:54.880Z,17.4,18.2,32.1,65.5,1001.8,51.2,225,62
2026-07-04T00:58:04.880Z,17.6,19.6,32.1,65.5,1001.8,51.2,225,62
2026-07-04T00:58:14.882Z,17.8,20.4,32.1,65.5,1001.8,51.2,225,62
2026-07-04T00:58:24.883Z,17.6,20.4,32.1,65.5,1001.8,51.2,225,62
2026-07-04T00:58:34.884Z,18.6,21.2,32.1,65.5,1001.8,51.2,225,64
2026-07-04T00:58:44.886Z,18.8,20.2,32.1,65.5,1001.9,51.2,224,65
2026-07-04T00:58:54.884Z,16.2,17.8,32.1,65.5,1001.9,51.2,224,59
2026-07-04T00:59:04.898Z,15.4,17,32.1,65.5,1001.9,51.2,224,57
2026-07-04T00:59:14.886Z,16.4,18.4,32.1,65.5,1001.9,51.2,225,60
2026-07-04T00:59:24.884Z,16.2,18,32.1,65.5,1001.9,51.1,224,59
2026-07-04T00:59:34.887Z,15.8,16.8,32.1,65.5,1001.9,51.1,224,58
2026-07-04T00:59:44.876Z,15,17,32.1,65.5,1001.9,51.1,225,57
2026-07-04T00:59:54.877Z,14,16,32.1,65.5,1001.9,51.1,226,54
2026-07-04T01:00:04.914Z,15.8,16.8,32.1,65.5,1001.9,51,226,58
2026-07-04T01:00:14.876Z,16,17.4,32.1,65.5,1001.9,51,226,59
2026-07-04T01:00:24.887Z,16.8,18.8,32.1,65.5,1001.9,51.1,227,60
2026-07-04T01:00:34.878Z,18.6,20.8,32.1,65.5,1001.9,51.1,228,64
2026-07-04T01:00:44.884Z,17.2,19.2,32.1,65.5,1001.9,51.1,229,61
2026-07-04T01:00:54.904Z,14.2,16.2,32.1,65.5,1001.9,51.1,230,55
2026-07-04T01:01:04.888Z,15.4,16.4,32.1,65.5,1001.9,51.2,230,57
2026-07-04T01:01:14.885Z,13.6,15.6,32.1,65.5,1001.9,51.2,230,54
2026-07-04T01:01:24.900Z,14,16,32.1,65.6,1001.9,51.2,230,54
2026-07-04T01:01:34.892Z,14.4,17.4,32.1,65.6,1001.9,51.3,230,55
2026-07-04T01:01:44.883Z,16,19,32.1,65.6,1001.9,51.3,230,59
2026-07-04T01:01:54.898Z,14,16.6,32.1,65.6,1001.9,51.4,230,54
2026-07-04T01:02:04.893Z,15,17,32.1,65.6,1001.9,51.4,230,57
2026-07-04T01:02:14.884Z,14.6,16,32.1,65.6,1001.9,51.5,230,56
2026-07-04T01:02:24.882Z,14,15,32.1,65.5,1001.9,51.5,230,54
2026-07-04T01:02:34.908Z,14.2,15.2,32.1,65.5,1001.9,51.6,228,55
2026-07-04T01:02:44.888Z,15,16,32.1,65.5,1001.9,51.7,227,57
2026-07-04T01:02:54.882Z,15.8,16.6,32,65.5,1001.9,51.7,227,58
2026-07-04T01:03:04.888Z,15.6,15.6,32,65.4,1001.9,51.8,227,58
2026-07-04T01:03:14.884Z,14.8,14.8,32,65.4,1001.9,51.8,227,56
2026-07-04T01:03:24.884Z,12,12,32,65.4,1001.9,51.8,228,50
2026-07-04T01:03:34.888Z,11.6,12.8,32,65.4,1001.9,51.8,228,48
2026-07-04T01:03:44.878Z,13.4,15.6,32,65.4,1001.9,51.9,228,53
2026-07-04T01:03:54.881Z,13.6,15.6,32,65.4,1001.9,51.9,228,54
2026-07-04T01:04:04.881Z,11.6,14.6,32,65.4,1001.9,51.9,227,48
2026-07-04T01:04:14.879Z,13,16,32,65.4,1001.9,51.9,227,52
2026-07-04T01:04:24.891Z,13.2,15.2,32,65.4,1001.9,51.9,226,53
2026-07-04T01:04:34.885Z,13.8,15.4,32,65.4,1001.9,51.9,227,54
2026-07-04T01:04:44.889Z,15,17,32,65.4,1001.9,51.9,227,57
2026-07-04T01:04:54.879Z,13.8,18.4,32,65.4,1001.9,51.9,227,54
2026-07-04T01:05:04.883Z,14.2,17.2,32,65.4,1001.9,52,226,55
2026-07-04T01:05:14.891Z,15.6,16.6,32,65.4,1001.9,52,225,58
2026-07-04T01:05:24.886Z,15.6,16.6,32,65.5,1001.9,52,225,58
2026-07-04T01:05:34.897Z,14.4,15.4,32,65.5,1001.9,51.9,225,55
2026-07-04T01:05:44.894Z,14,16,32,65.5,1001.9,51.9,225,54
2026-07-04T01:05:54.883Z,12.8,14.4,32,65.5,1001.9,51.9,225,52
2026-07-04T01:06:04.887Z,13.6,15.2,32,65.5,1001.9,51.9,225,54
2026-07-04T01:06:14.888Z,17,18.4,32,65.5,1001.9,51.9,226,61
2026-07-04T01:06:24.894Z,17.4,18.4,32,65.5,1001.9,51.9,226,62
2026-07-04T01:06:34.884Z,17,19.4,32,65.5,1001.9,51.9,225,61
2026-07-04T01:06:44.883Z,18.8,20.8,32,65.5,1001.9,51.8,225,65
2026-07-04T01:06:54.897Z,16.8,18.8,32,65.5,1001.9,51.8,225,60
2026-07-04T01:07:04.887Z,16.6,17.6,32,65.5,1001.9,51.8,225,60
2026-07-04T01:07:14.885Z,18.2,19.4,32,65.5,1001.9,51.8,225,63
2026-07-04T01:07:24.885Z,18.2,20,32,65.5,1001.9,51.8,226,63
2026-07-04T01:07:34.884Z,14.8,15.8,32,65.5,1001.9,51.8,226,56
2026-07-04T01:07:44.889Z,15.8,16.8,32,65.4,1001.9,51.8,226,58
2026-07-04T01:07:54.884Z,15.4,17.2,32.1,65.4,1001.9,51.7,225,57
2026-07-04T01:08:04.885Z,15.6,17.6,32.1,65.4,1001.9,51.7,225,58
2026-07-04T01:08:14.877Z,15.4,16.6,32.1,65.4,1001.9,51.7,225,57
2026-07-04T01:08:24.887Z,15,16,32.1,65.3,1001.9,51.6,225,57
2026-07-04T01:08:34.886Z,14.4,15.8,32.1,65.3,1001.9,51.6,224,55
2026-07-04T01:08:44.872Z,14.6,16.6,32.1,65.3,1001.9,51.5,224,56
2026-07-04T01:08:54.870Z,14.2,17.4,32.1,65.2,1001.9,51.5,223,55
2026-07-04T01:09:04.872Z,13.4,17.4,32.1,65.2,1001.9,51.4,223,53
2026-07-04T01:09:14.869Z,14,18,32.1,65.2,1001.9,51.4,223,54
2026-07-04T01:09:24.872Z,14.4,17.4,32.1,65.2,1001.9,51.3,223,55
2026-07-04T01:09:34.873Z,15.8,18,32.2,65.2,1001.9,51.3,223,58
2026-07-04T01:09:44.883Z,16.2,18.2,32.2,65.2,1001.9,51.3,223,59
2026-07-04T01:09:54.873Z,17.2,18.4,32.2,65.2,1001.9,51.2,223,61
2026-07-04T01:10:04.877Z,16.6,17.6,32.2,65.1,1001.9,51.2,223,60
2026-07-04T01:10:14.872Z,16.6,17.6,32.2,65.1,1001.9,51.1,223,60
2026-07-04T01:10:24.876Z,17,18.8,32.2,65.1,1001.9,51.1,223,61
2026-07-04T01:10:34.880Z,16.6,18,32.2,65.1,1001.9,51,223,60
2026-07-04T01:10:44.876Z,16.4,18,32.2,65.1,1001.9,51,223,60
2026-07-04T01:10:54.879Z,16.6,17.4,32.2,65.1,1001.9,50.9,221,60
2026-07-04T01:11:04.879Z,16.8,17.8,32.2,65.1,1001.9,50.9,221,60
2026-07-04T01:11:14.885Z,15.8,17.8,32.2,65.1,1001.9,50.8,221,58
2026-07-04T01:11:24.891Z,17,18,32.2,65.1,1001.9,50.8,223,61
2026-07-04T01:11:34.877Z,16.6,17.6,32.2,65.1,1001.9,50.8,223,60
2026-07-04T01:11:44.869Z,14.6,17.2,32.2,65.2,1001.9,50.7,223,56
2026-07-04T01:11:54.881Z,16.2,18.6,32.2,65.2,1001.9,50.7,223,59
2026-07-04T01:12:04.876Z,17.2,19.6,32.2,65.2,1001.9,50.6,223,61
2026-07-04T01:12:14.870Z,17.2,19.2,32.2,65.2,1001.9,50.6,222,61
2026-07-04T01:12:24.880Z,17,18,32.2,65.2,1001.9,50.6,223,61
2026-07-04T01:12:34.888Z,16.4,16.4,32.2,65.3,1001.9,50.6,223,60
2026-07-04T01:12:44.887Z,16.2,17,32.2,65.3,1001.9,50.5,223,59
2026-07-04T01:12:54.875Z,16,17,32.2,65.3,1001.9,50.5,223,59
2026-07-04T01:13:04.882Z,15.4,16.4,32.2,65.3,1001.9,50.5,223,57
2026-07-04T01:13:14.874Z,16.2,18.4,32.2,65.3,1001.9,50.5,224,59
2026-07-04T01:13:24.876Z,18,21.4,32.2,65.3,1001.9,50.5,224,63
2026-07-04T01:13:34.883Z,19,19.6,32.2,65.4,1001.9,50.5,224,65
2026-07-04T01:13:44.886Z,17.4,18.8,32.2,65.4,1001.8,50.5,224,62
2026-07-04T01:13:54.881Z,16.6,17.6,32.2,65.4,1001.8,50.5,225,60
2026-07-04T01:14:04.873Z,17,17.6,32.2,65.4,1001.8,50.4,225,61
2026-07-04T01:14:14.872Z,17.8,17.8,32.2,65.4,1001.8,50.4,225,62
2026-07-04T01:14:24.877Z,17.4,18.2,32.2,65.4,1001.8,50.4,225,62
2026-07-04T01:14:34.885Z,17.4,18.2,32.2,65.4,1001.8,50.4,225,62
2026-07-04T01:14:44.884Z,17.6,18.2,32.2,65.4,1001.8,50.4,225,62
2026-07-04T01:14:54.898Z,16,18,32.2,65.4,1001.8,50.4,225,59
2026-07-04T01:15:04.884Z,17.4,18.8,32.2,65.4,1001.8,50.4,225,62
2026-07-04T01:15:14.887Z,18.4,20.4,32.2,65.4,1001.8,50.4,225,64
2026-07-04T01:15:24.879Z,19.4,21.6,32.2,65.4,1001.8,50.4,225,66
2026-07-04T01:15:34.883Z,20,20.2,32.2,65.4,1001.8,50.4,225,67
2026-07-04T01:15:44.890Z,19.8,21.2,32.2,65.4,1001.8,50.4,225,67
2026-07-04T01:15:54.878Z,19.4,22.8,32.2,65.4,1001.8,50.4,225,66
2026-07-04T01:16:04.886Z,18,20,32.2,65.4,1001.8,50.3,225,63
2026-07-04T01:16:14.886Z,17.6,18.6,32.2,65.4,1001.8,50.3,225,62
2026-07-04T01:16:24.972Z,17,18,32.2,65.4,1001.8,50.3,225,61
2026-07-04T01:16:34.880Z,19,21.4,32.2,65.4,1001.8,50.3,225,65
2026-07-04T01:16:44.881Z,18.6,19.2,32.2,65.4,1001.8,50.3,225,64
2026-07-04T01:16:54.877Z,19,19.2,32.2,65.4,1001.8,50.2,225,65
2026-07-04T01:17:04.879Z,18.8,18.8,32.2,65.4,1001.8,50.2,225,65
2026-07-04T01:17:14.902Z,17.4,18.6,32.2,65.4,1001.8,50.2,225,62
2026-07-04T01:17:24.889Z,15.6,18.6,32.2,65.5,1001.8,50.2,225,58
2026-07-04T01:17:34.899Z,16.6,18.6,32.2,65.5,1001.8,50.1,225,60
2026-07-04T01:17:44.886Z,17,18.4,32.2,65.5,1001.8,50.1,225,61
2026-07-04T01:17:54.869Z,16.4,16.4,32.2,65.5,1001.8,50.1,226,60
2026-07-04T01:18:04.861Z,16,16.8,32.2,65.5,1001.8,50.1,226,59
2026-07-04T01:18:14.866Z,16,17,32.2,65.5,1001.8,50,226,59
2026-07-04T01:18:24.870Z,16.4,17.4,32.2,65.4,1001.8,50,226,60
2026-07-04T01:18:34.872Z,17,19,32.2,65.4,1001.8,49.9,226,61
2026-07-04T01:18:44.880Z,16.4,18.4,32.2,65.4,1001.8,49.9,226,60
2026-07-04T01:18:54.909Z,17,19.6,32.2,65.4,1001.8,49.9,226,61
2026-07-04T01:19:04.885Z,17,20,32.2,65.4,1001.8,49.8,226,61
2026-07-04T01:19:14.882Z,16.6,19.4,32.2,65.4,1001.8,49.8,226,60
2026-07-04T01:19:24.876Z,17.8,19.8,32.2,65.4,1001.8,49.7,226,62
2026-07-04T01:19:34.892Z,18.2,19.2,32.2,65.3,1001.8,49.7,226,63
2026-07-04T01:19:44.881Z,17.4,18,32.2,65.3,1001.8,49.6,226,62
2026-07-04T01:19:54.876Z,17,19,32.2,65.3,1001.8,49.5,226,61
2026-07-04T01:20:04.874Z,16.4,18.4,32.2,65.3,1001.8,49.5,226,60
2026-07-04T01:20:14.868Z,17.6,18.6,32.3,65.2,1001.8,49.4,227,62
2026-07-04T01:20:24.874Z,16.2,19.2,32.3,65.2,1001.8,49.2,227,59
2026-07-04T01:20:34.872Z,15.4,17.8,32.3,65.3,1001.8,49.2,229,57
2026-07-04T01:20:44.875Z,15.4,17,32.3,65.3,1001.8,49.1,234,57
2026-07-04T01:20:54.887Z,17.2,18.2,32.3,65.3,1001.8,49,253,61
2026-07-04T01:21:04.877Z,17.2,18.2,32.3,65.3,1001.8,48.9,257,61
2026-07-04T01:21:14.885Z,18,18.6,32.3,65.3,1001.8,48.9,259,63
2026-07-04T01:21:24.876Z,17,18,32.3,65.3,1001.8,48.8,263,61
2026-07-04T01:21:34.876Z,16.4,17.8,32.3,65.3,1001.8,48.8,263,60
2026-07-04T01:21:44.881Z,16,17,32.3,65.3,1001.8,48.8,263,59
2026-07-04T01:21:54.880Z,16.2,17.4,32.3,65.3,1001.8,48.8,263,59
2026-07-04T01:22:04.883Z,17.6,18.6,32.3,65.3,1001.8,48.7,263,62
2026-07-04T01:22:14.889Z,17,17,32.3,65.3,1001.8,48.7,263,61
2026-07-04T01:22:24.894Z,18.6,18.6,32.3,65.3,1001.8,48.8,263,64
2026-07-04T01:22:34.877Z,17.6,18.6,32.3,65.3,1001.8,48.8,262,62
2026-07-04T01:22:44.869Z,18.4,19.4,32.3,65.2,1001.8,48.8,261,64
2026-07-04T01:22:54.868Z,17.6,18.6,32.3,65.2,1001.8,48.8,259,62
2026-07-04T01:23:04.873Z,16,18,32.3,65.2,1001.8,48.8,257,59
2026-07-04T01:23:14.869Z,17.4,19.4,32.3,65.2,1001.8,48.8,256,62
2026-07-04T01:23:24.880Z,17,19.6,32.3,65.2,1001.8,48.8,252,61
2026-07-04T01:23:34.874Z,17.2,21.6,32.3,65.2,1001.8,48.9,252,61
2026-07-04T01:23:44.869Z,18.8,20.8,32.3,65.1,1001.8,48.9,250,65
2026-07-04T01:23:54.869Z,17.8,18.4,32.3,65.1,1001.8,49,249,62
2026-07-04T01:24:04.910Z,17,18,32.3,65.1,1001.8,49,249,61
2026-07-04T01:24:45.684Z,16.2,16.4,32.3,65.1,1001.8,49,245,59
2026-07-04T01:24:45.946Z,16.8,16.8,32.3,65,1001.8,49,243,60
2026-07-04T01:24:50.540Z,17,17,32.3,64.9,1001.8,48.9,242,61
2026-07-04T01:24:54.834Z,16.8,17,32.3,64.9,1001.8,48.9,242,60
2026-07-04T01:25:04.831Z,18.2,19,32.4,64.8,1001.8,48.8,242,63
2026-07-04T01:25:14.826Z,17,18,32.4,64.8,1001.8,48.7,242,61
2026-07-04T01:25:24.829Z,16.6,17.6,32.4,64.8,1001.8,48.7,244,60
2026-07-04T01:25:34.829Z,16,17.6,32.4,64.7,1001.8,48.6,244,59
2026-07-04T01:25:44.832Z,17.8,21,32.4,64.7,1001.8,48.5,240,62
2026-07-04T01:25:54.839Z,16,19,32.4,64.6,1001.8,48.5,242,59
2026-07-04T01:26:04.821Z,15.6,18.6,32.5,64.6,1001.8,48.4,242,58
2026-07-04T01:26:14.828Z,15,17.8,32.5,64.5,1001.8,48.3,242,57
2026-07-04T01:26:24.849Z,15,17,32.5,64.5,1001.8,48.3,242,57
2026-07-04T01:26:34.819Z,15,17,32.5,64.4,1001.8,48.2,240,57
2026-07-04T01:26:44.834Z,14.2,15.4,32.5,64.3,1001.8,48.1,240,55
2026-07-04T01:26:54.824Z,14.6,15.6,32.6,64.3,1001.8,48.1,237,56
2026-07-04T01:27:04.822Z,13.8,14.8,32.6,64.2,1001.8,48,237,54
2026-07-04T01:27:14.821Z,10.6,12.2,32.6,64.2,1001.8,48,236,44
2026-07-04T01:27:24.823Z,11.4,13.8,32.6,64.1,1001.8,47.9,235,47
2026-07-04T01:27:34.822Z,11.4,14.4,32.6,64.1,1001.8,47.9,231,47
2026-07-04T01:27:44.813Z,13.2,15.6,32.6,64,1001.8,47.8,230,53
2026-07-04T01:27:54.811Z,13.6,15.6,32.6,64,1001.8,47.8,230,54
2026-07-04T01:28:04.829Z,12.4,15.4,32.7,63.9,1001.8,47.7,230,51
2026-07-04T01:28:14.814Z,13.8,15.8,32.7,63.9,1001.8,47.6,230,54
2026-07-04T01:28:24.814Z,13.6,15.6,32.7,63.8,1001.8,47.6,230,54
2026-07-04T01:28:34.824Z,15,16,32.7,63.7,1001.8,47.5,230,57
2026-07-04T01:28:44.826Z,15.8,15.8,32.7,63.7,1001.8,47.5,229,58
2026-07-04T01:28:54.833Z,14.8,15.4,32.7,63.6,1001.8,47.5,229,56
2026-07-04T01:29:04.831Z,13.6,14.6,32.8,63.5,1001.8,47.4,228,54
2026-07-04T01:29:14.830Z,13.6,14.6,32.8,63.4,1001.8,47.4,228,54
2026-07-04T01:29:24.831Z,12,14,32.8,63.3,1001.8,47.3,227,50
2026-07-04T01:29:34.832Z,13.4,15.4,32.8,63.2,1001.8,47.3,227,53
2026-07-04T01:29:44.827Z,13.4,17.8,32.9,63.2,1001.8,47.2,227,53
2026-07-04T01:29:54.816Z,14.2,17.4,32.9,63.1,1001.8,47.1,226,55
2026-07-04T01:30:04.814Z,12.6,15.6,32.9,63,1001.8,47.1,226,52
2026-07-04T01:30:14.828Z,11.2,13.6,32.9,62.9,1001.8,47,224,46
2026-07-04T01:30:24.815Z,10,10.2,33,62.8,1001.8,46.9,222,41
2026-07-04T01:30:34.831Z,13.2,13.2,33,62.7,1001.8,46.8,221,53
2026-07-04T01:30:44.831Z,14,14,33,62.6,1001.8,46.7,221,54
2026-07-04T01:30:54.820Z,13.2,13.2,33,62.5,1001.8,46.6,221,53
2026-07-04T01:31:04.817Z,12.6,12.8,33.1,62.4,1001.8,46.5,219,52
2026-07-04T01:31:14.823Z,13.6,14.6,33.1,62.4,1001.8,46.5,219,54
2026-07-04T01:31:24.821Z,12.4,14,33.1,62.3,1001.8,46.4,219,51
2026-07-04T01:31:34.825Z,9.2,11.6,33.1,62.3,1001.8,46.3,218,38
2026-07-04T01:31:44.830Z,8.4,9.2,33.1,62.2,1001.8,46.2,218,34
2026-07-04T01:31:54.822Z,7,8,33.2,62.2,1001.8,46.2,218,29
2026-07-04T01:32:04.817Z,8,9,33.2,62.1,1001.8,46.1,218,33
2026-07-04T01:32:14.824Z,8,11,33.2,62.1,1001.8,46.1,218,33
2026-07-04T01:32:24.819Z,8.4,11.4,33.2,62,1001.8,46.1,218,34
2026-07-04T01:32:34.817Z,9.2,10.2,33.2,62,1001.8,46,218,38
2026-07-04T01:32:44.827Z,7.8,8,33.2,62,1001.8,46,218,32
2026-07-04T01:32:54.831Z,5.6,5.6,33.2,62,1001.8,46,218,23
2026-07-04T01:33:04.827Z,8.4,8.6,33.2,61.9,1001.8,46,218,34
2026-07-04T01:33:14.822Z,9.8,10.6,33.2,61.9,1001.8,46,218,40
2026-07-04T01:33:24.827Z,9,11,33.2,61.9,1001.8,46,218,37
2026-07-04T01:33:34.823Z,8.2,10,33.2,61.9,1001.8,46,217,34
2026-07-04T01:33:44.817Z,8.4,8.8,33.2,61.9,1001.8,46,217,34
2026-07-04T01:33:54.817Z,8.4,8.6,33.2,61.9,1001.8,46,217,34
2026-07-04T01:34:04.830Z,9,9,33.2,61.9,1001.8,46.1,217,37
2026-07-04T01:34:14.816Z,8,8,33.3,61.9,1001.8,46.1,215,33
2026-07-04T01:34:24.833Z,10.2,11.6,33.3,61.9,1001.8,46.1,215,42
2026-07-04T01:34:34.831Z,12,12.2,33.3,61.9,1001.8,46.1,215,50
2026-07-04T01:34:44.811Z,12.6,13,33.3,61.9,1001.8,46.1,215,52
2026-07-04T01:34:54.818Z,11.6,14.4,33.3,61.9,1001.8,46.2,215,48
2026-07-04T01:35:04.809Z,11,15,33.3,61.9,1001.8,46.2,215,45
2026-07-04T01:35:14.819Z,11.6,15.6,33.2,61.9,1001.8,46.2,215,48
2026-07-04T01:35:24.820Z,11.4,15.4,33.2,62,1001.8,46.2,215,47
2026-07-04T01:35:34.823Z,11,15,33.2,62,1001.8,46.2,215,45
2026-07-04T01:35:44.828Z,12.6,16.6,33.2,62,1001.8,46.3,215,52
2026-07-04T01:35:54.821Z,11.6,16.2,33.2,62.1,1001.7,46.3,215,48
2026-07-04T01:36:04.824Z,9.2,14.4,33.2,62.1,1001.7,46.3,215,38
2026-07-04T01:36:14.824Z,11.8,15.8,33.2,62.2,1001.7,46.4,215,49
2026-07-04T01:36:24.821Z,10.8,13.8,33.2,62.2,1001.7,46.4,215,45
2026-07-04T01:36:34.830Z,11.8,14.6,33.2,62.3,1001.7,46.5,216,49
2026-07-04T01:36:44.817Z,13,15,33.1,62.3,1001.7,46.5,216,52
2026-07-04T01:36:54.824Z,12.8,15.6,33.1,62.3,1001.7,46.5,216,52
2026-07-04T01:37:04.832Z,10.8,13.8,33.1,62.3,1001.7,46.5,216,45
2026-07-04T01:37:14.822Z,10.8,14,33.1,62.3,1001.7,46.5,216,45
2026-07-04T01:37:24.822Z,12.6,17,33.1,62.4,1001.7,46.6,215,52
2026-07-04T01:37:34.820Z,11.2,16.6,33.1,62.4,1001.7,46.6,216,46
2026-07-04T01:37:44.812Z,9.8,16.4,33.1,62.4,1001.7,46.6,216,40
2026-07-04T01:37:54.813Z,11.6,16.6,33.1,62.5,1001.7,46.7,216,48
2026-07-04T01:38:04.816Z,13,17.6,33.1,62.5,1001.7,46.7,216,52
2026-07-04T01:38:14.816Z,14.2,17.8,33.1,62.5,1001.7,46.7,216,55
2026-07-04T01:38:24.822Z,13.8,17.8,33.1,62.6,1001.7,46.8,216,54
2026-07-04T01:38:34.814Z,14.6,17.6,33,62.6,1001.7,46.8,216,56
2026-07-04T01:38:44.820Z,15.2,18,33,62.7,1001.7,46.8,216,57
2026-07-04T01:38:54.822Z,14.4,16.4,33,62.7,1001.7,46.9,216,55
2026-07-04T01:39:04.821Z,14.2,16.2,33,62.7,1001.7,46.8,216,55
2026-07-04T01:39:14.826Z,12.2,14.2,33,62.7,1001.7,46.8,217,51
2026-07-04T01:39:24.851Z,13,14,33,62.7,1001.7,46.8,217,52
2026-07-04T01:39:34.827Z,13.6,14.6,33,62.7,1001.7,46.8,219,54
2026-07-04T01:39:44.824Z,12.6,14.8,33,62.7,1001.7,46.8,219,52
2026-07-04T01:39:54.817Z,12.4,15,33,62.8,1001.7,46.8,219,51
2026-07-04T01:40:04.817Z,12.4,15.6,33,62.8,1001.7,46.7,220,51
2026-07-04T01:40:14.825Z,11.4,15.4,33,62.8,1001.7,46.7,220,47
2026-07-04T01:40:24.823Z,12,15,33,62.8,1001.7,46.7,221,50
2026-07-04T01:40:34.819Z,13,15,33,62.9,1001.7,46.7,221,52
2026-07-04T01:40:44.816Z,11.4,13.4,33,62.9,1001.7,46.6,221,47
2026-07-04T01:40:54.820Z,10.6,12.8,33,62.9,1001.7,46.5,221,44
2026-07-04T01:41:04.827Z,10,12.8,33,62.8,1001.7,46.4,222,41
2026-07-04T01:41:14.824Z,11.8,15.4,33,62.8,1001.7,46.3,222,49
2026-07-04T01:41:24.825Z,12.4,16.4,33.1,62.7,1001.7,46.2,227,51
2026-07-04T01:41:34.821Z,12,15.6,33.1,62.6,1001.7,46.1,256,50
2026-07-04T01:41:44.823Z,10.2,14.2,33.1,62.5,1001.7,45.9,260,42
2026-07-04T01:41:54.829Z,10,14.2,33.1,62.5,1001.7,45.8,260,41
2026-07-04T01:42:04.923Z,10.4,14.4,33.2,62.4,1001.7,45.7,260,43
2026-07-04T01:42:14.818Z,7.8,12.4,33.2,62.4,1001.7,45.6,260,32
2026-07-04T01:42:24.814Z,8.2,12.6,33.2,62.4,1001.7,45.5,260,34
2026-07-04T01:42:34.814Z,10,14.4,33.2,62.4,1001.7,45.4,260,41
2026-07-04T01:42:44.828Z,11.8,15.2,33.2,62.4,1001.7,45.3,258,49
2026-07-04T01:42:54.839Z,13,16.2,33.2,62.4,1001.6,45.2,257,52
2026-07-04T01:43:04.815Z,11.4,15.4,33.2,62.3,1001.6,45.1,256,47
2026-07-04T01:43:14.817Z,12.2,16.6,33.2,62.3,1001.6,45,255,51
2026-07-04T01:43:24.814Z,13,16.6,33.3,62.4,1001.6,45,252,52
2026-07-04T01:43:34.815Z,13.6,15.6,33.3,62.4,1001.6,45,249,54
2026-07-04T01:43:44.830Z,14.2,14.8,33.3,62.4,1001.6,45,249,55
2026-07-04T01:43:54.971Z,15.2,16,33.3,62.4,1001.6,44.9,246,57
2026-07-04T01:44:04.820Z,15.4,16.4,33.3,62.4,1001.6,44.9,246,57
2026-07-04T01:44:14.818Z,15,16,33.3,62.4,1001.6,44.8,245,57
2026-07-04T01:44:24.821Z,15,17,33.3,62.4,1001.6,44.8,245,57
2026-07-04T01:44:34.821Z,13.2,16.2,33.3,62.3,1001.6,44.8,245,53
2026-07-04T01:44:44.837Z,12.2,15.2,33.3,62.3,1001.6,44.7,245,51
2026-07-04T01:44:54.822Z,12,15,33.3,62.3,1001.6,44.7,242,50
2026-07-04T01:45:04.828Z,12.4,16.4,33.3,62.3,1001.6,44.6,241,51
2026-07-04T01:45:14.816Z,11.6,15.6,33.3,62.3,1001.6,44.6,241,48
2026-07-04T01:45:24.832Z,11,15.6,33.3,62.3,1001.6,44.6,241,45
2026-07-04T01:45:34.816Z,9.6,15.6,33.3,62.3,1001.6,44.6,240,40
2026-07-04T01:45:44.819Z,12.2,16.6,33.3,62.3,1001.6,44.6,240,51
2026-07-04T01:45:54.809Z,12.4,16.4,33.3,62.3,1001.6,44.5,240,51
2026-07-04T01:46:04.817Z,10.2,14.8,33.3,62.2,1001.6,44.5,239,42
2026-07-04T01:46:14.810Z,12,16.2,33.3,62.2,1001.6,44.5,239,50
2026-07-04T01:46:24.808Z,13,17.2,33.3,62.2,1001.6,44.4,239,52
2026-07-04T01:46:34.813Z,12,16.4,33.3,62.2,1001.6,44.4,238,50
2026-07-04T01:46:44.814Z,13,18,33.3,62.2,1001.5,44.4,236,52
2026-07-04T01:46:54.815Z,12,17.4,33.3,62.2,1001.5,44.3,235,50
2026-07-04T01:47:04.819Z,13.2,18.4,33.3,62.2,1001.5,44.3,235,53
2026-07-04T01:47:14.811Z,14,18.6,33.3,62.2,1001.5,44.3,235,54
2026-07-04T01:47:24.821Z,14.6,17.4,33.3,62.2,1001.5,44.3,235,56
2026-07-04T01:47:34.823Z,12.6,15.6,33.3,62.2,1001.5,44.3,234,52
2026-07-04T01:47:44.870Z,10.2,13.2,33.4,62.1,1001.5,44.3,231,42
2026-07-04T01:47:54.944Z,11,13.6,33.4,62.1,1001.5,44.2,231,45
2026-07-04T01:48:04.833Z,12,15.4,33.4,62.1,1001.5,44.2,230,50
2026-07-04T01:48:14.851Z,10,14,33.4,62.1,1001.5,44.2,230,41
2026-07-04T01:48:24.821Z,11.4,14.8,33.4,62.1,1001.5,44.2,229,47
2026-07-04T01:48:34.824Z,11.6,13.4,33.4,62,1001.5,44.2,229,48
2026-07-04T01:48:44.820Z,11.6,12.2,33.4,62,1001.5,44.2,229,48
2026-07-04T01:48:54.823Z,11.4,13.4,33.4,62,1001.5,44.1,227,47
2026-07-04T01:49:04.811Z,10.6,13.6,33.4,61.9,1001.5,44.1,227,44
2026-07-04T01:49:14.824Z,11.6,13.6,33.4,61.9,1001.5,44,227,48
2026-07-04T01:49:24.912Z,13.4,15.4,33.4,61.9,1001.5,44,227,53
2026-07-04T01:49:34.812Z,11.8,13.8,33.4,61.9,1001.5,43.9,227,49
2026-07-04T01:49:44.823Z,10.8,12.6,33.4,61.9,1001.5,43.9,226,45
2026-07-04T01:49:54.810Z,9.4,12,33.4,61.8,1001.5,43.8,226,39
2026-07-04T01:50:10.253Z,13,23,34.6,60.1,1001.5,76.8,144,52
2026-07-04T01:50:19.498Z,8.8,8.8,34.6,60.2,1001.5,75.7,247,36
2026-07-04T01:50:29.474Z,8,8,34.5,60.4,1001.5,74.1,242,33
2026-07-04T01:50:39.467Z,10.4,10.8,34.5,60.5,1001.5,72.3,242,43
2026-07-04T01:50:49.480Z,11,12,34.4,60.6,1001.5,70.4,240,45
2026-07-04T01:50:59.475Z,11.6,11.6,34.4,60.6,1001.5,68.5,240,48
2026-07-04T01:51:09.477Z,11.8,11.8,34.3,60.7,1001.5,66.7,239,49
2026-07-04T01:51:19.486Z,10.4,11.4,34.3,60.6,1001.5,64.8,239,43
2026-07-04T01:51:29.531Z,9.6,11.6,34.3,60.5,1001.5,63.1,234,40
2026-07-04T01:51:39.531Z,8.2,9.6,34.3,60.3,1001.5,61.4,235,34
2026-07-04T01:51:49.487Z,9.8,11.2,34.3,60.1,1001.5,59.8,235,40
2026-07-04T01:51:59.534Z,10.2,13,34.3,59.9,1001.5,58.3,235,42
2026-07-04T01:52:09.482Z,9.8,14,34.4,59.7,1001.5,56.9,234,40
2026-07-04T01:52:19.538Z,7,11.6,34.4,59.5,1001.5,55.5,234,29
2026-07-04T01:52:29.474Z,8.4,10,34.5,59.3,1001.5,54.2,234,34
2026-07-04T01:52:39.503Z,11.2,11.2,34.5,59.1,1001.5,53,234,46
2026-07-04T01:52:49.516Z,10.2,10.4,34.6,58.9,1001.5,51.9,234,42
2026-07-04T01:52:59.484Z,10.8,11.4,34.7,58.7,1001.5,50.8,234,45
2026-07-04T01:53:09.492Z,11.4,12.6,34.7,58.6,1001.5,49.9,234,47
2026-07-04T01:53:19.472Z,13,14.4,34.8,58.5,1001.5,49,234,52
2026-07-04T01:53:29.470Z,12.6,16.2,34.8,58.4,1001.5,48.3,234,52
2026-07-04T01:53:39.523Z,12.6,16.6,34.8,58.4,1001.5,47.6,233,52
2026-07-04T01:53:49.496Z,13,17,34.8,58.4,1001.5,47,233,52
2026-07-04T01:53:59.485Z,11,15,34.8,58.4,1001.5,46.5,233,45
2026-07-04T01:54:09.476Z,13,15,34.8,58.5,1001.5,46,233,52
2026-07-04T01:54:19.477Z,11.6,15.6,34.8,58.6,1001.5,45.6,233,48
2026-07-04T01:54:29.482Z,10.2,14.2,34.8,58.7,1001.5,45.2,233,42
2026-07-04T01:54:39.508Z,9.6,14.6,34.7,58.8,1001.5,44.9,233,40
2026-07-04T01:54:49.478Z,11,16.6,34.7,59,1001.5,44.7,233,45
2026-07-04T01:54:59.472Z,12.2,17.8,34.6,59.1,1001.5,44.4,233,51
2026-07-04T01:55:09.476Z,12.6,18.6,34.6,59.2,1001.5,44.2,233,52
2026-07-04T01:55:19.497Z,12,17,34.5,59.4,1001.5,44,233,50
2026-07-04T01:55:29.476Z,12.8,16.8,34.5,59.5,1001.5,43.8,233,52
2026-07-04T01:55:39.479Z,12.8,16.6,34.4,59.7,1001.5,43.7,234,52
2026-07-04T01:55:49.488Z,13.8,17.8,34.3,59.9,1001.5,43.6,234,54
2026-07-04T01:55:59.475Z,14,17.4,34.3,60,1001.5,43.5,233,54
2026-07-04T01:56:09.479Z,13,16,34.2,60.1,1001.5,43.5,233,52
2026-07-04T01:56:19.487Z,12.4,15.6,34.2,60.2,1001.5,43.4,231,51
2026-07-04T01:56:29.479Z,11.8,15.8,34.1,60.3,1001.5,43.3,231,49
2026-07-04T01:56:39.476Z,10.6,14.6,34.1,60.4,1001.5,43.3,231,44
2026-07-04T01:56:49.479Z,9.6,13.6,34.1,60.5,1001.5,43.2,231,40
2026-07-04T01:56:59.488Z,9.2,12.2,34,60.6,1001.5,43.1,231,38
2026-07-04T01:57:09.480Z,9,11,34,60.7,1001.5,43,233,37
2026-07-04T01:57:19.480Z,9.6,11.2,34,60.7,1001.5,42.9,231,40
2026-07-04T01:57:29.490Z,12,13.6,34,60.6,1001.5,42.8,231,50
2026-07-04T01:57:39.501Z,9.6,12.6,34,60.4,1001.5,42.6,233,40
2026-07-04T01:57:49.572Z,8.4,13.4,34.1,60.2,1001.5,42.4,232,34
2026-07-04T01:57:59.487Z,8.6,12.6,34.1,60,1001.5,42.2,233,35
2026-07-04T01:58:09.480Z,9.6,13.8,34.2,59.7,1001.5,41.9,233,40
2026-07-04T01:58:19.470Z,10.6,13.6,34.3,59.4,1001.5,41.7,233,44
2026-07-04T01:58:29.510Z,10.4,13.4,34.4,59.2,1001.5,41.3,234,43
2026-07-04T01:58:39.493Z,9.8,12.6,34.5,58.9,1001.5,41,235,40
2026-07-04T01:58:49.473Z,12,15.6,34.6,58.7,1001.5,40.8,235,50
2026-07-04T01:58:59.471Z,13,17,34.7,58.5,1001.5,40.5,235,52
2026-07-04T01:59:09.473Z,14.2,16.6,34.8,58.4,1001.5,40.3,235,55
2026-07-04T01:59:19.666Z,14.6,16.6,34.8,58.2,1001.5,40.1,235,56
2026-07-04T01:59:29.470Z,13,14.8,34.9,58.1,1001.5,39.8,235,52
2026-07-04T01:59:39.477Z,14,14.4,35,57.9,1001.5,39.6,236,54
2026-07-04T01:59:49.506Z,14.8,16.6,35,57.8,1001.6,39.5,237,56
2026-07-04T01:59:59.494Z,15.4,17.4,35.1,57.8,1001.5,39.3,236,57
2026-07-04T02:00:09.484Z,17.8,18.8,35.1,57.9,1001.5,39.2,235,62
2026-07-04T02:00:19.478Z,19,19.2,35.1,57.9,1001.5,39.1,235,65
2026-07-04T02:00:29.472Z,17.6,19.4,35.1,58,1001.5,39,235,62
2026-07-04T02:00:39.503Z,17.2,19.2,35.1,58,1001.5,38.9,235,61
2026-07-04T02:00:49.487Z,15.6,17,35.1,58,1001.5,38.8,235,58
2026-07-04T02:00:59.477Z,14.6,16.6,35.1,58,1001.5,38.7,235,56
2026-07-04T02:01:09.476Z,16.2,17.2,35.1,58,1001.5,38.6,237,59
2026-07-04T02:01:19.472Z,16.6,17.2,35.1,57.9,1001.5,38.5,237,60
2026-07-04T02:01:29.480Z,16.4,16.4,35.1,57.9,1001.5,38.4,235,60
2026-07-04T02:01:39.470Z,16.4,18,35.1,57.9,1001.5,38.4,235,60
2026-07-04T02:01:49.475Z,14.6,16.6,35.1,57.9,1001.5,38.3,235,56
2026-07-04T02:01:59.477Z,15,18,35.2,57.9,1001.5,38.2,236,57
2026-07-04T02:02:09.484Z,15.2,17.8,35.2,57.9,1001.5,38.2,236,57
2026-07-04T02:02:19.492Z,16.8,18.4,35.2,57.9,1001.5,38.1,236,60
2026-07-04T02:02:29.601Z,15.6,16.8,35.1,58,1001.5,38.1,236,58
2026-07-04T02:02:39.493Z,14.8,17.6,35.1,58.1,1001.5,38.1,236,56
2026-07-04T02:02:49.476Z,13.2,17.2,35.1,58.3,1001.5,38.2,236,53
2026-07-04T02:02:59.471Z,13,17,35,58.4,1001.5,38.2,236,52
2026-07-04T02:03:09.538Z,15.4,19,35,58.6,1001.5,38.3,236,57
2026-07-04T02:03:19.474Z,15.6,17.8,34.9,58.7,1001.5,38.4,236,58
2026-07-04T02:03:29.473Z,14.2,16,34.9,58.8,1001.5,38.5,236,55
2026-07-04T02:03:39.470Z,15,16,34.8,59,1001.5,38.5,236,57
2026-07-04T02:03:49.491Z,16.4,16.4,34.8,59.1,1001.5,38.6,236,60
2026-07-04T02:03:59.468Z,15.8,15.8,34.7,59.2,1001.5,38.7,236,58
2026-07-04T02:04:09.472Z,16,16.8,34.7,59.3,1001.5,38.8,236,59
2026-07-04T02:04:19.480Z,17.4,18.4,34.6,59.4,1001.5,38.9,236,62
2026-07-04T02:04:29.492Z,19,19.8,34.6,59.5,1001.5,38.9,236,65
2026-07-04T02:04:39.480Z,19.6,20.8,34.6,59.6,1001.5,39,236,66
2026-07-04T02:04:49.461Z,17.6,19.6,34.5,59.7,1001.6,39,236,62
2026-07-04T02:04:59.463Z,16.6,18.6,34.5,59.9,1001.6,39.1,235,60
2026-07-04T02:05:09.467Z,18,19,34.4,60,1001.6,39.2,236,63
2026-07-04T02:05:19.482Z,18,18.6,34.4,60.1,1001.6,39.2,236,63
2026-07-04T02:05:29.465Z,19.2,20.6,34.3,60.2,1001.6,39.2,236,65
2026-07-04T02:05:39.464Z,18.4,21,34.3,60.3,1001.6,39.2,235,64
2026-07-04T02:05:49.471Z,18,20.2,34.3,60.4,1001.6,39.3,235,63
2026-07-04T02:05:59.561Z,17,19,34.2,60.4,1001.6,39.3,236,61
2026-07-04T02:06:09.475Z,17.4,19.4,34.2,60.5,1001.6,39.4,236,62
2026-07-04T02:06:19.465Z,17.6,20,34.2,60.6,1001.6,39.4,236,62
2026-07-04T02:06:29.486Z,17,19,34.1,60.7,1001.6,39.4,236,61
2026-07-04T02:06:39.477Z,17.8,18.8,34.1,60.7,1001.6,39.4,236,62
2026-07-04T02:06:49.460Z,17.6,18.6,34.1,60.8,1001.6,39.4,236,62
2026-07-04T02:06:59.469Z,17.4,18.4,34.1,60.7,1001.6,39.5,236,62
2026-07-04T02:07:09.488Z,17.4,18.8,34.1,60.6,1001.6,39.5,236,62
2026-07-04T02:07:19.469Z,17.6,19.6,34.1,60.4,1001.6,39.5,236,62
2026-07-04T02:07:29.464Z,16.4,18.4,34.2,60.2,1001.6,39.5,236,60
2026-07-04T02:07:39.478Z,16.8,18.6,34.3,59.9,1001.6,39.4,236,60
2026-07-04T02:07:49.458Z,15.4,17.4,34.3,59.7,1001.6,39.3,236,57
2026-07-04T02:07:59.480Z,16,18,34.4,59.5,1001.6,39.2,236,59
2026-07-04T02:08:09.462Z,15,16,34.5,59.4,1001.6,39.2,236,57
2026-07-04T02:08:19.456Z,16,17,34.5,59.3,1001.6,39.1,236,59
2026-07-04T02:08:29.465Z,16.4,17.4,34.5,59.3,1001.6,39,236,60
2026-07-04T02:08:39.467Z,16.8,17.8,34.6,59.3,1001.6,39,236,60
2026-07-04T02:08:49.457Z,16.4,17.4,34.6,59.3,1001.6,39,236,60
2026-07-04T02:08:59.468Z,15.6,17.6,34.6,59.4,1001.6,38.9,236,58
2026-07-04T02:09:09.461Z,16,19,34.6,59.4,1001.6,38.9,236,59
2026-07-04T02:09:19.459Z,16.4,19.4,34.6,59.5,1001.6,38.9,236,60
2026-07-04T02:09:29.464Z,16.2,18.6,34.5,59.6,1001.6,38.8,236,59
2026-07-04T02:09:39.468Z,17,18.2,34.5,59.7,1001.6,38.8,236,61
2026-07-04T02:09:49.465Z,16.4,18,34.5,59.7,1001.6,38.8,236,60
2026-07-04T02:09:59.468Z,15,17,34.5,59.8,1001.6,38.7,236,57
2026-07-04T02:10:09.478Z,15.2,18,34.4,59.9,1001.6,38.7,236,57
2026-07-04T02:10:19.470Z,15,19.2,34.4,60,1001.6,38.7,236,57
2026-07-04T02:10:29.507Z,17.2,21.4,34.4,60.1,1001.6,38.8,237,61
2026-07-04T02:10:39.467Z,17,20.4,34.3,60.2,1001.6,38.8,238,61
2026-07-04T02:10:49.463Z,16.4,17.8,34.3,60.3,1001.6,38.9,238,60
2026-07-04T02:10:59.468Z,17.4,18.4,34.3,60.4,1001.6,39,238,62
2026-07-04T02:11:09.465Z,16.2,17.2,34.3,60.5,1001.6,39,238,59
2026-07-04T02:11:19.465Z,17.2,17.4,34.2,60.5,1001.6,39.1,238,61
2026-07-04T02:11:29.467Z,17.8,19,34.2,60.6,1001.6,39.1,238,62
2026-07-04T02:11:39.471Z,17.2,19,34.2,60.7,1001.6,39.2,238,61
2026-07-04T02:11:49.463Z,17,19,34.1,60.7,1001.6,39.2,238,61
2026-07-04T02:11:59.464Z,17.4,20.4,34.1,60.8,1001.6,39.2,238,62
2026-07-04T02:12:09.471Z,19.8,21.4,34.1,60.8,1001.6,39.2,238,67
2026-07-04T02:12:19.465Z,20.4,22.2,34.1,60.8,1001.6,39.1,238,68
2026-07-04T02:12:29.469Z,18.4,22.8,34.1,60.8,1001.6,39.1,238,64
2026-07-04T02:12:39.474Z,16.6,21.4,34.1,60.8,1001.6,39.1,238,60
2026-07-04T02:12:49.464Z,17.6,20.6,34.1,60.8,1001.6,39,238,62
2026-07-04T02:12:59.467Z,18.6,20.6,34.1,60.8,1001.6,39,237,64
2026-07-04T02:13:09.462Z,18.8,21.2,34.1,60.8,1001.6,39,237,65
2026-07-04T02:13:19.462Z,18.2,19.2,34.1,60.8,1001.6,39,237,63
2026-07-04T02:13:29.466Z,19,20,34.1,60.8,1001.6,39,237,65
2026-07-04T02:13:39.497Z,20,22,34.1,60.9,1001.6,39,237,67
2026-07-04T02:13:49.477Z,19.8,22.6,34.1,60.9,1001.6,39,237,67
2026-07-04T02:13:59.479Z,19.2,21.4,34.1,60.9,1001.6,39,236,65
2026-07-04T02:14:09.508Z,17.4,20.4,34.1,60.8,1001.6,39,234,62
2026-07-04T02:14:19.482Z,17.2,20.2,34.1,60.7,1001.6,39,234,61
2026-07-04T02:14:29.468Z,17.6,19.4,34.2,60.6,1001.6,39,234,62
2026-07-04T02:14:39.465Z,16.6,17.6,34.2,60.3,1001.6,38.9,235,60
2026-07-04T02:14:49.473Z,16.8,18.6,34.3,60.1,1001.6,38.8,235,60
2026-07-04T02:15:17.445Z,17,18.3,36.5,56.3,1001.6,60.6,226,61
2026-07-04T02:15:26.359Z,17,19,36.4,56.4,1001.6,59.7,235,61
2026-07-04T02:15:36.375Z,18,19.2,36.4,56.6,1001.6,58.6,235,63
2026-07-04T02:15:46.356Z,18.2,20.2,36.3,56.8,1001.6,57.3,235,63
2026-07-04T02:15:56.362Z,20.6,22.8,36.2,57,1001.6,56,234,68
2026-07-04T02:16:06.354Z,20,22.2,36.1,57.2,1001.6,54.7,234,67
2026-07-04T02:16:06.426Z,20,22.2,36.1,57.2,1001.6,54.7,234,67
2026-07-04T02:16:16.358Z,18.8,20.8,36,57.4,1001.6,53.5,234,65
2026-07-04T02:16:16.428Z,18.8,20.8,36,57.4,1001.6,53.5,234,65
2026-07-04T02:16:26.352Z,17.2,21,35.9,57.7,1001.6,52.3,234,61
2026-07-04T02:16:26.431Z,17.2,21,35.9,57.7,1001.6,52.3,234,61
2026-07-04T02:16:36.350Z,18.4,21.6,35.8,57.9,1001.6,51.2,234,64
2026-07-04T02:16:36.423Z,18.4,21.6,35.8,57.9,1001.6,51.2,234,64
2026-07-04T02:16:46.361Z,18.6,23.6,35.7,58.1,1001.6,50.2,234,64
2026-07-04T02:16:46.426Z,18.6,23.6,35.7,58.1,1001.6,50.2,234,64
2026-07-04T02:16:56.361Z,19,21.8,35.6,58.3,1001.6,49.3,233,65
2026-07-04T02:16:56.421Z,19,21.8,35.6,58.3,1001.6,49.3,233,65
2026-07-04T02:17:06.353Z,18.6,19.6,35.5,58.5,1001.6,48.4,233,64
2026-07-04T02:17:06.425Z,18.6,19.6,35.5,58.5,1001.6,48.4,233,64
2026-07-04T02:17:16.354Z,18.8,19.8,35.4,58.7,1001.6,47.6,232,65
2026-07-04T02:17:16.424Z,18.8,19.8,35.4,58.7,1001.6,47.6,232,65
2026-07-04T02:17:26.362Z,18.8,19.8,35.3,58.8,1001.6,46.9,231,65
2026-07-04T02:17:26.439Z,18.8,19.8,35.3,58.8,1001.6,46.9,231,65
2026-07-04T02:17:36.361Z,18.4,19.4,35.2,58.9,1001.6,46.2,231,64
2026-07-04T02:17:36.451Z,18.4,19.4,35.2,58.9,1001.6,46.2,231,64
2026-07-04T02:17:46.354Z,17.2,18.2,35.1,59,1001.6,45.5,231,61
2026-07-04T02:17:46.430Z,17.2,18.2,35.1,59,1001.6,45.5,231,61
2026-07-04T02:17:56.454Z,19,19.8,35.1,58.9,1001.6,44.9,231,65
2026-07-04T02:17:56.455Z,19,19.8,35.1,58.9,1001.6,44.9,231,65
2026-07-04T02:18:06.359Z,16.4,16.6,35.1,58.9,1001.6,44.3,231,60
2026-07-04T02:18:06.430Z,16.4,16.6,35.1,58.9,1001.6,44.3,231,60
2026-07-04T02:18:16.360Z,17.2,18.2,35.1,58.8,1001.6,43.7,231,61
2026-07-04T02:18:16.427Z,17.2,18.2,35.1,58.8,1001.6,43.7,231,61
2026-07-04T02:18:26.358Z,17,18.4,35.1,58.7,1001.6,43.2,231,61
2026-07-04T02:18:26.431Z,17,18.4,35.1,58.7,1001.6,43.2,231,61
2026-07-04T02:18:36.364Z,17.8,19.8,35.1,58.6,1001.6,42.6,231,62
2026-07-04T02:18:36.429Z,17.8,19.8,35.1,58.6,1001.6,42.6,231,62
2026-07-04T02:18:46.355Z,18,20,35.1,58.5,1001.6,42.2,231,63
2026-07-04T02:18:46.427Z,18,20,35.1,58.5,1001.6,42.2,231,63
2026-07-04T02:18:56.357Z,17.6,17.6,35.1,58.4,1001.6,41.7,233,62
2026-07-04T02:18:56.428Z,17.6,17.6,35.1,58.4,1001.6,41.7,233,62
2026-07-04T02:19:06.357Z,17.4,18.8,35.2,58.3,1001.6,41.3,233,62
2026-07-04T02:19:06.419Z,17.4,18.8,35.2,58.3,1001.6,41.3,233,62
2026-07-04T02:19:16.355Z,18.6,20,35.2,58.2,1001.6,40.9,233,64
2026-07-04T02:19:16.429Z,18.6,20,35.2,58.2,1001.6,40.9,233,64
2026-07-04T02:19:26.355Z,16,18,35.2,58.2,1001.6,40.5,233,59
2026-07-04T02:19:26.426Z,16,18,35.2,58.2,1001.6,40.5,233,59
2026-07-04T02:19:36.351Z,18.4,20,35.2,58.2,1001.6,40.2,233,64
2026-07-04T02:19:36.419Z,18.4,20,35.2,58.2,1001.6,40.2,233,64
2026-07-04T02:19:46.359Z,18.6,19.6,35.2,58.2,1001.6,39.9,233,64
2026-07-04T02:19:46.429Z,18.6,19.6,35.2,58.2,1001.6,39.9,233,64
2026-07-04T02:19:56.359Z,19,19,35.2,58.2,1001.6,39.7,233,65
2026-07-04T02:19:56.420Z,19,19,35.2,58.2,1001.6,39.7,233,65
2026-07-04T02:20:06.357Z,18,19.2,35.2,58.2,1001.6,39.4,233,63
2026-07-04T02:20:06.425Z,18,19.2,35.2,58.2,1001.6,39.4,233,63
2026-07-04T02:20:16.354Z,17.6,19.6,35.2,58.2,1001.6,39.2,233,62
2026-07-04T02:20:16.421Z,17.6,19.6,35.2,58.2,1001.6,39.2,233,62
2026-07-04T02:20:26.358Z,17.2,19.2,35.2,58.2,1001.6,39,233,61
2026-07-04T02:20:26.420Z,17.2,19.2,35.2,58.2,1001.6,39,233,61
2026-07-04T02:20:36.357Z,16,18,35.2,58.3,1001.6,38.8,233,59
2026-07-04T02:20:36.430Z,16,18,35.2,58.3,1001.6,38.8,233,59
2026-07-04T02:20:46.358Z,15.6,17.8,35.2,58.3,1001.6,38.7,233,58
2026-07-04T02:20:46.464Z,15.6,17.8,35.2,58.3,1001.6,38.7,233,58
2026-07-04T02:20:56.368Z,16.4,18.4,35.2,58.3,1001.6,38.5,233,60
2026-07-04T02:20:56.421Z,16.4,18.4,35.2,58.3,1001.6,38.5,233,60
2026-07-04T02:21:06.357Z,17.8,18.4,35.2,58.4,1001.6,38.4,233,62
2026-07-04T02:21:06.422Z,17.8,18.4,35.2,58.4,1001.6,38.4,233,62
2026-07-04T02:21:16.360Z,16,16,35.1,58.4,1001.6,38.3,232,59
2026-07-04T02:21:16.425Z,16,16,35.1,58.4,1001.6,38.3,232,59
2026-07-04T02:21:26.353Z,14.6,17.6,35.1,58.4,1001.6,38.2,233,56
2026-07-04T02:21:26.419Z,14.6,17.6,35.1,58.4,1001.6,38.2,233,56
2026-07-04T02:21:36.353Z,15,17.4,35.1,58.4,1001.6,38.1,233,57
2026-07-04T02:21:36.429Z,15,17.4,35.1,58.4,1001.6,38.1,233,57
2026-07-04T02:21:46.364Z,13.6,16.6,35.2,58.3,1001.6,38,233,54
2026-07-04T02:21:46.435Z,13.6,16.6,35.2,58.3,1001.6,38,233,54
2026-07-04T02:21:56.363Z,13,16,35.2,58.3,1001.6,37.8,232,52
2026-07-04T02:21:56.422Z,13,16,35.2,58.3,1001.6,37.8,232,52
2026-07-04T02:22:06.359Z,12.8,15.2,35.2,58.2,1001.6,37.5,233,52
2026-07-04T02:22:06.421Z,12.8,15.2,35.2,58.2,1001.6,37.5,233,52
2026-07-04T02:22:16.367Z,14.8,17,35.3,58,1001.6,37.2,233,56
2026-07-04T02:22:16.427Z,14.8,17,35.3,58,1001.6,37.2,233,56
2026-07-04T02:22:26.356Z,13.6,17,35.3,57.8,1001.6,36.9,233,54
2026-07-04T02:22:26.425Z,13.6,17,35.3,57.8,1001.6,36.9,233,54
2026-07-04T02:22:36.355Z,13.6,17.6,35.4,57.7,1001.6,36.6,234,54
2026-07-04T02:22:36.432Z,13.6,17.6,35.4,57.7,1001.6,36.6,234,54
2026-07-04T02:22:46.354Z,13,17,35.4,57.6,1001.6,36.3,235,52
2026-07-04T02:22:46.422Z,13,17,35.4,57.6,1001.6,36.3,235,52
2026-07-04T02:22:56.357Z,14,17.2,35.5,57.4,1001.6,36,235,54
2026-07-04T02:22:56.424Z,14,17.2,35.5,57.4,1001.6,36,235,54
2026-07-04T02:23:06.352Z,11.4,14.6,35.6,57.2,1001.6,35.7,235,47
2026-07-04T02:23:06.419Z,11.4,14.6,35.6,57.2,1001.6,35.7,235,47
2026-07-04T02:23:16.351Z,12,15.8,35.6,57,1001.6,35.4,235,50
2026-07-04T02:23:16.421Z,12,15.8,35.6,57,1001.6,35.4,235,50
2026-07-04T02:23:26.360Z,14,17.2,35.7,56.8,1001.6,35.1,235,54
2026-07-04T02:23:26.417Z,14,17.2,35.7,56.8,1001.6,35.1,235,54
2026-07-04T02:23:36.353Z,15.2,17.2,35.8,56.6,1001.6,34.9,235,57
2026-07-04T02:23:46.359Z,15.6,17.4,35.9,56.3,1001.6,34.6,235,58
2026-07-04T02:23:56.350Z,16.4,18,36,56.2,1001.6,34.3,235,60
2026-07-04T02:24:06.352Z,15.6,17.6,36,56.1,1001.6,34,235,58
2026-07-04T02:24:16.353Z,14.6,17.6,36,56.2,1001.6,33.8,235,56
2026-07-04T02:24:26.351Z,14.4,17.4,36,56.2,1001.6,33.7,234,55
2026-07-04T02:24:36.356Z,14.6,16.6,36.1,56.3,1001.6,33.5,234,56
2026-07-04T02:24:46.354Z,12.8,15.6,36.1,56.2,1001.6,33.5,233,52
2026-07-04T02:24:56.354Z,13.6,15.6,36.1,56,1001.6,33.4,233,54
2026-07-04T02:25:06.357Z,13.8,15.8,36.2,55.8,1001.6,33.3,233,54
2026-07-04T02:25:16.353Z,12.8,14.8,36.2,55.5,1001.6,33.2,233,52
2026-07-04T02:25:26.354Z,10.8,13.6,36.3,55.3,1001.6,33.1,233,45
2026-07-04T02:25:36.353Z,10.2,12.4,36.4,55,1001.6,33,231,42
2026-07-04T02:25:46.352Z,9.2,12.8,36.5,54.7,1001.6,32.9,232,38
2026-07-04T02:25:56.353Z,9.4,12.8,36.6,54.5,1001.6,32.8,232,39
2026-07-04T02:26:06.359Z,10.6,13.4,36.6,54.4,1001.6,32.7,231,44
2026-07-04T02:26:16.354Z,10.6,13.4,36.7,54.4,1001.6,32.6,231,44
2026-07-04T02:26:26.352Z,11.2,13.2,36.7,54.4,1001.6,32.5,230,46
2026-07-04T02:26:36.354Z,12.2,13.2,36.6,54.5,1001.6,32.4,229,51
2026-07-04T02:26:46.353Z,13.6,14.6,36.6,54.7,1001.6,32.4,229,54
2026-07-04T02:26:56.349Z,14.2,15.2,36.6,54.8,1001.6,32.4,228,55
2026-07-04T02:27:06.352Z,16,16.4,36.5,54.9,1001.6,32.5,228,59
2026-07-04T02:27:16.350Z,14.4,14.4,36.5,54.8,1001.6,32.5,228,55
2026-07-04T02:27:26.349Z,12,12.6,36.5,54.8,1001.6,32.5,227,50
2026-07-04T02:27:36.355Z,10.8,12,36.5,54.8,1001.6,32.6,227,45
2026-07-04T02:27:46.399Z,11.2,12.6,36.4,55,1001.6,32.6,227,46
2026-07-04T02:27:56.348Z,11.4,12.2,36.4,55.2,1001.6,32.7,227,47
2026-07-04T02:28:06.349Z,11,11.2,36.3,55.4,1001.6,32.8,227,45
2026-07-04T02:28:16.348Z,10.8,11.8,36.2,55.6,1001.6,33,226,45
2026-07-04T02:28:26.351Z,11.6,12.6,36.1,55.8,1001.6,33.1,226,48
2026-07-04T02:28:36.352Z,11.2,12,36,56.1,1001.6,33.3,225,46
2026-07-04T02:28:46.348Z,12.2,12.2,35.9,56.4,1001.6,33.5,224,51
2026-07-04T02:28:56.358Z,11.6,12.8,35.8,56.7,1001.6,33.7,224,48
2026-07-04T02:29:06.361Z,12,13.4,35.6,57,1001.6,33.9,224,50
2026-07-04T02:29:16.353Z,12,14.6,35.5,57.2,1001.6,34.2,224,50
2026-07-04T02:29:26.376Z,9.4,13.4,35.4,57.5,1001.6,34.4,224,39
2026-07-04T02:29:36.351Z,11,14.4,35.3,57.8,1001.6,34.6,224,45
2026-07-04T02:29:46.364Z,12.8,14.8,35.2,58,1001.6,34.9,224,52
2026-07-04T02:29:56.356Z,13,14,35.1,58.3,1001.6,35.1,224,52
2026-07-04T02:30:06.344Z,12.2,13.2,34.9,58.5,1001.6,35.4,224,51
2026-07-04T02:30:16.344Z,11.4,12.4,34.8,58.8,1001.6,35.6,224,47
2026-07-04T02:30:26.347Z,9.6,11.6,34.7,59,1001.6,35.8,224,40
2026-07-04T02:30:36.359Z,7,10.4,34.6,59.2,1001.6,36.1,224,29
2026-07-04T02:30:46.340Z,8,12.2,34.5,59.4,1001.6,36.3,224,33
2026-07-04T02:30:56.339Z,7,11.4,34.5,59.6,1001.6,36.5,223,29
2026-07-04T02:31:06.346Z,7.4,9.4,34.4,59.7,1001.6,36.6,224,30
2026-07-04T02:31:16.341Z,8,8.8,34.3,59.8,1001.6,36.8,224,33
2026-07-04T02:31:26.353Z,7,7.4,34.3,59.9,1001.6,37,223,29
2026-07-04T02:31:36.341Z,7.6,8.2,34.2,59.8,1001.6,37.1,223,31
2026-07-04T02:31:46.349Z,5,6.4,34.3,59.6,1001.6,37.2,223,20
2026-07-04T02:31:56.350Z,4.8,4.8,34.3,59.4,1001.6,37.3,223,20
2026-07-04T02:32:06.351Z,4.4,5.4,34.3,59.3,1001.6,37.3,224,18
2026-07-04T02:32:16.349Z,6.4,7.2,34.3,59.2,1001.6,37.4,223,26
2026-07-04T02:32:26.354Z,8,9,34.3,59.2,1001.6,37.4,223,33
2026-07-04T02:32:36.347Z,7.4,9,34.3,59.2,1001.5,37.5,223,30
2026-07-04T02:32:46.352Z,8.2,10.2,34.3,59.2,1001.5,37.5,223,34
2026-07-04T02:32:56.347Z,7.8,11.6,34.3,59.1,1001.5,37.6,222,32
2026-07-04T02:33:06.346Z,6.2,7.4,34.3,59.1,1001.5,37.6,222,25
2026-07-04T02:33:16.349Z,7.6,7.6,34.3,59.1,1001.5,37.6,222,31
2026-07-04T02:33:26.350Z,7.4,7.4,34.3,59.1,1001.5,37.6,222,30
2026-07-04T02:33:36.357Z,6,6.4,34.3,59.2,1001.5,37.6,222,25
2026-07-04T02:33:46.351Z,4.6,4.6,34.3,59.2,1001.5,37.6,221,19
2026-07-04T02:33:56.348Z,4.4,5,34.3,59.2,1001.5,37.6,221,18
2026-07-04T02:34:06.355Z,4.8,4.8,34.3,59.1,1001.5,37.6,221,20
2026-07-04T02:34:16.349Z,4.4,5,34.4,58.8,1001.5,37.6,221,18
2026-07-04T02:34:26.357Z,5.4,6,34.4,58.4,1001.5,37.5,221,22
2026-07-04T02:34:36.349Z,5.4,5.4,34.6,58,1001.5,37.4,220,22
2026-07-04T02:34:46.349Z,6,7,34.7,57.5,1001.5,37.3,220,25
2026-07-04T02:34:56.744Z,4.4,5.4,34.8,56.9,1001.5,37.1,220,18
2026-07-04T02:35:06.339Z,3.2,4.2,35,56.4,1001.5,36.9,220,13
2026-07-04T02:35:27.821Z,4.7,4.7,35.1,50.6,1001.5,60.5,209,19
2026-07-04T02:35:36.954Z,3.4,3.4,35.1,50.8,1001.5,59.5,213,14
2026-07-04T02:35:46.974Z,4.4,4.4,35,51,1001.5,58.2,213,18
2026-07-04T02:35:56.961Z,4.2,4.4,34.9,51.3,1001.5,56.7,217,17
2026-07-04T02:36:06.956Z,6,7,34.8,51.7,1001.5,55.2,217,25
2026-07-04T02:36:16.985Z,5,6.6,34.7,52,1001.5,53.7,217,20
2026-07-04T02:36:26.954Z,6.8,6.8,34.5,52.4,1001.5,52.3,217,28
2026-07-04T02:36:36.968Z,6.6,6.6,34.4,52.7,1001.5,51,217,27
2026-07-04T02:36:46.966Z,5.6,5.8,34.2,53,1001.5,49.9,217,23
2026-07-04T02:36:56.965Z,4.2,4.4,34.1,53.3,1001.5,48.7,217,17
2026-07-04T02:37:06.966Z,4.4,4.4,33.9,53.6,1001.5,47.7,217,18
2026-07-04T02:37:16.957Z,6,7,33.7,53.9,1001.5,46.8,217,25
2026-07-04T02:37:26.961Z,5.2,5.4,33.6,54.3,1001.5,45.9,217,21
2026-07-04T02:37:36.959Z,4,5,33.4,54.6,1001.5,45.1,217,16
2026-07-04T02:37:46.970Z,4.2,4.2,33.3,54.9,1001.5,44.4,217,17
2026-07-04T02:37:56.952Z,4.2,4.2,33.1,55.2,1001.5,43.8,217,17
2026-07-04T02:38:06.961Z,5,5.2,33,55.4,1001.5,43.2,218,20
2026-07-04T02:38:16.951Z,4.6,5.6,32.9,55.7,1001.5,42.6,218,19
2026-07-04T02:38:26.970Z,4.6,7,32.8,55.9,1001.5,42.1,219,19
2026-07-04T02:38:36.950Z,3.2,6.2,32.7,56.1,1001.5,41.7,219,13
2026-07-04T02:38:46.968Z,2.4,4.4,32.6,56.3,1001.5,41.3,219,10
2026-07-04T02:38:56.952Z,3.6,5,32.5,56.5,1001.5,40.9,219,14
2026-07-04T02:39:06.952Z,4.4,6,32.4,56.7,1001.5,40.6,219,18
2026-07-04T02:39:16.952Z,4,4,32.3,56.9,1001.5,40.3,219,16
2026-07-04T02:39:26.949Z,4.2,5,32.2,57,1001.5,40.1,219,17
2026-07-04T02:39:36.952Z,2.8,3.6,32.1,57.3,1001.5,39.8,219,11
2026-07-04T02:39:46.946Z,2.4,3.4,32,57.5,1001.4,39.7,218,10
2026-07-04T02:39:56.944Z,4,4,32,57.7,1001.4,39.5,219,16
2026-07-04T02:40:06.944Z,3,3.2,31.9,57.9,1001.4,39.4,218,12
2026-07-04T02:40:16.949Z,3,3,31.8,58.1,1001.4,39.3,218,12
2026-07-04T02:40:26.957Z,1.2,2,31.7,58.3,1001.4,39.2,217,5
2026-07-04T02:40:36.948Z,2.4,3.4,31.6,58.5,1001.4,39.1,217,10
2026-07-04T02:40:46.961Z,3,3.2,31.6,58.7,1001.4,39.1,217,12
2026-07-04T02:40:56.954Z,1,3,31.5,58.9,1001.4,39.1,217,4
2026-07-04T02:41:06.970Z,1.8,4.4,31.4,59.1,1001.4,39,217,7
2026-07-04T02:41:16.968Z,3.8,4.2,31.3,59.3,1001.4,39,216,15
2026-07-04T02:41:26.951Z,2.6,2.6,31.3,59.4,1001.4,39.1,215,10
2026-07-04T02:41:36.952Z,1,2,31.2,59.6,1001.4,39.1,215,4
2026-07-04T02:41:46.954Z,1.6,1.6,31.1,59.8,1001.4,39.2,215,6
2026-07-04T02:41:56.946Z,2.6,2.6,31.1,59.9,1001.4,39.2,215,10
2026-07-04T02:42:06.952Z,3.6,3.6,31,60.1,1001.4,39.2,215,14
2026-07-04T02:42:16.948Z,2,2,31,60.2,1001.4,39.2,214,8
2026-07-04T02:42:26.961Z,1.4,2,30.9,60.3,1001.4,39.3,214,5
2026-07-04T02:42:36.945Z,1.2,1.8,30.9,60.4,1001.4,39.3,214,5
2026-07-04T02:42:46.954Z,2,2,30.8,60.5,1001.4,39.3,214,8
2026-07-04T02:42:56.955Z,2,2,30.8,60.7,1001.4,39.4,213,8
2026-07-04T02:43:06.954Z,2,2,30.7,60.8,1001.4,39.4,213,8
2026-07-04T02:43:16.958Z,1.4,2.2,30.7,61,1001.4,39.5,213,5
2026-07-04T02:43:27.054Z,2.6,2.6,30.6,61.1,1001.4,39.6,212,10
2026-07-04T02:43:36.971Z,2.8,2.8,30.6,61.3,1001.4,39.7,212,11
2026-07-04T02:43:46.946Z,0,0.6,30.5,61.5,1001.4,39.9,212,0
2026-07-04T02:43:56.960Z,0,1.4,30.5,61.7,1001.4,40,212,1
2026-07-04T02:44:06.944Z,0,0.6,30.4,61.9,1001.4,40.2,212,0
2026-07-04T02:44:16.940Z,0,2.4,30.4,62,1001.4,40.4,213,2
2026-07-04T02:44:26.952Z,1,2.4,30.3,62.1,1001.4,40.6,213,4
2026-07-04T02:44:36.942Z,2,3,30.2,62.3,1001.4,40.7,216,8
2026-07-04T02:44:46.952Z,2.6,2.6,30.2,62.5,1001.4,40.9,218,10
2026-07-04T02:44:56.948Z,1.4,1.4,30.1,62.6,1001.4,41.1,218,5
2026-07-04T02:45:06.969Z,1.8,1.8,30.1,62.7,1001.4,41.2,219,7
2026-07-04T02:45:16.956Z,0.6,0.6,30,62.9,1001.4,41.4,220,2
2026-07-04T02:45:26.955Z,0.8,0.8,30,63,1001.4,41.6,220,3
2026-07-04T02:45:36.972Z,1.2,1.2,29.9,63.1,1001.4,41.7,221,5
2026-07-04T02:45:47.053Z,1,2,29.9,63.3,1001.4,42,221,4
2026-07-04T02:45:56.951Z,1,2,29.8,63.4,1001.4,42.2,222,4
2026-07-04T02:46:06.959Z,0.4,1.4,29.8,63.5,1001.4,42.5,222,1
2026-07-04T02:46:16.952Z,1,1,29.7,63.7,1001.4,42.8,222,4
2026-07-04T02:46:26.967Z,0.2,2.6,29.7,63.8,1001.4,43,222,2
2026-07-04T02:46:36.948Z,1.8,4,29.6,64,1001.4,43.3,222,7
2026-07-04T02:46:46.959Z,2.4,3,29.6,64.1,1001.4,43.5,222,10
2026-07-04T02:46:56.953Z,2.6,2.6,29.5,64.1,1001.4,43.7,222,10
2026-07-04T02:47:06.953Z,2.2,2.2,29.5,64.2,1001.4,43.9,222,9
2026-07-04T02:47:16.976Z,0.2,0.2,29.5,64.3,1001.4,44.1,222,0
2026-07-04T02:47:26.956Z,1.4,1.4,29.4,64.3,1001.4,44.3,222,5
2026-07-04T02:47:36.964Z,1.4,1.4,29.4,64.4,1001.4,44.5,223,5
2026-07-04T02:47:46.949Z,1.6,1.6,29.4,64.5,1001.4,44.7,222,6
2026-07-04T02:47:56.954Z,1.2,1.6,29.3,64.5,1001.4,44.8,222,5
2026-07-04T02:48:06.969Z,1.2,2.2,29.3,64.6,1001.4,45,222,5
2026-07-04T02:48:16.951Z,1.4,1.4,29.3,64.6,1001.4,45.2,222,5
2026-07-04T02:48:26.962Z,1.4,1.4,29.3,64.7,1001.4,45.4,222,5
2026-07-04T02:48:36.952Z,1.4,2,29.2,64.7,1001.4,45.5,222,5
2026-07-04T02:48:46.958Z,1.4,1.4,29.2,64.8,1001.4,45.6,222,5
2026-07-04T02:48:56.978Z,1.2,1.4,29.2,64.8,1001.4,45.7,222,5
2026-07-04T02:49:06.951Z,0.4,0.6,29.2,64.9,1001.4,45.8,222,1
2026-07-04T02:49:16.985Z,0,0,29.2,64.9,1001.4,45.9,222,0
2026-07-04T02:49:26.950Z,1,1,29.2,65,1001.4,46,222,4
2026-07-04T02:49:36.953Z,0.4,0.4,29.1,65,1001.4,46.2,222,1
2026-07-04T02:49:46.970Z,1,1.2,29.1,65,1001.4,46.2,221,4
2026-07-04T02:49:56.959Z,1.2,2.8,29.1,65.1,1001.4,46.3,221,5
2026-07-04T02:50:06.961Z,1.6,1.6,29.1,65.1,1001.4,46.4,221,6
2026-07-04T02:50:16.947Z,2.4,2.4,29.1,65.2,1001.4,46.5,221,10
2026-07-04T02:50:26.992Z,1,1.6,29.1,65.2,1001.4,46.6,221,4
2026-07-04T02:50:36.954Z,1,3,29.1,65.2,1001.4,46.7,221,4
2026-07-04T02:50:46.944Z,0.2,3,29.1,65.2,1001.3,46.7,221,2
2026-07-04T02:50:56.949Z,1.8,3.4,29,65.2,1001.3,46.8,221,7
2026-07-04T02:51:06.943Z,2,2.2,29,65.2,1001.3,46.8,221,8
2026-07-04T02:51:16.946Z,2,3,29,65.3,1001.3,46.9,221,8
2026-07-04T02:51:27.014Z,2.8,4.2,29,65.3,1001.3,46.9,221,11
2026-07-04T02:51:36.943Z,1.8,2.8,29,65.3,1001.3,47,223,7
2026-07-04T02:51:46.948Z,1.4,2.6,29,65.3,1001.3,47.1,223,5
2026-07-04T02:51:56.951Z,0.8,1.8,29,65.3,1001.3,47.1,223,3
2026-07-04T02:52:06.953Z,1,2,29,65.3,1001.3,47.1,223,4
2026-07-04T02:52:16.950Z,0.6,1.8,29,65.3,1001.3,47.1,223,2
2026-07-04T02:52:26.958Z,1.4,2.8,29.1,65.3,1001.3,47.1,223,5
2026-07-04T02:52:36.958Z,2.6,2.6,29.1,65.3,1001.3,47.1,224,10
2026-07-04T02:52:46.959Z,2,2.8,29.1,65.3,1001.3,47.1,224,8
2026-07-04T02:52:57.021Z,1.8,2.8,29.1,65.3,1001.3,47.1,224,7
2026-07-04T02:53:06.956Z,1.4,2.4,29.1,65.3,1001.3,47.1,224,5
2026-07-04T02:53:16.951Z,1.4,2.4,29.1,65.4,1001.3,47.1,224,5
2026-07-04T02:53:26.946Z,2.6,2.6,29.1,65.4,1001.3,47,225,10
2026-07-04T02:53:36.950Z,3,4,29.1,65.4,1001.3,47,225,12
2026-07-04T02:53:46.978Z,1.2,3,29.1,65.4,1001.3,47,225,5
2026-07-04T02:53:56.950Z,0.8,1.8,29.1,65.5,1001.3,47,225,3
2026-07-04T02:54:06.947Z,0.8,0.8,29.1,65.5,1001.3,46.9,226,3
2026-07-04T02:54:16.946Z,2.8,3,29.1,65.5,1001.3,46.9,226,11
2026-07-04T02:54:26.943Z,1.2,1.2,29.1,65.5,1001.3,46.9,226,5
2026-07-04T02:54:36.987Z,2.4,2.6,29.1,65.5,1001.3,46.9,226,10
2026-07-04T02:54:46.944Z,2.8,3.4,29.1,65.5,1001.3,46.9,227,11
2026-07-04T02:54:56.960Z,1.2,2,29.1,65.5,1001.3,46.9,227,5
2026-07-04T02:55:06.945Z,0.6,1.6,29.1,65.5,1001.3,47,228,2
2026-07-04T02:55:16.958Z,1.4,2.4,29.1,65.6,1001.3,47,228,5
2026-07-04T02:55:26.943Z,3,4.2,29.1,65.6,1001.3,47,228,12
2026-07-04T02:55:36.944Z,3,3.4,29.1,65.6,1001.3,47.1,228,12
2026-07-04T02:55:46.973Z,2.8,3.8,29.1,65.6,1001.3,47.1,229,11
2026-07-04T02:55:56.959Z,2.8,3,29.1,65.6,1001.3,47.2,229,11
2026-07-04T02:56:06.972Z,3.6,3.6,29.1,65.6,1001.3,47.2,229,14
2026-07-04T02:56:16.945Z,4.8,4.8,29.1,65.6,1001.3,47.2,229,20
2026-07-04T02:56:26.944Z,4.4,6,29.1,65.7,1001.3,47.2,229,18
2026-07-04T02:56:36.951Z,3.6,6.2,29.1,65.7,1001.3,47.2,229,14
2026-07-04T02:56:46.979Z,3.6,5.4,29.1,65.7,1001.3,47.2,229,14
2026-07-04T02:56:56.966Z,2,3.2,29.1,65.7,1001.3,47.2,229,8
2026-07-04T02:57:06.933Z,2,3,29.1,65.8,1001.3,47.2,229,8
2026-07-04T02:57:16.941Z,2.8,3.8,29.1,65.8,1001.3,47.2,230,11
2026-07-04T02:57:26.939Z,3,4.8,29.1,65.8,1001.3,47.2,230,12
2026-07-04T02:57:36.945Z,2.2,3,29.1,65.8,1001.3,47.2,230,9
2026-07-04T02:57:47.152Z,4,4,29.1,65.8,1001.3,47.2,231,16
2026-07-04T02:57:56.946Z,3.4,3.8,29.1,65.8,1001.3,47.2,231,14
2026-07-04T02:58:07.078Z,3.2,3.4,29.1,65.8,1001.3,47.2,233,13
2026-07-04T02:58:16.949Z,3.6,3.8,29.1,65.8,1001.3,47.1,233,14
2026-07-04T02:58:26.945Z,5.6,5.6,29.1,65.9,1001.3,47.1,233,23
2026-07-04T02:58:37.024Z,3.6,5.2,29.1,65.9,1001.3,47.1,233,14
2026-07-04T02:58:46.948Z,2.2,5.8,29.1,65.9,1001.3,47.1,233,9
2026-07-04T02:58:56.943Z,3,4.8,29.1,65.9,1001.3,47.1,233,12
2026-07-04T02:59:06.956Z,3.6,4.2,29.1,65.9,1001.3,47,233,14
2026-07-04T02:59:16.944Z,6.4,6.8,29.1,65.9,1001.3,47,233,26
2026-07-04T02:59:26.941Z,6,6.4,29.1,65.9,1001.3,47,233,25
2026-07-04T02:59:36.942Z,5.4,5.4,29.1,65.9,1001.3,47,235,22
2026-07-04T02:59:46.956Z,5.8,6,29.1,65.9,1001.3,47,235,24
2026-07-04T02:59:56.950Z,5.4,5.4,29.1,65.9,1001.3,47,235,22
2026-07-04T03:00:06.949Z,6,6,29.1,65.9,1001.3,46.9,235,25
2026-07-04T03:00:16.964Z,5.8,6.2,29.1,65.9,1001.3,46.9,235,24
2026-07-04T03:00:26.955Z,7,7,29.1,65.9,1001.3,46.9,235,29
2026-07-04T03:00:36.959Z,8.6,8.6,29.1,65.9,1001.3,46.8,237,35
2026-07-04T03:00:46.945Z,5.8,5.8,29.1,65.9,1001.3,46.8,237,24
2026-07-04T03:00:57.003Z,6,6.8,29.1,66,1001.3,46.8,237,25
2026-07-04T03:01:06.946Z,5.8,8.8,29.1,66,1001.3,46.8,237,24
2026-07-04T03:01:16.944Z,7,9,29.1,66,1001.3,46.8,237,29
2026-07-04T03:01:26.942Z,5.6,9.6,29.1,66,1001.3,46.8,237,23
2026-07-04T03:01:36.941Z,5.8,8.4,29.1,66,1001.3,46.8,238,24
2026-07-04T03:01:46.954Z,6.8,8.6,29.1,65.9,1001.3,46.8,237,28
2026-07-04T03:01:56.940Z,6,7,29.1,65.9,1001.3,46.7,237,25
2026-07-04T03:02:06.987Z,7.2,9.6,29.1,65.9,1001.3,46.7,237,29
2026-07-04T03:02:16.978Z,8,9.2,29.1,65.9,1001.3,46.7,237,33
2026-07-04T03:02:26.939Z,7.4,7.4,29.1,65.9,1001.3,46.7,237,30
2026-07-04T03:02:37.007Z,7,8,29.1,65.9,1001.3,46.7,236,29
2026-07-04T03:02:46.949Z,6.4,7.4,29.1,65.9,1001.3,46.7,236,26
2026-07-04T03:02:56.950Z,6.4,7.4,29.1,65.9,1001.3,46.7,236,26
2026-07-04T03:03:06.937Z,5.4,6.2,29.1,65.9,1001.3,46.6,236,22
2026-07-04T03:03:16.936Z,6.6,7.6,29.1,65.8,1001.3,46.6,235,27
2026-07-04T03:03:26.943Z,7.2,7.8,29.1,65.8,1001.3,46.6,234,29
2026-07-04T03:03:36.941Z,6.8,6.8,29.2,65.8,1001.3,46.6,234,28
2026-07-04T03:03:46.956Z,6.4,7.2,29.2,65.8,1001.3,46.6,234,26
2026-07-04T03:03:56.969Z,8.6,9.6,29.2,65.7,1001.3,46.6,233,35
2026-07-04T03:04:06.940Z,8.8,9.8,29.2,65.7,1001.3,46.6,233,36
2026-07-04T03:04:16.974Z,6.8,8.4,29.2,65.7,1001.3,46.6,233,28
2026-07-04T03:04:26.938Z,7,7.8,29.2,65.7,1001.3,46.6,234,29
2026-07-04T03:04:36.965Z,8.8,8.8,29.2,65.7,1001.3,46.5,234,36
2026-07-04T03:04:46.950Z,6,6,29.2,65.7,1001.3,46.5,235,25
2026-07-04T03:04:56.945Z,7,7,29.2,65.7,1001.3,46.4,235,29
2026-07-04T03:05:06.970Z,7.2,7.4,29.2,65.7,1001.3,46.4,236,29
2026-07-04T03:05:16.939Z,8.6,10.6,29.2,65.7,1001.3,46.4,240,35
2026-07-04T03:05:26.938Z,7.6,9,29.2,65.7,1001.3,46.4,272,31
2026-07-04T03:05:36.937Z,8,9.4,29.1,65.7,1001.3,46.4,273,33
2026-07-04T03:05:46.939Z,7,7.2,29.1,65.7,1001.3,46.4,273,29
2026-07-04T03:05:56.944Z,8.2,9.2,29.1,65.7,1001.3,46.4,273,34
2026-07-04T03:06:06.941Z,6.6,7.6,29.1,65.7,1001.3,46.4,273,27
2026-07-04T03:06:16.987Z,5.6,6.6,29.1,65.7,1001.3,46.4,273,23
2026-07-04T03:06:27.032Z,6.8,8,29.1,65.8,1001.3,46.5,272,28
2026-07-04T03:06:36.949Z,7.2,9.2,29.1,65.8,1001.3,46.5,272,29
2026-07-04T03:06:46.944Z,8.6,10.6,29.1,65.8,1001.3,46.5,272,35
2026-07-04T03:06:56.938Z,8.2,10,29.1,65.8,1001.3,46.6,272,34
2026-07-04T03:07:06.950Z,10,11,29.1,65.8,1001.3,46.6,271,41
2026-07-04T03:07:16.943Z,8.2,9.6,29.1,65.8,1001.3,46.6,267,34
2026-07-04T03:07:26.961Z,8.4,9.4,29.1,65.8,1001.3,46.6,265,34
2026-07-04T03:07:36.940Z,10.2,11,29.1,65.9,1001.2,46.6,265,42
2026-07-04T03:07:46.940Z,11.2,11.4,29.1,65.9,1001.2,46.6,265,46
2026-07-04T03:07:56.960Z,10.6,12.2,29.1,65.9,1001.2,46.6,265,44
2026-07-04T03:08:06.949Z,11.6,13.6,29.1,65.9,1001.2,46.6,263,48
2026-07-04T03:08:17.027Z,11.2,13.2,29.1,65.9,1001.2,46.7,258,46
2026-07-04T03:08:26.934Z,10.8,12.8,29.1,65.9,1001.2,46.7,258,45
2026-07-04T03:08:36.937Z,10.4,13.8,29.1,66,1001.2,46.7,257,43
2026-07-04T03:08:47.029Z,7.6,11.6,29.1,66,1001.2,46.7,257,31
2026-07-04T03:08:56.940Z,7,10.2,29.1,65.9,1001.2,46.7,256,29
2026-07-04T03:09:07.007Z,7,8.6,29.1,65.9,1001.2,46.8,251,29
2026-07-04T03:09:16.945Z,9.4,10.8,29.1,65.9,1001.2,46.8,251,39
2026-07-04T03:09:26.966Z,9.6,12.4,29.1,65.9,1001.2,46.8,250,40
2026-07-04T03:09:36.943Z,10.4,13.6,29.1,65.9,1001.2,46.8,250,43
2026-07-04T03:09:46.954Z,12.8,14.6,29.1,65.9,1001.2,46.7,250,52
2026-07-04T03:09:56.958Z,13.2,14.2,29.1,66,1001.2,46.7,247,53
2026-07-04T03:10:06.959Z,13.8,15,29.1,66,1001.2,46.7,245,54
2026-07-04T03:10:16.952Z,12,14,29.1,66,1001.2,46.7,245,50
2026-07-04T03:10:26.950Z,9.2,12,29.1,66,1001.2,46.7,245,38
2026-07-04T03:10:37.015Z,9.4,13.4,29.1,66,1001.2,46.7,244,39
2026-07-04T03:10:46.956Z,9.4,12.8,29.1,66,1001.2,46.7,243,39
2026-07-04T03:10:56.932Z,8.6,10.8,29.1,66,1001.2,46.7,242,35
2026-07-04T03:11:06.943Z,8,10.8,29.1,66,1001.2,46.7,242,33
2026-07-04T03:11:16.980Z,9.6,11.8,29.1,66,1001.2,46.7,242,40
2026-07-04T03:11:26.985Z,9.4,11.4,29.1,66,1001.2,46.7,242,39
2026-07-04T03:11:36.934Z,11.2,12.4,29.1,66,1001.2,46.8,241,46
2026-07-04T03:11:46.937Z,10.6,11.6,29.1,66.1,1001.2,46.8,241,44
2026-07-04T03:11:56.993Z,10.8,12.6,29.1,66.1,1001.2,46.8,240,45
2026-07-04T03:12:06.941Z,11.6,12.6,29.1,66.1,1001.2,46.9,240,48
2026-07-04T03:12:16.958Z,11.2,13.2,29.1,66.1,1001.2,46.9,240,46
2026-07-04T03:12:26.948Z,11.8,14.2,29.1,66.1,1001.2,46.9,240,49
2026-07-04T03:12:36.936Z,12.6,16,29.1,66.1,1001.2,46.9,240,52
2026-07-04T03:12:46.933Z,12,15,29.1,66.1,1001.2,46.9,240,50
2026-07-04T03:12:56.933Z,13,16.2,29.1,66.1,1001.2,46.9,240,52
2026-07-04T03:13:06.997Z,14.6,18.6,29.1,66.1,1001.2,46.9,240,56
2026-07-04T03:13:16.931Z,13.8,17.4,29.1,66.2,1001.2,46.9,240,54
2026-07-04T03:13:26.991Z,12.8,17.8,29.1,66.2,1001.2,46.8,240,52
2026-07-04T03:13:36.931Z,12.4,15.8,29.1,66.2,1001.2,46.8,240,51
2026-07-04T03:13:46.930Z,10.8,13.8,29.1,66.2,1001.2,46.8,240,45
2026-07-04T03:13:56.956Z,10.2,13.2,29.1,66.2,1001.2,46.8,240,42
2026-07-04T03:14:06.937Z,10.6,13.2,29.1,66.2,1001.2,46.7,240,44
2026-07-04T03:14:16.955Z,10.4,11.4,29.1,66.2,1001.2,46.7,240,43
2026-07-04T03:14:26.930Z,11.6,13,29.1,66.3,1001.2,46.7,240,48
2026-07-04T03:14:36.929Z,13,15,29.1,66.3,1001.2,46.7,240,52
2026-07-04T03:14:46.934Z,12.8,15.2,29.1,66.3,1001.2,46.7,240,52
2026-07-04T03:14:56.943Z,13,15.6,29.1,66.3,1001.2,46.7,240,52
2026-07-04T03:15:06.932Z,11.6,14.8,29.1,66.3,1001.2,46.6,240,48
2026-07-04T03:15:16.932Z,11,14,29.1,66.3,1001.2,46.6,240,45
2026-07-04T03:15:26.933Z,10.8,14,29.1,66.3,1001.2,46.6,240,45
2026-07-04T03:15:36.937Z,10,14,29.1,66.2,1001.2,46.6,239,41
2026-07-04T03:15:46.934Z,11.8,15.4,29.1,66.2,1001.2,46.6,239,49
2026-07-04T03:15:56.926Z,10.4,14.2,29.1,66.2,1001.2,46.6,239,43
2026-07-04T03:16:06.932Z,10.6,14,29.1,66.2,1001.2,46.6,239,44
2026-07-04T03:16:16.924Z,11.2,16.2,29.1,66.2,1001.2,46.7,238,46
2026-07-04T03:16:26.928Z,11.2,16.4,29.1,66.2,1001.2,46.7,238,46
2026-07-04T03:16:36.941Z,9.6,14.6,29.1,66.2,1001.2,46.7,237,40
2026-07-04T03:16:46.929Z,10.4,15.4,29.1,66.2,1001.2,46.7,236,43
2026-07-04T03:16:56.926Z,10.6,15.6,29.1,66.2,1001.2,46.7,237,44
2026-07-04T03:17:06.940Z,11.8,15.4,29.1,66.2,1001.2,46.7,236,49
2026-07-04T03:17:16.929Z,13.6,17.6,29.1,66.2,1001.2,46.7,235,54
2026-07-04T03:17:26.927Z,12.8,16.2,29.1,66.2,1001.2,46.7,235,52
2026-07-04T03:17:36.938Z,12.6,15.6,29.1,66.2,1001.2,46.7,235,52
2026-07-04T03:17:46.935Z,11.8,14.8,29.1,66.2,1001.2,46.8,235,49
2026-07-04T03:17:56.930Z,10,13.6,29.1,66.2,1001.2,46.8,235,41
2026-07-04T03:18:06.933Z,9.4,13.4,29.1,66.2,1001.2,46.8,235,39
2026-07-04T03:18:16.943Z,11.8,14.6,29.1,66.2,1001.2,46.8,235,49
2026-07-04T03:18:26.932Z,13.4,15.8,29.1,66.2,1001.2,46.8,235,53
2026-07-04T03:18:36.945Z,12.6,16,29.1,66.2,1001.2,46.8,235,52
2026-07-04T03:18:46.938Z,14.6,18.8,29.1,66.2,1001.2,46.8,235,56
2026-07-04T03:18:56.933Z,14,17,29.1,66.2,1001.2,46.8,235,54
2026-07-04T03:19:06.947Z,14.4,16.4,29.1,66.2,1001.2,46.9,235,55
2026-07-04T03:19:16.965Z,14.4,16.4,29.1,66.2,1001.2,46.9,235,55
2026-07-04T03:19:26.959Z,15.4,16.6,29.1,66.3,1001.2,46.9,235,57
2026-07-04T03:19:36.944Z,14.8,16.4,29.1,66.3,1001.2,47,235,56
2026-07-04T03:19:46.946Z,15.6,17.6,29.1,66.3,1001.2,47,234,58
2026-07-04T03:19:56.923Z,15,17.6,29.1,66.3,1001.2,47,235,57
2026-07-04T03:20:06.928Z,15.4,18.4,29.1,66.4,1001.2,47.1,234,57
2026-07-04T03:20:16.922Z,16.2,17.6,29.1,66.4,1001.2,47.1,234,59
2026-07-04T03:20:26.920Z,18.6,18.6,29.1,66.4,1001.2,47.1,234,64
2026-07-04T03:20:36.922Z,19.6,20,29.1,66.4,1001.2,47.1,234,66
2026-07-04T03:20:46.936Z,17,20,29.1,66.5,1001.2,47.2,235,61
2026-07-04T03:20:56.939Z,16.6,21.6,29.1,66.5,1001.2,47.2,235,60
2026-07-04T03:21:06.949Z,16.2,19,29.1,66.5,1001.2,47.2,235,59
2026-07-04T03:21:16.932Z,16.8,18,29.1,66.6,1001.2,47.2,235,60
2026-07-04T03:21:26.928Z,17.2,18.2,29.1,66.6,1001.2,47.2,235,61
2026-07-04T03:21:36.928Z,17,17,29.1,66.6,1001.2,47.2,237,61
2026-07-04T03:21:46.960Z,16.4,17.8,29.1,66.6,1001.2,47.2,237,60
2026-07-04T03:21:56.928Z,16.4,18.4,29.1,66.6,1001.1,47.2,237,60
2026-07-04T03:22:06.921Z,15.6,17.4,29.1,66.7,1001.1,47.2,237,58
2026-07-04T03:22:16.924Z,15.8,17.8,29.1,66.7,1001.1,47.1,238,58
2026-07-04T03:22:26.928Z,16,18,29.1,66.7,1001.1,47.1,238,59
2026-07-04T03:22:36.923Z,16.8,19.6,29.1,66.7,1001.1,47,238,60
2026-07-04T03:22:46.942Z,16.8,18.4,29.1,66.7,1001.1,47,238,60
2026-07-04T03:22:56.938Z,18.6,19.6,29.1,66.7,1001.1,46.9,238,64
2026-07-04T03:23:06.958Z,17.6,18.2,29.1,66.7,1001.1,46.8,238,62
2026-07-04T03:23:16.924Z,16,17,29.1,66.7,1001.1,46.8,238,59
2026-07-04T03:23:26.924Z,16.2,17,29.1,66.7,1001.1,46.7,238,59
2026-07-04T03:23:36.931Z,16.8,17.4,29.1,66.7,1001.1,46.7,240,60
2026-07-04T03:23:46.941Z,15.6,15.8,29.1,66.7,1001.1,46.6,240,58
2026-07-04T03:23:56.931Z,15.6,15.6,29.1,66.7,1001.1,46.6,238,58
2026-07-04T03:24:06.949Z,15.6,15.6,29.1,66.7,1001.1,46.5,240,58
2026-07-04T03:24:16.943Z,14.6,16.2,29.1,66.7,1001.1,46.4,240,56
2026-07-04T03:24:26.925Z,15.2,16.4,29.1,66.6,1001.1,46.3,240,57
2026-07-04T03:24:36.924Z,17,18,29.1,66.6,1001.1,46.3,240,61
2026-07-04T03:24:46.960Z,16,17,29.1,66.6,1001.1,46.3,240,59
2026-07-04T03:24:56.928Z,15.6,16.6,29.1,66.6,1001.1,46.2,240,58
2026-07-04T03:25:06.954Z,16.4,17.8,29.1,66.7,1001.1,46.2,240,60
2026-07-04T03:25:16.960Z,16.4,18.2,29.1,66.7,1001.1,46.1,239,60
2026-07-04T03:25:26.954Z,17.2,18.2,29.1,66.7,1001.1,46.1,238,61
2026-07-04T03:25:36.930Z,17.8,19.8,29.1,66.7,1001.1,46,239,62
2026-07-04T03:25:46.930Z,16,18,29.1,66.7,1001.1,46,240,59
2026-07-04T03:25:56.917Z,16.8,17.8,29.1,66.7,1001.1,45.9,240,60
2026-07-04T03:26:06.935Z,18.6,19.2,29.1,66.7,1001.1,45.9,239,64
2026-07-04T03:26:16.927Z,18.2,20.8,29.1,66.7,1001.1,45.9,239,63
2026-07-04T03:26:26.918Z,17.4,20.4,29.1,66.7,1001.1,45.9,240,62
2026-07-04T03:26:36.935Z,17.8,20.2,29.1,66.7,1001.1,45.9,240,62
2026-07-04T03:26:46.934Z,18.6,20.8,29.1,66.7,1001.1,45.8,240,64
2026-07-04T03:26:56.918Z,17.6,19.6,29.1,66.7,1001.1,45.8,240,62
2026-07-04T03:27:06.943Z,17.6,18.6,29.1,66.7,1001.1,45.7,240,62
2026-07-04T03:27:16.932Z,17.6,17.6,29.1,66.8,1001.1,45.7,241,62
2026-07-04T03:27:26.929Z,17.2,17.2,29.1,66.8,1001.1,45.6,241,61
2026-07-04T03:27:36.926Z,19,19,29.1,66.8,1001.1,45.5,241,65
2026-07-04T03:27:46.930Z,16.6,16.6,29.1,66.8,1001.1,45.5,242,60
2026-07-04T03:27:56.932Z,16.8,16.8,29.1,66.8,1001.1,45.4,243,60
2026-07-04T03:28:06.925Z,17.4,17.4,29.2,66.8,1001.1,45.4,243,62
2026-07-04T03:28:16.932Z,17.6,18.6,29.2,66.9,1001.1,45.3,243,62
2026-07-04T03:28:26.928Z,17.4,17.4,29.2,66.9,1001.1,45.3,245,62
2026-07-04T03:28:36.938Z,17.2,17.4,29.2,66.9,1001.1,45.2,245,61
2026-07-04T03:28:46.949Z,16.6,17.6,29.2,66.9,1001.1,45.2,245,60
2026-07-04T03:28:56.925Z,17,18,29.2,66.9,1001.1,45.1,245,61
2026-07-04T03:29:06.928Z,16.8,17.8,29.2,67,1001.1,45.1,244,60
2026-07-04T03:29:16.928Z,17.6,18.8,29.2,67,1001.1,45.1,244,62
2026-07-04T03:29:26.949Z,17.2,18.2,29.2,67,1001.1,45.1,245,61
2026-07-04T03:29:36.927Z,17.6,17.6,29.2,67.1,1001.1,45.1,245,62
2026-07-04T03:29:46.933Z,16.8,17,29.2,67.1,1001.1,45.1,245,60
2026-07-04T03:29:56.920Z,14.8,15.8,29.1,67.1,1001.1,45.1,245,56
2026-07-04T03:30:06.949Z,14.8,16,29.1,67.2,1001.1,45.1,246,56
2026-07-04T03:30:16.916Z,13,15.6,29.1,67.2,1001.1,45.1,246,52
2026-07-04T03:30:26.919Z,15.8,18.4,29.1,67.3,1001.1,45.2,246,58
2026-07-04T03:30:36.926Z,17,19.8,29.1,67.3,1001.1,45.2,246,61
2026-07-04T03:30:46.921Z,17.8,18.8,29.1,67.3,1001.1,45.2,246,62
2026-07-04T03:30:56.921Z,18,19,29.1,67.4,1001.1,45.2,246,63
2026-07-04T03:31:06.922Z,17.4,18.4,29.1,67.4,1001.1,45.2,245,62
2026-07-04T03:31:16.923Z,16.4,17.4,29.1,67.4,1001.1,45.2,245,60
2026-07-04T03:31:26.922Z,16.8,17.8,29.1,67.5,1001,45.2,244,60
2026-07-04T03:31:36.915Z,18,19,29.1,67.5,1001,45.1,242,63
2026-07-04T03:31:46.930Z,19.2,20.2,29.1,67.5,1001,45.1,242,65
2026-07-04T03:31:56.931Z,18.6,21,29.1,67.5,1001,45.1,241,64
2026-07-04T03:32:06.935Z,16,18,29.1,67.5,1001,45,241,59
2026-07-04T03:32:16.923Z,16.6,18.6,29.1,67.6,1001,45,241,60
2026-07-04T03:32:26.916Z,16.4,18,29.1,67.6,1001,45,241,60
2026-07-04T03:32:36.922Z,15.6,16.6,29.1,67.6,1001,45,241,58
2026-07-04T03:32:46.920Z,14.4,15.4,29.1,67.6,1001,45,240,55
2026-07-04T03:32:56.935Z,15.6,17.4,29.1,67.6,1001,45,240,58
2026-07-04T03:33:06.932Z,15.6,16.6,29.1,67.7,1001,44.9,240,58
2026-07-04T03:33:16.933Z,15.2,16.8,29.1,67.7,1001,44.9,240,57
2026-07-04T03:33:26.926Z,16.8,17.4,29.1,67.7,1001,44.8,240,60
2026-07-04T03:33:36.927Z,15.8,16.2,29.1,67.7,1001,44.8,240,58
2026-07-04T03:33:46.928Z,16.4,19,29.1,67.7,1001,44.7,240,60
2026-07-04T03:33:56.918Z,17,19.2,29.1,67.7,1001,44.6,240,61
2026-07-04T03:34:06.928Z,15.6,17.4,29.1,67.7,1001,44.6,240,58
2026-07-04T03:34:16.922Z,15.2,16.2,29.2,67.7,1001,44.5,240,57
2026-07-04T03:34:26.927Z,16,18,29.2,67.7,1001,44.5,240,59
2026-07-04T03:34:36.930Z,16,17.4,29.2,67.7,1001,44.4,240,59
2026-07-04T03:34:46.918Z,16,17.4,29.2,67.7,1000.9,44.4,240,59
2026-07-04T03:34:56.915Z,15.6,16.6,29.2,67.7,1000.9,44.3,240,58
2026-07-04T03:35:06.925Z,15.6,16.6,29.2,67.6,1000.9,44.3,240,58
2026-07-04T03:35:16.916Z,16.6,18.6,29.2,67.6,1000.9,44.2,240,60
2026-07-04T03:35:26.924Z,17.6,19.6,29.2,67.6,1000.9,44.2,240,62
2026-07-04T03:35:36.945Z,16.4,18.2,29.2,67.6,1000.9,44.2,240,60
2026-07-04T03:35:46.941Z,14,16.2,29.2,67.5,1000.9,44.1,240,54
2026-07-04T03:35:56.942Z,16,18,29.2,67.5,1000.9,44,240,59
2026-07-04T03:36:06.934Z,14.8,17,29.3,67.4,1000.9,44,240,56
2026-07-04T03:36:16.921Z,13.8,16.6,29.3,67.4,1000.9,43.9,240,54
2026-07-04T03:36:26.923Z,13.4,15.8,29.3,67.4,1000.9,43.9,240,53
2026-07-04T03:36:36.913Z,13.4,17,29.3,67.3,1000.9,43.9,240,53
2026-07-04T03:36:46.938Z,13.6,17.6,29.3,67.3,1000.9,43.9,240,54
2026-07-04T03:36:56.921Z,15.2,18,29.3,67.3,1000.9,43.9,240,57
2026-07-04T03:37:06.928Z,14.2,16,29.3,67.2,1000.9,43.9,240,55
2026-07-04T03:37:16.936Z,13.4,14.4,29.3,67.2,1000.9,43.9,240,53
2026-07-04T03:37:26.939Z,14,14,29.3,67.2,1000.9,43.9,240,54
2026-07-04T03:37:36.923Z,14,14,29.3,67.2,1000.9,44,240,54
2026-07-04T03:37:46.961Z,12.4,13.4,29.3,67.2,1000.9,44,240,51
2026-07-04T03:37:56.926Z,14.6,15.8,29.3,67.1,1000.9,44,240,56
2026-07-04T03:38:06.938Z,15.8,17.8,29.3,67.1,1000.9,44,240,58
2026-07-04T03:38:16.923Z,16.2,17.4,29.3,67.1,1000.9,44.1,240,59
2026-07-04T03:38:26.918Z,16.2,17.2,29.3,67,1000.9,44.1,240,59
2026-07-04T03:38:36.922Z,14,15,29.3,67,1000.9,44,240,54
2026-07-04T03:38:46.923Z,13,14,29.3,67,1000.9,44,240,52
2026-07-04T03:38:56.920Z,12.6,14.8,29.3,66.9,1000.9,44,239,52
2026-07-04T03:39:06.921Z,12.6,16.6,29.3,66.9,1000.9,43.9,240,52
2026-07-04T03:39:16.942Z,12,16.4,29.3,66.9,1000.9,43.9,240,50
2026-07-04T03:39:26.925Z,12.6,15.6,29.3,66.8,1000.9,44,240,52
2026-07-04T03:39:36.924Z,12.8,15.8,29.3,66.8,1000.9,44,239,52
2026-07-04T03:39:46.929Z,11.8,14.8,29.3,66.8,1000.9,44,240,49
2026-07-04T03:39:56.920Z,11.4,14.6,29.3,66.8,1000.9,44,240,47
2026-07-04T03:40:06.919Z,12,16,29.3,66.8,1000.9,44,239,50
2026-07-04T03:40:16.924Z,10.4,15.4,29.3,66.7,1000.9,44,240,43
2026-07-04T03:40:26.921Z,13,17,29.3,66.7,1000.9,44,240,52
2026-07-04T03:40:36.919Z,15,19,29.3,66.7,1000.9,44.1,240,57
2026-07-04T03:40:46.922Z,15.2,18.2,29.3,66.7,1000.9,44.1,240,57
2026-07-04T03:40:56.919Z,15.8,18.4,29.3,66.7,1000.9,44.1,238,58
2026-07-04T03:41:06.924Z,17.2,18.6,29.3,66.6,1000.9,44.2,238,61
2026-07-04T03:41:16.942Z,17,17.2,29.3,66.6,1000.9,44.2,238,61
2026-07-04T03:41:26.922Z,16,17.2,29.3,66.6,1000.9,44.2,238,59
2026-07-04T03:41:36.919Z,17.2,18.2,29.3,66.6,1000.9,44.2,238,61
2026-07-04T03:41:46.943Z,16.8,18,29.3,66.6,1000.9,44.2,238,60
2026-07-04T03:41:56.922Z,15.4,17.4,29.3,66.5,1000.9,44.2,238,57
2026-07-04T03:42:06.934Z,15.2,17.2,29.3,66.5,1000.9,44.3,238,57
2026-07-04T03:42:16.944Z,15.4,16.8,29.3,66.5,1000.9,44.3,238,57
2026-07-04T03:42:26.980Z,14.6,16,29.3,66.5,1000.9,44.3,238,56
2026-07-04T03:42:36.918Z,16.4,18.4,29.3,66.5,1000.9,44.3,238,60
2026-07-04T03:42:46.918Z,15.4,18.6,29.3,66.5,1000.9,44.3,238,57
2026-07-04T03:42:56.920Z,15.2,19.8,29.3,66.5,1000.9,44.3,236,57
2026-07-04T03:43:06.924Z,16.8,20.2,29.3,66.5,1000.9,44.3,237,60
2026-07-04T03:43:16.919Z,17,19,29.3,66.5,1000.9,44.3,237,61
2026-07-04T03:43:26.918Z,17.4,18.6,29.3,66.5,1000.9,44.3,237,62
2026-07-04T03:43:36.918Z,15,17.4,29.3,66.5,1000.9,44.3,237,57
2026-07-04T03:43:46.924Z,14,16.8,29.3,66.5,1000.9,44.3,237,54
2026-07-04T03:43:56.922Z,16,18.4,29.3,66.5,1000.8,44.3,237,59
2026-07-04T03:44:06.919Z,16.2,18.4,29.3,66.5,1000.8,44.3,238,59
2026-07-04T03:44:16.932Z,16.6,18.6,29.3,66.5,1000.8,44.3,238,60
2026-07-04T03:44:26.917Z,16.8,18.8,29.3,66.5,1000.8,44.2,240,60
2026-07-04T03:44:36.926Z,16.4,17.4,29.3,66.5,1000.8,44.2,244,60
2026-07-04T03:44:46.921Z,17,18,29.3,66.4,1000.8,44.1,252,61
2026-07-04T03:44:56.921Z,18,18.4,29.3,66.4,1000.8,44.1,256,63
2026-07-04T03:45:06.925Z,16,16,29.3,66.4,1000.8,44,260,59
2026-07-04T03:45:16.919Z,15.8,15.8,29.3,66.5,1000.8,44,260,58
2026-07-04T03:45:26.926Z,15.4,15.4,29.3,66.5,1000.8,43.9,262,57
2026-07-04T03:45:36.917Z,15.8,16.4,29.3,66.5,1000.8,43.9,262,58
2026-07-04T03:45:46.920Z,14.6,16.4,29.3,66.5,1000.8,43.9,262,56
2026-07-04T03:45:56.918Z,14.8,16.2,29.3,66.4,1000.8,44,262,56
2026-07-04T03:46:06.923Z,15.2,16.2,29.3,66.5,1000.8,44,262,57
2026-07-04T03:46:16.923Z,14.6,15.6,29.3,66.5,1000.8,44.1,262,56
2026-07-04T03:46:26.918Z,14.4,15.4,29.3,66.5,1000.8,44.1,259,55
2026-07-04T03:46:36.919Z,13,15,29.3,66.5,1000.8,44.1,259,52
2026-07-04T03:46:46.919Z,14,17.2,29.3,66.5,1000.8,44.1,259,54
2026-07-04T03:47:02.665Z,15.2,18.2,29.3,66.5,1000.8,44.1,259,57
2026-07-04T03:47:06.914Z,13.2,16.2,29.3,66.5,1000.8,44.1,258,53
2026-07-04T03:47:16.918Z,14,17,29.3,66.5,1000.8,44.1,256,54
2026-07-04T03:47:26.918Z,12.4,15.4,29.3,66.6,1000.8,44.1,256,51
2026-07-04T03:47:36.922Z,12,15.2,29.3,66.6,1000.8,44.1,256,50
2026-07-04T03:47:46.912Z,12.6,17.4,29.2,66.6,1000.8,44.1,255,52
2026-07-04T03:47:56.912Z,12.8,17.8,29.2,66.6,1000.8,44.1,255,52
2026-07-04T03:48:06.909Z,14.2,16.4,29.2,66.6,1000.8,44.1,254,55
2026-07-04T03:48:16.909Z,14.8,17,29.2,66.6,1000.8,44,254,56
2026-07-04T03:48:26.907Z,15.4,18.6,29.2,66.6,1000.8,44,254,57
2026-07-04T03:48:36.901Z,16,18,29.2,66.6,1000.8,44,254,59
2026-07-04T03:48:46.900Z,15.4,16.8,29.2,66.6,1000.8,44,254,57
2026-07-04T03:48:56.911Z,16,17.2,29.2,66.6,1000.8,43.9,254,59
2026-07-04T03:49:06.919Z,12.8,13.8,29.2,66.6,1000.8,43.9,253,52
2026-07-04T03:49:16.913Z,12.2,13.4,29.2,66.6,1000.8,43.8,253,51
2026-07-04T03:49:26.949Z,13.4,14.4,29.2,66.6,1000.8,43.8,251,53
2026-07-04T03:49:36.917Z,14.4,15.4,29.2,66.6,1000.8,43.8,251,55
2026-07-04T03:49:46.916Z,15.4,16.4,29.2,66.6,1000.8,43.9,251,57
2026-07-04T03:49:56.924Z,14.6,15.6,29.2,66.6,1000.8,43.9,251,56
2026-07-04T03:50:06.914Z,13.4,14.4,29.2,66.6,1000.8,43.9,251,53
2026-07-04T03:50:16.902Z,13.4,15.4,29.2,66.6,1000.8,43.9,250,53
2026-07-04T03:50:26.903Z,15,17.8,29.2,66.6,1000.8,44,250,57
2026-07-04T03:50:36.912Z,13.8,17.2,29.2,66.6,1000.8,44,250,54
2026-07-04T03:50:46.915Z,13,15.6,29.2,66.6,1000.8,44,249,52
2026-07-04T03:50:56.908Z,13,15,29.2,66.6,1000.8,44,249,52
2026-07-04T03:51:06.917Z,11.6,13.6,29.2,66.6,1000.8,44.1,249,48
2026-07-04T03:51:16.917Z,11,14,29.2,66.6,1000.8,44.1,249,45
2026-07-04T03:51:26.920Z,12,15.2,29.2,66.6,1000.8,44.1,249,50
2026-07-04T03:51:36.919Z,11.4,13.4,29.2,66.6,1000.8,44.1,247,47
2026-07-04T03:51:46.917Z,11,13.8,29.2,66.6,1000.8,44.1,246,45
2026-07-04T03:51:56.916Z,11.2,14.2,29.2,66.6,1000.8,44.1,246,46
2026-07-04T03:52:06.914Z,12,14,29.2,66.6,1000.8,44.1,245,50
2026-07-04T03:52:16.915Z,12,13.8,29.2,66.6,1000.8,44.1,245,50
2026-07-04T03:52:26.918Z,10.4,13.2,29.2,66.6,1000.8,44,245,43
2026-07-04T03:52:36.922Z,10.4,14.2,29.2,66.5,1000.8,44,245,43
2026-07-04T03:52:46.946Z,11.8,14.8,29.2,66.5,1000.8,44,244,49
2026-07-04T03:52:56.926Z,11.4,14.4,29.2,66.5,1000.8,44,243,47
2026-07-04T03:53:06.914Z,11.2,15,29.2,66.5,1000.8,44,241,46
2026-07-04T03:53:16.930Z,10.6,13.2,29.2,66.5,1000.8,44,241,44
2026-07-04T03:53:26.972Z,9.8,13,29.2,66.5,1000.8,43.9,240,40
2026-07-04T03:53:37.138Z,8.6,13,29.2,66.4,1000.8,43.9,240,35
2026-07-04T03:53:46.922Z,10.6,14,29.2,66.4,1000.8,43.9,240,44
2026-07-04T03:53:56.909Z,7.2,9.2,29.2,66.3,1000.8,43.9,240,29
2026-07-04T03:54:06.932Z,8,10,29.2,66.3,1000.8,43.9,240,33
2026-07-04T03:54:16.912Z,9.8,11.6,29.2,66.3,1000.8,43.9,240,40
2026-07-04T03:54:26.908Z,9.8,13.6,29.2,66.2,1000.8,43.9,240,40
2026-07-04T03:54:36.944Z,12.4,16,29.2,66.2,1000.8,43.9,240,51
2026-07-04T03:54:46.971Z,9.6,12.6,29.2,66.2,1000.8,44,240,40
2026-07-04T03:54:56.991Z,10,13,29.2,66.1,1000.8,44.1,239,41
2026-07-04T03:55:06.932Z,9.4,13.4,29.2,66.1,1000.8,44.2,238,39
2026-07-04T03:55:16.920Z,11.4,14.6,29.2,66.1,1000.8,44.2,237,47
2026-07-04T03:55:26.911Z,11.4,13.4,29.2,66.1,1000.8,44.2,237,47
2026-07-04T03:55:36.913Z,11,12.4,29.2,66.2,1000.8,44.2,237,45
2026-07-04T03:55:46.912Z,10.2,10.8,29.2,66.1,1000.8,44.2,237,42
2026-07-04T03:55:56.912Z,10.6,12,29.2,66.1,1000.8,44.2,237,44
2026-07-04T03:56:06.910Z,9,10,29.2,66.1,1000.8,44.2,237,37
2026-07-04T03:56:16.920Z,7.6,9,29.2,66,1000.8,44.1,237,31
2026-07-04T03:56:26.912Z,8,10.8,29.2,66,1000.8,44,236,33
2026-07-04T03:56:36.949Z,6.4,9.8,29.2,65.9,1000.8,44,235,26
2026-07-04T03:56:46.912Z,6.6,7.6,29.2,65.9,1000.8,43.9,235,27
2026-07-04T03:56:56.916Z,7.2,9.8,29.3,65.8,1000.8,43.9,234,29
2026-07-04T03:57:06.935Z,8.6,10.6,29.3,65.8,1000.8,43.8,233,35
2026-07-04T03:57:16.905Z,7.4,8.8,29.3,65.7,1000.8,43.8,233,30
2026-07-04T03:57:26.905Z,7,10,29.3,65.6,1000.8,43.8,233,29
2026-07-04T03:57:36.908Z,6.4,8,29.3,65.6,1000.8,43.9,231,26
2026-07-04T03:57:46.909Z,6.6,7.4,29.3,65.6,1000.8,43.9,231,27
2026-07-04T03:57:56.905Z,7.6,8.6,29.3,65.5,1000.8,43.9,231,31
2026-07-04T03:58:06.908Z,8,8.6,29.3,65.5,1000.8,44,231,33
2026-07-04T03:58:16.917Z,5.8,5.8,29.3,65.5,1000.8,44.1,231,24
2026-07-04T03:58:26.919Z,5.6,6,29.3,65.5,1000.8,44.1,231,23
2026-07-04T03:58:36.907Z,6,6.4,29.3,65.4,1000.8,44.2,229,25
2026-07-04T03:58:46.913Z,7.6,9.4,29.3,65.4,1000.8,44.3,229,31
2026-07-04T03:58:56.912Z,5.6,6.6,29.2,65.4,1000.8,44.4,229,23
2026-07-04T03:59:06.910Z,5,5,29.2,65.3,1000.8,44.4,229,20
2026-07-04T03:59:16.919Z,7,7,29.2,65.3,1000.8,44.5,229,29
2026-07-04T03:59:26.914Z,6,6,29.2,65.3,1000.8,44.6,227,25
2026-07-04T03:59:36.907Z,7,7.4,29.2,65.3,1000.8,44.6,227,29
2026-07-04T03:59:46.907Z,5.2,6.8,29.2,65.3,1000.8,44.7,226,21
2026-07-04T04:00:00.710Z,4.6,6.2,29.2,65.3,1000.8,44.7,226,19
2026-07-04T04:00:16.418Z,5.6,5.6,29.2,65.3,1000.8,44.7,226,23
2026-07-04T04:00:22.333Z,6.8,7.4,29.2,65.3,1000.8,44.8,225,28
2026-07-04T04:00:26.907Z,5,6,29.2,65.3,1000.8,44.8,225,20
2026-07-04T04:00:36.906Z,6,6,29.2,65.3,1000.8,44.8,225,25
2026-07-04T04:00:46.908Z,6,6,29.2,65.3,1000.8,44.8,224,25
2026-07-04T04:00:56.908Z,6.8,7.2,29.2,65.3,1000.8,44.9,224,28
2026-07-04T04:01:06.923Z,6.4,7.6,29.2,65.3,1000.8,44.8,226,26
2026-07-04T04:01:16.917Z,4.8,5.8,29.2,65.3,1000.8,44.8,226,20
2026-07-04T04:01:26.920Z,5.8,7.8,29.2,65.3,1000.8,44.8,227,24
2026-07-04T04:01:36.910Z,7.2,11,29.2,65.3,1000.8,44.8,230,29
2026-07-04T04:01:46.911Z,8.6,12.2,29.2,65.3,1000.8,44.8,230,35
2026-07-04T04:01:56.907Z,6.6,9.8,29.2,65.3,1000.8,44.8,230,27
2026-07-04T04:02:06.908Z,6.2,7.6,29.2,65.3,1000.8,44.8,230,25
2026-07-04T04:02:16.922Z,7,9,29.2,65.3,1000.8,44.8,229,29
2026-07-04T04:02:26.925Z,7,8,29.2,65.2,1000.8,44.8,229,29
2026-07-04T04:02:36.918Z,7.8,8.8,29.2,65.3,1000.8,44.8,229,32
2026-07-04T04:02:46.914Z,7.2,7.6,29.2,65.3,1000.8,44.8,229,29
2026-07-04T04:02:56.914Z,7.6,7.6,29.2,65.3,1000.8,44.8,229,31
2026-07-04T04:03:06.915Z,6.4,7.4,29.2,65.3,1000.8,44.7,229,26
2026-07-04T04:03:16.912Z,6,6,29.2,65.3,1000.8,44.7,229,25
2026-07-04T04:03:26.909Z,4.2,4.4,29.2,65.3,1000.8,44.6,228,17
2026-07-04T04:03:36.912Z,4.8,5.6,29.2,65.3,1000.8,44.5,228,20
2026-07-04T04:03:46.908Z,5,6,29.2,65.3,1000.8,44.5,227,20
2026-07-04T04:03:56.906Z,5.4,6,29.2,65.4,1000.8,44.3,227,22
2026-07-04T04:04:06.911Z,5.4,6.4,29.2,65.4,1000.8,44.2,227,22
2026-07-04T04:04:16.924Z,5,5,29.2,65.4,1000.8,44.1,227,20
2026-07-04T04:04:26.921Z,4,4,29.2,65.4,1000.8,44,230,16
2026-07-04T04:04:36.914Z,6.2,7,29.2,65.4,1000.8,43.9,227,25
2026-07-04T04:04:46.904Z,6,8,29.2,65.5,1000.8,43.8,230,25
2026-07-04T04:04:56.907Z,4.6,5.8,29.2,65.5,1000.8,43.7,231,19
2026-07-04T04:05:06.928Z,5.4,6.4,29.2,65.5,1000.7,43.5,230,22
2026-07-04T04:05:16.910Z,5.4,6.6,29.2,65.5,1000.7,43.4,231,22
2026-07-04T04:05:26.906Z,4.4,5.4,29.2,65.5,1000.7,43.3,235,18
2026-07-04T04:05:36.923Z,6,6.8,29.2,65.6,1000.7,43.1,237,25
2026-07-04T04:05:46.922Z,6,7,29.2,65.6,1000.7,42.9,237,25
2026-07-04T04:05:56.905Z,5.4,7,29.2,65.6,1000.7,42.8,237,22
2026-07-04T04:06:06.903Z,4.6,5.6,29.2,65.6,1000.7,42.6,237,19
2026-07-04T04:06:16.917Z,5.6,6.4,29.2,65.6,1000.7,42.5,237,23
2026-07-04T04:06:26.905Z,4.4,5.2,29.2,65.6,1000.7,42.3,237,18
2026-07-04T04:06:36.916Z,5.6,5.8,29.2,65.6,1000.7,42.2,237,23
2026-07-04T04:06:46.916Z,6.2,7.8,29.2,65.7,1000.7,42,237,25
2026-07-04T04:06:56.910Z,6.8,7.8,29.2,65.7,1000.7,41.9,237,28
2026-07-04T04:07:06.903Z,6.8,6.8,29.2,65.7,1000.7,41.8,235,28
2026-07-04T04:07:16.894Z,5.4,6,29.2,65.7,1000.7,41.7,235,22
2026-07-04T04:07:26.903Z,5.8,6.8,29.2,65.7,1000.7,41.6,234,24
2026-07-04T04:07:36.897Z,5.6,5.8,29.2,65.6,1000.7,41.6,234,23
2026-07-04T04:07:46.892Z,5.4,5.6,29.2,65.6,1000.7,41.6,233,22
2026-07-04T04:07:56.893Z,5.2,6.2,29.2,65.6,1000.7,41.5,232,21
2026-07-04T04:08:06.902Z,5.6,6.6,29.2,65.6,1000.7,41.5,232,23
2026-07-04T04:08:16.903Z,5,7,29.2,65.6,1000.7,41.5,231,20
2026-07-04T04:08:26.905Z,4.8,7.6,29.2,65.6,1000.7,41.5,229,20
2026-07-04T04:08:36.908Z,4,5,29.2,65.6,1000.7,41.5,229,16
2026-07-04T04:08:46.901Z,6,6,29.2,65.6,1000.7,41.5,228,25
2026-07-04T04:08:56.917Z,5.6,5.6,29.2,65.6,1000.7,41.5,228,23
2026-07-04T04:09:06.902Z,4.4,4.4,29.2,65.5,1000.7,41.5,228,18
2026-07-04T04:09:16.919Z,4.4,5.2,29.2,65.5,1000.7,41.5,226,18
2026-07-04T04:09:26.907Z,4.4,5.4,29.2,65.5,1000.7,41.5,226,18
2026-07-04T04:09:36.903Z,5.8,5.8,29.2,65.5,1000.7,41.5,225,24
2026-07-04T04:09:46.908Z,6,6,29.2,65.5,1000.7,41.5,226,25
2026-07-04T04:09:56.912Z,5.4,5.4,29.2,65.4,1000.7,41.5,226,22
2026-07-04T04:10:06.901Z,5,5,29.2,65.4,1000.7,41.4,225,20
2026-07-04T04:10:16.905Z,5.2,5.2,29.2,65.4,1000.7,41.4,225,21
2026-07-04T04:10:26.904Z,5.6,5.6,29.2,65.4,1000.7,41.4,225,23
2026-07-04T04:10:36.905Z,6.4,7.4,29.2,65.4,1000.7,41.4,225,26
2026-07-04T04:10:46.925Z,4,4.6,29.2,65.4,1000.7,41.3,225,16
2026-07-04T04:10:57.402Z,6,8,29.2,65.4,1000.7,41.3,225,25
2026-07-04T04:11:06.915Z,4,5,29.2,65.3,1000.7,41.3,225,16
2026-07-04T04:11:16.920Z,4.4,4.8,29.2,65.3,1000.7,41.2,225,18
2026-07-04T04:11:26.904Z,4.6,4.6,29.2,65.3,1000.7,41.2,225,19
2026-07-04T04:11:36.906Z,7.6,9.6,29.2,65.3,1000.7,41.1,225,31
2026-07-04T04:11:46.908Z,7.2,11.2,29.2,65.3,1000.7,41.1,225,29
2026-07-04T04:11:56.930Z,5.4,6.8,29.2,65.3,1000.7,41.1,225,22
2026-07-04T04:12:06.903Z,4,5,29.2,65.3,1000.7,41.1,225,16
2026-07-04T04:12:16.915Z,3.6,4.6,29.2,65.3,1000.7,41,225,14
2026-07-04T04:12:26.899Z,4.4,6.4,29.2,65.3,1000.7,41,225,18
2026-07-04T04:12:36.921Z,5,6,29.3,65.3,1000.7,40.9,226,20
2026-07-04T04:12:46.901Z,4,6,29.3,65.3,1000.7,40.9,226,16
2026-07-04T04:12:56.901Z,3.4,5,29.3,65.3,1000.7,40.9,226,14
2026-07-04T04:13:35.674Z,5.8,6,29.3,65.3,1000.7,40.8,226,24
2026-07-04T04:13:36.868Z,5,5.4,29.3,65.2,1000.7,40.7,226,20
2026-07-04T04:13:46.876Z,7,7.8,29.3,65.2,1000.7,40.7,226,29
2026-07-04T04:13:56.860Z,6.8,8.8,29.3,65.1,1000.7,40.7,226,28
2026-07-04T04:14:06.860Z,6.4,7.8,29.3,65.1,1000.7,40.7,227,26
2026-07-04T04:14:16.875Z,6.4,6.4,29.3,65.1,1000.7,40.7,226,26
2026-07-04T04:14:26.868Z,4,4.4,29.3,65.1,1000.7,40.7,227,16
2026-07-04T04:14:36.861Z,6,7,29.3,65.1,1000.7,40.7,227,25
2026-07-04T04:14:46.861Z,6.2,7.6,29.3,65.1,1000.7,40.6,226,25
2026-07-04T04:14:56.861Z,7,9,29.3,65,1000.7,40.6,226,29
2026-07-04T04:15:06.864Z,6.6,8.6,29.3,65,1000.7,40.5,226,27
2026-07-04T04:15:16.861Z,6.8,8.2,29.3,65,1000.7,40.5,226,28
2026-07-04T04:15:26.863Z,7.4,7.4,29.3,65,1000.7,40.4,227,30
2026-07-04T04:15:36.868Z,8,9,29.3,65.1,1000.7,40.3,228,33
2026-07-04T04:15:46.860Z,7.2,7.2,29.3,65.1,1000.7,40.1,229,29
2026-07-04T04:15:56.863Z,7.2,7.2,29.4,65.2,1000.6,40,229,29
2026-07-04T04:16:06.857Z,7.2,7.2,29.4,65.2,1000.6,39.9,230,29
2026-07-04T04:16:16.867Z,8.6,8.6,29.4,65.3,1000.6,39.7,236,35
2026-07-04T04:16:26.859Z,9.2,10,29.4,65.4,1000.6,39.6,240,38
2026-07-04T04:16:36.857Z,8.4,11.2,29.4,65.4,1000.6,39.4,244,34
2026-07-04T04:16:46.862Z,8.4,13.4,29.4,65.4,1000.6,39.3,247,34
2026-07-04T04:16:56.867Z,6.8,11.2,29.4,65.5,1000.6,39.2,247,28
2026-07-04T04:17:06.867Z,6,7.2,29.4,65.5,1000.6,39,247,25
2026-07-04T04:17:16.854Z,6.6,7.6,29.4,65.5,1000.6,38.9,249,27
2026-07-04T04:17:26.853Z,8,8,29.4,65.5,1000.6,38.7,249,33
2026-07-04T04:17:36.850Z,6.4,7,29.4,65.5,1000.6,38.6,249,26
2026-07-04T04:17:46.854Z,8,9,29.4,65.5,1000.6,38.5,249,33
2026-07-04T04:17:56.850Z,6,8.6,29.5,65.5,1000.6,38.4,246,25
2026-07-04T04:18:06.859Z,7,9.2,29.5,65.6,1000.6,38.4,246,29
2026-07-04T04:18:16.862Z,10,11,29.5,65.6,1000.6,38.4,245,41
2026-07-04T04:18:26.861Z,8,9.4,29.5,65.6,1000.6,38.3,245,33
2026-07-04T04:18:36.860Z,7,7,29.5,65.7,1000.6,38.3,245,29
2026-07-04T04:18:46.860Z,5.2,5.2,29.5,65.7,1000.6,38.2,245,21
2026-07-04T04:18:56.865Z,6.6,6.6,29.5,65.7,1000.6,38.2,245,27
2026-07-04T04:19:06.863Z,10,10,29.4,65.8,1000.6,38.2,245,41
2026-07-04T04:19:16.855Z,8,8.8,29.4,65.8,1000.6,38.2,244,33
2026-07-04T04:19:26.857Z,7.4,9.4,29.4,65.8,1000.6,38.2,244,30
2026-07-04T04:19:36.859Z,9,10.8,29.4,65.8,1000.6,38.1,244,37
2026-07-04T04:19:46.865Z,7,7.8,29.4,65.9,1000.6,38.1,243,29
2026-07-04T04:19:56.862Z,6.4,7.2,29.4,65.9,1000.6,38.1,243,26
2026-07-04T04:20:06.856Z,6.2,6.2,29.4,65.9,1000.6,38.1,242,25
2026-07-04T04:20:16.860Z,7.4,8,29.4,65.9,1000.6,38.1,241,30
2026-07-04T04:20:27.104Z,7,7.4,29.4,66,1000.6,38.1,241,29
2026-07-04T04:20:36.901Z,7.6,7.6,29.4,66,1000.6,38,240,31
2026-07-04T04:20:46.865Z,6.4,7.4,29.4,66,1000.6,38,240,26
2026-07-04T04:20:56.881Z,7,9.2,29.5,65.9,1000.6,37.9,240,29
2026-07-04T04:21:06.871Z,7.2,9.2,29.5,65.9,1000.6,37.9,240,29
2026-07-04T04:21:16.866Z,8.6,11,29.5,65.9,1000.6,37.8,240,35
2026-07-04T04:21:26.876Z,7.8,10.4,29.5,65.9,1000.6,37.7,240,32
2026-07-04T04:21:36.857Z,11,14,29.5,65.8,1000.6,37.6,240,45
2026-07-04T04:21:46.858Z,8.8,12.4,29.6,65.8,1000.6,37.5,240,36
2026-07-04T04:21:56.863Z,8.8,13,29.6,65.7,1000.6,37.5,240,36
2026-07-04T04:22:06.867Z,7.4,11.2,29.6,65.7,1000.6,37.4,240,30
2026-07-04T04:22:16.856Z,9,12.4,29.6,65.7,1000.6,37.3,241,37
2026-07-04T04:22:26.862Z,8.8,11,29.6,65.8,1000.6,37.3,241,36
2026-07-04T04:22:36.860Z,7.8,12,29.6,65.8,1000.6,37.2,241,32
2026-07-04T04:22:46.857Z,7.8,12.8,29.6,65.9,1000.6,37.2,242,32
2026-07-04T04:22:56.861Z,9.4,12.8,29.6,66,1000.6,37.2,242,39
2026-07-04T04:23:06.856Z,11,14,29.6,66,1000.6,37.2,242,45
2026-07-04T04:23:16.863Z,10,12.6,29.6,66.1,1000.6,37.2,243,41
2026-07-04T04:23:26.854Z,9.6,11.6,29.6,66.2,1000.6,37.3,243,40
2026-07-04T04:23:36.868Z,9.8,12.6,29.6,66.3,1000.6,37.3,244,40
2026-07-04T04:23:46.856Z,11,15.8,29.5,66.4,1000.6,37.4,250,45
2026-07-04T04:23:56.856Z,9.4,13.8,29.5,66.4,1000.6,37.4,250,39
2026-07-04T04:24:06.857Z,6.8,10.2,29.5,66.5,1000.6,37.4,251,28
2026-07-04T04:24:16.856Z,6,9,29.5,66.6,1000.6,37.5,254,25
2026-07-04T04:24:26.860Z,7.6,10.6,29.5,66.6,1000.6,37.5,254,31
2026-07-04T04:24:36.858Z,9.6,12.6,29.4,66.7,1000.6,37.6,255,40
2026-07-04T04:24:46.855Z,11.4,15.4,29.4,66.8,1000.6,37.6,256,47
2026-07-04T04:24:56.871Z,13.2,16.8,29.4,66.9,1000.6,37.6,256,53
2026-07-04T04:25:06.858Z,12.4,16,29.4,66.9,1000.6,37.6,256,51
2026-07-04T04:25:16.858Z,7.6,11.2,29.4,67,1000.6,37.6,256,31
2026-07-04T04:25:26.883Z,9.6,11,29.4,67,1000.6,37.5,256,40
2026-07-04T04:25:36.866Z,9.2,11,29.3,67,1000.6,37.5,256,38
2026-07-04T04:25:46.855Z,7.6,10.6,29.3,67.1,1000.6,37.5,256,31
2026-07-04T04:25:56.855Z,6.8,8.8,29.3,67.1,1000.6,37.5,256,28
2026-07-04T04:26:06.858Z,8.8,9.8,29.3,67.1,1000.6,37.5,256,36
2026-07-04T04:26:16.865Z,8.4,9.8,29.3,67.1,1000.6,37.5,257,34
2026-07-04T04:26:26.841Z,8.2,10.2,29.3,67.2,1000.6,37.5,257,34
2026-07-04T04:26:36.842Z,5.8,8.4,29.3,67.2,1000.6,37.6,257,24
2026-07-04T04:26:46.844Z,5.8,7.2,29.3,67.2,1000.6,37.6,256,24
2026-07-04T04:26:56.843Z,6.6,7.6,29.2,67.2,1000.6,37.6,256,27
2026-07-04T04:27:06.846Z,6,6.2,29.2,67.2,1000.6,37.7,255,25
2026-07-04T04:27:16.851Z,6,6.8,29.2,67.3,1000.6,37.7,255,25
2026-07-04T04:27:26.849Z,6.4,6.4,29.2,67.3,1000.6,37.7,255,26
2026-07-04T04:27:36.855Z,5.2,5.2,29.2,67.2,1000.6,37.7,255,21
2026-07-04T04:27:46.849Z,5.6,5.6,29.2,67.1,1000.6,37.8,255,23
2026-07-04T04:27:56.954Z,4.4,5.4,29.2,67.1,1000.6,37.9,250,18
2026-07-04T04:28:06.849Z,4,5,29.2,67.1,1000.6,37.9,249,16
2026-07-04T04:28:16.850Z,4.6,4.8,29.2,67.1,1000.6,38,247,19
2026-07-04T04:28:26.852Z,4.2,4.2,29.2,67,1000.6,38.1,247,17
2026-07-04T04:28:36.850Z,4.6,4.6,29.1,67,1000.6,38.1,246,19
2026-07-04T04:28:46.857Z,4.6,5.6,29.1,67,1000.6,38.2,244,19
2026-07-04T04:28:56.852Z,2.6,2.8,29.1,66.9,1000.6,38.3,244,10
2026-07-04T04:29:06.865Z,1.6,1.6,29.1,66.9,1000.6,38.4,243,6
2026-07-04T04:29:16.853Z,1.4,2.4,29.1,66.8,1000.6,38.5,243,5
2026-07-04T04:29:26.861Z,3,3.4,29.1,66.8,1000.6,38.6,243,12
2026-07-04T04:29:36.861Z,2.6,3.6,29.1,66.8,1000.5,38.6,243,10
2026-07-04T04:29:46.853Z,1.6,1.8,29.1,66.7,1000.5,38.7,243,6
2026-07-04T04:29:56.860Z,1.6,1.6,29.1,66.7,1000.5,38.6,241,6
2026-07-04T04:30:06.873Z,0.8,1,29.1,66.6,1000.5,38.6,241,3
2026-07-04T04:30:16.851Z,3,3,29.1,66.5,1000.5,38.6,240,12
2026-07-04T04:30:26.855Z,2,2,29.2,66.4,1000.5,38.5,240,8
2026-07-04T04:30:36.857Z,1.4,1.4,29.2,66.3,1000.5,38.5,240,5
2026-07-04T04:30:46.853Z,2.2,3,29.2,66.3,1000.5,38.4,240,9
2026-07-04T04:30:56.853Z,1.2,1.2,29.2,66.2,1000.5,38.3,236,5
2026-07-04T04:31:06.857Z,0.4,0.8,29.2,66.2,1000.5,38.3,235,1
2026-07-04T04:31:16.853Z,0.8,2.4,29.3,66.1,1000.5,38.2,235,3
2026-07-04T04:31:26.866Z,1.6,2.6,29.3,66.1,1000.5,38.1,235,6
2026-07-04T04:31:36.854Z,3,3,29.3,66,1000.5,38.1,233,12
2026-07-04T04:31:46.855Z,2,2.2,29.3,65.9,1000.5,38,229,8
2026-07-04T04:31:56.849Z,0.6,0.8,29.4,65.9,1000.5,38,226,2
2026-07-04T04:32:06.853Z,1.6,1.6,29.4,65.8,1000.5,37.9,225,6
2026-07-04T04:32:16.849Z,1.2,1.2,29.4,65.7,1000.5,37.9,225,5
2026-07-04T04:32:26.850Z,0.8,1.8,29.4,65.7,1000.5,37.8,224,3
2026-07-04T04:32:36.847Z,0.4,1.6,29.4,65.7,1000.5,37.8,223,1
2026-07-04T04:32:46.849Z,1.2,2.6,29.5,65.7,1000.5,37.7,223,5
2026-07-04T04:32:56.851Z,1,1.4,29.5,65.7,1000.5,37.6,223,4
2026-07-04T04:33:06.847Z,0.6,1.6,29.5,65.8,1000.5,37.4,223,2
2026-07-04T04:33:16.862Z,1.6,2.6,29.5,65.8,1000.5,37.3,223,6
2026-07-04T04:33:26.857Z,0.6,2.6,29.5,65.8,1000.5,37.2,223,2
2026-07-04T04:33:36.870Z,1.4,2.6,29.5,65.9,1000.5,37,223,5
2026-07-04T04:33:46.862Z,1.2,2,29.6,65.9,1000.5,36.9,223,5
2026-07-04T04:33:56.851Z,0.8,2.6,29.6,65.9,1000.5,36.7,223,3
2026-07-04T04:34:06.851Z,0.4,1.4,29.6,65.9,1000.5,36.6,225,1
2026-07-04T04:34:16.852Z,1,2,29.6,66,1000.5,36.4,227,4
2026-07-04T04:34:26.856Z,1.4,2.4,29.6,66,1000.5,36.3,227,5
2026-07-04T04:34:36.852Z,2.4,4,29.6,66,1000.5,36.1,228,10
2026-07-04T04:34:46.864Z,1.8,2.8,29.6,66,1000.5,36,229,7
2026-07-04T04:34:56.860Z,1,2.8,29.6,66,1000.5,35.9,229,4
2026-07-04T04:35:06.849Z,0.4,1.4,29.6,66,1000.5,35.8,229,1
2026-07-04T04:35:16.848Z,0.6,1.6,29.7,66,1000.5,35.7,229,2
2026-07-04T04:35:26.847Z,1,2,29.7,65.9,1000.5,35.7,229,4
2026-07-04T04:35:36.851Z,1.4,2.4,29.7,65.9,1000.5,35.6,229,5
2026-07-04T04:35:46.851Z,1.4,2.4,29.7,65.9,1000.5,35.6,229,5
2026-07-04T04:35:56.852Z,2,2,29.7,65.9,1000.5,35.5,229,8
2026-07-04T04:36:06.853Z,1,1.8,29.7,65.9,1000.5,35.5,227,4
2026-07-04T04:36:16.849Z,0.4,1.2,29.7,65.9,1000.5,35.4,227,1
2026-07-04T04:36:26.864Z,2,2.4,29.7,65.9,1000.5,35.3,227,8
2026-07-04T04:36:36.854Z,2.6,2.6,29.7,66,1000.5,35.2,227,10
2026-07-04T04:36:46.871Z,3,3,29.7,66,1000.5,35.1,227,12
2026-07-04T04:36:56.855Z,2.2,2.4,29.8,66,1000.5,35,227,9
2026-07-04T04:37:06.864Z,0.4,1.4,29.8,66,1000.5,35,227,1
2026-07-04T04:37:16.855Z,1,1.4,29.8,66,1000.5,34.9,227,4
2026-07-04T04:37:26.849Z,1,1,29.8,66,1000.5,34.9,227,4
2026-07-04T04:37:36.854Z,0,0.2,29.8,65.9,1000.5,34.9,227,0
2026-07-04T04:37:46.856Z,0,0.4,29.8,65.9,1000.5,35,226,0
2026-07-04T04:37:56.854Z,0,0,29.8,65.9,1000.4,35,226,0
2026-07-04T04:38:06.855Z,0,0,29.8,65.8,1000.4,35,226,0
2026-07-04T04:38:16.834Z,0,0.4,29.8,65.8,1000.4,35.1,225,0
2026-07-04T04:38:26.846Z,0,2,29.8,65.7,1000.4,35.2,225,1
2026-07-04T04:38:36.832Z,0,0.6,29.8,65.7,1000.4,35.3,225,0
2026-07-04T04:38:46.841Z,0,0,29.8,65.7,1000.4,35.3,222,0
2026-07-04T04:38:56.833Z,0,0.6,29.8,65.6,1000.4,35.4,222,0
2026-07-04T04:39:06.833Z,1,2,29.8,65.6,1000.4,35.5,222,4
2026-07-04T04:39:16.857Z,0.4,1.4,29.8,65.6,1000.4,35.5,222,1
2026-07-04T04:39:26.850Z,0.4,0.4,29.8,65.6,1000.4,35.6,222,1
2026-07-04T04:39:36.848Z,0.4,0.4,29.8,65.6,1000.4,35.7,222,1
2026-07-04T04:39:46.848Z,0,0,29.8,65.5,1000.4,35.8,221,0
2026-07-04T04:39:56.852Z,0,0,29.8,65.5,1000.4,35.8,221,0
2026-07-04T04:40:06.853Z,0,0.4,29.8,65.5,1000.4,35.9,221,0
2026-07-04T04:40:16.857Z,0.6,2.2,29.8,65.5,1000.4,36,221,2
2026-07-04T04:40:26.859Z,0,2,29.8,65.5,1000.4,36.1,221,1
2026-07-04T04:40:36.853Z,0,2,29.8,65.5,1000.4,36.1,221,1
2026-07-04T04:40:46.864Z,0.4,2.4,29.8,65.4,1000.4,36.2,221,2
2026-07-04T04:40:56.845Z,0,2,29.8,65.4,1000.4,36.2,221,1
2026-07-04T04:41:06.860Z,0.2,3,29.8,65.4,1000.4,36.3,221,2
2026-07-04T04:41:16.847Z,0.8,2.8,29.8,65.3,1000.4,36.3,221,3
2026-07-04T04:41:26.849Z,6.6,7.6,29.8,65.3,1000.4,36.4,221,27
2026-07-04T04:41:36.845Z,10.2,13.6,29.8,65.3,1000.4,36.4,221,42
2026-07-04T04:41:46.844Z,11.2,14.2,29.8,65.3,1000.4,36.5,221,46
2026-07-04T04:41:56.860Z,12.4,14.4,29.8,65.2,1000.4,36.5,221,51
2026-07-04T04:42:06.845Z,10.6,14,29.8,65.2,1000.4,36.6,221,44
2026-07-04T04:42:16.845Z,7.8,12.4,29.8,65.2,1000.4,36.6,221,32
2026-07-04T04:42:26.856Z,7,12.4,29.8,65.1,1000.3,36.6,221,29
2026-07-04T04:42:36.850Z,7.8,12.2,29.8,65.1,1000.3,36.7,221,32
2026-07-04T04:42:46.847Z,6.6,7.8,29.8,65.1,1000.3,36.7,219,27
2026-07-04T04:42:56.863Z,6,7,29.8,65.1,1000.3,36.8,219,25
2026-07-04T04:43:06.851Z,6,6.2,29.8,65.1,1000.3,36.8,219,25
2026-07-04T04:43:16.851Z,5.4,5.4,29.8,65.1,1000.3,36.8,219,22
2026-07-04T04:43:26.857Z,6.8,6.8,29.8,65.1,1000.3,36.8,219,28
2026-07-04T04:43:36.848Z,5,5.8,29.8,65,1000.3,36.8,218,20
2026-07-04T04:43:46.844Z,6,6,29.8,65,1000.3,36.8,218,25
2026-07-04T04:43:56.845Z,4.4,4.4,29.8,65,1000.3,36.8,218,18
2026-07-04T04:44:06.863Z,4,4,29.8,65,1000.3,36.9,218,16
2026-07-04T04:44:16.856Z,3.8,4.4,29.8,65,1000.3,36.9,218,15
2026-07-04T04:44:26.835Z,4.8,6.6,29.8,65,1000.3,36.9,219,20
2026-07-04T04:44:36.834Z,4,6,29.8,65,1000.3,36.8,222,16
2026-07-04T04:44:46.838Z,3,4.4,29.8,65,1000.3,36.8,222,12
2026-07-04T04:44:56.839Z,3.2,3.2,29.8,64.9,1000.3,36.8,222,13
2026-07-04T04:45:06.837Z,4.4,4.4,29.8,64.9,1000.3,36.7,222,18
2026-07-04T04:45:16.845Z,3.4,3.4,29.8,64.9,1000.2,36.7,222,14
2026-07-04T04:45:26.854Z,3,4,29.8,64.9,1000.2,36.7,222,12
2026-07-04T04:45:36.876Z,2.8,3,29.8,64.9,1000.2,36.6,222,11
2026-07-04T04:45:46.847Z,2.6,2.6,29.8,64.9,1000.2,36.6,222,10
2026-07-04T04:45:56.845Z,2.8,3.2,29.8,64.9,1000.2,36.5,223,11
2026-07-04T04:46:06.860Z,3,3,29.9,64.8,1000.2,36.5,224,12
2026-07-04T04:46:16.852Z,4,4,29.9,64.8,1000.2,36.5,224,16
2026-07-04T04:46:26.843Z,2,2.8,29.9,64.8,1000.2,36.4,224,8
2026-07-04T04:46:36.846Z,2.6,2.6,29.9,64.8,1000.2,36.4,224,10
2026-07-04T04:46:46.843Z,2.4,4.6,29.9,64.8,1000.2,36.4,224,10
2026-07-04T04:46:56.844Z,2,3.2,29.9,64.8,1000.2,36.3,224,8
2026-07-04T04:47:06.853Z,3.6,4,29.9,64.8,1000.2,36.3,224,14
2026-07-04T04:47:16.843Z,4,4.6,29.9,64.8,1000.2,36.3,224,16
2026-07-04T04:47:26.841Z,3.8,4.4,29.9,64.8,1000.2,36.3,225,15
2026-07-04T04:47:36.846Z,3.4,3.8,29.9,64.8,1000.2,36.3,225,14
2026-07-04T04:47:46.854Z,2.4,2.4,29.9,64.7,1000.2,36.3,225,10
2026-07-04T04:47:56.848Z,1.6,2.6,29.9,64.7,1000.2,36.3,225,6
2026-07-04T04:48:06.841Z,2.4,3.4,29.9,64.7,1000.2,36.3,225,10
2026-07-04T04:48:16.841Z,1.8,2,29.9,64.7,1000.1,36.3,225,7
2026-07-04T04:48:26.844Z,1.6,2,29.9,64.7,1000.1,36.2,225,6
2026-07-04T04:48:36.841Z,3.4,3.4,29.9,64.7,1000.1,36.2,225,14
2026-07-04T04:48:46.846Z,2,2,29.9,64.7,1000.1,36.2,226,8
2026-07-04T04:48:56.859Z,1.8,2.6,29.9,64.7,1000.1,36.1,226,7
2026-07-04T04:49:06.844Z,2.4,4,29.9,64.7,1000.1,36.1,226,10
2026-07-04T04:49:16.847Z,3.4,4.8,29.9,64.7,1000.1,36,226,14
2026-07-04T04:49:26.848Z,2.4,3.2,29.9,64.7,1000.1,36,227,10
2026-07-04T04:49:36.843Z,4.4,5.2,29.9,64.6,1000.1,36,228,18
2026-07-04T04:49:46.855Z,4.4,5.4,29.9,64.6,1000.1,35.9,228,18
2026-07-04T04:49:56.843Z,4.6,5,29.9,64.6,1000.1,35.9,229,19
2026-07-04T04:50:06.967Z,3.4,4,30,64.6,1000.1,35.8,230,14
2026-07-04T04:50:16.841Z,4,6,30,64.5,1000.1,35.7,230,16
2026-07-04T04:50:26.838Z,3.8,5,30,64.5,1000.1,35.7,230,15
2026-07-04T04:50:36.841Z,4.8,5.4,30,64.5,1000.1,35.6,230,20
2026-07-04T04:50:46.845Z,4.6,4.6,30,64.4,1000.1,35.6,230,19
2026-07-04T04:50:56.844Z,4.4,4.6,30,64.4,1000.1,35.6,230,18
2026-07-04T04:51:06.860Z,4,4.6,30,64.4,1000.1,35.5,230,16
2026-07-04T04:51:16.859Z,3,4.2,30,64.3,1000.1,35.5,230,12
2026-07-04T04:51:26.855Z,4.2,6.4,30,64.3,1000,35.5,230,17
2026-07-04T04:51:36.843Z,5.6,7,30,64.2,1000,35.5,230,23
2026-07-04T04:51:46.847Z,5.2,6.6,30,64.2,1000,35.5,231,21
2026-07-04T04:51:56.841Z,6,8,30,64.2,1000,35.5,231,25
2026-07-04T04:52:06.840Z,7,8,30.1,64.2,1000,35.4,231,29
2026-07-04T04:52:16.846Z,5,5,30.1,64.1,1000,35.4,231,20
2026-07-04T04:52:26.843Z,5.2,6,30.1,64.1,1000,35.3,231,21
2026-07-04T04:52:36.840Z,7,7.4,30.1,64.1,1000,35.3,233,29
2026-07-04T04:52:46.842Z,5.8,6.8,30.1,64,1000,35.2,233,24
2026-07-04T04:52:56.843Z,5.6,5.6,30.1,64,1000,35.1,233,23
2026-07-04T04:53:06.840Z,4.4,4.4,30.1,64,1000,35,233,18
2026-07-04T04:53:16.841Z,4.2,4.2,30.1,64,1000,35,233,17
2026-07-04T04:53:26.839Z,5,5.8,30.1,64,1000,34.9,234,20
2026-07-04T04:53:36.843Z,3,3.4,30.1,64,1000,34.8,234,12
2026-07-04T04:53:46.846Z,4,5.6,30.1,64,1000,34.7,234,16
2026-07-04T04:53:56.840Z,4,5.6,30.1,64,1000,34.6,234,16
2026-07-04T04:54:06.841Z,5.4,6.4,30.1,64,999.9,34.5,234,22
2026-07-04T04:54:16.860Z,5.6,5.8,30.1,64,999.9,34.5,235,23
2026-07-04T04:54:26.844Z,3,4,30.1,64,999.9,34.4,235,12
2026-07-04T04:54:36.838Z,5.4,5.6,30.2,64,999.9,34.3,235,22
2026-07-04T04:54:46.850Z,5.2,5.2,30.2,64,999.9,34.2,235,21
2026-07-04T04:54:56.912Z,5.6,6,30.2,64,999.9,34.1,235,23
2026-07-04T04:55:06.842Z,6,6.2,30.2,64,999.9,34,235,25
2026-07-04T04:55:16.840Z,5,5.4,30.2,63.9,999.9,34,235,20
2026-07-04T04:55:26.847Z,4.4,5.6,30.2,63.9,999.9,33.9,237,18
2026-07-04T04:55:36.838Z,3.2,5.2,30.2,63.9,999.9,33.8,237,13
2026-07-04T04:55:46.836Z,3.2,5.6,30.2,63.8,999.9,33.7,237,13
2026-07-04T04:55:56.848Z,2.8,5.8,30.2,63.8,999.9,33.7,237,11
2026-07-04T04:56:06.840Z,2.4,4.4,30.3,63.8,999.9,33.6,236,10
2026-07-04T04:56:16.839Z,4,5,30.3,63.7,999.9,33.6,235,16
2026-07-04T04:56:26.846Z,4.2,4.2,30.3,63.7,999.9,33.5,235,17
2026-07-04T04:56:36.845Z,4.4,4.6,30.3,63.7,999.9,33.5,236,18
2026-07-04T04:56:46.849Z,4.4,5.2,30.3,63.7,999.9,33.4,235,18
2026-07-04T04:56:56.836Z,3.6,3.8,30.3,63.7,999.9,33.4,236,14
2026-07-04T04:57:06.852Z,3.2,3.8,30.3,63.6,999.8,33.4,235,13
2026-07-04T04:57:16.861Z,2.6,4,30.3,63.6,999.8,33.4,235,10
2026-07-04T04:57:26.840Z,2.6,2.6,30.3,63.6,999.8,33.4,234,10
2026-07-04T04:57:36.838Z,3.4,3.4,30.3,63.6,999.8,33.4,234,14
2026-07-04T04:57:46.841Z,4,4,30.3,63.6,999.8,33.4,234,16
2026-07-04T04:57:56.839Z,3.8,4.8,30.3,63.6,999.8,33.4,234,15
2026-07-04T04:58:06.842Z,7.2,7.6,30.3,63.6,999.8,33.4,234,29
2026-07-04T04:58:16.839Z,9.2,9.2,30.3,63.5,999.8,33.4,234,38
2026-07-04T04:58:26.850Z,14,15.8,30.3,63.5,999.8,33.4,234,54
2026-07-04T04:58:36.842Z,20.2,22.8,30.3,63.5,999.8,33.4,234,68
2026-07-04T04:58:46.847Z,29.2,30.4,30.3,63.5,999.8,33.4,234,86
2026-07-04T04:58:56.839Z,31.6,35,30.3,63.5,999.8,33.3,234,92
2026-07-04T04:59:06.844Z,36,41.6,30.3,63.5,999.8,33.2,234,102
2026-07-04T04:59:16.845Z,39.2,46.4,30.3,63.5,999.8,33.1,235,110
2026-07-04T04:59:26.838Z,41.2,49.8,30.3,63.4,999.8,33,235,115
2026-07-04T04:59:36.836Z,43.2,52,30.3,63.4,999.8,32.9,235,119
2026-07-04T04:59:46.834Z,43.6,52.6,30.3,63.4,999.8,32.8,236,120
2026-07-04T04:59:56.834Z,45,55,30.3,63.4,999.7,32.7,236,124
2026-07-04T05:00:06.838Z,45.8,56.2,30.3,63.4,999.7,32.5,237,126
2026-07-04T05:00:16.856Z,45.4,56.4,30.3,63.4,999.7,32.4,237,125
2026-07-04T05:00:26.833Z,45.8,58.4,30.3,63.4,999.7,32.3,237,126
2026-07-04T05:00:36.833Z,45.8,59.8,30.3,63.4,999.7,32.2,237,126
2026-07-04T05:00:46.833Z,45.8,57.2,30.3,63.4,999.7,32.1,238,126
2026-07-04T05:00:56.835Z,46.4,58.4,30.3,63.5,999.7,32,239,127
2026-07-04T05:01:06.836Z,45.8,57.8,30.3,63.5,999.7,31.8,239,126
2026-07-04T05:01:16.835Z,46,57,30.3,63.5,999.7,31.7,239,126
2026-07-04T05:01:26.835Z,45.4,56,30.3,63.5,999.7,31.6,239,125
2026-07-04T05:01:36.834Z,45.6,55.8,30.3,63.5,999.7,31.6,239,125
2026-07-04T05:01:46.838Z,45,56.8,30.3,63.5,999.7,31.5,239,124
2026-07-04T05:01:56.835Z,45.6,56.8,30.3,63.5,999.7,31.4,240,125
2026-07-04T05:02:06.839Z,45.6,57.6,30.3,63.6,999.7,31.3,240,125
2026-07-04T05:02:16.824Z,48,61.2,30.3,63.6,999.7,31.3,240,131
2026-07-04T05:02:26.828Z,50.2,63.6,30.3,63.6,999.7,31.2,240,137
2026-07-04T05:02:36.833Z,52,67.2,30.3,63.6,999.7,31,240,141
2026-07-04T05:02:46.828Z,54.4,69.6,30.3,63.6,999.6,31,240,147
2026-07-04T05:02:56.856Z,56.8,70.4,30.2,63.6,999.6,30.8,240,151
2026-07-04T05:03:06.834Z,64.8,74.8,30.2,63.7,999.6,30.7,240,155
2026-07-04T05:03:16.833Z,71.2,77.6,30.2,63.7,999.6,30.5,240,159
2026-07-04T05:03:26.841Z,70.8,78.8,30.2,63.7,999.6,30.4,240,158
2026-07-04T05:03:36.833Z,70.8,78.6,30.2,63.7,999.6,30.2,240,158
2026-07-04T05:03:46.841Z,72,79.4,30.2,63.8,999.6,30,241,159
2026-07-04T05:03:56.837Z,74,81.4,30.2,63.8,999.6,29.9,241,160
2026-07-04T05:04:06.845Z,70.2,77.8,30.2,63.8,999.6,29.7,243,158
2026-07-04T05:04:16.834Z,71.8,79.6,30.2,63.8,999.6,29.6,243,159
2026-07-04T05:04:26.840Z,73.4,82.4,30.2,63.8,999.6,29.5,244,160
2026-07-04T05:04:36.832Z,79.6,87.6,30.2,63.8,999.6,29.3,245,163
2026-07-04T05:04:46.847Z,87.8,97.2,30.2,63.8,999.6,29.1,245,167
2026-07-04T05:04:56.831Z,97.2,108.4,30.2,63.8,999.6,29,245,172
2026-07-04T05:05:06.837Z,112,123.4,30.2,63.8,999.6,28.8,246,180
2026-07-04T05:05:16.836Z,132,149,30.2,63.8,999.6,28.5,247,190
2026-07-04T05:05:26.843Z,146.2,165.4,30.3,63.8,999.5,28.3,248,197
2026-07-04T05:05:36.830Z,145.4,165,30.3,63.8,999.5,28.1,247,197
2026-07-04T05:05:46.836Z,148.4,168.2,30.3,63.7,999.5,28,247,198
2026-07-04T05:05:56.837Z,156.8,178.8,30.3,63.7,999.5,27.8,247,207
2026-07-04T05:06:06.833Z,152.8,175.6,30.3,63.6,999.5,27.5,247,203
2026-07-04T05:06:16.825Z,159,183.2,30.3,63.6,999.5,27.3,248,209
2026-07-04T05:06:26.831Z,157.6,183,30.3,63.5,999.5,27.1,248,208
2026-07-04T05:06:36.825Z,150.8,171.6,30.4,63.5,999.5,26.9,247,201
2026-07-04T05:06:46.830Z,147.4,170,30.4,63.5,999.5,26.8,247,198
2026-07-04T05:06:56.832Z,151.6,174.2,30.4,63.4,999.5,26.6,248,202
2026-07-04T05:07:06.827Z,143.2,162.8,30.4,63.4,999.5,26.4,247,196
2026-07-04T05:07:16.833Z,136.4,152.2,30.4,63.4,999.5,26.3,247,192
2026-07-04T05:07:26.861Z,126.8,142.8,30.4,63.4,999.5,26.2,247,187
2026-07-04T05:07:36.831Z,113.4,125.8,30.4,63.4,999.5,26.1,247,180
2026-07-04T05:07:46.834Z,100,115,30.4,63.4,999.5,26.1,247,173
2026-07-04T05:07:56.884Z,99,113.8,30.4,63.4,999.4,26,247,173
2026-07-04T05:08:06.831Z,98.4,111,30.4,63.4,999.4,26,247,173
2026-07-04T05:08:16.828Z,94.6,107.4,30.4,63.4,999.4,25.9,245,171
2026-07-04T05:08:26.826Z,90.6,102,30.4,63.4,999.4,25.9,247,169
2026-07-04T05:08:36.835Z,79.6,88.8,30.4,63.4,999.4,25.9,247,163
2026-07-04T05:08:46.828Z,74.6,83.8,30.4,63.4,999.4,26,247,160
2026-07-04T05:08:56.839Z,71.8,85.6,30.4,63.4,999.4,26,247,159
2026-07-04T05:09:06.827Z,72.2,87.2,30.4,63.4,999.4,26,245,159
2026-07-04T05:09:16.827Z,69.2,81.6,30.4,63.4,999.4,26,245,158
2026-07-04T05:09:26.824Z,63,76.2,30.4,63.3,999.4,26,245,154
2026-07-04T05:09:36.838Z,64.2,75.6,30.4,63.3,999.4,26,245,155
2026-07-04T05:09:46.829Z,64,75.4,30.4,63.3,999.4,25.9,245,155
2026-07-04T05:09:56.841Z,59.8,72.2,30.4,63.3,999.4,25.8,247,153
2026-07-04T05:10:06.827Z,60,73,30.4,63.3,999.4,25.7,247,153
2026-07-04T05:10:16.833Z,56.8,71.2,30.4,63.3,999.4,25.5,247,151
2026-07-04T05:10:26.831Z,56.2,71.4,30.4,63.4,999.4,25.4,247,151
2026-07-04T05:10:36.830Z,53,68.8,30.4,63.3,999.4,25.3,247,144
2026-07-04T05:10:46.835Z,49.4,63.8,30.4,63.3,999.4,25.2,247,135
2026-07-04T05:10:56.850Z,49,63,30.4,63.3,999.4,25.1,247,134
2026-07-04T05:11:06.835Z,49.6,64.6,30.4,63.3,999.4,25,247,135
2026-07-04T05:11:16.853Z,47.6,61.8,30.4,63.3,999.4,25,247,130
2026-07-04T05:11:26.828Z,45,57,30.4,63.3,999.4,25,247,124
2026-07-04T05:11:36.841Z,45.4,57.2,30.4,63.3,999.4,25,247,125
2026-07-04T05:11:46.828Z,43.8,54.4,30.4,63.3,999.4,24.9,245,121
2026-07-04T05:11:56.828Z,44,54.4,30.4,63.3,999.4,24.9,245,121
2026-07-04T05:12:06.831Z,43.4,53.6,30.4,63.4,999.4,24.9,244,120
2026-07-04T05:12:16.831Z,41,52.8,30.4,63.4,999.4,24.9,244,114
2026-07-04T05:12:26.824Z,38.6,51.4,30.4,63.4,999.4,24.9,244,108
2026-07-04T05:12:36.824Z,40.2,52.4,30.4,63.4,999.4,25,244,112
2026-07-04T05:12:46.825Z,39.2,49.4,30.4,63.4,999.4,25,243,110
2026-07-04T05:12:56.828Z,38,48.2,30.4,63.5,999.4,25.1,243,107
2026-07-04T05:13:06.824Z,35,44.2,30.4,63.5,999.4,25.1,243,99
2026-07-04T05:13:16.833Z,35.8,44.8,30.4,63.5,999.3,25.2,243,101
2026-07-04T05:13:26.829Z,33,41,30.4,63.5,999.3,25.2,243,94
2026-07-04T05:13:36.831Z,33,42.4,30.4,63.6,999.3,25.3,243,94
2026-07-04T05:13:46.849Z,35.4,44.4,30.4,63.6,999.3,25.4,243,100
2026-07-04T05:13:56.839Z,35.4,42.4,30.4,63.6,999.3,25.4,243,100
2026-07-04T05:14:06.838Z,35.6,44.8,30.4,63.7,999.3,25.5,243,101
2026-07-04T05:14:16.827Z,35.6,44.6,30.3,63.7,999.3,25.5,243,101
2026-07-04T05:14:26.827Z,35,45,30.3,63.7,999.3,25.6,243,99
2026-07-04T05:14:36.839Z,35.4,44.6,30.3,63.7,999.3,25.6,243,100
2026-07-04T05:14:46.832Z,35.8,44.6,30.3,63.7,999.3,25.7,243,101
2026-07-04T05:14:56.834Z,33.6,42.4,30.3,63.8,999.3,25.7,243,96
2026-07-04T05:15:06.831Z,33.6,41,30.3,63.8,999.3,25.7,243,96
2026-07-04T05:15:16.823Z,32.8,40.2,30.3,63.8,999.3,25.7,243,94
2026-07-04T05:15:26.828Z,33,40.8,30.3,63.8,999.3,25.7,243,94
2026-07-04T05:15:36.832Z,34,44,30.4,63.8,999.3,25.7,243,97
2026-07-04T05:15:46.825Z,33.8,43.4,30.4,63.9,999.3,25.7,243,96
2026-07-04T05:15:56.841Z,32.2,38.8,30.4,63.9,999.3,25.7,244,93
2026-07-04T05:16:06.822Z,31.4,38.2,30.4,63.9,999.3,25.7,245,91
2026-07-04T05:16:16.827Z,32,36.4,30.4,63.9,999.3,25.6,245,92
2026-07-04T05:16:26.829Z,29,32.8,30.4,63.9,999.3,25.6,245,86
2026-07-04T05:16:36.838Z,28.6,31.2,30.4,64,999.3,25.6,246,85
2026-07-04T05:16:46.827Z,26.4,30,30.4,64,999.3,25.6,246,81
2026-07-04T05:16:56.826Z,28,33,30.4,64.1,999.3,25.5,246,84
2026-07-04T05:17:06.855Z,28.4,32.4,30.4,64.1,999.3,25.5,246,85
2026-07-04T05:17:16.826Z,28,32,30.4,64.1,999.3,25.5,246,84
2026-07-04T05:17:26.830Z,30.4,34.6,30.4,64.2,999.3,25.5,246,89
2026-07-04T05:17:36.831Z,29.8,33.2,30.4,64.3,999.3,25.5,246,88
2026-07-04T05:17:46.834Z,29.6,33.6,30.4,64.3,999.3,25.5,246,87
2026-07-04T05:17:56.827Z,26,32,30.4,64.3,999.3,25.5,246,80
2026-07-04T05:18:06.830Z,28,31.8,30.4,64.4,999.3,25.5,246,84
2026-07-04T05:18:16.851Z,29.2,33.2,30.4,64.5,999.3,25.5,246,86
2026-07-04T05:18:26.835Z,28.6,31.6,30.4,64.5,999.3,25.5,246,85
2026-07-04T05:18:36.817Z,29.4,33.4,30.4,64.5,999.3,25.5,246,87
2026-07-04T05:18:46.821Z,26.8,29.8,30.4,64.5,999.3,25.6,245,81
2026-07-04T05:18:56.822Z,23,25.6,30.4,64.5,999.3,25.7,245,73
2026-07-04T05:19:06.819Z,20.4,21.4,30.4,64.4,999.3,25.8,245,68
2026-07-04T05:19:16.839Z,18.2,20,30.4,64.4,999.3,25.9,245,63
2026-07-04T05:19:26.840Z,20.6,23.4,30.4,64.5,999.3,26,244,68
2026-07-04T05:19:36.825Z,19.8,22.4,30.4,64.5,999.3,26.1,241,67
2026-07-04T05:19:46.837Z,18.6,20,30.4,64.5,999.3,26.1,241,64
2026-07-04T05:19:56.819Z,16,20,30.4,64.5,999.3,26.2,240,59
2026-07-04T05:20:06.842Z,18,20.6,30.4,64.4,999.3,26.3,240,63
2026-07-04T05:20:16.825Z,17.8,19.8,30.4,64.4,999.3,26.4,240,62
2026-07-04T05:20:26.831Z,18.6,19.8,30.4,64.4,999.3,26.5,240,64
2026-07-04T05:20:36.843Z,16.8,17.2,30.4,64.4,999.3,26.6,240,60
2026-07-04T05:20:46.835Z,14.6,14.8,30.4,64.4,999.3,26.7,240,56
2026-07-04T05:20:56.836Z,13.2,14.6,30.4,64.3,999.3,26.7,240,53
2026-07-04T05:21:06.861Z,14,16,30.4,64.3,999.3,26.8,240,54
2026-07-04T05:21:16.825Z,12.2,15.4,30.4,64.3,999.3,26.8,240,51
2026-07-04T05:21:26.865Z,10.2,14.6,30.4,64.3,999.3,26.9,240,42
2026-07-04T05:21:36.831Z,11.2,15.6,30.4,64.3,999.3,26.9,240,46
2026-07-04T05:21:46.832Z,10,16,30.4,64.3,999.3,26.9,240,41
2026-07-04T05:21:56.825Z,10,15,30.4,64.2,999.3,27,240,41
2026-07-04T05:22:06.918Z,9.4,13,30.4,64.2,999.3,27,240,39
2026-07-04T05:22:16.821Z,9.2,10.2,30.4,64.2,999.3,27.1,240,38
2026-07-04T05:22:26.820Z,9.4,9.8,30.4,64.2,999.3,27.1,239,39
2026-07-04T05:22:36.822Z,8.4,9.4,30.4,64.2,999.3,27.1,239,34
2026-07-04T05:22:46.825Z,9,10.4,30.4,64.1,999.3,27.2,238,37
2026-07-04T05:22:56.823Z,6.8,8.6,30.5,64.1,999.3,27.2,238,28
2026-07-04T05:23:06.833Z,5.6,7,30.5,64.1,999.3,27.3,238,23
2026-07-04T05:23:16.828Z,4,5,30.5,64,999.3,27.3,238,16
2026-07-04T05:23:26.824Z,8.2,9.6,30.5,64,999.3,27.4,237,34
2026-07-04T05:23:36.826Z,10,13.4,30.5,63.9,999.3,27.4,237,41
2026-07-04T05:23:46.825Z,7.4,12.8,30.5,63.9,999.3,27.5,237,30
2026-07-04T05:23:56.824Z,6.8,10,30.5,63.9,999.3,27.6,237,28
2026-07-04T05:24:06.824Z,6.4,8,30.5,63.8,999.3,27.6,234,26
2026-07-04T05:24:16.817Z,6.4,6.8,30.5,63.8,999.3,27.7,234,26
2026-07-04T05:24:26.815Z,6,6,30.5,63.8,999.3,27.7,234,25
2026-07-04T05:24:36.860Z,5.2,5.8,30.5,63.8,999.3,27.8,233,21
2026-07-04T05:24:46.819Z,5,6,30.5,63.7,999.3,27.8,233,20
2026-07-04T05:24:56.819Z,4,6,30.5,63.7,999.3,27.9,233,16
2026-07-04T05:25:06.815Z,4.4,5.4,30.5,63.7,999.3,28,232,18
2026-07-04T05:25:16.815Z,4.4,5.4,30.5,63.6,999.3,28.1,231,18
2026-07-04T05:25:26.815Z,4.8,4.8,30.5,63.6,999.3,28.1,231,20
2026-07-04T05:25:36.814Z,3.4,3.4,30.5,63.5,999.3,28.2,230,14
2026-07-04T05:25:46.838Z,3.4,3.4,30.5,63.5,999.3,28.3,230,14
2026-07-04T05:25:56.977Z,3.4,3.6,30.5,63.4,999.3,28.4,230,14
2026-07-04T05:26:06.815Z,4.4,6,30.5,63.3,999.3,28.5,229,18
2026-07-04T05:26:16.822Z,3.6,5.6,30.5,63.2,999.3,28.5,229,14
2026-07-04T05:26:26.823Z,3.6,4.8,30.5,63.1,999.2,28.6,227,14
2026-07-04T05:26:36.819Z,4.4,4.6,30.6,63,999.2,28.7,227,18
2026-07-04T05:26:46.820Z,3.6,4.4,30.6,62.9,999.2,28.8,226,14
2026-07-04T05:26:56.822Z,2.2,3.2,30.6,62.9,999.2,28.9,226,9
2026-07-04T05:27:06.824Z,2.6,3.6,30.6,62.8,999.2,29,226,10
2026-07-04T05:27:16.807Z,1.2,1.2,30.6,62.7,999.2,29.1,226,5
2026-07-04T05:27:26.819Z,2.6,2.6,30.6,62.7,999.2,29.1,226,10
2026-07-04T05:27:36.814Z,3.4,3.8,30.6,62.7,999.2,29.2,225,14
2026-07-04T05:27:46.813Z,4.8,4.8,30.6,62.7,999.2,29.2,224,20
2026-07-04T05:27:56.806Z,4.4,4.4,30.6,62.7,999.2,29.3,224,18
2026-07-04T05:28:06.806Z,3.6,3.6,30.6,62.7,999.2,29.3,224,14
2026-07-04T05:28:16.819Z,3.4,3.6,30.6,62.7,999.2,29.4,224,14
2026-07-04T05:28:26.823Z,3.8,3.8,30.6,62.8,999.2,29.4,224,15
2026-07-04T05:28:36.852Z,2.8,2.8,30.6,62.8,999.2,29.5,224,11
2026-07-04T05:28:46.921Z,3.2,3.2,30.6,62.8,999.2,29.5,224,13
2026-07-04T05:28:56.823Z,2.6,3.6,30.6,62.8,999.2,29.5,224,10
2026-07-04T05:29:06.824Z,1.6,2.6,30.6,62.8,999.2,29.6,224,6
2026-07-04T05:29:16.827Z,3,3,30.6,62.8,999.2,29.6,224,12
2026-07-04T05:29:26.818Z,2.8,2.8,30.6,62.8,999.1,29.6,224,11
2026-07-04T05:29:36.819Z,4,4.4,30.6,62.9,999.1,29.6,225,16
2026-07-04T05:29:46.817Z,2.6,4.2,30.6,62.9,999.1,29.7,226,10
2026-07-04T05:29:56.828Z,2,2,30.6,62.9,999.1,29.7,227,8
2026-07-04T05:30:06.821Z,2.4,3,30.6,62.9,999.1,29.7,227,10
2026-07-04T05:30:16.824Z,3.4,3.8,30.6,62.9,999.1,29.7,227,14
2026-07-04T05:30:26.821Z,2.4,2.6,30.6,63,999.1,29.6,227,10
2026-07-04T05:30:36.819Z,1.6,1.6,30.6,63,999.1,29.6,227,6
2026-07-04T05:30:46.825Z,1.4,2.4,30.6,63,999.1,29.6,227,5
2026-07-04T05:30:56.826Z,2,3,30.6,63,999.1,29.6,228,8
2026-07-04T05:31:06.818Z,2.6,3,30.6,63,999.1,29.6,227,10
2026-07-04T05:31:16.818Z,2.2,3.6,30.6,63,999.1,29.6,227,9
2026-07-04T05:31:26.823Z,2.6,2.6,30.6,63,999.1,29.7,229,10
2026-07-04T05:31:36.825Z,1.4,1.4,30.6,63.1,999.1,29.7,230,5
2026-07-04T05:31:46.813Z,1,1.8,30.6,63.1,999.1,29.7,230,4
2026-07-04T05:31:56.811Z,2.2,2.2,30.6,63.1,999.1,29.7,230,9
2026-07-04T05:32:06.813Z,4.4,4.4,30.6,63.1,999.1,29.6,230,18
2026-07-04T05:32:16.813Z,4.8,4.8,30.6,63.2,999.1,29.6,230,20
2026-07-04T05:32:26.810Z,4.4,4.6,30.6,63.2,999.1,29.6,230,18
2026-07-04T05:32:36.811Z,2.4,2.4,30.6,63.2,999.1,29.6,230,10
2026-07-04T05:32:46.809Z,3.4,3.4,30.6,63.3,999.1,29.6,230,14
2026-07-04T05:32:56.806Z,3.2,3.2,30.6,63.3,999.1,29.5,230,13
2026-07-04T05:33:06.806Z,3.2,3.2,30.6,63.3,999.1,29.5,231,13
2026-07-04T05:33:16.812Z,3.2,4,30.6,63.3,999.1,29.5,231,13
2026-07-04T05:33:26.810Z,4.4,5.4,30.6,63.4,999.1,29.4,233,18
2026-07-04T05:33:36.811Z,3.4,4.4,30.6,63.4,999.1,29.4,233,14
2026-07-04T05:33:46.811Z,4.4,4.8,30.6,63.4,999.1,29.4,233,18
2026-07-04T05:33:56.810Z,2,3,30.6,63.5,999.1,29.4,233,8
2026-07-04T05:34:06.816Z,2.8,4.4,30.6,63.5,999.1,29.4,233,11
2026-07-04T05:34:16.837Z,3.8,3.8,30.6,63.6,999.1,29.4,233,15
2026-07-04T05:34:26.828Z,1.8,3,30.6,63.6,999.1,29.4,233,7
2026-07-04T05:34:36.815Z,1.6,3.6,30.6,63.7,999.1,29.5,233,6
2026-07-04T05:34:46.830Z,3,3.2,30.6,63.7,999.1,29.5,233,12
2026-07-04T05:34:56.819Z,2.4,3.8,30.6,63.8,999.1,29.5,233,10
2026-07-04T05:35:06.817Z,2.8,4.2,30.6,63.8,999.1,29.4,231,11
2026-07-04T05:35:16.809Z,2.6,3.6,30.6,63.8,999.1,29.4,231,10
2026-07-04T05:35:26.811Z,2.4,3.4,30.6,63.8,999.1,29.3,231,10
2026-07-04T05:35:36.812Z,3.2,4.8,30.6,63.7,999.1,29.3,230,13
2026-07-04T05:35:46.814Z,4,5,30.6,63.7,999.1,29.2,230,16
2026-07-04T05:35:56.807Z,3.6,4.6,30.7,63.7,999.1,29.1,230,14
2026-07-04T05:36:06.826Z,3,3,30.7,63.6,999.1,29,230,12
2026-07-04T05:36:16.820Z,4,5,30.7,63.6,999.1,29,230,16
2026-07-04T05:36:26.812Z,3.8,4.6,30.7,63.6,999.1,29,229,15
2026-07-04T05:36:36.813Z,4.6,6,30.7,63.6,999.1,28.9,229,19
2026-07-04T05:36:46.824Z,4,5.6,30.7,63.6,999.1,28.8,228,16
2026-07-04T05:36:56.816Z,5,6,30.7,63.6,999.1,28.8,227,20
2026-07-04T05:37:06.818Z,4.2,5,30.7,63.6,999.1,28.8,227,17
2026-07-04T05:37:16.818Z,4,5.8,30.7,63.6,999.1,28.8,226,16
2026-07-04T05:37:26.814Z,5,6.2,30.7,63.6,999.1,28.8,226,20
2026-07-04T05:37:36.825Z,4.8,4.8,30.7,63.6,999.1,28.8,225,20
2026-07-04T05:37:46.814Z,6.2,6.8,30.7,63.6,999.1,28.8,225,25
2026-07-04T05:37:56.822Z,4.4,5.4,30.7,63.6,999.1,28.8,225,18
2026-07-04T05:38:06.823Z,4.2,4.4,30.7,63.6,999.1,28.7,225,17
2026-07-04T05:38:16.821Z,4.6,4.6,30.7,63.6,999.1,28.7,225,19
2026-07-04T05:38:26.816Z,4.6,5.8,30.7,63.5,999.1,28.7,225,19
2026-07-04T05:38:36.816Z,5.2,6.4,30.7,63.5,999.1,28.7,225,21
2026-07-04T05:38:46.813Z,6.4,7,30.7,63.5,999.1,28.7,225,26
2026-07-04T05:38:56.823Z,4.6,6.6,30.7,63.5,999.1,28.7,225,19
2026-07-04T05:39:06.814Z,3.8,5.8,30.7,63.5,999.1,28.7,224,15
2026-07-04T05:39:16.814Z,4,4,30.7,63.4,999.1,28.7,224,16
2026-07-04T05:39:26.830Z,5,5,30.7,63.4,999.1,28.7,224,20
2026-07-04T05:39:36.821Z,4.6,4.6,30.7,63.4,999.1,28.7,224,19
2026-07-04T05:39:46.821Z,3.2,4.4,30.7,63.3,999.1,28.7,224,13
2026-07-04T05:39:56.811Z,2.8,5.8,30.7,63.3,999.1,28.7,224,11
2026-07-04T05:40:06.819Z,2.6,3,30.7,63.2,999.1,28.7,223,10
2026-07-04T05:40:16.827Z,3,3.2,30.7,63.2,999.1,28.7,223,12
2026-07-04T05:40:26.826Z,3.8,4.8,30.7,63.2,999.1,28.7,222,15
2026-07-04T05:40:36.817Z,3.6,4.6,30.7,63.1,999.1,28.7,221,14
2026-07-04T05:40:46.815Z,2,2.8,30.7,63.1,999.1,28.7,221,8
2026-07-04T05:40:56.819Z,2.4,2.4,30.8,63.1,999,28.7,219,10
2026-07-04T05:41:06.829Z,1.6,1.6,30.8,63,999,28.8,218,6
2026-07-04T05:41:16.819Z,2,2,30.8,63,999,28.8,219,8
2026-07-04T05:41:26.814Z,4,4,30.8,63,999,28.8,218,16
2026-07-04T05:41:36.835Z,4,4,30.8,62.9,999,28.8,218,16
2026-07-04T05:41:46.813Z,4,4.4,30.8,62.9,999,28.8,218,16
2026-07-04T05:41:56.913Z,2.6,2.8,30.8,62.9,999,28.8,217,10
2026-07-04T05:42:06.812Z,2.6,2.6,30.8,62.9,999,28.8,218,10
2026-07-04T05:42:16.814Z,3.2,3.2,30.8,62.8,999,28.8,218,13
2026-07-04T05:42:26.808Z,3.4,4.2,30.8,62.8,999,28.8,217,14
2026-07-04T05:42:36.812Z,4,4.8,30.8,62.8,999,28.8,217,16
2026-07-04T05:42:46.807Z,4,4,30.8,62.8,999,28.8,217,16
2026-07-04T05:42:56.811Z,5,5,30.8,62.8,999,28.7,217,20
2026-07-04T05:43:06.807Z,5.4,5.4,30.8,62.7,999,28.7,217,22
2026-07-04T05:43:16.825Z,5,5,30.8,62.6,999,28.8,217,20
2026-07-04T05:43:26.824Z,4.4,4.4,30.9,62.5,999,28.8,217,18
2026-07-04T05:43:36.852Z,3.6,3.6,30.9,62.5,999,28.8,217,14
2026-07-04T05:43:46.822Z,3.4,3.4,30.9,62.4,999,28.8,217,14
2026-07-04T05:43:56.820Z,4.2,5,30.9,62.4,999,28.8,217,17
2026-07-04T05:44:06.834Z,3.4,5,30.9,62.4,999,28.8,217,14
2026-07-04T05:44:16.821Z,3.6,4.8,30.9,62.4,999,28.8,217,14
2026-07-04T05:44:26.812Z,3.2,4.6,30.9,62.4,999,28.8,218,13
2026-07-04T05:44:36.810Z,4.4,4.4,30.9,62.4,999,28.8,217,18
2026-07-04T05:44:46.815Z,3.8,4.2,30.9,62.4,999,28.8,218,15
2026-07-04T05:44:56.826Z,2.4,3.4,30.9,62.4,999,28.7,218,10
2026-07-04T05:45:06.817Z,3,4,30.9,62.5,999,28.7,218,12
2026-07-04T05:45:16.799Z,2.2,3.2,31,62.5,999,28.7,219,9
2026-07-04T05:45:26.804Z,3.4,3.6,31,62.5,999,28.7,219,14
2026-07-04T05:45:36.810Z,4.6,4.6,31,62.5,999,28.7,219,19
2026-07-04T05:45:46.801Z,2.8,3.4,31,62.5,999,28.7,220,11
2026-07-04T05:45:56.807Z,4,5,31,62.5,999,28.7,221,16
2026-07-04T05:46:06.798Z,4,5,31,62.6,999,28.6,221,16
2026-07-04T05:46:16.803Z,3,3,31,62.6,999,28.6,222,12
2026-07-04T05:46:26.809Z,3.6,3.6,31,62.6,999,28.6,222,14
2026-07-04T05:46:36.802Z,2.4,2.4,31,62.6,999,28.5,222,10
2026-07-04T05:46:46.805Z,2.8,2.8,31,62.6,999,28.5,222,11
2026-07-04T05:46:56.820Z,2.8,3.6,31,62.6,999,28.4,223,11
2026-07-04T05:47:06.802Z,2.4,2.4,31,62.6,999,28.4,224,10
2026-07-04T05:47:16.819Z,3,3,31,62.7,999,28.3,224,12
2026-07-04T05:47:26.818Z,2,2,31,62.7,999,28.3,224,8
2026-07-04T05:47:36.816Z,2,2,31,62.8,999,28.2,224,8
2026-07-04T05:47:46.812Z,1.8,2,31,62.8,999,28.2,225,7
2026-07-04T05:47:56.818Z,2.4,3.4,30.9,62.8,999,28.2,225,10
2026-07-04T05:48:06.823Z,3.4,4,30.9,62.9,999,28.1,225,14
2026-07-04T05:48:16.816Z,3,3,30.9,62.9,999,28.1,225,12
2026-07-04T05:48:26.820Z,3,3,30.9,63,999,28,225,12
2026-07-04T05:48:36.818Z,2.4,3.4,30.9,63,999,28,226,10
2026-07-04T05:48:46.813Z,3.8,4,30.9,63,999,27.9,226,15
2026-07-04T05:48:56.853Z,2,3,30.9,63.1,999,27.9,226,8
2026-07-04T05:49:06.819Z,2.2,3.2,30.9,63.1,999,27.8,227,9
2026-07-04T05:49:16.806Z,2.2,3.2,30.9,63.1,999,27.8,227,9
2026-07-04T05:49:26.814Z,2.6,2.6,30.9,63.1,999,27.7,227,10
2026-07-04T05:49:36.833Z,2.4,2.8,30.9,63.2,999,27.6,227,10
2026-07-04T05:49:46.816Z,3.6,4.4,30.9,63.2,999,27.6,227,14
2026-07-04T05:49:56.807Z,2.4,3.2,30.9,63.2,999,27.5,227,10
2026-07-04T05:50:06.808Z,2.2,3.2,30.9,63.2,999,27.5,227,9
2026-07-04T05:50:16.806Z,3.8,4,30.9,63.2,999,27.4,227,15
2026-07-04T05:50:26.809Z,2.4,2.4,30.9,63.2,999,27.4,227,10
2026-07-04T05:50:36.815Z,4,4,30.9,63.2,999,27.4,226,16
2026-07-04T05:50:46.811Z,3,3,30.9,63.3,999,27.3,227,12
2026-07-04T05:50:56.808Z,1.6,1.6,30.9,63.3,999,27.3,227,6
2026-07-04T05:51:06.807Z,2.8,3,30.9,63.3,999,27.3,227,11
2026-07-04T05:51:16.808Z,3.6,4.4,30.9,63.3,999,27.2,227,14
2026-07-04T05:51:26.808Z,3.2,4,30.9,63.3,999,27.2,227,13
2026-07-04T05:51:36.813Z,3.8,4,30.9,63.3,999,27.2,227,15
2026-07-04T05:51:46.807Z,3.4,4,30.9,63.3,999,27.1,227,14
2026-07-04T05:51:56.801Z,2.8,3,30.9,63.4,999,27.1,227,11
2026-07-04T05:52:06.804Z,2.4,2.4,30.9,63.4,999,27.1,229,10
2026-07-04T05:52:16.800Z,2.4,2.4,30.9,63.4,999,27.1,229,10
2026-07-04T05:52:26.810Z,2.6,2.6,30.9,63.4,999,27.1,229,10
2026-07-04T05:52:36.809Z,3.8,3.8,30.9,63.4,999,27.1,229,15
2026-07-04T05:52:46.802Z,2.6,2.8,30.9,63.4,999,27.1,229,10
2026-07-04T05:52:56.803Z,3.4,4.4,30.9,63.4,999,27,229,14
2026-07-04T05:53:06.813Z,1.8,2.4,30.8,63.4,999,27,229,7
2026-07-04T05:53:16.802Z,1.6,1.6,30.8,63.4,999,27,229,6
2026-07-04T05:53:26.868Z,1.6,1.6,30.8,63.4,999,26.9,229,6
2026-07-04T05:53:36.815Z,2.8,4,30.8,63.4,999,26.9,230,11
2026-07-04T05:53:46.808Z,2.4,3.4,30.8,63.4,999,26.9,229,10
2026-07-04T05:53:56.812Z,2.8,3.2,30.8,63.4,999,26.9,229,11
2026-07-04T05:54:06.840Z,3.2,3.2,30.8,63.5,999,26.9,229,13
2026-07-04T05:54:16.815Z,3,3,30.8,63.5,999,26.9,229,12
2026-07-04T05:54:26.802Z,3,3,30.8,63.5,999,26.9,229,12
2026-07-04T05:54:36.806Z,2.6,2.6,30.8,63.5,999,26.9,230,10
2026-07-04T05:54:46.836Z,2.4,2.4,30.8,63.5,999,26.9,230,10
2026-07-04T05:54:56.813Z,3,4,30.8,63.5,999,26.8,230,12
2026-07-04T05:55:06.813Z,3,4.4,30.8,63.5,999,26.8,230,12
2026-07-04T05:55:16.809Z,2.4,4,30.8,63.5,999,26.8,230,10
2026-07-04T05:55:26.824Z,3,3.6,30.8,63.5,999,26.8,230,12
2026-07-04T05:55:36.823Z,1.8,1.8,30.8,63.4,999,26.7,230,7
2026-07-04T05:55:46.808Z,2,2,30.8,63.4,999,26.7,231,8
2026-07-04T05:55:56.807Z,2.6,2.6,30.9,63.4,999,26.7,233,10
2026-07-04T05:56:06.806Z,2.4,2.4,30.9,63.4,999,26.7,233,10
2026-07-04T05:56:16.825Z,2.6,2.6,30.9,63.4,999,26.7,233,10
2026-07-04T05:56:26.993Z,2.2,2.2,30.9,63.4,999,26.7,233,9
2026-07-04T05:56:36.813Z,3.6,3.6,30.9,63.4,999,26.7,233,14
2026-07-04T05:56:46.823Z,2.4,2.4,30.9,63.4,999,26.7,234,10
2026-07-04T05:56:56.811Z,2.4,2.4,30.9,63.4,999,26.7,234,10
2026-07-04T05:57:06.814Z,2,2,30.9,63.4,999,26.7,234,8
2026-07-04T05:57:16.804Z,2,2,30.9,63.4,999,26.7,233,8
2026-07-04T05:57:28.522Z,2.6,2.6,30.9,63.4,999,26.6,233,10
2026-07-04T05:57:36.805Z,2.4,2.4,30.9,63.3,999,26.6,231,10
2026-07-04T05:57:46.804Z,2.4,3.4,30.9,63.3,999,26.6,231,10
2026-07-04T05:57:56.807Z,1.2,2.2,30.9,63.3,999,26.6,231,5
2026-07-04T05:58:06.805Z,2,3,30.9,63.3,999,26.6,231,8
2026-07-04T05:58:16.814Z,2,2.8,30.9,63.3,999,26.5,231,8
2026-07-04T05:58:26.797Z,4,4,30.9,63.3,999,26.5,231,16
2026-07-04T05:58:36.840Z,3,3,30.9,63.3,999,26.5,231,12
2026-07-04T05:58:46.796Z,3.6,4.4,30.9,63.4,999,26.5,231,14
2026-07-04T05:58:56.830Z,3.8,3.8,30.9,63.4,999,26.5,231,15
2026-07-04T05:59:06.796Z,4,4,30.9,63.4,999,26.5,231,16
2026-07-04T05:59:16.791Z,3,3,30.9,63.4,999,26.5,233,12
2026-07-04T05:59:26.805Z,2.8,2.8,30.9,63.5,999,26.5,234,11
2026-07-04T05:59:36.809Z,3,3,30.9,63.5,999,26.5,234,12
2026-07-04T05:59:46.806Z,2.6,2.6,30.9,63.5,999,26.5,235,10
2026-07-04T05:59:56.818Z,1.8,1.8,30.9,63.5,999,26.5,234,7
2026-07-04T06:00:06.805Z,0.6,0.6,30.9,63.5,999,26.5,234,2
2026-07-04T06:00:16.807Z,2,2,30.9,63.5,999,26.5,234,8
2026-07-04T06:00:26.808Z,3,3,30.9,63.5,999,26.5,235,12
2026-07-04T06:00:36.808Z,2.6,2.6,30.9,63.5,999,26.5,234,10
2026-07-04T06:00:46.817Z,2.4,2.6,30.9,63.5,999,26.5,235,10
2026-07-04T06:00:56.801Z,2.6,2.6,30.9,63.5,999,26.5,235,10
2026-07-04T06:01:06.841Z,2,2.6,30.9,63.5,999,26.5,235,8
2026-07-04T06:01:16.816Z,1.6,1.6,30.9,63.4,999,26.4,235,6
2026-07-04T06:01:26.814Z,1.8,2.4,30.9,63.4,999,26.4,235,7
2026-07-04T06:01:36.797Z,3.6,3.6,30.9,63.4,999,26.4,237,14
2026-07-04T06:01:46.801Z,3.6,3.8,30.9,63.4,999,26.4,237,14
2026-07-04T06:01:56.803Z,1.6,1.6,30.9,63.4,999,26.3,239,6
2026-07-04T06:02:06.804Z,0.6,1.6,30.9,63.4,999,26.3,240,2
2026-07-04T06:02:16.814Z,0.2,0.2,30.9,63.4,999,26.3,240,0
2026-07-04T06:02:26.814Z,1.6,2.6,30.9,63.4,999,26.3,240,6
2026-07-04T06:02:36.806Z,1.6,3.4,30.9,63.4,999,26.3,240,6
2026-07-04T06:02:46.804Z,1.2,2.4,30.9,63.4,999,26.3,240,5
2026-07-04T06:02:56.804Z,2,3,30.9,63.4,999,26.3,240,8
2026-07-04T06:03:06.802Z,1.6,3,30.9,63.4,999,26.3,240,6
2026-07-04T06:03:16.811Z,2,3.8,30.9,63.4,999,26.2,240,8
2026-07-04T06:03:26.799Z,3,4,30.9,63.4,999,26.2,241,12
2026-07-04T06:03:36.812Z,4,4,30.9,63.4,999,26.3,241,16
2026-07-04T06:03:46.841Z,2.2,3.4,30.9,63.4,999,26.3,241,9
2026-07-04T06:03:56.833Z,2.6,3.6,30.9,63.5,999,26.3,242,10
2026-07-04T06:04:06.795Z,2,2,30.9,63.5,999,26.3,242,8
2026-07-04T06:04:16.808Z,1.8,1.8,30.9,63.5,999,26.3,242,7
2026-07-04T06:04:26.801Z,2.6,2.6,30.9,63.5,999,26.3,242,10
2026-07-04T06:04:36.807Z,2.6,3.2,30.9,63.5,999,26.4,242,10
2026-07-04T06:04:46.800Z,1.2,1.2,30.9,63.6,999,26.4,242,5
2026-07-04T06:04:56.835Z,1.8,1.8,30.8,63.6,999,26.4,241,7
2026-07-04T06:05:06.811Z,1.4,2.2,30.8,63.6,999,26.4,241,5
2026-07-04T06:05:16.805Z,2.8,3.4,30.8,63.6,999,26.4,239,11
2026-07-04T06:05:26.805Z,1.4,2.6,30.8,63.6,999,26.4,240,5
2026-07-04T06:05:36.822Z,2.6,4.6,30.8,63.6,999.1,26.5,239,10
2026-07-04T06:05:46.804Z,3.4,4,30.8,63.6,999.1,26.4,234,14
2026-07-04T06:05:56.803Z,3.6,3.8,30.8,63.6,999.1,26.5,239,14
2026-07-04T06:06:06.801Z,2,2.2,30.8,63.5,999.1,26.5,239,8
2026-07-04T06:06:16.810Z,2.8,3.8,30.8,63.5,999.1,26.4,239,11
2026-07-04T06:06:26.798Z,1.8,3,30.8,63.5,999.1,26.4,239,7
2026-07-04T06:06:36.797Z,2,3,30.8,63.5,999.1,26.5,239,8
2026-07-04T06:06:46.796Z,4,4,30.9,63.5,999.1,26.5,239,16
2026-07-04T06:06:56.800Z,3,3,30.9,63.5,999.1,26.5,238,12
2026-07-04T06:07:06.796Z,3.2,3.2,30.9,63.5,999.1,26.5,238,13
2026-07-04T06:07:16.797Z,2.4,3.6,30.9,63.5,999.1,26.5,238,10
2026-07-04T06:07:26.801Z,2,4,30.9,63.5,999.1,26.5,238,8
2026-07-04T06:07:38.530Z,2.2,3.2,30.9,63.5,999.1,26.5,238,9
2026-07-04T06:07:48.528Z,3.6,3.6,30.9,63.5,999.1,26.5,238,14
2026-07-04T06:07:56.789Z,3.6,3.6,30.9,63.5,999.1,26.5,238,14
2026-07-04T06:08:06.800Z,2.4,2.4,30.9,63.5,999.1,26.5,237,10
2026-07-04T06:08:16.792Z,2.4,2.4,30.9,63.5,999.1,26.5,237,10
2026-07-04T06:08:26.803Z,1.6,1.6,30.9,63.6,999.1,26.5,238,6
2026-07-04T06:08:36.800Z,1.8,2.2,30.8,63.6,999.1,26.5,238,7
2026-07-04T06:08:46.803Z,2.6,3.6,30.8,63.6,999.1,26.5,238,10
2026-07-04T06:08:56.805Z,2.2,2.2,30.9,63.6,999.1,26.5,239,9
2026-07-04T06:09:06.799Z,1.2,1.2,30.9,63.5,999.1,26.5,239,5
2026-07-04T06:09:16.801Z,1.4,1.4,30.9,63.5,999.1,26.5,239,5
2026-07-04T06:09:26.793Z,2.4,2.8,30.9,63.4,999.1,26.5,239,10
2026-07-04T06:09:36.797Z,4,4.4,30.9,63.4,999.1,26.4,239,16
2026-07-04T06:09:46.792Z,3.2,3.4,30.9,63.4,999.1,26.4,239,13
2026-07-04T06:09:56.809Z,2.8,2.8,30.9,63.4,999.1,26.4,239,11
2026-07-04T06:10:06.793Z,3.2,3.2,30.9,63.3,999.1,26.4,239,13
2026-07-04T06:10:16.795Z,4,4,31,63.3,999.1,26.4,239,16
2026-07-04T06:10:26.802Z,3.8,3.8,31,63.3,999.1,26.4,239,15
2026-07-04T06:10:36.797Z,3.4,3.4,31,63.3,999.1,26.3,239,14
2026-07-04T06:10:46.800Z,4,4,31,63.3,999.1,26.3,238,16
2026-07-04T06:10:56.838Z,2.4,3.4,31,63.3,999.1,26.3,238,10
2026-07-04T06:11:06.807Z,3.2,4.2,31,63.3,999.1,26.3,238,13
2026-07-04T06:11:16.797Z,1.6,4.8,31,63.3,999.1,26.3,238,6
2026-07-04T06:11:26.796Z,0.8,2.8,31,63.3,999.1,26.3,239,3
2026-07-04T06:11:36.796Z,0.8,2.8,31,63.3,999.1,26.3,239,3
2026-07-04T06:11:46.806Z,1.6,2.6,31,63.4,999.1,26.3,238,6
2026-07-04T06:11:56.796Z,3,3,31,63.4,999.1,26.3,238,12
2026-07-04T06:12:06.808Z,3.6,4.2,31,63.4,999.1,26.3,238,14
2026-07-04T06:12:16.804Z,3,3,31,63.4,999.1,26.3,238,12
2026-07-04T06:12:26.805Z,2.6,3.4,30.9,63.4,999.1,26.3,238,10
2026-07-04T06:12:36.802Z,2.2,3.2,30.9,63.5,999.1,26.4,239,9
2026-07-04T06:12:46.796Z,2,3.4,30.9,63.5,999.1,26.3,238,8
2026-07-04T06:12:56.802Z,3,3.2,30.9,63.5,999.1,26.3,238,12
2026-07-04T06:13:06.793Z,2.4,4.8,30.9,63.5,999.1,26.3,238,10
2026-07-04T06:13:16.800Z,2.4,4.6,30.9,63.5,999.1,26.3,238,10
2026-07-04T06:13:26.793Z,4,4,30.9,63.5,999.1,26.3,238,16
2026-07-04T06:13:36.795Z,4.4,5,30.9,63.5,999.1,26.3,239,18
2026-07-04T06:13:46.798Z,3.4,4.4,30.9,63.5,999.1,26.3,240,14
2026-07-04T06:13:56.805Z,2.4,3.4,30.9,63.6,999.1,26.3,240,10
2026-07-04T06:14:07.009Z,1.6,1.8,30.9,63.6,999.1,26.3,240,6
2026-07-04T06:14:16.791Z,3,3,30.9,63.6,999.1,26.3,240,12
2026-07-04T06:14:26.799Z,2.6,3.6,30.9,63.6,999.1,26.3,240,10
2026-07-04T06:14:36.800Z,3,3,30.9,63.6,999.1,26.3,241,12
2026-07-04T06:14:46.796Z,2.4,2.4,30.9,63.5,999.1,26.3,242,10
2026-07-04T06:14:56.801Z,3.8,4.2,30.9,63.5,999.1,26.3,242,15
2026-07-04T06:15:06.797Z,2.2,4,30.9,63.5,999.1,26.3,242,9
2026-07-04T06:15:16.794Z,1.4,2.4,31,63.5,999.1,26.2,242,5
2026-07-04T06:15:26.797Z,2.2,2.2,31,63.4,999.2,26.2,242,9
2026-07-04T06:15:36.788Z,2.4,2.6,31,63.4,999.2,26.2,242,10
2026-07-04T06:15:46.810Z,3,4,31,63.4,999.2,26.2,243,12
2026-07-04T06:15:56.905Z,3.8,3.8,31,63.3,999.2,26.2,245,15
2026-07-04T06:16:06.790Z,4.6,5,31,63.3,999.2,26.1,247,19
2026-07-04T06:16:16.789Z,3.2,3.2,31.1,63.2,999.2,26.1,248,13
2026-07-04T06:16:26.797Z,2.4,2.4,31.1,63.1,999.2,26.1,248,10
2026-07-04T06:16:36.797Z,2.8,3.8,31.1,63,999.2,26,250,11
2026-07-04T06:16:46.798Z,1.4,2.4,31.1,62.9,999.2,26,250,5
2026-07-04T06:16:56.789Z,2.4,4,31.2,62.9,999.2,26,250,10
2026-07-04T06:17:06.797Z,2.6,2.6,31.2,62.8,999.2,25.9,250,10
2026-07-04T06:17:16.789Z,1.4,3,31.2,62.8,999.2,25.9,250,5
2026-07-04T06:17:26.796Z,1.6,2.6,31.2,62.8,999.2,25.8,250,6
2026-07-04T06:17:36.799Z,3.8,4.8,31.2,62.8,999.2,25.8,250,15
2026-07-04T06:17:46.803Z,4.2,4.4,31.2,62.8,999.2,25.8,250,17
2026-07-04T06:17:56.819Z,3.6,3.6,31.2,62.8,999.2,25.8,250,14
2026-07-04T06:18:06.795Z,3.6,3.6,31.2,62.8,999.2,25.7,250,14
2026-07-04T06:18:16.797Z,2,2,31.2,62.8,999.2,25.7,250,8
2026-07-04T06:18:26.793Z,2,2,31.2,62.8,999.2,25.7,250,8
2026-07-04T06:18:36.792Z,2.8,3,31.2,62.8,999.2,25.7,250,11
2026-07-04T06:18:46.801Z,1.2,1.2,31.2,62.8,999.2,25.7,250,5
2026-07-04T06:18:56.799Z,1.6,1.6,31.3,62.8,999.2,25.7,250,6
2026-07-04T06:19:06.808Z,1,1,31.3,62.8,999.2,25.7,250,4
2026-07-04T06:19:16.795Z,2.4,2.4,31.3,62.8,999.2,25.6,249,10
2026-07-04T06:19:26.801Z,2.4,2.4,31.3,62.8,999.2,25.6,247,10
2026-07-04T06:19:36.798Z,4,4.4,31.3,62.8,999.2,25.6,247,16
2026-07-04T06:19:46.799Z,2.8,2.8,31.3,62.8,999.2,25.6,247,11
2026-07-04T06:19:56.808Z,3.6,4.2,31.3,62.8,999.2,25.6,247,14
2026-07-04T06:20:06.796Z,4,4.2,31.3,62.7,999.2,25.6,247,16
2026-07-04T06:20:16.800Z,3.2,4.2,31.3,62.7,999.2,25.6,247,13
2026-07-04T06:20:26.796Z,3.6,3.8,31.3,62.7,999.2,25.6,247,14
2026-07-04T06:20:36.794Z,2.6,3.6,31.3,62.7,999.2,25.6,247,10
2026-07-04T06:20:46.798Z,2.2,3.2,31.3,62.7,999.2,25.6,247,9
2026-07-04T06:20:56.811Z,2.8,3,31.3,62.7,999.2,25.6,247,11
2026-07-04T06:21:06.810Z,2.8,3,31.3,62.7,999.2,25.6,247,11
2026-07-04T06:21:16.800Z,2.6,2.6,31.3,62.8,999.2,25.6,247,10
2026-07-04T06:21:26.794Z,5,5,31.3,62.8,999.2,25.6,247,20
2026-07-04T06:21:36.792Z,4.6,4.6,31.3,62.8,999.2,25.6,247,19
2026-07-04T06:21:46.794Z,3,3.4,31.3,62.8,999.2,25.6,247,12
2026-07-04T06:21:56.809Z,1.6,1.6,31.3,62.9,999.2,25.6,245,6
2026-07-04T06:22:06.790Z,3,3,31.3,62.9,999.2,25.6,245,12
2026-07-04T06:22:16.791Z,2.2,2.8,31.2,62.9,999.2,25.6,245,9
2026-07-04T06:22:26.795Z,3,3,31.2,62.9,999.2,25.6,245,12
2026-07-04T06:22:36.792Z,2,2,31.2,63,999.2,25.6,245,8
2026-07-04T06:22:46.795Z,2.8,3,31.2,63,999.2,25.6,245,11
2026-07-04T06:22:56.804Z,2,2.2,31.2,63,999.2,25.6,245,8
2026-07-04T06:23:06.792Z,1.6,2,31.2,63.1,999.2,25.6,245,6
2026-07-04T06:23:16.793Z,2.8,3.6,31.2,63.1,999.2,25.6,245,11
2026-07-04T06:23:26.798Z,3,3,31.2,63.1,999.2,25.6,245,12
2026-07-04T06:23:36.792Z,4,4,31.2,63.1,999.2,25.6,245,16
2026-07-04T06:23:46.795Z,3.6,3.6,31.2,63.1,999.2,25.6,245,14
2026-07-04T06:23:56.805Z,3.6,4.6,31.2,63.2,999.2,25.6,246,14
2026-07-04T06:24:06.792Z,2.6,2.8,31.2,63.2,999.2,25.6,246,10
2026-07-04T06:24:16.791Z,1,2.6,31.2,63.2,999.2,25.6,246,4
2026-07-04T06:24:26.787Z,3.6,4.6,31.2,63.2,999.2,25.6,246,14
2026-07-04T06:24:36.787Z,4.6,5.8,31.2,63.2,999.2,25.6,246,19
2026-07-04T06:24:46.796Z,3.2,4.2,31.2,63.3,999.2,25.6,246,13
2026-07-04T06:24:56.798Z,2,3,31.2,63.3,999.2,25.6,246,8
2026-07-04T06:25:06.793Z,2.8,3.8,31.2,63.3,999.2,25.6,246,11
2026-07-04T06:25:16.795Z,2.8,4.8,31.2,63.2,999.2,25.6,246,11
2026-07-04T06:25:26.791Z,2.8,4.2,31.2,63.2,999.2,25.6,245,11
2026-07-04T06:25:36.819Z,4.6,4.6,31.2,63.2,999.2,25.6,245,19
2026-07-04T06:25:46.794Z,4.6,4.8,31.2,63.2,999.2,25.6,245,19
2026-07-04T06:25:56.798Z,4.4,5.4,31.2,63.2,999.2,25.6,244,18
2026-07-04T06:26:06.794Z,3.4,4.2,31.2,63.3,999.2,25.6,244,14
2026-07-04T06:26:16.824Z,3,3.2,31.2,63.3,999.2,25.6,244,12
2026-07-04T06:26:26.803Z,2.4,3.4,31.2,63.3,999.2,25.7,244,10
2026-07-04T06:26:36.790Z,3,4.4,31.2,63.4,999.2,25.7,244,12
2026-07-04T06:26:46.790Z,2,3,31.2,63.4,999.2,25.7,244,8
2026-07-04T06:26:56.794Z,2.4,2.4,31.2,63.4,999.2,25.7,244,10
2026-07-04T06:27:06.793Z,2,2,31.2,63.4,999.2,25.7,244,8
2026-07-04T06:27:16.796Z,2.6,2.6,31.2,63.5,999.2,25.7,244,10
2026-07-04T06:27:26.789Z,3,3,31.2,63.5,999.2,25.7,244,12
2026-07-04T06:27:36.799Z,1.8,1.8,31.2,63.5,999.2,25.7,244,7
2026-07-04T06:27:46.795Z,1,1.8,31.2,63.5,999.2,25.7,244,4
2026-07-04T06:27:56.793Z,2.4,3.2,31.2,63.5,999.1,25.7,244,10
2026-07-04T06:28:06.787Z,1.2,2,31.2,63.5,999.1,25.6,245,5
2026-07-04T06:28:16.796Z,2,2,31.2,63.6,999.1,25.7,247,8
2026-07-04T06:28:26.789Z,2.6,2.6,31.2,63.6,999.1,25.6,247,10
2026-07-04T06:28:36.784Z,2.8,2.8,31.2,63.6,999.1,25.6,247,11
2026-07-04T06:28:46.781Z,2,3,31.2,63.6,999.1,25.7,247,8
2026-07-04T06:28:56.782Z,2,3,31.2,63.7,999.1,25.6,248,8
2026-07-04T06:29:06.788Z,2.2,2.8,31.1,63.7,999.1,25.6,248,9
2026-07-04T06:29:16.790Z,2,3,31.1,63.7,999.1,25.6,248,8
2026-07-04T06:29:26.790Z,2.2,2.2,31.1,63.8,999.1,25.6,249,9
2026-07-04T06:29:36.810Z,2.4,2.4,31.1,63.8,999.1,25.6,250,10
2026-07-04T06:29:46.799Z,2.6,2.6,31.1,63.8,999.1,25.6,250,10
2026-07-04T06:29:56.790Z,3,3.8,31.1,63.9,999.1,25.6,249,12
2026-07-04T06:30:06.792Z,2.6,4.4,31.1,63.9,999.1,25.6,250,10
2026-07-04T06:30:16.787Z,2.4,2.4,31.1,63.8,999.1,25.6,250,10
2026-07-04T06:30:26.809Z,2.6,3.6,31.2,63.7,999.1,25.6,250,10
2026-07-04T06:30:36.799Z,2.6,4,31.2,63.7,999.1,25.6,250,10
2026-07-04T06:30:46.795Z,2,4,31.2,63.6,999.1,25.6,250,8
2026-07-04T06:30:56.798Z,1,3,31.2,63.5,999.1,25.5,250,4
2026-07-04T06:31:06.799Z,3,4,31.3,63.4,999.1,25.5,250,12
2026-07-04T06:31:16.785Z,2,2,31.3,63.4,999.1,25.5,249,8
2026-07-04T06:31:26.792Z,3,3,31.3,63.4,999.1,25.5,249,12
2026-07-04T06:31:36.772Z,3,3,31.3,63.5,999.1,25.5,251,12
2026-07-04T06:31:46.775Z,1.4,1.4,31.3,63.5,999.1,25.5,251,5
2026-07-04T06:31:56.774Z,3.6,4.2,31.3,63.5,999.1,25.5,251,14
2026-07-04T06:32:06.780Z,2,4,31.3,63.6,999.1,25.5,251,8
2026-07-04T06:32:16.773Z,2.6,4,31.3,63.6,999.1,25.5,251,10
2026-07-04T06:32:26.796Z,1.8,2.2,31.3,63.6,999.1,25.5,251,7
2026-07-04T06:32:36.790Z,1.6,1.6,31.3,63.7,999.1,25.5,251,6
2026-07-04T06:32:46.789Z,2.4,2.4,31.3,63.7,999.1,25.5,251,10
2026-07-04T06:32:56.977Z,2.8,2.8,31.3,63.7,999.1,25.5,251,11
2026-07-04T06:33:06.793Z,2.4,2.4,31.2,63.8,999.1,25.5,251,10
2026-07-04T06:33:16.793Z,2.6,2.6,31.2,63.8,999.1,25.5,251,10
2026-07-04T06:33:26.797Z,2.6,2.6,31.2,63.9,999.1,25.5,251,10
2026-07-04T06:33:36.790Z,2,2,31.2,63.9,999.1,25.5,250,8
2026-07-04T06:33:46.787Z,1.6,1.6,31.2,63.9,999.1,25.5,250,6
2026-07-04T06:33:56.794Z,2,3.2,31.2,64,999.1,25.5,248,8
2026-07-04T06:34:06.787Z,2.4,3.4,31.2,64.1,999.1,25.6,248,10
2026-07-04T06:34:16.794Z,1.4,2.8,31.2,64.1,999.1,25.6,248,5
2026-07-04T06:34:26.783Z,2,3,31.1,64.2,999.1,25.6,248,8
2026-07-04T06:34:36.791Z,1.4,2.4,31.1,64.2,999.1,25.6,248,5
2026-07-04T06:34:46.791Z,1,1,31.1,64.3,999,25.6,248,4
2026-07-04T06:34:56.784Z,1.8,3,31.1,64.3,999,25.7,248,7
2026-07-04T06:35:06.786Z,2.6,4,31.1,64.3,999,25.7,248,10
2026-07-04T06:35:16.792Z,3.4,4.4,31.1,64.4,999,25.7,248,14
2026-07-04T06:35:26.804Z,2.4,3.4,31.1,64.4,999,25.7,248,10
2026-07-04T06:35:36.783Z,2.4,3.8,31,64.4,999,25.7,248,10
2026-07-04T06:35:46.786Z,2.8,3,31,64.4,999,25.7,247,11
2026-07-04T06:35:56.785Z,2,2,31,64.5,999,25.7,247,8
2026-07-04T06:36:06.786Z,3,3,31,64.5,999,25.7,247,12
2026-07-04T06:36:16.784Z,2.8,3.8,31,64.5,999,25.7,247,11
2026-07-04T06:36:26.783Z,1.4,2.4,31,64.5,999,25.7,247,5
2026-07-04T06:36:36.793Z,1.6,1.6,31,64.5,999,25.7,247,6
2026-07-04T06:36:46.784Z,3.2,3.4,31,64.5,999,25.7,247,13
2026-07-04T06:36:56.819Z,2.2,3,31,64.5,999,25.7,247,9
2026-07-04T06:37:06.781Z,1,2.2,31,64.5,999,25.7,247,4
2026-07-04T06:37:16.782Z,1.8,2.6,31,64.5,999,25.7,247,7
2026-07-04T06:37:26.792Z,1.6,1.6,31,64.5,999,25.7,247,6
2026-07-04T06:37:36.792Z,0.6,0.6,31,64.6,999,25.7,247,2
2026-07-04T06:37:46.795Z,1.2,1.6,31,64.6,999,25.7,247,5
2026-07-04T06:37:56.784Z,3,4,31,64.6,999,25.7,247,12
2026-07-04T06:38:06.790Z,2.4,3.6,31,64.6,999,25.7,247,10
2026-07-04T06:38:16.787Z,1.2,2.2,31,64.7,999,25.7,247,5
2026-07-04T06:38:26.769Z,3,3,31,64.7,999,25.7,247,12
2026-07-04T06:38:36.786Z,2,2,31,64.7,999,25.8,247,8
2026-07-04T06:38:46.781Z,2.8,2.8,31,64.7,999,25.8,247,11
2026-07-04T06:38:56.767Z,2,2.8,31,64.7,999,25.8,247,8
2026-07-04T06:39:06.776Z,2.6,4.6,31,64.7,999,25.8,247,10
2026-07-04T06:39:16.769Z,3.6,4.6,31,64.7,999,25.8,247,14
2026-07-04T06:39:26.782Z,3,4,31,64.7,999,25.8,247,12
2026-07-04T06:39:36.779Z,2.4,3.2,31,64.7,999,25.8,248,10
2026-07-04T06:39:46.788Z,2.2,2.2,31,64.7,999,25.8,249,9
2026-07-04T06:39:56.782Z,3,3,31,64.7,999,25.7,249,12
2026-07-04T06:40:06.798Z,3.6,3.6,31,64.7,999,25.8,249,14
2026-07-04T06:40:16.780Z,3.2,3.2,31,64.7,999,25.7,250,13
2026-07-04T06:40:26.785Z,2.6,3,31,64.8,999,25.7,250,10
2026-07-04T06:40:36.791Z,3,4,31,64.8,999,25.8,250,12
2026-07-04T06:40:46.782Z,1.6,3.6,31,64.8,999,25.8,250,6
2026-07-04T06:40:56.784Z,2.6,4,31,64.8,999,25.8,250,10
2026-07-04T06:41:06.791Z,2.2,3.2,31,64.8,999,25.8,250,9
2026-07-04T06:41:16.783Z,1.6,2.6,31,64.8,999,25.8,250,6
2026-07-04T06:41:26.779Z,2.2,4.2,31,64.8,999,25.8,250,9
2026-07-04T06:41:36.792Z,2.4,3.6,31,64.8,999,25.7,247,10
2026-07-04T06:41:46.788Z,3,3.4,31,64.8,999,25.7,247,12
2026-07-04T06:41:56.786Z,3.6,3.6,31,64.8,999,25.7,247,14
2026-07-04T06:42:06.782Z,2.4,3,31,64.8,999,25.7,247,10
2026-07-04T06:42:16.779Z,3,3,31,64.8,999,25.7,247,12
2026-07-04T06:42:26.809Z,3,3,31,64.8,999,25.7,247,12
2026-07-04T06:42:36.779Z,2,2,31,64.8,999,25.7,247,8
2026-07-04T06:42:46.781Z,3,3,31,64.8,999,25.7,247,12
2026-07-04T06:42:56.780Z,3,3,31,64.8,999,25.7,247,12
2026-07-04T06:43:06.779Z,3.4,3.6,31,64.8,999,25.7,249,14
2026-07-04T06:43:16.779Z,2.2,3.4,31,64.8,999,25.7,247,9
2026-07-04T06:43:26.784Z,3,5,31,64.8,999,25.7,247,12
2026-07-04T06:43:36.776Z,2.8,3,31,64.8,999,25.7,247,11
2026-07-04T06:43:46.781Z,2.6,2.6,31,64.8,999,25.7,249,10
2026-07-04T06:43:56.777Z,2.8,3,31,64.8,999,25.7,249,11
2026-07-04T06:44:06.784Z,1.4,2.2,31,64.8,999,25.7,249,5
2026-07-04T06:44:16.774Z,2.6,3.4,31,64.8,999,25.7,249,10
2026-07-04T06:44:26.793Z,2.2,2.8,31,64.8,999,25.7,249,9
2026-07-04T06:44:36.779Z,3.2,3.2,31,64.8,999,25.7,249,13
2026-07-04T06:44:46.781Z,3.6,4.2,31,64.8,999,25.6,249,14
2026-07-04T06:44:56.810Z,4.6,4.6,31,64.8,999,25.6,249,19
2026-07-04T06:45:06.783Z,4.4,4.4,31,64.8,999,25.6,250,18
2026-07-04T06:45:16.780Z,2,3.2,31,64.8,999,25.6,250,8
2026-07-04T06:45:26.784Z,4,5,31,64.8,999,25.6,250,16
2026-07-04T06:45:36.796Z,2.4,4,31,64.8,999,25.6,250,10
2026-07-04T06:45:46.774Z,1.6,3.6,31,64.8,999,25.6,251,6
2026-07-04T06:45:56.773Z,1.8,2.8,31,64.8,999,25.6,252,7
2026-07-04T06:46:06.803Z,3.2,3.6,31,64.8,999,25.6,252,13
2026-07-04T06:46:16.779Z,4,4,31,64.8,999,25.6,253,16
2026-07-04T06:46:26.789Z,4,4,31,64.8,999,25.5,253,16
2026-07-04T06:46:36.778Z,3,3,31,64.8,999,25.5,253,12
2026-07-04T06:46:46.804Z,4,4.8,31,64.8,999,25.5,253,16
2026-07-04T06:46:56.787Z,3.6,4.6,31,64.8,999,25.5,253,14
2026-07-04T06:47:06.789Z,4.4,4.4,31,64.8,999,25.5,252,18
2026-07-04T06:47:16.785Z,3.4,3.4,31,64.8,999,25.5,253,14
2026-07-04T06:47:26.781Z,3.4,3.4,31,64.8,999,25.5,253,14
2026-07-04T06:47:36.870Z,2.4,2.4,31,64.8,998.9,25.5,253,10
2026-07-04T06:47:46.785Z,2.4,2.4,31,64.8,998.9,25.5,253,10
2026-07-04T06:47:56.779Z,2.4,3.4,31,64.8,998.9,25.5,253,10
2026-07-04T06:48:06.776Z,4.6,4.6,31.1,64.8,998.9,25.5,253,19
2026-07-04T06:48:16.819Z,4,4.8,31.1,64.7,998.9,25.5,254,16
2026-07-04T06:48:26.783Z,4.6,4.8,31.1,64.6,998.9,25.4,253,19
2026-07-04T06:48:36.780Z,4,4,31.1,64.5,998.9,25.4,253,16
2026-07-04T06:48:55.070Z,6.8,6.8,33.2,61.9,998.9,46.2,164,25
2026-07-04T08:03:27.300Z,0.3,1.3,30.8,69.1,998.4,4.3,263,1
2026-07-04T08:03:36.508Z,0,0,30.8,69.2,998.4,4.4,263,0
2026-07-04T08:03:46.523Z,0.4,0.4,30.7,69.4,998.4,4.4,263,1
2026-07-04T08:03:56.511Z,1.6,1.6,30.7,69.5,998.4,4.5,271,6
2026-07-04T08:04:06.507Z,0.2,0.6,30.6,69.6,998.4,4.6,271,0
2026-07-04T08:04:16.510Z,1,1,30.6,69.8,998.4,4.8,271,4
2026-07-04T08:04:26.521Z,0.4,1,30.5,69.9,998.4,5,271,1
2026-07-04T08:04:36.509Z,1,2.2,30.4,70,998.4,5.2,272,4
2026-07-04T08:04:46.517Z,0.8,2.4,30.3,70.1,998.4,5.5,272,3
2026-07-04T08:04:56.516Z,1,2,30.3,70.1,998.4,5.8,272,4
2026-07-04T08:05:06.511Z,2,3,30.2,70.2,998.4,6.1,271,8
2026-07-04T08:05:16.534Z,0,1,30.2,70.3,998.4,6.4,272,0
2026-07-04T08:05:26.510Z,0.4,0.4,30.1,70.4,998.4,6.8,272,1
2026-07-04T08:05:36.527Z,0.6,0.6,30,70.4,998.4,7.1,272,2
2026-07-04T08:05:46.510Z,0.4,0.4,30,70.4,998.4,7.5,272,1
2026-07-04T08:05:56.513Z,0.4,1.4,30,70.4,998.4,7.9,272,1
2026-07-04T08:06:06.519Z,0,0,29.9,70.4,998.4,8.2,272,0
2026-07-04T08:06:16.509Z,0.2,0.2,29.9,70.4,998.4,8.6,271,0
2026-07-04T08:06:26.515Z,0.6,0.6,29.9,70.4,998.4,9,270,2
2026-07-04T08:06:36.507Z,0,0,29.8,70.5,998.3,9.4,269,0
2026-07-04T08:06:46.507Z,0,0,29.8,70.6,998.3,9.8,269,0
2026-07-04T08:06:56.525Z,0,0,29.8,70.6,998.3,10.2,268,0
2026-07-04T08:07:06.512Z,0,0.2,29.7,70.7,998.3,10.6,268,0
2026-07-04T08:07:16.512Z,0,1.4,29.7,70.8,998.3,11,268,1
2026-07-04T08:07:26.509Z,0,1.4,29.6,70.9,998.3,11.3,268,1
2026-07-04T08:07:36.536Z,0,1,29.6,71,998.3,11.7,268,0
2026-07-04T08:07:46.506Z,0,2,29.5,71.1,998.3,12.1,268,1
2026-07-04T08:07:56.514Z,0,0.6,29.5,71.1,998.3,12.4,269,0
2026-07-04T08:08:06.519Z,0,0,29.5,71.2,998.3,12.8,269,0
2026-07-04T08:08:16.510Z,0,0.6,29.5,71.2,998.3,13.2,269,0
