timestamp,pm2_5,pm10,temperature,humidity,pressure,gas_resistance,mq135,aqi
2026-07-03T02:45:47.733Z,26.4,27.2,32.9,70,1005.3,1.4,1210,81
2026-07-03T02:45:57.721Z,27.4,28.6,32.9,70.1,1005.3,1.5,1210,83
2026-07-03T02:46:07.747Z,30.4,33.2,32.8,70.1,1005.3,1.5,967,89
2026-07-03T02:46:17.727Z,29,31,32.8,70.1,1005.3,1.6,967,86
2026-07-03T02:46:27.754Z,29.6,31.6,32.7,70.1,1005.3,1.7,873,87
2026-07-03T02:46:37.719Z,28.4,29.4,32.7,70.1,1005.3,1.8,873,85
2026-07-03T02:46:47.721Z,28.6,29.2,32.7,70,1005.3,1.9,828,85
2026-07-03T02:46:57.717Z,29.4,31.8,32.7,70,1005.3,2,828,87
2026-07-03T02:47:07.714Z,30,33,32.6,69.9,1005.3,2.2,704,88
2026-07-03T02:47:17.718Z,28.8,31.2,32.6,69.8,1005.3,2.3,659,86
2026-07-03T02:47:27.716Z,28.2,33,32.6,69.8,1005.3,2.5,615,84
2026-07-03T02:47:37.713Z,28,29.8,32.6,69.7,1005.3,2.7,559,84
2026-07-03T02:47:47.716Z,29.6,30,32.6,69.7,1005.3,2.9,549,87
2026-07-03T02:47:57.835Z,29,32,32.6,69.6,1005.3,3.1,524,86
2026-07-03T02:48:07.742Z,28.6,32.2,32.6,69.6,1005.3,3.3,478,85
2026-07-03T02:48:17.723Z,28.6,33,32.6,69.5,1005.3,3.5,475,85
2026-07-03T02:48:27.723Z,29.8,32.2,32.6,69.5,1005.3,3.7,464,88
2026-07-03T02:48:37.728Z,28.4,31.4,32.6,69.4,1005.3,3.9,439,85
2026-07-03T02:48:47.725Z,27.6,31.6,32.6,69.3,1005.3,4.1,432,83
2026-07-03T02:48:57.719Z,28.6,31.6,32.6,69.3,1005.3,4.4,426,85
2026-07-03T02:49:07.719Z,27.6,31.8,32.6,69.2,1005.3,4.6,409,83
2026-07-03T02:49:17.716Z,27.2,30.4,32.6,69.2,1005.3,4.9,400,82
2026-07-03T02:49:27.716Z,29.2,32.2,32.7,69.1,1005.3,5.2,399,86
2026-07-03T02:49:37.762Z,29.4,32.4,32.7,69,1005.3,5.4,384,87
2026-07-03T02:49:47.713Z,30,34,32.7,68.9,1005.3,5.7,379,88
2026-07-03T02:49:57.719Z,29.2,32.2,32.7,68.8,1005.3,6,376,86
2026-07-03T02:50:07.775Z,28.2,29.8,32.7,68.7,1005.3,6.3,369,84
2026-07-03T02:50:17.794Z,28.2,28.2,32.8,68.7,1005.3,6.6,368,84
2026-07-03T02:50:27.757Z,28.6,29.8,32.8,68.6,1005.3,6.8,365,85
2026-07-03T02:50:37.920Z,26,29,32.8,68.5,1005.3,7.1,361,80
2026-07-03T02:50:47.794Z,28.2,30.4,32.8,68.4,1005.3,7.4,356,84
2026-07-03T02:50:57.724Z,28.6,30.6,32.9,68.3,1005.3,7.7,349,85
2026-07-03T02:51:07.713Z,27,29.8,32.9,68.2,1005.3,8,346,82
2026-07-03T02:51:17.738Z,26,29,32.9,68.1,1005.3,8.3,340,80
2026-07-03T02:51:27.712Z,26.6,29.6,32.9,68.1,1005.3,8.6,340,81
2026-07-03T02:51:37.712Z,29,32.2,33,68,1005.3,8.9,339,86
2026-07-03T02:51:47.733Z,29.2,31.2,33,67.9,1005.3,9.2,336,86
2026-07-03T02:51:57.718Z,29.4,30.4,33,67.8,1005.3,9.5,330,87
2026-07-03T02:52:07.771Z,28,29,33,67.7,1005.3,9.8,329,84
2026-07-03T02:52:17.875Z,29,30,33.1,67.7,1005.3,10.1,329,86
2026-07-03T02:52:27.751Z,29,29.6,33.1,67.6,1005.3,10.3,329,86
2026-07-03T02:52:37.775Z,30,31.8,33.1,67.5,1005.3,10.6,325,88
2026-07-03T02:52:47.723Z,27.8,33,33.1,67.5,1005.3,10.9,322,84
2026-07-03T02:52:57.762Z,30.4,34.6,33.2,67.4,1005.3,11.2,322,89
2026-07-03T02:53:07.743Z,31.2,34,33.2,67.3,1005.3,11.4,320,91
2026-07-03T02:53:17.771Z,29.8,31.6,33.2,67.2,1005.3,11.7,320,88
2026-07-03T02:53:27.749Z,30,32,33.2,67.2,1005.3,12,320,88
2026-07-03T02:53:37.711Z,29.2,33,33.3,67.1,1005.3,12.2,316,86
2026-07-03T02:53:47.773Z,29,31.6,33.3,67,1005.3,12.5,314,86
2026-07-03T02:53:57.861Z,28.4,30.8,33.3,67,1005.3,12.8,314,85
2026-07-03T02:54:07.762Z,30,32.4,33.3,66.9,1005.3,13,314,88
2026-07-03T02:54:17.790Z,29.2,32.4,33.4,66.9,1005.3,13.3,313,86
2026-07-03T02:54:27.821Z,31,34,33.4,66.8,1005.3,13.6,313,90
2026-07-03T02:54:37.756Z,30.2,33.2,33.4,66.8,1005.3,13.8,312,89
2026-07-03T02:54:47.808Z,31,34,33.4,66.7,1005.3,14.1,311,90
2026-07-03T02:54:57.715Z,31,33.8,33.4,66.7,1005.3,14.3,310,90
2026-07-03T02:55:07.714Z,30,34,33.4,66.6,1005.3,14.5,309,88
2026-07-03T02:55:17.729Z,29,33,33.5,66.5,1005.3,14.8,307,86
2026-07-03T02:55:27.773Z,29.6,32.6,33.5,66.5,1005.3,15,304,87
2026-07-03T02:55:37.767Z,29.4,30.8,33.5,66.4,1005.3,15.2,304,87
2026-07-03T02:55:47.760Z,30,33.4,33.5,66.4,1005.3,15.5,304,88
2026-07-03T02:55:57.723Z,29.4,33.4,33.5,66.3,1005.3,15.7,304,87
2026-07-03T02:56:07.755Z,29.8,33.8,33.6,66.2,1005.3,15.9,304,88
2026-07-03T02:56:17.784Z,30,33.2,33.6,66.2,1005.3,16.1,304,88
2026-07-03T02:56:27.784Z,32,36,33.6,66.1,1005.3,16.3,304,92
2026-07-03T02:56:37.729Z,31.4,36.8,33.6,66.1,1005.3,16.6,303,91
2026-07-03T02:56:47.718Z,30.6,35,33.6,66,1005.3,16.8,303,89
2026-07-03T02:56:57.716Z,29.4,33.4,33.6,66,1005.3,17,302,87
2026-07-03T02:57:07.722Z,29.8,33.6,33.7,65.9,1005.3,17.2,300,88
2026-07-03T02:57:17.715Z,31.6,33.6,33.7,65.9,1005.3,17.4,300,92
2026-07-03T02:57:27.761Z,31,33,33.7,65.8,1005.3,17.6,299,90
2026-07-03T02:57:37.806Z,31.8,34.4,33.7,65.8,1005.3,17.8,299,92
2026-07-03T02:57:47.730Z,29.2,32.8,33.7,65.7,1005.3,18,299,86
2026-07-03T02:57:57.861Z,29.6,31.8,33.7,65.7,1005.3,18.2,299,87
2026-07-03T02:58:07.733Z,31.4,32.4,33.7,65.7,1005.3,18.4,298,91
2026-07-03T02:58:17.749Z,30.6,33.6,33.7,65.6,1005.3,18.6,298,89
2026-07-03T02:58:27.755Z,30.4,33.4,33.7,65.6,1005.3,18.8,298,89
2026-07-03T02:58:37.764Z,29.2,32.2,33.7,65.6,1005.3,19,298,86
2026-07-03T02:58:47.794Z,30.2,33,33.7,65.6,1005.3,19.1,298,89
2026-07-03T02:58:57.759Z,31,32.4,33.7,65.6,1005.3,19.3,298,90
2026-07-03T02:59:07.718Z,30.6,33.8,33.7,65.6,1005.3,19.5,298,89
2026-07-03T02:59:17.724Z,31,35.2,33.7,65.5,1005.3,19.7,298,90
2026-07-03T02:59:27.749Z,31.6,35,33.8,65.5,1005.3,19.9,298,92
2026-07-03T02:59:37.727Z,31.2,35.2,33.8,65.5,1005.3,20,297,91
2026-07-03T02:59:47.749Z,30.2,35,33.8,65.5,1005.3,20.2,294,89
2026-07-03T02:59:57.766Z,31.4,36.6,33.8,65.5,1005.3,20.4,295,91
2026-07-03T03:00:07.704Z,31,35.2,33.8,65.5,1005.3,20.5,295,90
2026-07-03T03:00:17.744Z,32,35.8,33.8,65.5,1005.3,20.7,295,92
2026-07-03T03:00:27.704Z,31,35.2,33.8,65.4,1005.3,20.8,295,90
2026-07-03T03:00:37.727Z,29.4,33.2,33.8,65.4,1005.3,21,295,87
2026-07-03T03:00:47.706Z,29,32,33.8,65.4,1005.3,21.1,295,86
2026-07-03T03:00:57.709Z,29.2,32.6,33.8,65.4,1005.3,21.3,295,86
2026-07-03T03:01:07.711Z,29.6,33.2,33.8,65.4,1005.3,21.4,295,87
2026-07-03T03:01:17.709Z,29,32,33.8,65.3,1005.3,21.5,295,86
2026-07-03T03:01:27.702Z,29.8,33,33.8,65.3,1005.3,21.6,295,88
2026-07-03T03:01:37.702Z,31.4,32.6,33.8,65.3,1005.3,21.7,295,91
2026-07-03T03:01:47.782Z,32,34,33.8,65.2,1005.3,21.8,294,92
2026-07-03T03:01:57.832Z,31,36.2,33.8,65.2,1005.3,22,294,90
2026-07-03T03:02:07.728Z,31.8,35.6,33.9,65.2,1005.3,22.1,294,92
2026-07-03T03:02:17.741Z,29.6,33.2,33.9,65.2,1005.3,22.2,294,87
2026-07-03T03:02:27.732Z,31,33,33.9,65.1,1005.3,22.3,294,90
2026-07-03T03:02:37.716Z,31.2,32.8,33.9,65.1,1005.3,22.4,294,91
2026-07-03T03:02:47.820Z,30,31,33.9,65.1,1005.3,22.5,294,88
2026-07-03T03:02:57.703Z,31,33.2,33.9,65.1,1005.3,22.7,294,90
2026-07-03T03:03:07.716Z,29.6,33.4,33.9,65,1005.3,22.8,294,87
2026-07-03T03:03:17.708Z,29.2,33.2,33.9,65,1005.3,22.9,294,86
2026-07-03T03:03:27.711Z,30,34,33.9,65,1005.3,23,294,88
2026-07-03T03:03:37.704Z,30,35,33.9,65,1005.3,23.1,294,88
2026-07-03T03:03:47.718Z,30.4,34.6,33.9,64.9,1005.3,23.2,294,89
2026-07-03T03:03:57.707Z,32,36,34,64.9,1005.3,23.3,294,92
2026-07-03T03:04:07.708Z,31.4,34.4,34,64.9,1005.3,23.4,294,91
2026-07-03T03:04:17.716Z,31.4,33.4,34,64.9,1005.3,23.5,294,91
2026-07-03T03:04:27.709Z,30,32,34,64.9,1005.2,23.6,297,88
2026-07-03T03:04:37.713Z,31,33,34,64.9,1005.2,23.7,294,90
2026-07-03T03:04:47.709Z,31,33,34,64.9,1005.2,23.8,295,90
2026-07-03T03:04:57.712Z,31.2,32.8,34,64.9,1005.2,23.9,297,91
2026-07-03T03:05:07.720Z,29.6,31.4,34,64.9,1005.2,24,297,87
2026-07-03T03:05:17.715Z,30.4,32,34,64.9,1005.2,24.1,297,89
2026-07-03T03:05:27.707Z,30,33.2,34,64.8,1005.2,24.2,297,88
2026-07-03T03:05:37.709Z,29,32.6,34,64.8,1005.2,24.3,297,86
2026-07-03T03:05:47.707Z,30,34,34,64.8,1005.2,24.4,297,88
2026-07-03T03:05:57.704Z,29.8,34.2,34,64.8,1005.2,24.6,297,88
2026-07-03T03:06:07.705Z,31.4,35.4,34,64.8,1005.2,24.7,297,91
2026-07-03T03:06:17.718Z,32,35,34,64.9,1005.2,24.8,297,92
2026-07-03T03:06:27.710Z,30.4,33,34,64.9,1005.2,24.9,297,89
2026-07-03T03:06:37.702Z,30.6,32.6,34,64.9,1005.2,25,297,89
2026-07-03T03:06:47.715Z,32,35.6,34,64.8,1005.2,25.2,297,92
2026-07-03T03:06:57.710Z,32,37.4,34,64.8,1005.2,25.3,297,92
2026-07-03T03:07:07.705Z,31.6,39,34,64.8,1005.2,25.4,295,92
2026-07-03T03:07:17.717Z,31.8,38.2,34,64.8,1005.2,25.4,295,92
2026-07-03T03:07:27.703Z,31.6,35.6,34,64.8,1005.2,25.5,295,92
2026-07-03T03:07:37.712Z,31.6,34.4,34,64.7,1005.2,25.6,295,92
2026-07-03T03:07:47.711Z,30.8,32.4,34,64.7,1005.2,25.7,294,90
2026-07-03T03:07:57.706Z,29.6,31.4,34,64.7,1005.2,25.7,294,87
2026-07-03T03:08:07.778Z,31,32.8,34,64.6,1005.2,25.8,294,90
2026-07-03T03:08:17.712Z,31.2,35.2,34,64.6,1005.2,25.9,294,91
2026-07-03T03:08:27.709Z,31.6,36.6,34,64.6,1005.2,25.9,294,92
2026-07-03T03:08:37.704Z,31.2,37,34,64.5,1005.2,26,294,91
2026-07-03T03:08:47.709Z,32.8,37.8,34,64.5,1005.2,26,294,94
2026-07-03T03:08:57.708Z,32.6,36.6,34,64.4,1005.2,26.1,294,94
2026-07-03T03:09:07.850Z,32.6,36.6,34,64.4,1005.2,26.1,294,94
2026-07-03T03:09:17.702Z,31.4,36.4,34.1,64.4,1005.2,26.2,294,91
2026-07-03T03:09:27.706Z,32.2,36.8,34.1,64.3,1005.2,26.2,294,93
2026-07-03T03:09:37.699Z,31.6,36,34.1,64.3,1005.2,26.2,293,92
2026-07-03T03:09:47.709Z,31.2,35.2,34.1,64.2,1005.1,26.3,294,91
2026-07-03T03:09:57.707Z,31.6,35.8,34.1,64.2,1005.1,26.3,294,92
2026-07-03T03:10:07.702Z,31,37,34.1,64.1,1005.1,26.4,294,90
2026-07-03T03:10:17.708Z,32.6,38,34.2,64,1005.1,26.4,294,94
2026-07-03T03:10:27.704Z,33.4,38.4,34.2,64,1005.1,26.4,294,95
2026-07-03T03:10:37.705Z,32,37,34.2,63.9,1005.1,26.4,294,92
2026-07-03T03:10:47.761Z,34.2,39.2,34.2,63.9,1005.1,26.5,294,97
2026-07-03T03:10:57.883Z,34,39.2,34.2,63.8,1005.1,26.6,294,97
2026-07-03T03:11:07.704Z,33,40,34.2,63.8,1005.1,26.6,293,94
2026-07-03T03:11:17.710Z,32,38,34.2,63.7,1005.1,26.6,293,92
2026-07-03T03:11:27.704Z,31.4,35.4,34.3,63.7,1005.1,26.7,293,91
2026-07-03T03:11:37.708Z,31.8,35.2,34.3,63.7,1005.1,26.7,293,92
2026-07-03T03:11:47.701Z,32.6,37.6,34.3,63.7,1005.1,26.7,292,94
2026-07-03T03:11:57.702Z,32,36,34.3,63.6,1005.1,26.7,292,92
2026-07-03T03:12:07.700Z,32,34.6,34.3,63.6,1005.1,26.8,292,92
2026-07-03T03:12:17.702Z,31.8,33.8,34.3,63.6,1005.1,26.8,292,92
2026-07-03T03:12:27.704Z,31.6,35.6,34.3,63.6,1005.1,26.8,292,92
2026-07-03T03:12:37.722Z,31.2,34.8,34.3,63.6,1005.1,26.9,293,91
2026-07-03T03:12:47.701Z,30.8,33.8,34.3,63.6,1005.1,27,292,90
2026-07-03T03:12:57.700Z,31,33.6,34.3,63.6,1005.1,27,293,90
2026-07-03T03:13:07.705Z,32,37.2,34.3,63.5,1005.1,27.1,294,92
2026-07-03T03:13:17.702Z,32.8,38.8,34.3,63.5,1005.1,27.1,294,94
2026-07-03T03:13:27.698Z,33.2,39.6,34.3,63.5,1005.1,27.2,293,95
2026-07-03T03:13:37.704Z,33.2,41,34.4,63.5,1005.1,27.2,294,95
2026-07-03T03:13:47.730Z,34.8,41.8,34.4,63.5,1005.1,27.3,293,98
2026-07-03T03:13:57.703Z,33.8,40.6,34.4,63.5,1005.1,27.4,293,96
2026-07-03T03:14:07.754Z,32.8,38.4,34.4,63.4,1005.1,27.4,293,94
2026-07-03T03:14:17.701Z,32.4,39.6,34.4,63.4,1005.1,27.5,293,93
2026-07-03T03:14:27.698Z,33,39.2,34.4,63.4,1005.1,27.5,294,94
2026-07-03T03:14:37.712Z,32,38.6,34.4,63.4,1005.1,27.6,294,92
2026-07-03T03:14:47.696Z,33,41,34.4,63.4,1005.1,27.6,294,94
2026-07-03T03:14:57.978Z,32.8,40.2,34.4,63.4,1005,27.7,294,94
2026-07-03T03:15:07.698Z,33.2,39.8,34.4,63.4,1005,27.8,294,95
2026-07-03T03:15:17.700Z,32.4,38.2,34.4,63.3,1005,27.8,294,93
2026-07-03T03:15:27.698Z,32.6,37.6,34.4,63.3,1005,27.8,294,94
2026-07-03T03:15:37.697Z,32.2,39.2,34.4,63.3,1005,27.9,294,93
2026-07-03T03:15:47.700Z,32.4,39.4,34.4,63.3,1005,27.9,293,93
2026-07-03T03:15:57.698Z,32.2,39.2,34.4,63.3,1005,27.9,294,93
2026-07-03T03:16:07.763Z,32.6,39.8,34.4,63.4,1005,28,293,94
2026-07-03T03:16:17.701Z,32.6,37.4,34.4,63.4,1005,28.1,293,94
2026-07-03T03:16:27.700Z,31.8,35.8,34.4,63.4,1005,28.1,292,92
2026-07-03T03:16:37.705Z,31.8,36.2,34.4,63.5,1005,28.2,291,92
2026-07-03T03:16:47.698Z,31.6,37.6,34.3,63.5,1005,28.3,291,92
2026-07-03T03:16:57.699Z,31.8,36.8,34.3,63.5,1005,28.4,291,92
2026-07-03T03:17:07.701Z,33.2,39,34.3,63.6,1005,28.5,291,95
2026-07-03T03:17:17.710Z,33,39.6,34.3,63.6,1005,28.6,291,94
2026-07-03T03:17:27.744Z,33,37.8,34.3,63.7,1005,28.7,291,94
2026-07-03T03:17:37.698Z,31.8,35.8,34.2,63.8,1005,28.8,291,92
2026-07-03T03:17:47.696Z,32,36,34.2,63.8,1005,28.8,291,92
2026-07-03T03:17:57.705Z,31.6,34.6,34.2,63.9,1005,28.9,291,92
2026-07-03T03:18:07.695Z,30.8,33.4,34.2,63.9,1005,29,291,90
2026-07-03T03:18:17.735Z,30.6,33.6,34.2,63.9,1005,29.1,291,89
2026-07-03T03:18:27.696Z,30,33.8,34.1,64,1005,29.2,292,88
2026-07-03T03:18:37.696Z,31.4,34.2,34.1,64,1005,29.2,291,91
2026-07-03T03:18:47.754Z,31.6,33.6,34.1,64.1,1005,29.3,292,92
2026-07-03T03:18:57.705Z,31.8,33.8,34.1,64.1,1005,29.4,292,92
2026-07-03T03:19:07.702Z,32,35,34.1,64.2,1005,29.5,292,92
2026-07-03T03:19:17.712Z,29.8,33,34,64.3,1005,29.6,292,88
2026-07-03T03:19:27.708Z,30.8,33.8,34,64.4,1005,29.6,292,90
2026-07-03T03:19:37.699Z,31.4,33.4,34,64.5,1005,29.7,293,91
2026-07-03T03:19:47.715Z,32,34.2,34,64.5,1005,29.8,293,92
2026-07-03T03:19:57.778Z,31.8,35.8,33.9,64.6,1005,29.9,293,92
2026-07-03T03:20:07.717Z,31.8,34.8,33.9,64.7,1005,30,293,92
2026-07-03T03:20:17.701Z,31.6,34.8,33.9,64.8,1004.9,30,293,92
2026-07-03T03:20:27.911Z,31.4,35.4,33.8,64.9,1004.9,30.1,293,91
2026-07-03T03:20:37.738Z,31.6,36.8,33.8,65,1004.9,30.1,293,92
2026-07-03T03:20:47.790Z,32.4,37.4,33.8,65,1004.9,30.2,294,93
2026-07-03T03:20:57.784Z,31.4,36.2,33.8,65.1,1004.9,30.2,294,91
2026-07-03T03:21:07.827Z,31.6,36,33.8,65.1,1004.9,30.2,295,92
2026-07-03T03:21:17.725Z,33,38.8,33.7,65.2,1004.9,30.3,295,94
2026-07-03T03:21:27.903Z,34.4,41.4,33.7,65.2,1004.9,30.3,295,97
2026-07-03T03:21:37.803Z,33.2,41,33.7,65.2,1004.9,30.2,295,95
2026-07-03T03:21:47.740Z,32.8,40,33.7,65.2,1004.9,30.2,295,94
2026-07-03T03:21:57.746Z,32.6,39.6,33.7,65.2,1004.9,30.2,295,94
2026-07-03T03:22:07.802Z,32.4,38.4,33.7,65.2,1004.9,30.2,294,93
2026-07-03T03:22:17.803Z,31.8,38.2,33.7,65.2,1004.9,30.2,295,92
2026-07-03T03:22:28.270Z,31,36,33.7,65.2,1004.9,30.2,295,90
2026-07-03T03:22:37.698Z,31.6,36.8,33.7,65.2,1004.9,30.1,295,92
2026-07-03T03:22:47.752Z,31,37.8,33.7,65.2,1004.9,30.1,295,90
2026-07-03T03:22:57.711Z,31,37.6,33.7,65.2,1004.9,30.1,295,90
2026-07-03T03:23:07.823Z,31.4,38.4,33.7,65.2,1004.9,30.1,295,91
2026-07-03T03:23:17.745Z,32,38,33.7,65.2,1004.9,30.1,295,92
2026-07-03T03:23:27.702Z,31.6,37.6,33.7,65.2,1004.9,30.1,297,92
2026-07-03T03:23:37.730Z,31.4,37,33.7,65.1,1004.9,30.1,298,91
2026-07-03T03:23:47.708Z,31.2,36.2,33.7,65.1,1004.9,30.1,298,91
2026-07-03T03:23:57.744Z,33.8,39,33.7,65.1,1004.9,30.1,298,96
2026-07-03T03:24:07.873Z,34.2,39.2,33.7,65.1,1004.9,30.1,298,97
2026-07-03T03:24:17.694Z,33.6,37.6,33.7,65.1,1004.9,30,297,96
2026-07-03T03:24:27.703Z,32.6,36.4,33.7,65.2,1004.9,29.8,297,94
2026-07-03T03:24:37.846Z,33,36,33.7,65.2,1004.9,29.5,298,94
2026-07-03T03:24:47.752Z,34.6,38.2,33.7,65.2,1004.9,29.1,298,98
2026-07-03T03:24:57.709Z,34,39.6,33.7,65.2,1004.9,28.7,298,97
2026-07-03T03:25:07.731Z,33.4,39.4,33.7,65.1,1004.9,28.3,298,95
2026-07-03T03:25:17.732Z,32.6,40,33.7,65.1,1004.9,27.9,298,94
2026-07-03T03:25:27.695Z,32.6,39.6,33.7,65.1,1004.9,27.5,298,94
2026-07-03T03:25:37.696Z,34.4,42.6,33.7,65,1004.9,27,298,97
2026-07-03T03:25:47.761Z,34.8,43.8,33.8,65,1004.9,26.6,298,98
2026-07-03T03:25:57.749Z,34,40.6,33.8,65,1004.9,26.1,298,97
2026-07-03T03:26:07.696Z,35,40.8,33.8,64.9,1004.9,25.8,299,99
2026-07-03T03:26:17.698Z,34.2,39.4,33.8,64.9,1004.9,25.4,298,97
2026-07-03T03:26:27.696Z,34.2,42.6,33.8,64.9,1004.9,25,299,97
2026-07-03T03:26:37.696Z,35.4,44.8,33.8,64.8,1004.9,24.7,299,100
2026-07-03T03:26:47.708Z,36.4,44.4,33.8,64.8,1004.9,24.5,299,103
2026-07-03T03:26:57.779Z,36,44.4,33.8,64.9,1004.9,24.2,299,102
2026-07-03T03:27:07.746Z,35,42.8,33.8,64.9,1004.9,24,301,99
2026-07-03T03:27:17.763Z,37.4,44.6,33.8,64.9,1004.9,23.8,301,105
2026-07-03T03:27:27.988Z,36.2,45,33.7,64.9,1004.9,23.6,301,102
2026-07-03T03:27:37.775Z,35.6,43.8,33.7,64.9,1005,23.4,301,101
2026-07-03T03:27:47.780Z,35.4,43.4,33.7,65,1005,23.1,301,100
2026-07-03T03:27:57.774Z,36,44.8,33.7,65,1005,22.9,302,102
2026-07-03T03:28:07.693Z,37.2,45.8,33.7,65.1,1005,22.6,302,105
2026-07-03T03:28:17.710Z,38,46,33.7,65.1,1005,22.4,303,107
2026-07-03T03:28:27.694Z,37.2,44.4,33.7,65.2,1005,22.2,303,105
2026-07-03T03:28:37.819Z,36,44,33.6,65.2,1005,21.9,303,102
2026-07-03T03:28:47.844Z,35.4,43.4,33.6,65.3,1005,21.7,304,100
2026-07-03T03:28:57.718Z,34.4,43.2,33.6,65.3,1005,21.6,305,97
2026-07-03T03:29:07.925Z,36.6,43.8,33.6,65.4,1005,21.4,305,103
2026-07-03T03:29:17.828Z,37.6,43,33.6,65.4,1005,21.3,305,106
2026-07-03T03:29:27.814Z,37.2,44.4,33.6,65.5,1005,21.1,305,105
2026-07-03T03:29:37.851Z,37.2,44.4,33.5,65.5,1005,21,305,105
2026-07-03T03:29:47.749Z,38,45,33.5,65.5,1005,20.9,306,107
2026-07-03T03:29:57.727Z,39.2,46.4,33.5,65.5,1005,20.8,306,110
2026-07-03T03:30:07.770Z,39,45.8,33.5,65.5,1005,20.7,304,109
2026-07-03T03:30:17.704Z,39.4,46.2,33.5,65.5,1005,20.6,304,110
2026-07-03T03:30:27.742Z,38.2,46,33.5,65.5,1005,20.5,307,107
2026-07-03T03:30:37.903Z,37.2,44.6,33.5,65.5,1005,20.4,307,105
2026-07-03T03:30:47.751Z,37,43,33.5,65.5,1005,20.4,307,104
2026-07-03T03:30:57.771Z,37.4,44.4,33.5,65.5,1005,20.3,307,105
2026-07-03T03:31:07.756Z,37.4,44.8,33.5,65.5,1005,20.3,307,105
2026-07-03T03:31:17.782Z,38.6,46.6,33.5,65.5,1005,20.2,307,108
2026-07-03T03:31:27.700Z,37.4,45.4,33.5,65.5,1005,20.2,307,105
2026-07-03T03:31:37.911Z,37.6,45.8,33.5,65.5,1005,20.1,307,106
2026-07-03T03:31:47.791Z,38.4,46.4,33.5,65.5,1005,20,307,108
2026-07-03T03:31:57.692Z,38.6,46.8,33.5,65.4,1005,19.9,307,108
2026-07-03T03:32:07.686Z,37.4,46.4,33.5,65.4,1005,19.8,307,105
2026-07-03T03:32:17.690Z,37,45.2,33.5,65.4,1005,19.8,307,104
2026-07-03T03:32:27.703Z,38.2,46.2,33.5,65.4,1005,19.7,307,107
2026-07-03T03:32:37.691Z,39.2,46.8,33.5,65.4,1005,19.6,307,110
2026-07-03T03:32:47.696Z,40,49,33.5,65.4,1005,19.5,307,112
2026-07-03T03:32:57.700Z,39.2,47,33.5,65.5,1005,19.4,307,110
2026-07-03T03:33:07.703Z,38.4,45.4,33.5,65.5,1005,19.4,306,108
2026-07-03T03:33:17.693Z,38.2,45.4,33.5,65.5,1005,19.4,306,107
2026-07-03T03:33:27.691Z,37.6,44.6,33.5,65.5,1005,19.3,304,106
2026-07-03T03:33:37.692Z,38,45.2,33.5,65.5,1005,19.3,304,107
2026-07-03T03:33:47.692Z,37.8,46.2,33.5,65.5,1005,19.3,305,106
2026-07-03T03:33:57.806Z,38.6,47.2,33.5,65.5,1005,19.3,304,108
2026-07-03T03:34:07.688Z,38.6,47.6,33.5,65.4,1005,19.2,304,108
2026-07-03T03:34:17.688Z,38.2,48.4,33.5,65.4,1005.1,19.2,304,107
2026-07-03T03:34:27.691Z,37.6,48,33.5,65.4,1005.1,19.2,304,106
2026-07-03T03:34:37.690Z,38,48.6,33.5,65.3,1005.1,19.2,304,107
2026-07-03T03:34:47.692Z,37,48,33.6,65.3,1005.1,19.2,304,104
2026-07-03T03:34:57.690Z,35.2,46.2,33.6,65.3,1005.1,19.2,304,99
2026-07-03T03:35:07.695Z,37,48,33.6,65.3,1005.1,19.1,304,104
2026-07-03T03:35:17.691Z,37.6,47,33.6,65.3,1005.1,19.1,304,106
2026-07-03T03:35:27.691Z,37.2,46.2,33.6,65.3,1005.1,19.1,304,105
2026-07-03T03:35:37.691Z,38.2,47.6,33.6,65.2,1005.1,19.1,304,107
2026-07-03T03:35:47.695Z,37.2,46.2,33.6,65.2,1005.1,19.1,304,105
2026-07-03T03:35:57.760Z,38.6,47.4,33.6,65.2,1005.1,19,304,108
2026-07-03T03:36:07.696Z,37.4,47.2,33.6,65.2,1005.1,19,304,105
2026-07-03T03:36:17.698Z,37.4,46.4,33.6,65.2,1005.1,19,304,105
2026-07-03T03:36:27.693Z,36.2,45.6,33.6,65.1,1005.1,19,303,102
2026-07-03T03:36:37.690Z,37.4,47.8,33.6,65.1,1005.1,19,303,105
2026-07-03T03:36:47.700Z,37.4,48.2,33.6,65.1,1005.1,18.9,302,105
2026-07-03T03:36:57.698Z,35.6,45,33.6,65.1,1005.1,18.9,302,101
2026-07-03T03:37:07.703Z,35,44,33.6,65,1005.1,18.8,302,99
2026-07-03T03:37:17.688Z,37.8,46.8,33.7,65,1005.1,18.8,302,106
2026-07-03T03:37:27.700Z,37,45.6,33.7,65,1005.1,18.7,302,104
2026-07-03T03:37:37.688Z,38,46.8,33.7,65.1,1005.1,18.7,303,107
2026-07-03T03:37:47.699Z,38,48,33.7,65.1,1005.1,18.7,303,107
2026-07-03T03:37:57.708Z,37.8,46.8,33.6,65.1,1005.1,18.7,303,106
2026-07-03T03:38:07.698Z,39,47.4,33.6,65.2,1005.1,18.7,303,109
2026-07-03T03:38:17.710Z,40,48,33.6,65.2,1005.1,18.7,303,112
2026-07-03T03:38:27.705Z,39.4,47.4,33.6,65.3,1005.1,18.7,303,110
2026-07-03T03:38:37.712Z,38.8,48.4,33.6,65.3,1005.1,18.7,303,109
2026-07-03T03:38:47.704Z,38.8,46.8,33.6,65.3,1005.1,18.8,303,109
2026-07-03T03:38:57.691Z,38.6,47.4,33.6,65.3,1005.1,18.8,301,108
2026-07-03T03:39:07.705Z,39.6,47.4,33.6,65.4,1005.1,18.9,301,111
2026-07-03T03:39:17.712Z,38.6,46.6,33.6,65.4,1005.1,19,301,108
2026-07-03T03:39:27.700Z,36.8,44.6,33.5,65.5,1005.1,19.1,301,104
2026-07-03T03:39:37.698Z,37.6,44.6,33.5,65.5,1005.1,19.2,301,106
2026-07-03T03:39:47.751Z,38.4,46.8,33.5,65.5,1005.1,19.3,300,108
2026-07-03T03:39:57.743Z,38.6,47.6,33.5,65.5,1005.1,19.3,299,108
2026-07-03T03:40:07.756Z,37.4,46.4,33.5,65.5,1005.1,19.4,299,105
2026-07-03T03:40:17.750Z,37.4,46.2,33.5,65.5,1005.1,19.5,299,105
2026-07-03T03:40:27.758Z,37.4,45.6,33.5,65.5,1005.1,19.6,298,105
2026-07-03T03:40:37.747Z,35.2,43,33.5,65.5,1005.1,19.6,298,99
2026-07-03T03:40:47.766Z,38,45,33.5,65.4,1005.1,19.7,298,107
2026-07-03T03:40:57.708Z,38.4,45.4,33.5,65.4,1005.1,19.7,298,108
2026-07-03T03:41:07.750Z,39,46.4,33.6,65.4,1005.1,19.8,298,109
2026-07-03T03:41:17.739Z,38.6,45.8,33.6,65.4,1005.1,19.8,298,108
2026-07-03T03:41:27.727Z,39,47,33.6,65.4,1005.1,19.8,298,109
2026-07-03T03:41:37.781Z,36.8,44,33.6,65.3,1005.1,19.9,298,104
2026-07-03T03:41:47.763Z,35.6,40.6,33.6,65.3,1005.1,19.9,298,101
2026-07-03T03:41:57.749Z,35,43.2,33.6,65.2,1005.1,19.9,299,99
2026-07-03T03:42:07.905Z,35.2,43.2,33.7,65.2,1005.1,19.9,298,99
2026-07-03T03:42:17.695Z,37.8,44.8,33.7,65.2,1005.1,19.9,299,106
2026-07-03T03:42:27.699Z,37.6,44.6,33.7,65.2,1005.1,19.9,301,106
2026-07-03T03:42:37.698Z,38.8,46,33.7,65.1,1005.1,19.9,301,109
2026-07-03T03:42:47.693Z,39,45.4,33.7,65.1,1005.1,19.9,301,109
2026-07-03T03:42:57.701Z,38.6,44.6,33.7,65.1,1005.1,19.9,304,108
2026-07-03T03:43:07.691Z,37.8,44.6,33.7,65.1,1005.1,19.9,304,106
2026-07-03T03:43:17.689Z,38.8,45,33.8,65.1,1005.1,19.9,305,109
2026-07-03T03:43:27.712Z,39,46,33.8,65.1,1005.1,19.9,305,109
2026-07-03T03:43:37.686Z,36,44,33.8,65.1,1005.1,20,305,102
2026-07-03T03:43:47.696Z,37.4,45.2,33.8,65,1005.1,20,307,105
2026-07-03T03:43:57.690Z,37.4,46.2,33.8,65,1005.1,20,307,105
2026-07-03T03:44:07.681Z,38,46,33.8,65,1005.1,20,307,107
2026-07-03T03:44:17.687Z,37.6,44.6,33.8,65,1005.1,20,307,106
2026-07-03T03:44:27.694Z,39,46,33.9,65,1005.1,20.1,307,109
2026-07-03T03:44:37.693Z,37.8,44.8,33.9,64.9,1005.1,20.1,307,106
2026-07-03T03:44:47.686Z,38.4,45.4,33.9,64.9,1005.1,20.1,307,108
2026-07-03T03:44:57.691Z,38,45.6,33.9,64.9,1005.1,20.1,307,107
2026-07-03T03:45:07.689Z,36,45,33.9,64.9,1005.1,20.2,307,102
2026-07-03T03:45:17.684Z,37.4,46,33.9,64.9,1005.1,20.2,307,105
2026-07-03T03:45:27.690Z,38,45,33.9,64.9,1005.1,20.3,307,107
2026-07-03T03:45:37.697Z,36,43.6,33.9,64.9,1005.1,20.3,306,102
2026-07-03T03:45:47.690Z,35.2,42.6,33.9,64.9,1005.1,20.4,306,99
2026-07-03T03:45:57.688Z,37.8,44.2,33.9,64.9,1005.1,20.4,304,106
2026-07-03T03:46:07.693Z,36.8,44.2,33.9,64.9,1005.1,20.4,304,104
2026-07-03T03:46:17.687Z,36.6,44.6,33.9,64.9,1005.1,20.5,306,103
2026-07-03T03:46:27.691Z,37.4,44.4,33.9,64.9,1005.1,20.5,304,105
2026-07-03T03:46:37.684Z,37.4,44.4,33.9,64.9,1005.1,20.6,304,105
2026-07-03T03:46:47.701Z,36,42.8,33.9,64.9,1005.1,20.7,306,102
2026-07-03T03:46:57.684Z,35,41.4,33.9,64.9,1005.1,20.7,304,99
2026-07-03T03:47:07.688Z,35.2,43,33.9,64.9,1005.1,20.8,306,99
2026-07-03T03:47:17.690Z,34.2,43.4,33.9,64.9,1005.1,20.8,308,97
2026-07-03T03:47:27.682Z,35,42.6,33.9,64.9,1005.1,20.9,309,99
2026-07-03T03:47:37.767Z,35.2,42.8,33.9,64.9,1005.1,20.9,309,99
2026-07-03T03:47:47.688Z,36,42,33.9,65,1005.1,21,309,102
2026-07-03T03:47:57.684Z,36,43.8,33.9,65,1005.1,21,309,102
2026-07-03T03:48:07.693Z,35.6,44.4,33.9,65,1005.1,21.1,309,101
2026-07-03T03:48:17.705Z,37.2,44.6,33.9,65,1005.1,21.1,309,105
2026-07-03T03:48:27.682Z,38,44.6,33.9,65,1005.1,21.2,309,107
2026-07-03T03:48:37.686Z,38.6,45.6,33.9,65,1005.1,21.3,309,108
2026-07-03T03:48:47.685Z,39,45,33.9,65.1,1005.1,21.3,309,109
2026-07-03T03:48:57.701Z,37.4,43.4,33.9,65.1,1005.1,21.4,309,105
2026-07-03T03:49:07.680Z,38,44.4,33.9,65.1,1005.1,21.4,310,107
2026-07-03T03:49:17.688Z,36.8,44.6,33.9,65.1,1005.1,21.5,310,104
2026-07-03T03:49:27.685Z,37,46.6,33.9,65.1,1005.1,21.6,310,104
2026-07-03T03:49:37.683Z,36.8,45,33.9,65.1,1005.1,21.6,310,104
2026-07-03T03:49:47.679Z,36,44,33.9,65.2,1005.1,21.7,310,102
2026-07-03T03:49:57.679Z,36.6,44,33.9,65.2,1005.1,21.7,310,103
2026-07-03T03:50:07.689Z,37,43.8,33.9,65.2,1005.1,21.7,310,104
2026-07-03T03:50:17.682Z,36.8,44,33.9,65.2,1005.1,21.8,310,104
2026-07-03T03:50:27.679Z,36.6,44.8,33.9,65.2,1005.1,21.8,311,103
2026-07-03T03:50:37.688Z,35.6,44.6,33.9,65.3,1005.1,21.9,313,101
2026-07-03T03:50:47.697Z,36.8,45.6,33.9,65.3,1005.1,21.9,311,104
2026-07-03T03:50:57.682Z,36.6,44.2,33.8,65.3,1005.1,21.9,311,103
2026-07-03T03:51:07.680Z,36.4,44.2,33.8,65.3,1005.1,22,314,103
2026-07-03T03:51:17.718Z,37,45,33.8,65.3,1005.1,22,314,104
2026-07-03T03:51:27.676Z,35.2,43,33.9,65.3,1005.1,22,314,99
2026-07-03T03:51:37.694Z,35.4,42.4,33.9,65.3,1005.1,22.1,315,100
2026-07-03T03:51:47.685Z,34.4,40.4,33.9,65.3,1005.1,22.1,315,97
2026-07-03T03:51:57.683Z,36,43.4,33.9,65.2,1005.1,22.1,316,102
2026-07-03T03:52:07.684Z,35.6,44.6,33.9,65.2,1005.1,22.1,316,101
2026-07-03T03:52:17.682Z,37.2,45.2,33.9,65.2,1005.1,22.2,315,105
2026-07-03T03:52:27.688Z,37.2,44.2,33.9,65.1,1005.1,22.2,314,105
2026-07-03T03:52:37.685Z,37.4,45,33.9,65.1,1005.1,22.2,314,105
2026-07-03T03:52:47.697Z,37,44.2,33.9,65.1,1005.1,22.3,314,104
2026-07-03T03:52:57.684Z,37.6,44.6,33.9,65.1,1005.1,22.3,314,106
2026-07-03T03:53:07.735Z,35.6,41,33.9,65.1,1005.1,22.4,314,101
2026-07-03T03:53:17.687Z,35.6,41.4,33.9,65.1,1005.1,22.4,313,101
2026-07-03T03:53:27.679Z,36,43,33.9,65.1,1005.1,22.5,312,102
2026-07-03T03:53:37.692Z,35,42.6,33.9,65.1,1005.1,22.5,311,99
2026-07-03T03:53:47.684Z,34.2,42.2,33.9,65.1,1005.1,22.6,311,97
2026-07-03T03:53:57.680Z,34.4,43.2,33.9,65,1005.1,22.6,310,97
2026-07-03T03:54:07.681Z,35,44,33.9,65,1005.1,22.7,310,99
2026-07-03T03:54:17.679Z,36,44.6,33.9,65,1005.1,22.7,310,102
2026-07-03T03:54:27.688Z,35.4,43.2,33.9,65,1005.1,22.7,310,100
2026-07-03T03:54:37.682Z,36.4,45.6,33.9,65,1005.1,22.8,310,103
2026-07-03T03:54:47.692Z,37.8,45.8,33.9,65,1005.1,22.8,310,106
2026-07-03T03:54:57.685Z,37.6,46,33.9,64.9,1005.1,22.8,311,106
2026-07-03T03:55:07.706Z,37.4,45.2,33.9,64.9,1005.1,22.9,311,105
2026-07-03T03:55:17.696Z,36,45,33.9,64.9,1005.1,22.9,311,102
2026-07-03T03:55:27.684Z,36.6,45.2,33.9,64.9,1005.1,22.9,311,103
2026-07-03T03:55:37.680Z,39,47.4,33.9,64.9,1005.1,23,311,109
2026-07-03T03:55:47.691Z,38.8,47.8,33.9,64.9,1005.1,23,314,109
2026-07-03T03:55:57.699Z,41.6,52.4,34,65,1005.1,23,314,116
2026-07-03T03:56:07.681Z,42.4,53.2,34,65,1005.1,23,314,117
2026-07-03T03:56:17.686Z,42.8,52.8,34,65.1,1005.1,23,314,118
2026-07-03T03:56:27.677Z,43.8,54.6,34,65.2,1005.1,23,314,121
2026-07-03T03:56:37.691Z,45.4,57.4,34,65.3,1005.1,23,315,125
2026-07-03T03:56:47.682Z,45.6,57.6,34,65.4,1005.1,23.1,316,125
2026-07-03T03:56:57.684Z,46.8,57.4,34,65.5,1005.1,23.1,316,128
2026-07-03T03:57:07.687Z,47,57.2,34,65.5,1005.1,23.1,316,129
2026-07-03T03:57:17.677Z,46,56.6,34,65.5,1005.1,23.1,316,126
2026-07-03T03:57:27.683Z,46.2,58.2,34,65.4,1005.1,23.1,316,127
2026-07-03T03:57:37.690Z,44.2,56.2,34,65.4,1005.1,23.1,316,122
2026-07-03T03:57:47.685Z,44,56,34,65.4,1005,23,316,121
2026-07-03T03:57:57.681Z,44.8,56.6,34,65.4,1005,23,315,123
2026-07-03T03:58:07.679Z,45.6,57.6,34,65.4,1005,23,318,125
2026-07-03T03:58:17.694Z,46.4,58,34,65.4,1005,23,319,127
2026-07-03T03:58:27.686Z,46.6,59.6,34,65.5,1005,23,315,128
2026-07-03T03:58:37.683Z,46,57.8,34,65.5,1005,23,315,126
2026-07-03T03:58:47.684Z,45.6,57.6,34,65.5,1005,23,317,125
2026-07-03T03:58:57.689Z,45,57,34,65.6,1005,23,315,124
2026-07-03T03:59:07.700Z,45.2,58,34,65.6,1005,23,317,124
2026-07-03T03:59:17.678Z,46,58,34,65.6,1005,23.1,319,126
2026-07-03T03:59:27.680Z,45,56,33.9,65.7,1005,23.1,317,124
2026-07-03T03:59:37.677Z,45,55.2,33.9,65.7,1005,23.2,319,124
2026-07-03T03:59:47.677Z,43.4,54.4,33.9,65.8,1005,23.2,319,120
2026-07-03T03:59:57.671Z,44.4,55.6,33.9,65.8,1005,23.3,320,122
2026-07-03T04:00:07.672Z,44.2,55.2,33.9,65.9,1005,23.3,320,122
2026-07-03T04:00:17.680Z,46,56.2,33.9,65.9,1005,23.4,320,126
2026-07-03T04:00:27.675Z,45.4,57.4,33.9,65.9,1005,23.5,320,125
2026-07-03T04:00:37.686Z,44.4,56.8,33.8,65.9,1005,23.5,321,122
2026-07-03T04:00:47.685Z,44.6,56.8,33.8,65.9,1005,23.5,321,123
2026-07-03T04:00:57.689Z,45.8,56.8,33.8,65.9,1005,23.5,321,126
2026-07-03T04:01:07.676Z,44.8,56,33.8,65.8,1005,23.5,321,123
2026-07-03T04:01:17.679Z,44.8,55.6,33.8,65.8,1005,23.5,321,123
2026-07-03T04:01:27.678Z,46,57.8,33.8,65.7,1005,23.5,321,126
2026-07-03T04:01:37.691Z,45.2,55.6,33.9,65.7,1005,23.5,321,124
2026-07-03T04:01:47.720Z,45.4,55.4,33.9,65.7,1005,23.5,320,125
2026-07-03T04:01:57.762Z,45.2,56.2,33.9,65.6,1005,23.5,321,124
2026-07-03T04:02:07.744Z,45.6,55.6,33.9,65.6,1004.9,23.4,321,125
2026-07-03T04:02:17.701Z,45.8,56.6,33.9,65.5,1004.9,23.4,321,126
2026-07-03T04:02:27.764Z,46.6,57.6,33.9,65.6,1004.9,23.4,321,128
2026-07-03T04:02:37.824Z,47.2,58.4,33.9,65.6,1004.9,23.5,322,129
2026-07-03T04:02:47.739Z,48,59.8,33.9,65.6,1004.9,23.5,321,131
2026-07-03T04:02:57.886Z,46,58.4,33.9,65.6,1004.9,23.5,321,126
2026-07-03T04:03:07.693Z,47,60,33.9,65.6,1004.9,23.6,321,129
2026-07-03T04:03:17.692Z,46,59,33.9,65.7,1004.9,23.7,320,126
2026-07-03T04:03:27.697Z,45,57,33.8,65.7,1004.9,23.7,320,124
2026-07-03T04:03:37.723Z,45,56.8,33.8,65.7,1004.9,23.8,320,124
2026-07-03T04:03:47.750Z,45.4,56.4,33.8,65.8,1004.9,23.9,320,125
2026-07-03T04:03:57.752Z,45.8,57.8,33.8,65.8,1004.9,24,320,126
2026-07-03T04:04:07.704Z,44.8,56.6,33.8,65.9,1004.9,24,320,123
2026-07-03T04:04:17.714Z,45,57,33.7,65.9,1004.9,24.1,320,124
2026-07-03T04:04:27.723Z,44.2,56.6,33.7,65.9,1004.9,24.1,320,122
2026-07-03T04:04:37.760Z,43.4,56.2,33.7,65.9,1004.9,24.2,320,120
2026-07-03T04:04:47.709Z,43,56.2,33.7,65.9,1004.9,24.2,320,119
2026-07-03T04:04:57.684Z,41.6,54.2,33.7,65.8,1004.9,24.3,320,116
2026-07-03T04:05:07.679Z,41.8,54,33.7,65.8,1004.9,24.3,320,116
2026-07-03T04:05:17.750Z,42,52.8,33.7,65.8,1004.9,24.3,320,117
2026-07-03T04:05:27.872Z,44,53,33.7,65.8,1004.9,24.4,320,121
2026-07-03T04:05:37.698Z,43,52.8,33.7,65.7,1004.9,24.4,320,119
2026-07-03T04:05:47.687Z,43.6,54.6,33.7,65.7,1004.9,24.4,320,120
2026-07-03T04:05:57.714Z,43.2,55.2,33.7,65.7,1004.9,24.4,320,119
2026-07-03T04:06:07.704Z,44,54,33.7,65.7,1004.9,24.4,320,121
2026-07-03T04:06:17.700Z,43.8,54.8,33.7,65.7,1004.9,24.3,320,121
2026-07-03T04:06:27.712Z,43.8,55,33.7,65.7,1004.9,24.3,320,121
2026-07-03T04:06:37.699Z,44.2,55.4,33.7,65.7,1004.9,24.3,319,122
2026-07-03T04:06:47.686Z,45.6,55.4,33.7,65.8,1004.9,24.3,320,125
2026-07-03T04:06:57.707Z,44.2,53.2,33.7,65.8,1004.8,24.3,321,122
2026-07-03T04:07:07.698Z,42.6,51.2,33.7,65.8,1004.8,24.3,321,118
2026-07-03T04:07:17.704Z,43.2,52.4,33.7,65.8,1004.8,24.3,322,119
2026-07-03T04:07:27.671Z,42.4,54.4,33.7,65.8,1004.8,24.4,322,117
2026-07-03T04:07:37.698Z,42.4,54,33.7,65.8,1004.8,24.4,321,117
2026-07-03T04:07:47.715Z,42.2,54,33.7,65.7,1004.8,24.4,322,117
2026-07-03T04:07:57.718Z,43,54,33.7,65.7,1004.8,24.5,322,119
2026-07-03T04:08:07.670Z,42.4,53.4,33.7,65.7,1004.8,24.5,322,117
2026-07-03T04:08:17.672Z,41.4,52.2,33.7,65.7,1004.8,24.5,321,115
2026-07-03T04:08:27.682Z,42,52,33.8,65.7,1004.8,24.5,322,117
2026-07-03T04:08:37.676Z,40.4,50.4,33.8,65.7,1004.8,24.5,321,113
2026-07-03T04:08:47.679Z,40.4,49.4,33.8,65.7,1004.8,24.5,321,113
2026-07-03T04:08:57.670Z,39.4,48.4,33.8,65.7,1004.8,24.5,321,110
2026-07-03T04:09:07.673Z,39.6,50.2,33.8,65.7,1004.8,24.5,320,111
2026-07-03T04:09:17.673Z,40.4,51,33.8,65.6,1004.8,24.5,320,113
2026-07-03T04:09:27.671Z,40.8,51.6,33.8,65.6,1004.8,24.4,320,114
2026-07-03T04:09:37.682Z,42.8,53.6,33.8,65.6,1004.8,24.4,320,118
2026-07-03T04:09:47.677Z,40.6,51.4,33.8,65.6,1004.8,24.4,320,113
2026-07-03T04:09:57.670Z,41.4,50.4,33.8,65.6,1004.8,24.4,320,115
2026-07-03T04:10:07.669Z,42.8,51.8,33.8,65.6,1004.8,24.4,320,118
2026-07-03T04:10:17.665Z,42.6,52.4,33.8,65.6,1004.8,24.4,320,118
2026-07-03T04:10:27.682Z,42.6,51.6,33.8,65.5,1004.8,24.3,320,118
2026-07-03T04:10:37.824Z,44,53.2,33.8,65.5,1004.8,24.3,320,121
2026-07-03T04:10:53.544Z,42,52,33.8,65.5,1004.8,24.3,320,117
2026-07-03T04:11:01.603Z,41.6,51.6,33.8,65.5,1004.8,24.2,320,116
2026-07-03T04:11:07.680Z,42.4,52.4,33.8,65.5,1004.8,24.1,320,117
2026-07-03T04:11:17.927Z,42.8,54,33.9,65.5,1004.8,24,321,118
2026-07-03T04:11:27.856Z,43.4,54.8,33.9,65.5,1004.8,24,320,120
2026-07-03T04:11:37.675Z,41.8,52.4,33.9,65.5,1004.8,23.9,321,116
2026-07-03T04:11:47.681Z,41.2,51.6,33.8,65.5,1004.8,23.9,321,115
2026-07-03T04:11:57.673Z,41,51.6,33.8,65.5,1004.8,23.8,321,114
2026-07-03T04:12:07.671Z,40.8,50,33.8,65.5,1004.8,23.8,321,114
2026-07-03T04:12:17.687Z,41.4,50.4,33.8,65.5,1004.8,23.8,322,115
2026-07-03T04:12:27.678Z,42.6,52,33.8,65.5,1004.8,23.8,322,118
2026-07-03T04:12:37.943Z,41.2,51.2,33.9,65.4,1004.8,23.7,322,115
2026-07-03T04:12:47.673Z,42,54,33.9,65.4,1004.8,23.7,322,117
2026-07-03T04:12:57.670Z,42.8,54.2,33.9,65.4,1004.8,23.6,322,118
2026-07-03T04:13:07.703Z,42.8,53.4,33.9,65.4,1004.8,23.6,322,118
2026-07-03T04:13:17.785Z,44,54,33.9,65.4,1004.8,23.6,322,121
2026-07-03T04:13:27.720Z,44.4,54.4,33.9,65.3,1004.8,23.5,321,122
2026-07-03T04:13:37.712Z,43.2,52.8,33.9,65.3,1004.8,23.4,321,119
2026-07-03T04:13:47.724Z,44.8,55,33.9,65.2,1004.8,23.4,321,123
2026-07-03T04:13:57.713Z,43,52.8,33.9,65.2,1004.8,23.3,322,119
2026-07-03T04:14:07.707Z,43,52.4,34,65.1,1004.8,23.3,322,119
2026-07-03T04:14:17.725Z,43.4,53,34,65.1,1004.8,23.3,322,120
2026-07-03T04:14:27.672Z,43.4,52.8,34,65.1,1004.8,23.2,322,120
2026-07-03T04:14:37.673Z,43.6,54.6,34,65,1004.8,23.2,322,120
2026-07-03T04:14:47.687Z,43.8,53,34,65,1004.8,23.2,322,121
2026-07-03T04:14:57.669Z,43,52,34,65,1004.8,23.1,321,119
2026-07-03T04:15:07.673Z,43.2,53.6,34,64.9,1004.8,23.1,321,119
2026-07-03T04:15:17.676Z,43.6,55.8,34,64.9,1004.8,23.1,321,120
2026-07-03T04:15:27.777Z,44,56,34.1,64.9,1004.8,23.1,321,121
2026-07-03T04:15:37.678Z,45,57,34.1,64.9,1004.7,23.1,321,124
2026-07-03T04:15:47.671Z,44.2,55,34.1,64.8,1004.7,23.1,321,122
2026-07-03T04:15:57.667Z,43.4,54.4,34.1,64.8,1004.7,23,321,120
2026-07-03T04:16:07.669Z,45,56.2,34.1,64.8,1004.7,23,321,124
2026-07-03T04:16:17.677Z,44,54.6,34.1,64.8,1004.7,23,321,121
2026-07-03T04:16:27.668Z,45,56.6,34.1,64.8,1004.7,23,320,124
2026-07-03T04:16:37.667Z,46.8,57.6,34.1,64.8,1004.7,23,321,128
2026-07-03T04:16:47.690Z,47.2,57.4,34.1,64.8,1004.7,23,321,129
2026-07-03T04:16:57.674Z,46.6,57.6,34.1,64.7,1004.7,23,321,128
2026-07-03T04:17:07.715Z,46.4,58.6,34.1,64.7,1004.7,22.9,321,127
2026-07-03T04:17:17.674Z,48,60.4,34.1,64.7,1004.7,22.9,321,131
2026-07-03T04:17:27.670Z,48.4,60.4,34.1,64.7,1004.7,22.9,321,132
2026-07-03T04:17:37.669Z,50.8,64.2,34.2,64.7,1004.7,22.8,321,138
2026-07-03T04:17:47.675Z,51.6,65.2,34.2,64.7,1004.7,22.8,321,140
2026-07-03T04:17:57.668Z,53.2,66.6,34.2,64.7,1004.7,22.8,324,144
2026-07-03T04:18:07.667Z,57.8,69.2,34.2,64.7,1004.7,22.7,321,152
2026-07-03T04:18:17.683Z,60.4,71.4,34.2,64.7,1004.7,22.7,324,153
2026-07-03T04:18:27.674Z,64,74.6,34.2,64.7,1004.7,22.6,325,155
2026-07-03T04:18:37.675Z,73.4,81.8,34.2,64.7,1004.7,22.5,324,160
2026-07-03T04:18:47.672Z,79.8,87.4,34.2,64.7,1004.7,22.4,325,163
2026-07-03T04:18:57.669Z,82.8,88.8,34.2,64.7,1004.7,22.3,325,165
2026-07-03T04:19:07.679Z,85.6,91.8,34.2,64.7,1004.7,22.2,325,166
2026-07-03T04:19:17.681Z,84.6,92.2,34.2,64.7,1004.7,22.1,325,166
2026-07-03T04:19:27.673Z,88.6,96.2,34.2,64.8,1004.7,22,325,168
2026-07-03T04:19:37.698Z,96.4,104.4,34.2,64.8,1004.7,21.9,324,172
2026-07-03T04:19:47.676Z,95.4,103,34.2,64.8,1004.7,21.8,323,171
2026-07-03T04:19:57.673Z,88.8,96.8,34.2,64.8,1004.7,21.7,323,168
2026-07-03T04:20:07.665Z,92.4,101.8,34.2,64.8,1004.7,21.6,323,170
2026-07-03T04:20:17.676Z,91,101,34.2,64.8,1004.7,21.5,321,169
2026-07-03T04:20:27.665Z,84,90.8,34.2,64.8,1004.7,21.4,321,165
2026-07-03T04:20:37.673Z,80,87.6,34.2,64.8,1004.7,21.4,320,163
2026-07-03T04:20:47.671Z,79.8,87.8,34.2,64.7,1004.7,21.3,320,163
2026-07-03T04:20:57.666Z,78,85.8,34.2,64.7,1004.7,21.3,320,162
2026-07-03T04:21:07.669Z,82.2,91.2,34.2,64.7,1004.7,21.2,320,164
2026-07-03T04:21:17.680Z,85.2,94.4,34.2,64.7,1004.7,21.2,320,166
2026-07-03T04:21:27.669Z,93.4,103.2,34.2,64.7,1004.7,21.1,320,170
2026-07-03T04:21:37.667Z,96.8,105.8,34.2,64.7,1004.7,21,320,172
2026-07-03T04:21:47.685Z,97.2,106.4,34.2,64.6,1004.7,21,320,172
2026-07-03T04:21:57.672Z,104.8,113,34.2,64.6,1004.7,20.9,320,176
2026-07-03T04:22:07.674Z,114,121.8,34.2,64.6,1004.7,20.8,320,181
2026-07-03T04:22:17.675Z,115.8,124.2,34.2,64.6,1004.7,20.7,320,182
2026-07-03T04:22:27.670Z,112.2,120.6,34.2,64.6,1004.7,20.7,320,180
2026-07-03T04:22:37.677Z,106.4,113.8,34.2,64.6,1004.7,20.6,320,177
2026-07-03T04:22:47.668Z,103,110.6,34.2,64.6,1004.7,20.6,319,175
2026-07-03T04:22:57.677Z,98.2,106.2,34.2,64.6,1004.7,20.6,318,173
2026-07-03T04:23:07.663Z,95.6,104.6,34.2,64.6,1004.7,20.5,318,171
2026-07-03T04:23:17.676Z,90.6,99,34.2,64.6,1004.7,20.5,318,169
2026-07-03T04:23:27.677Z,89,97.6,34.2,64.6,1004.7,20.5,318,168
2026-07-03T04:23:37.667Z,84.4,92.2,34.2,64.5,1004.7,20.5,318,165
2026-07-03T04:23:47.731Z,82.4,90.2,34.2,64.5,1004.7,20.5,318,164
2026-07-03T04:23:57.717Z,77.4,85,34.2,64.5,1004.7,20.5,318,162
2026-07-03T04:24:07.664Z,73.8,81,34.2,64.5,1004.7,20.6,315,160
2026-07-03T04:24:17.683Z,72.4,78.6,34.2,64.6,1004.7,20.6,315,159
2026-07-03T04:24:27.663Z,65.8,75.8,34.2,64.6,1004.7,20.7,315,156
2026-07-03T04:24:37.670Z,65.8,75.8,34.2,64.6,1004.7,20.7,315,156
2026-07-03T04:24:47.667Z,63.2,74.8,34.2,64.7,1004.7,20.8,315,154
2026-07-03T04:24:57.667Z,60.8,72.4,34.2,64.7,1004.7,20.8,315,153
2026-07-03T04:25:07.665Z,60,72.2,34.2,64.7,1004.7,20.9,315,153
2026-07-03T04:25:17.667Z,59.6,71.4,34.2,64.7,1004.7,20.9,316,153
2026-07-03T04:25:27.666Z,60.4,71.2,34.2,64.7,1004.7,21,316,153
2026-07-03T04:25:37.783Z,57.4,69.4,34.2,64.7,1004.6,21,316,151
2026-07-03T04:25:47.684Z,55,68.4,34.2,64.7,1004.6,21.1,316,149
2026-07-03T04:25:57.709Z,52.4,66.4,34.1,64.7,1004.6,21.1,316,142
2026-07-03T04:26:07.746Z,52.8,67.6,34.1,64.7,1004.6,21.2,316,143
2026-07-03T04:26:17.704Z,52.8,68.8,34.1,64.7,1004.6,21.2,316,143
2026-07-03T04:26:27.735Z,52,67.8,34.1,64.7,1004.6,21.2,316,141
2026-07-03T04:26:37.740Z,51.4,67,34.1,64.7,1004.6,21.2,316,140
2026-07-03T04:26:47.671Z,51.6,66.6,34.1,64.7,1004.6,21.3,316,140
2026-07-03T04:26:57.661Z,50.6,64.6,34.1,64.7,1004.6,21.3,317,138
2026-07-03T04:27:07.739Z,50.4,65.4,34.1,64.7,1004.6,21.3,317,137
2026-07-03T04:27:17.761Z,50,64.6,34.1,64.6,1004.6,21.3,317,136
2026-07-03T04:27:27.666Z,49,63.4,34.1,64.6,1004.6,21.3,315,134
2026-07-03T04:27:37.674Z,48.8,61.6,34.1,64.5,1004.6,21.3,317,133
2026-07-03T04:27:47.749Z,48,60,34.2,64.5,1004.6,21.3,317,131
2026-07-03T04:27:57.723Z,47,60,34.2,64.5,1004.6,21.4,317,129
2026-07-03T04:28:07.696Z,48,61,34.2,64.5,1004.6,21.4,317,131
2026-07-03T04:28:17.751Z,46.6,59.6,34.2,64.4,1004.6,21.4,317,128
2026-07-03T04:28:27.820Z,45.4,58.2,34.2,64.4,1004.6,21.4,317,125
2026-07-03T04:28:37.818Z,45.8,57.2,34.2,64.5,1004.6,21.5,317,126
2026-07-03T04:28:47.701Z,47,59,34.2,64.5,1004.6,21.5,317,129
2026-07-03T04:28:57.755Z,47.6,59.6,34.2,64.5,1004.6,21.6,317,130
2026-07-03T04:29:07.771Z,47,58,34.1,64.5,1004.6,21.6,318,129
2026-07-03T04:29:17.670Z,47.4,59,34.1,64.6,1004.6,21.6,318,130
2026-07-03T04:29:27.728Z,47,58.2,34.1,64.6,1004.6,21.6,318,129
2026-07-03T04:29:37.740Z,47.8,58.8,34.1,64.6,1004.6,21.6,319,131
2026-07-03T04:29:47.729Z,47.6,57.6,34.1,64.6,1004.6,21.6,320,130
2026-07-03T04:29:57.711Z,48.2,59.2,34.1,64.6,1004.6,21.6,320,132
2026-07-03T04:30:07.676Z,48.6,60.4,34.1,64.6,1004.7,21.6,320,133
2026-07-03T04:30:17.668Z,48.2,60,34.1,64.6,1004.7,21.5,320,132
2026-07-03T04:30:27.661Z,47,59,34.2,64.5,1004.7,21.5,320,129
2026-07-03T04:30:37.706Z,47.6,59.6,34.2,64.5,1004.7,21.5,320,130
2026-07-03T04:30:47.662Z,47,59,34.2,64.5,1004.7,21.5,321,129
2026-07-03T04:30:57.679Z,46,59,34.2,64.5,1004.7,21.5,322,126
2026-07-03T04:31:07.690Z,45,57.4,34.2,64.5,1004.7,21.5,322,124
2026-07-03T04:31:17.744Z,44.6,56.6,34.2,64.5,1004.7,21.5,322,123
2026-07-03T04:31:27.780Z,45,57,34.2,64.5,1004.7,21.5,322,124
2026-07-03T04:31:37.746Z,43.4,54.4,34.2,64.5,1004.7,21.5,320,120
2026-07-03T04:31:47.715Z,42.6,52.6,34.2,64.5,1004.7,21.5,317,118
2026-07-03T04:31:57.746Z,41.4,51.4,34.2,64.4,1004.7,21.5,318,115
2026-07-03T04:32:07.661Z,41,51.8,34.2,64.4,1004.7,21.5,317,114
2026-07-03T04:32:17.657Z,39.8,50.6,34.2,64.3,1004.7,21.5,314,111
2026-07-03T04:32:27.728Z,41.4,51.4,34.3,64.3,1004.7,21.4,317,115
2026-07-03T04:32:37.681Z,42.6,52.2,34.3,64.2,1004.7,21.4,314,118
2026-07-03T04:32:47.652Z,43.6,52.6,34.3,64.2,1004.7,21.4,314,120
2026-07-03T04:32:57.652Z,43.2,52.2,34.3,64.1,1004.7,21.4,314,119
2026-07-03T04:33:07.651Z,42,52,34.3,64,1004.7,21.4,313,117
2026-07-03T04:33:17.655Z,41.4,52.4,34.4,63.9,1004.7,21.4,310,115
2026-07-03T04:33:27.648Z,39.6,51.2,34.4,63.9,1004.7,21.4,310,111
2026-07-03T04:33:37.656Z,39,49.4,34.4,63.8,1004.7,21.5,308,109
2026-07-03T04:33:47.650Z,38.4,48.4,34.4,63.8,1004.7,21.5,307,108
2026-07-03T04:33:57.671Z,39.8,49,34.4,63.8,1004.7,21.6,307,111
2026-07-03T04:34:07.664Z,38,46.8,34.4,63.7,1004.7,21.6,306,107
2026-07-03T04:34:17.663Z,39.2,46.4,34.4,63.7,1004.7,21.7,306,110
2026-07-03T04:34:27.657Z,38.8,46.2,34.4,63.6,1004.7,21.8,306,109
2026-07-03T04:34:37.669Z,39,47,34.4,63.6,1004.7,21.8,304,109
2026-07-03T04:34:47.664Z,37.2,44.2,34.4,63.5,1004.7,21.9,304,105
2026-07-03T04:34:57.660Z,37.2,45,34.4,63.4,1004.7,22,304,105
2026-07-03T04:35:07.650Z,35.4,44.4,34.4,63.3,1004.7,22.1,304,100
2026-07-03T04:35:17.655Z,35.8,45,34.4,63.2,1004.7,22.2,302,101
2026-07-03T04:35:27.665Z,37.2,46.2,34.4,63.1,1004.7,22.3,301,105
2026-07-03T04:35:37.653Z,40,49.4,34.4,63,1004.7,22.3,298,112
2026-07-03T04:35:47.666Z,41.2,51.6,34.4,63,1004.7,22.4,294,115
2026-07-03T04:35:57.654Z,41.4,51.6,34.4,62.9,1004.6,22.4,294,115
2026-07-03T04:36:07.679Z,40.4,49.4,34.4,62.9,1004.6,22.4,294,113
2026-07-03T04:36:17.661Z,41.8,50.8,34.4,62.8,1004.6,22.5,294,116
2026-07-03T04:36:27.661Z,41.8,51.6,34.4,62.8,1004.6,22.5,294,116
2026-07-03T04:36:37.659Z,41.8,52.2,34.4,62.7,1004.6,22.5,294,116
2026-07-03T04:36:47.680Z,40.4,50.4,34.4,62.7,1004.6,22.6,294,113
2026-07-03T04:36:57.688Z,40.4,51.4,34.4,62.6,1004.6,22.6,292,113
2026-07-03T04:37:07.656Z,39.6,49.2,34.4,62.6,1004.6,22.6,292,111
2026-07-03T04:37:17.670Z,40.2,49,34.4,62.5,1004.6,22.6,292,112
2026-07-03T04:37:27.682Z,43,53.4,34.4,62.5,1004.6,22.7,292,119
2026-07-03T04:37:37.657Z,43,54,34.4,62.6,1004.6,22.6,293,119
2026-07-03T04:37:47.661Z,44.6,54.8,34.4,62.5,1004.6,22.6,294,123
2026-07-03T04:37:57.661Z,44.2,55,34.4,62.6,1004.6,22.6,293,122
2026-07-03T04:38:07.659Z,43.4,54.4,34.4,62.6,1004.6,22.7,293,120
2026-07-03T04:38:17.663Z,43.6,54.2,34.4,62.6,1004.6,22.7,293,120
2026-07-03T04:38:27.656Z,43.4,53.6,34.4,62.5,1004.6,22.7,293,120
2026-07-03T04:38:37.657Z,42.6,52.4,34.4,62.5,1004.6,22.8,293,118
2026-07-03T04:38:49.737Z,43.8,52,34.3,62.5,1004.6,22.8,293,121
2026-07-03T04:38:57.658Z,42.4,50.6,34.3,62.5,1004.6,22.9,293,117
2026-07-03T04:39:07.676Z,42,50,34.3,62.5,1004.6,22.9,291,117
2026-07-03T04:39:17.663Z,41,50.8,34.3,62.4,1004.6,23,291,114
2026-07-03T04:39:27.668Z,42,51,34.3,62.4,1004.6,23,289,117
2026-07-03T04:39:37.660Z,42,52,34.3,62.4,1004.6,23.1,289,117
2026-07-03T04:39:47.661Z,43.8,54.6,34.3,62.4,1004.6,23.1,288,121
2026-07-03T04:39:57.664Z,44,56.6,34.3,62.4,1004.6,23.1,288,121
2026-07-03T04:40:07.657Z,43.6,56.2,34.3,62.4,1004.6,23.1,289,120
2026-07-03T04:40:17.655Z,43.2,55.2,34.3,62.3,1004.6,23.2,288,119
2026-07-03T04:40:27.661Z,43.4,54.6,34.3,62.3,1004.6,23.2,288,120
2026-07-03T04:40:37.891Z,43.6,54.6,34.3,62.3,1004.5,23.2,288,120
2026-07-03T04:40:47.658Z,44,55.8,34.3,62.3,1004.5,23.2,288,121
2026-07-03T04:40:57.657Z,45.8,57.6,34.3,62.3,1004.5,23.3,288,126
2026-07-03T04:41:07.671Z,47.8,61.8,34.3,62.3,1004.5,23.3,289,131
2026-07-03T04:41:17.656Z,47,61,34.3,62.2,1004.5,23.3,290,129
2026-07-03T04:41:27.656Z,48.2,61.6,34.3,62.2,1004.5,23.3,290,132
2026-07-03T04:41:37.660Z,50.6,64.8,34.2,62.3,1004.5,23.3,291,138
2026-07-03T04:41:47.658Z,55.6,69.6,34.2,62.3,1004.5,23.3,291,151
2026-07-03T04:41:57.656Z,59.6,71,34.2,62.3,1004.5,23.3,291,153
2026-07-03T04:42:07.654Z,61.8,71.6,34.2,62.2,1004.5,23.2,291,154
2026-07-03T04:42:17.664Z,64.2,72.4,34.2,62.2,1004.5,23.2,292,155
2026-07-03T04:42:27.651Z,66.8,75.4,34.3,62.1,1004.5,23.1,292,156
2026-07-03T04:42:37.650Z,74,79.2,34.3,62,1004.5,23,292,160
2026-07-03T04:42:47.654Z,84.4,89.6,34.3,62,1004.5,22.9,292,165
2026-07-03T04:42:57.655Z,91,96.8,34.3,62,1004.5,22.8,292,169
2026-07-03T04:43:07.662Z,92.8,100.8,34.3,61.9,1004.5,22.7,292,170
2026-07-03T04:43:17.657Z,95.4,102,34.3,61.9,1004.5,22.6,293,171
2026-07-03T04:43:27.676Z,95,100.8,34.4,61.9,1004.5,22.4,293,171
2026-07-03T04:43:37.659Z,92.8,99.2,34.4,61.8,1004.4,22.4,292,170
2026-07-03T04:43:47.676Z,86.8,91.8,34.4,61.8,1004.4,22.3,292,167
2026-07-03T04:43:57.666Z,80.4,86.4,34.4,61.7,1004.4,22.3,293,163
2026-07-03T04:44:07.658Z,74,78.8,34.4,61.7,1004.4,22.3,293,160
2026-07-03T04:44:22.005Z,69.6,76.6,34.4,61.7,1004.4,22.3,294,158
2026-07-03T04:44:27.662Z,68,75,34.4,61.7,1004.4,22.3,295,157
2026-07-03T04:44:37.665Z,69.6,76.8,34.4,61.7,1004.4,22.3,295,158
2026-07-03T04:44:47.653Z,73,79.2,34.4,61.7,1004.4,22.3,294,160
2026-07-03T04:44:57.679Z,73.4,79,34.4,61.7,1004.4,22.3,294,160
2026-07-03T04:45:07.656Z,70.2,76.4,34.4,61.6,1004.4,22.4,293,158
2026-07-03T04:45:17.656Z,71.4,77.4,34.4,61.6,1004.4,22.4,293,159
2026-07-03T04:45:27.660Z,75,79.4,34.4,61.6,1004.4,22.4,293,161
2026-07-03T04:45:37.661Z,73.6,78.6,34.4,61.5,1004.4,22.4,293,160
2026-07-03T04:45:47.656Z,72.4,78.4,34.4,61.5,1004.3,22.4,293,159
2026-07-03T04:45:57.661Z,69.8,77.6,34.5,61.4,1004.3,22.4,293,158
2026-07-03T04:46:07.659Z,68,76.4,34.5,61.4,1004.3,22.5,293,157
2026-07-03T04:46:17.663Z,67,73.8,34.5,61.3,1004.3,22.5,293,156
2026-07-03T04:46:27.653Z,67.6,74.8,34.5,61.3,1004.3,22.6,293,157
2026-07-03T04:46:37.660Z,69.6,76.6,34.5,61.3,1004.3,22.6,293,158
2026-07-03T04:46:47.663Z,69.4,77,34.5,61.3,1004.3,22.7,293,158
2026-07-03T04:46:57.653Z,69.2,76.8,34.5,61.4,1004.3,22.7,293,158
2026-07-03T04:47:07.653Z,69,75.8,34.4,61.4,1004.3,22.8,293,157
2026-07-03T04:47:17.660Z,69.2,77,34.4,61.5,1004.3,22.8,292,158
2026-07-03T04:47:27.658Z,70,77.2,34.4,61.5,1004.3,22.9,292,158
2026-07-03T04:47:37.655Z,67,75.4,34.4,61.4,1004.3,23,291,156
2026-07-03T04:47:47.654Z,59.4,70.8,34.4,61.4,1004.3,23.1,291,153
2026-07-03T04:47:57.662Z,57,69,34.4,61.4,1004.3,23.2,291,151
2026-07-03T04:48:07.660Z,59,71.6,34.4,61.3,1004.3,23.3,288,152
2026-07-03T04:48:17.658Z,59.6,71.6,34.4,61.3,1004.3,23.4,288,153
2026-07-03T04:48:27.664Z,60.2,71,34.4,61.2,1004.3,23.4,288,153
2026-07-03T04:48:37.678Z,65.4,75,34.4,61.2,1004.3,23.5,288,156
2026-07-03T04:48:47.666Z,68.4,77.6,34.4,61.2,1004.3,23.6,288,157
2026-07-03T04:48:57.659Z,66.4,76.6,34.4,61.2,1004.2,23.7,287,156
2026-07-03T04:49:07.653Z,65.6,75.6,34.4,61.2,1004.2,23.7,286,156
2026-07-03T04:49:17.662Z,67.4,75.8,34.4,61.2,1004.2,23.8,287,157
2026-07-03T04:49:27.660Z,68.6,76.8,34.4,61.2,1004.2,23.8,286,157
2026-07-03T04:49:37.657Z,72,78.4,34.4,61.2,1004.2,23.9,285,159
2026-07-03T04:49:47.654Z,71.4,78.4,34.4,61.2,1004.2,24,286,159
2026-07-03T04:49:57.657Z,76,82.2,34.4,61.2,1004.2,24,285,161
2026-07-03T04:50:07.674Z,82.8,89.8,34.4,61.2,1004.2,24,285,165
2026-07-03T04:50:17.658Z,86.2,96.6,34.4,61.2,1004.2,24.1,286,166
2026-07-03T04:50:27.657Z,85,93,34.4,61.2,1004.2,24.1,286,166
2026-07-03T04:50:37.657Z,82.4,89.4,34.4,61.2,1004.2,24.1,287,164
2026-07-03T04:50:47.656Z,82.6,89.6,34.4,61.2,1004.2,24.2,287,164
2026-07-03T04:50:57.661Z,98.8,105.8,34.4,61.3,1004.2,24.1,288,173
2026-07-03T04:51:07.652Z,121.2,131.4,34.4,61.3,1004.2,24.1,288,184
2026-07-03T04:51:17.654Z,131.2,146.6,34.4,61.3,1004.2,24.1,288,190
2026-07-03T04:51:27.667Z,133.4,148.2,34.4,61.3,1004.2,24,288,191
2026-07-03T04:51:37.656Z,136.4,148,34.4,61.4,1004.2,23.9,288,192
2026-07-03T04:52:05.784Z,121.7,137.3,35.2,61.7,1004.1,47.4,97,183
2026-07-03T04:52:15.479Z,124.8,128.8,35.2,61.7,1004.1,46.3,337,186
2026-07-03T04:52:25.481Z,119.6,129.2,35.2,61.8,1004.1,44.8,334,184
2026-07-03T04:52:35.470Z,126,138.8,35.1,61.8,1004.1,43.3,334,187
2026-07-03T04:52:45.466Z,124,138,35.1,61.9,1004.1,41.7,318,186
2026-07-03T04:52:55.491Z,119,130.2,35,62,1004.1,40.2,318,183
2026-07-03T04:53:05.461Z,118.6,128.2,35,62,1004.1,38.8,306,183
2026-07-03T04:53:15.495Z,114.2,123.8,34.9,62.1,1004.1,37.4,306,181
2026-07-03T04:53:25.484Z,115.8,128.4,34.9,62.1,1004.1,36.2,305,182
2026-07-03T04:53:35.479Z,112.8,124.4,34.8,62.2,1004.1,35.1,305,180
2026-07-03T04:53:45.472Z,101.6,111.4,34.7,62.2,1004.1,34.2,302,174
2026-07-03T04:53:55.463Z,96.4,105.4,34.7,62.3,1004.1,33.3,302,172
2026-07-03T04:54:05.458Z,99.6,108,34.6,62.4,1004.1,32.5,300,173
2026-07-03T04:54:15.454Z,96.4,107.2,34.6,62.5,1004.1,31.8,298,172
2026-07-03T04:54:25.454Z,97.4,107,34.5,62.6,1004.1,31.2,298,172
2026-07-03T04:54:35.458Z,90.6,99.6,34.5,62.6,1004.1,30.6,298,169
2026-07-03T04:54:45.484Z,82.2,92,34.4,62.6,1004.1,30.1,297,164
2026-07-03T04:54:55.465Z,85,94.8,34.4,62.6,1004.1,29.6,297,166
2026-07-03T04:55:05.455Z,91.4,103,34.4,62.6,1004,29.2,297,169
2026-07-03T04:55:15.459Z,96.2,107.4,34.3,62.7,1004,28.7,295,172
2026-07-03T04:55:25.454Z,100.4,111.8,34.3,62.7,1004,28.4,295,174
2026-07-03T04:55:35.465Z,100.6,112.4,34.3,62.7,1004,28,297,174
2026-07-03T04:55:45.456Z,97.4,109.2,34.3,62.8,1004,27.7,297,172
2026-07-03T04:55:55.461Z,95.2,104.8,34.3,62.9,1004,27.4,297,171
2026-07-03T04:56:05.462Z,96.6,106.4,34.3,62.9,1004,27.1,298,172
2026-07-03T04:56:15.464Z,94.6,106,34.2,63,1004,26.9,299,171
2026-07-03T04:56:25.458Z,93,104,34.2,63.1,1004,26.7,301,170
2026-07-03T04:56:35.471Z,89.2,97.6,34.2,63.2,1004,26.5,301,168
2026-07-03T04:56:45.464Z,87.4,99,34.2,63.2,1004,26.3,301,167
2026-07-03T04:56:55.462Z,87,96.8,34.2,63.3,1004,26.1,301,167
2026-07-03T04:57:05.455Z,83.4,93,34.2,63.4,1004,25.9,301,165
2026-07-03T04:57:15.450Z,82.6,92.2,34.2,63.5,1004,25.8,301,164
2026-07-03T04:57:25.449Z,77,85.8,34.2,63.5,1004,25.6,301,162
2026-07-03T04:57:35.471Z,73.6,82,34.2,63.6,1004,25.5,301,160
2026-07-03T04:57:45.476Z,71.4,80.8,34.1,63.7,1004,25.4,301,159
2026-07-03T04:57:55.446Z,69.2,78.2,34.1,63.7,1004,25.3,301,158
2026-07-03T04:58:05.460Z,68.4,78,34.1,63.8,1004,25.2,300,157
2026-07-03T04:58:15.447Z,67.6,76.8,34.1,63.9,1004,25.1,300,157
2026-07-03T04:58:25.454Z,66.2,75.4,34.1,64,1004,25,302,156
2026-07-03T04:58:35.450Z,65.2,75.2,34.1,64.1,1004,24.9,300,156
2026-07-03T04:58:45.453Z,60,72.2,34.1,64.2,1004,24.9,300,153
2026-07-03T04:58:55.448Z,60,72,34.1,64.3,1004,24.8,303,153
2026-07-03T04:59:05.452Z,61.6,73.2,34.1,64.4,1004,24.7,300,154
2026-07-03T04:59:15.484Z,61.6,72.6,34.1,64.5,1004,24.6,304,154
2026-07-03T04:59:25.466Z,58.4,70.6,34.1,64.5,1004.1,24.6,304,152
2026-07-03T04:59:35.465Z,54.8,68.6,34.1,64.6,1004.1,24.5,304,148
2026-07-03T04:59:45.479Z,53,68,34.1,64.7,1004.1,24.5,304,144
2026-07-03T04:59:55.463Z,51.6,66.6,34.1,64.8,1004.1,24.5,304,140
2026-07-03T05:00:05.462Z,51,65,34.1,64.9,1004.1,24.4,304,139
2026-07-03T05:00:15.455Z,50.2,64.2,34.1,65,1004.1,24.4,304,137
2026-07-03T05:00:25.467Z,51.4,64.8,34.1,65.1,1004.1,24.3,304,140
2026-07-03T05:00:35.455Z,51,64.2,34.1,65.1,1004.1,24.3,304,139
2026-07-03T05:00:45.457Z,49.6,61.6,34.1,65.2,1004.1,24.3,304,135
2026-07-03T05:00:55.450Z,49.6,61.6,34.1,65.2,1004.1,24.3,304,135
2026-07-03T05:01:05.471Z,49,60,34.1,65.3,1004.1,24.2,304,134
2026-07-03T05:01:15.449Z,47.2,59,34.1,65.3,1004.1,24.2,305,129
2026-07-03T05:01:25.455Z,47.6,60.6,34.1,65.3,1004.1,24.2,305,130
2026-07-03T05:01:35.444Z,47.6,60.6,34.1,65.4,1004.1,24.2,306,130
2026-07-03T05:01:45.446Z,47.6,59.6,34.1,65.4,1004.1,24.2,306,130
2026-07-03T05:01:55.458Z,47.2,58.8,34.1,65.5,1004.1,24.2,306,129
2026-07-03T05:02:05.461Z,45.2,55.8,34.1,65.5,1004.1,24.2,306,124
2026-07-03T05:02:15.458Z,44.4,55.2,34.1,65.5,1004.1,24.2,306,122
2026-07-03T05:02:25.474Z,44,55,34.1,65.5,1004.1,24.2,305,121
2026-07-03T05:02:35.450Z,44.6,54.6,34.1,65.5,1004.1,24.2,305,123
2026-07-03T05:02:45.464Z,43.2,54.2,34.1,65.5,1004.1,24.2,306,119
2026-07-03T05:02:55.466Z,42.8,52.6,34.1,65.5,1004.1,24.2,305,118
2026-07-03T05:03:05.456Z,42,52,34.1,65.5,1004.1,24.2,305,117
2026-07-03T05:03:15.457Z,41.2,51.8,34.1,65.4,1004.1,24.2,306,115
2026-07-03T05:03:25.611Z,41,51,34.1,65.3,1004.1,24.2,305,114
2026-07-03T05:03:35.464Z,41.4,52.2,34.1,65.3,1004.1,24.1,305,115
2026-07-03T05:03:45.455Z,40.6,49.8,34.2,65.2,1004.1,24.1,306,113
2026-07-03T05:03:55.456Z,39.6,48.6,34.2,65.2,1004.1,24,306,111
2026-07-03T05:04:05.467Z,38.4,47.4,34.2,65.1,1004.1,24,305,108
2026-07-03T05:04:15.452Z,40,49,34.2,65.1,1004.1,23.9,306,112
2026-07-03T05:04:25.460Z,39.2,48.2,34.2,65.1,1004.1,23.9,306,110
2026-07-03T05:04:35.460Z,39.4,48.4,34.2,65.1,1004.1,23.9,306,110
2026-07-03T05:04:45.453Z,38.2,47.2,34.2,65.1,1004.1,23.9,306,107
2026-07-03T05:04:55.469Z,35,44,34.2,65.1,1004.1,23.9,306,99
2026-07-03T05:05:05.464Z,37.8,45.2,34.2,65.1,1004.1,23.9,306,106
2026-07-03T05:05:15.451Z,37.4,44,34.2,65.2,1004.1,23.9,306,105
2026-07-03T05:05:25.455Z,35.4,42.8,34.2,65.2,1004.1,23.9,306,100
2026-07-03T05:05:35.454Z,38,45,34.2,65.2,1004.1,23.9,306,107
2026-07-03T05:05:45.454Z,37.2,44.2,34.2,65.2,1004.1,24,306,105
2026-07-03T05:05:55.459Z,36,45,34.2,65.2,1004.1,24,306,102
2026-07-03T05:06:05.453Z,34.4,42.8,34.2,65.2,1004.1,24,306,97
2026-07-03T05:06:15.453Z,34,40.8,34.2,65.2,1004.1,24,305,97
2026-07-03T05:06:25.450Z,32.6,39.8,34.1,65.2,1004.1,24,305,94
2026-07-03T05:06:35.451Z,32.6,39.6,34.1,65.2,1004.1,24.1,306,94
2026-07-03T05:06:45.456Z,31.8,39.4,34.1,65.2,1004.1,24.1,306,92
2026-07-03T05:06:55.453Z,31,38,34.1,65.2,1004.1,24.1,306,90
2026-07-03T05:07:05.455Z,32,37.6,34.1,65.2,1004.1,24.1,306,92
2026-07-03T05:07:15.466Z,31,33.8,34.1,65.2,1004.1,24.2,304,90
2026-07-03T05:07:25.456Z,31.4,34,34.1,65.2,1004.1,24.2,304,91
2026-07-03T05:07:35.456Z,30,33,34.1,65.3,1004.1,24.3,305,88
2026-07-03T05:07:45.456Z,31.4,33.6,34,65.3,1004.1,24.4,305,91
2026-07-03T05:07:55.469Z,30.2,33.6,34,65.3,1004.1,24.4,304,89
2026-07-03T05:08:05.456Z,29.6,32.6,34,65.4,1004.1,24.4,305,87
2026-07-03T05:08:15.459Z,29.6,33.6,34,65.4,1004.1,24.5,305,87
2026-07-03T05:08:25.455Z,31.2,35.8,34,65.4,1004.1,24.5,305,91
2026-07-03T05:08:35.443Z,29.2,33.8,34,65.4,1004.1,24.5,305,86
2026-07-03T05:08:45.448Z,29.2,33.4,33.9,65.5,1004.1,24.6,305,86
2026-07-03T05:08:55.451Z,27.4,30.6,33.9,65.5,1004.1,24.6,305,83
2026-07-03T05:09:05.445Z,27,29.4,33.9,65.5,1004.1,24.6,305,82
2026-07-03T05:09:15.460Z,29.6,32.8,33.9,65.5,1004.1,24.7,305,87
2026-07-03T05:09:25.450Z,29.6,33.6,33.9,65.5,1004.1,24.7,305,87
2026-07-03T05:09:35.449Z,29.8,32,33.9,65.5,1004.1,24.7,305,88
2026-07-03T05:09:45.478Z,29,31.6,33.9,65.4,1004.1,24.8,305,86
2026-07-03T05:09:55.447Z,27.4,30.4,33.9,65.4,1004.1,24.8,305,83
2026-07-03T05:10:05.467Z,26.6,29.4,33.9,65.4,1004.1,24.8,304,81
2026-07-03T05:10:15.452Z,24.6,27.6,33.9,65.4,1004.1,24.8,304,77
2026-07-03T05:10:25.452Z,24.4,26.4,33.9,65.4,1004.1,24.9,304,76
2026-07-03T05:10:35.456Z,25.2,27.2,33.9,65.4,1004.1,24.9,304,78
2026-07-03T05:10:45.454Z,25.4,27.6,33.9,65.4,1004.1,24.9,304,78
2026-07-03T05:10:55.452Z,23.8,27.4,33.9,65.4,1004.1,25,304,75
2026-07-03T05:11:05.454Z,25,29,33.8,65.4,1004.1,25,304,78
2026-07-03T05:11:15.452Z,25,28.4,33.8,65.3,1004.1,25,304,78
2026-07-03T05:11:25.461Z,24.2,28.2,33.8,65.3,1004.1,25.1,304,76
2026-07-03T05:11:35.455Z,25,28.2,33.8,65.3,1004.1,25.1,304,78
2026-07-03T05:11:45.453Z,23.6,26.6,33.8,65.3,1004.1,25.1,304,75
2026-07-03T05:11:55.455Z,22.8,25.2,33.8,65.2,1004,25.2,304,73
2026-07-03T05:12:05.460Z,22.2,23.2,33.8,65.2,1004,25.2,304,72
2026-07-03T05:12:15.463Z,21.8,23.6,33.8,65.1,1004,25.3,302,71
2026-07-03T05:12:25.451Z,24.2,25.4,33.8,65.1,1004,25.4,302,76
2026-07-03T05:12:35.452Z,24.4,25.4,33.8,65,1004,25.4,301,76
2026-07-03T05:12:45.460Z,22,23,33.8,65,1004,25.5,301,71
2026-07-03T05:12:55.452Z,22.2,23.2,33.8,65,1004,25.5,301,72
2026-07-03T05:13:05.468Z,21.2,23.2,33.8,64.9,1004,25.6,301,70
2026-07-03T05:13:15.448Z,21,24,33.8,64.9,1004,25.7,301,69
2026-07-03T05:13:25.460Z,20,22.6,33.8,64.9,1004,25.7,301,67
2026-07-03T05:13:35.459Z,20.2,21.4,33.8,64.8,1004,25.8,299,68
2026-07-03T05:13:45.452Z,19.2,19.8,33.8,64.8,1004,25.9,300,65
2026-07-03T05:13:55.461Z,20.6,22.8,33.8,64.8,1004,25.9,299,68
2026-07-03T05:14:05.464Z,19.6,22,33.8,64.8,1004,26,297,66
2026-07-03T05:14:15.445Z,19.6,22,33.8,64.8,1004,26.1,297,66
2026-07-03T05:14:25.448Z,19.4,22.2,33.8,64.8,1003.9,26.1,294,66
2026-07-03T05:14:35.450Z,19,22.2,33.8,64.8,1003.9,26.2,297,65
2026-07-03T05:14:45.447Z,19.6,23,33.8,64.9,1003.9,26.2,297,66
2026-07-03T05:14:55.440Z,19.6,23.4,33.7,64.9,1003.9,26.3,297,66
2026-07-03T05:15:05.438Z,19.6,23,33.7,65,1003.9,26.3,297,66
2026-07-03T05:15:15.449Z,19,22,33.7,65,1003.9,26,298,65
2026-07-03T05:15:25.451Z,18.4,21.2,33.7,65.1,1003.9,25.4,298,64
2026-07-03T05:15:35.454Z,19.6,21.4,33.7,65.1,1003.9,24.7,298,66
2026-07-03T05:15:45.456Z,21,22.4,33.7,65.2,1003.9,24.1,298,69
2026-07-03T05:15:55.467Z,21,21,33.7,65.3,1003.9,23.6,299,69
2026-07-03T05:16:05.452Z,19.4,19.6,33.7,65.3,1003.9,23.1,299,66
2026-07-03T05:16:15.452Z,18.4,18.4,33.7,65.3,1003.9,22.6,300,64
2026-07-03T05:16:25.461Z,18,18.2,33.6,65.4,1003.9,22.1,306,63
2026-07-03T05:16:35.453Z,18,19.8,33.6,65.4,1003.9,21.7,313,63
2026-07-03T05:16:45.457Z,17.8,20.8,33.6,65.4,1003.9,21.2,314,62
2026-07-03T05:16:55.537Z,17.2,19.8,33.6,65.4,1003.9,20.9,314,61
2026-07-03T05:17:05.472Z,18.2,20,33.6,65.4,1003.9,20.6,315,63
2026-07-03T05:17:15.464Z,19.2,19.8,33.6,65.4,1003.8,20.3,315,65
2026-07-03T05:17:25.450Z,21.4,21.4,33.6,65.4,1003.8,20,315,70
2026-07-03T05:17:35.461Z,21.6,22,33.6,65.4,1003.8,19.7,314,70
2026-07-03T05:17:45.449Z,22,24,33.6,65.4,1003.8,19.5,314,71
2026-07-03T05:17:55.453Z,22.8,24.8,33.6,65.5,1003.8,19.3,315,73
2026-07-03T05:18:05.456Z,21.6,21.8,33.6,65.5,1003.8,19.1,315,70
2026-07-03T05:18:15.441Z,20.2,20.8,33.6,65.5,1003.8,18.9,314,68
2026-07-03T05:18:25.437Z,21.2,22.6,33.6,65.5,1003.8,18.7,314,70
2026-07-03T05:18:35.439Z,21.4,22.4,33.6,65.4,1003.8,18.6,314,70
2026-07-03T05:18:45.438Z,20.8,21.4,33.6,65.4,1003.8,18.5,314,69
2026-07-03T05:18:55.446Z,20.6,21.6,33.6,65.4,1003.8,18.4,314,68
2026-07-03T05:19:05.442Z,22,24.4,33.6,65.4,1003.8,18.3,314,71
2026-07-03T05:19:15.445Z,22.6,25.2,33.6,65.4,1003.8,18.2,313,73
2026-07-03T05:19:25.460Z,23,23.4,33.6,65.4,1003.8,18.2,310,73
2026-07-03T05:19:35.594Z,22.2,22.2,33.6,65.4,1003.8,18.1,310,72
2026-07-03T05:19:45.444Z,20.6,21,33.6,65.4,1003.8,18.1,310,68
2026-07-03T05:19:55.561Z,18.6,20.6,33.6,65.3,1003.8,18.1,309,64
2026-07-03T05:21:10.091Z,20.6,21.6,33.6,65.1,1003.8,18.2,307,69
2026-07-03T05:21:15.434Z,20,21,33.6,65.1,1003.8,18.3,307,67
2026-07-03T05:21:25.438Z,19.4,19.6,33.6,65,1003.8,18.3,306,66
2026-07-03T05:21:35.443Z,18.8,18.8,33.6,65,1003.8,18.4,306,65
2026-07-03T05:21:45.447Z,19,19,33.6,65,1003.8,18.4,306,65
2026-07-03T05:21:55.441Z,19.4,20,33.6,65,1003.9,18.5,306,66
2026-07-03T05:22:05.439Z,20.2,21.6,33.6,64.9,1003.9,18.6,306,68
2026-07-03T05:22:15.461Z,18,20.4,33.6,64.9,1003.9,18.6,306,63
2026-07-03T05:22:25.434Z,18.6,21.6,33.6,64.9,1003.9,18.7,306,64
2026-07-03T05:22:35.447Z,19.8,22.2,33.6,64.9,1003.9,18.7,306,67
2026-07-03T05:22:45.431Z,20.4,23.6,33.6,64.9,1003.9,18.8,306,68
2026-07-03T05:22:55.427Z,21.6,24,33.6,64.9,1003.9,18.9,304,70
2026-07-03T05:23:05.430Z,19.8,22.2,33.6,65,1003.9,18.9,304,67
2026-07-03T05:23:15.438Z,18.4,21.4,33.6,65,1003.9,18.9,304,64
2026-07-03T05:23:25.440Z,18.6,21.2,33.6,65,1003.9,19,304,64
2026-07-03T05:23:35.438Z,18,20,33.6,65,1003.9,19,304,63
2026-07-03T05:23:45.434Z,18.4,19.4,33.5,65,1003.9,19.1,304,64
2026-07-03T05:23:55.440Z,17.6,18.6,33.5,65,1003.9,19.1,304,62
2026-07-03T05:24:05.439Z,17.2,18.2,33.5,65,1003.9,19.1,304,61
2026-07-03T05:24:15.435Z,18,19.8,33.5,65,1003.9,19.2,304,63
2026-07-03T05:24:25.427Z,17.4,18.4,33.5,65,1003.9,19.3,304,62
2026-07-03T05:24:35.434Z,16.8,18.8,33.5,64.9,1003.9,19.3,304,60
2026-07-03T05:24:45.428Z,16.6,18.4,33.5,64.9,1003.9,19.4,303,60
2026-07-03T05:24:55.421Z,17.8,18.8,33.5,64.9,1003.9,19.5,303,62
2026-07-03T05:25:05.423Z,19.4,19.6,33.5,64.9,1003.9,19.5,303,66
2026-07-03T05:25:15.438Z,18.4,18.4,33.5,64.9,1003.9,19.6,303,64
2026-07-03T05:25:25.428Z,19.4,19.6,33.5,64.9,1003.9,19.6,303,66
2026-07-03T05:25:35.425Z,20.8,22.6,33.5,64.9,1003.9,19.7,302,69
2026-07-03T05:25:45.426Z,20.8,22.6,33.5,64.9,1003.9,19.7,302,69
2026-07-03T05:25:55.447Z,19.8,21.8,33.5,64.8,1003.9,19.8,302,67
2026-07-03T05:26:05.431Z,17.4,19.4,33.5,64.8,1003.9,19.8,302,62
2026-07-03T05:26:15.430Z,16.4,18.4,33.5,64.8,1003.9,19.9,301,60
2026-07-03T05:26:25.447Z,15.4,17.4,33.5,64.8,1003.9,19.9,300,57
2026-07-03T05:26:35.439Z,15.4,16.4,33.5,64.8,1003.9,20,299,57
2026-07-03T05:26:45.425Z,16,17,33.4,64.8,1003.9,20,299,59
2026-07-03T05:26:55.426Z,17,19,33.4,64.8,1003.9,20.1,297,61
2026-07-03T05:27:05.432Z,16.8,20.2,33.4,64.8,1003.9,20.1,297,60
2026-07-03T05:27:15.436Z,18,19,33.4,64.8,1003.9,20.1,297,63
2026-07-03T05:27:25.421Z,17.8,18.8,33.4,64.7,1003.9,20.2,295,62
2026-07-03T05:27:35.425Z,16.6,17.6,33.4,64.7,1003.9,20.2,295,60
2026-07-03T05:27:45.424Z,17,18,33.4,64.7,1003.9,20.3,295,61
2026-07-03T05:27:55.440Z,18.8,20.4,33.4,64.7,1003.9,20.3,294,65
2026-07-03T05:28:05.431Z,19,19.4,33.4,64.6,1003.9,20.3,294,65
2026-07-03T05:28:15.428Z,17.4,17.4,33.4,64.6,1003.9,20.4,296,62
2026-07-03T05:28:25.431Z,18.6,18.6,33.4,64.6,1003.9,20.4,296,64
2026-07-03T05:28:35.420Z,18.6,18.6,33.4,64.6,1003.9,20.4,294,64
2026-07-03T05:28:45.439Z,19.4,19.4,33.4,64.6,1003.9,20.4,296,66
2026-07-03T05:28:55.418Z,19.2,19.4,33.4,64.6,1003.9,20.5,294,65
2026-07-03T05:29:05.419Z,19,20,33.4,64.6,1003.9,20.5,294,65
2026-07-03T05:29:15.423Z,18,20.6,33.4,64.6,1003.9,20.5,295,63
2026-07-03T05:29:25.449Z,18.2,20.8,33.4,64.6,1003.9,20.5,294,63
2026-07-03T05:29:35.469Z,20,21.6,33.4,64.6,1003.9,20.6,294,67
2026-07-03T05:29:45.422Z,19,20,33.4,64.6,1003.9,20.6,294,65
2026-07-03T05:29:55.445Z,19,20,33.4,64.6,1003.9,20.6,294,65
2026-07-03T05:30:05.427Z,18,18.2,33.4,64.6,1003.9,20.6,294,63
2026-07-03T05:30:15.432Z,19,19,33.4,64.6,1003.9,20.7,294,65
2026-07-03T05:30:25.448Z,18,18,33.4,64.7,1003.9,20.7,294,63
2026-07-03T05:30:35.434Z,19,20,33.4,64.7,1003.9,20.7,294,65
2026-07-03T05:30:45.432Z,19.4,20.2,33.4,64.7,1003.9,20.7,294,66
2026-07-03T05:30:55.435Z,19.6,19.6,33.4,64.8,1003.9,20.7,294,66
2026-07-03T05:31:05.432Z,19.6,19.6,33.4,64.8,1003.9,20.8,294,66
2026-07-03T05:31:15.436Z,17.6,19,33.4,64.9,1003.9,20.8,293,62
2026-07-03T05:31:25.431Z,17.8,19.8,33.4,64.8,1003.9,20.8,295,62
2026-07-03T05:31:35.436Z,18.6,20.6,33.4,64.8,1003.9,20.8,295,64
2026-07-03T05:31:45.433Z,18.8,20.8,33.4,64.9,1003.9,20.8,295,65
2026-07-03T05:31:55.431Z,18.8,20.8,33.4,64.9,1003.9,20.9,295,65
2026-07-03T05:32:05.437Z,18.6,21.6,33.4,64.9,1003.9,20.9,298,64
2026-07-03T05:32:15.430Z,17.6,20.4,33.4,64.9,1003.9,20.9,298,62
2026-07-03T05:32:25.427Z,18.2,20,33.4,64.9,1003.9,20.9,298,63
2026-07-03T05:32:35.424Z,19.6,21.6,33.4,65,1003.9,20.9,298,66
2026-07-03T05:32:45.440Z,20.4,20.8,33.4,65,1003.9,20.9,298,68
2026-07-03T05:32:55.419Z,19.2,19.2,33.4,65,1003.9,20.9,298,65
2026-07-03T05:33:05.445Z,18.4,18.4,33.4,65.1,1003.9,20.9,299,64
2026-07-03T05:33:15.457Z,19,20.6,33.4,65.1,1003.9,20.9,300,65
2026-07-03T05:33:25.426Z,17.8,19.8,33.4,65.1,1003.9,20.9,300,62
2026-07-03T05:33:35.435Z,18.4,20,33.4,65.1,1003.9,20.9,300,64
2026-07-03T05:33:45.445Z,19.2,20.2,33.4,65.1,1003.9,20.8,301,65
2026-07-03T05:33:55.460Z,18,19,33.5,65,1004,20.8,301,63
2026-07-03T05:34:05.440Z,17,18,33.5,65,1004,20.8,301,61
2026-07-03T05:34:15.432Z,17.4,18.4,33.5,65,1004,20.8,301,62
2026-07-03T05:34:25.438Z,17.8,19.8,33.5,65,1004,20.8,302,62
2026-07-03T05:34:35.429Z,19.6,21.6,33.5,65,1004,20.7,302,66
2026-07-03T05:34:45.423Z,18,20.2,33.5,65,1004,20.7,301,63
2026-07-03T05:34:55.431Z,17.6,19.6,33.5,65,1004,20.7,301,62
2026-07-03T05:35:05.423Z,18.4,20,33.6,64.9,1004,20.7,301,64
2026-07-03T05:35:15.444Z,19.4,20.2,33.6,64.9,1004,20.7,301,66
2026-07-03T05:35:25.436Z,19.2,21.4,33.6,64.8,1004,20.7,301,65
2026-07-03T05:35:35.432Z,18.6,23,33.6,64.8,1004,20.7,301,64
2026-07-03T05:35:45.464Z,19.6,21.6,33.6,64.8,1004,20.7,301,66
2026-07-03T05:35:55.435Z,20.2,20.6,33.6,64.7,1004,20.6,301,68
2026-07-03T05:36:05.438Z,17.8,19,33.6,64.7,1004,20.7,299,62
2026-07-03T05:36:15.438Z,17.4,18,33.7,64.7,1004,20.7,295,62
2026-07-03T05:36:25.448Z,18,18,33.7,64.6,1004,20.7,298,63
2026-07-03T05:36:35.436Z,18.8,18.8,33.7,64.6,1004,20.8,298,65
2026-07-03T05:36:45.429Z,18.8,19.8,33.7,64.6,1004,20.8,295,65
2026-07-03T05:36:55.435Z,19,19.4,33.7,64.6,1004,20.8,298,65
2026-07-03T05:37:05.436Z,18.6,18.8,33.7,64.6,1004,20.9,298,64
2026-07-03T05:37:15.432Z,18.6,18.6,33.7,64.6,1004,20.9,298,64
2026-07-03T05:37:25.435Z,19.4,19.6,33.7,64.6,1004,21,298,66
2026-07-03T05:37:35.452Z,20,21,33.7,64.6,1004,21,297,67
2026-07-03T05:37:45.424Z,19.2,20.2,33.7,64.6,1004,21,297,65
2026-07-03T05:37:55.430Z,19,20.4,33.7,64.6,1004,21.1,297,65
2026-07-03T05:38:05.426Z,18.6,21,33.7,64.6,1004,21.1,298,64
2026-07-03T05:38:15.429Z,19.2,21.4,33.7,64.6,1004,21.2,297,65
2026-07-03T05:38:25.424Z,19.4,21,33.7,64.5,1003.9,21.2,297,66
2026-07-03T05:38:35.421Z,18,18.6,33.7,64.5,1003.9,21.2,297,63
2026-07-03T05:38:45.422Z,18.8,18.8,33.7,64.6,1003.9,21.2,297,65
2026-07-03T05:38:55.426Z,20.8,20.8,33.7,64.6,1003.9,21.3,297,69
2026-07-03T05:39:05.428Z,21,22,33.7,64.6,1003.9,21.3,297,69
2026-07-03T05:39:15.416Z,19.4,21.8,33.7,64.6,1003.9,21.3,297,66
2026-07-03T05:39:25.418Z,18.6,20.6,33.7,64.6,1003.9,21.4,297,64
2026-07-03T05:39:35.417Z,19,19.8,33.7,64.6,1003.9,21.4,294,65
2026-07-03T05:39:45.421Z,19.4,20.6,33.7,64.6,1003.9,21.5,297,66
2026-07-03T05:39:55.430Z,20.2,21.4,33.7,64.6,1003.9,21.5,294,68
2026-07-03T05:40:05.423Z,19.2,20.2,33.7,64.7,1003.9,21.6,297,65
2026-07-03T05:40:15.417Z,19,19.6,33.7,64.7,1003.9,21.6,299,65
2026-07-03T05:40:25.425Z,18.6,18.6,33.7,64.7,1003.9,21.6,299,64
2026-07-03T05:40:35.444Z,19.2,19.2,33.7,64.7,1003.9,21.7,299,65
2026-07-03T05:40:45.413Z,20,21.2,33.6,64.8,1003.9,21.7,299,67
2026-07-03T05:40:55.412Z,19.6,21.6,33.6,64.8,1003.9,21.7,295,66
2026-07-03T05:41:05.420Z,19.4,20.6,33.6,64.9,1003.9,21.8,295,66
2026-07-03T05:41:15.418Z,20,20,33.6,65,1003.9,21.8,299,67
2026-07-03T05:41:25.431Z,19.2,20.6,33.6,65,1003.9,21.8,299,65
2026-07-03T05:41:35.527Z,19.6,19.8,33.6,65.1,1003.9,21.9,300,66
2026-07-03T05:41:45.476Z,19.8,20,33.6,65.1,1003.9,21.9,302,67
2026-07-03T05:41:55.420Z,18.6,18.6,33.6,65.2,1003.9,21.9,304,64
2026-07-03T05:42:05.420Z,19.6,20,33.6,65.2,1003.9,21.9,302,66
2026-07-03T05:42:15.435Z,20.4,21.2,33.5,65.2,1003.9,21.9,302,68
2026-07-03T05:42:25.424Z,19.6,20.8,33.5,65.3,1003.9,22,302,66
2026-07-03T05:42:35.432Z,21.8,22.8,33.5,65.3,1003.9,22,302,71
2026-07-03T05:42:45.431Z,20.6,22.6,33.5,65.3,1003.9,22,302,68
2026-07-03T05:42:55.437Z,19.4,20.6,33.5,65.3,1003.9,22,302,66
2026-07-03T05:43:05.429Z,20.6,20.6,33.5,65.3,1003.9,22.1,302,68
2026-07-03T05:43:15.423Z,18.4,19.2,33.5,65.4,1003.9,22.1,301,64
2026-07-03T05:43:25.422Z,18.8,19,33.5,65.4,1003.9,22.1,301,65
2026-07-03T05:43:35.426Z,17.6,18.6,33.5,65.4,1003.9,22.1,300,62
2026-07-03T05:43:45.479Z,19,20.6,33.5,65.4,1003.9,22.1,297,65
2026-07-03T05:43:55.501Z,19,19,33.5,65.4,1003.9,22.2,297,65
2026-07-03T05:44:05.427Z,18.4,18.4,33.5,65.5,1003.9,22.2,300,64
2026-07-03T05:44:15.417Z,19.6,21.6,33.5,65.5,1003.9,22.2,297,66
2026-07-03T05:44:25.415Z,19.8,22.8,33.5,65.5,1003.9,22.2,297,67
2026-07-03T05:44:35.421Z,18.6,21.4,33.5,65.5,1003.8,22.2,299,64
2026-07-03T05:44:45.443Z,18.8,19.8,33.5,65.5,1003.8,22.2,297,65
2026-07-03T05:44:55.418Z,20.4,21.4,33.5,65.6,1003.8,22.2,297,68
2026-07-03T05:45:05.415Z,20,21,33.5,65.6,1003.8,22.2,299,67
2026-07-03T05:45:15.460Z,20.6,21,33.5,65.6,1003.8,22.2,299,68
2026-07-03T05:45:25.415Z,18.2,20.2,33.5,65.6,1003.8,22.2,300,63
2026-07-03T05:45:35.464Z,19.4,22.4,33.5,65.6,1003.8,22.2,301,66
2026-07-03T05:45:45.434Z,20.6,22.6,33.5,65.6,1003.8,22.2,302,68
2026-07-03T05:45:55.415Z,20.8,21.2,33.5,65.6,1003.8,22.2,302,69
2026-07-03T05:46:05.426Z,20.4,20.4,33.5,65.7,1003.8,22.1,302,68
2026-07-03T05:46:15.434Z,21,21.4,33.5,65.7,1003.8,22.1,302,69
2026-07-03T05:46:25.425Z,20.4,21,33.5,65.7,1003.8,22.1,302,68
2026-07-03T05:46:35.429Z,18.6,18.6,33.5,65.6,1003.8,22.1,302,64
2026-07-03T05:46:45.425Z,19.6,20.4,33.5,65.6,1003.8,22,304,66
2026-07-03T05:46:55.422Z,18.2,19.4,33.5,65.6,1003.8,22,304,63
2026-07-03T05:47:05.423Z,19.6,21.4,33.5,65.6,1003.8,22,304,66
2026-07-03T05:47:15.449Z,20,22,33.5,65.5,1003.8,22,304,67
2026-07-03T05:47:25.623Z,19.4,20.4,33.6,65.5,1003.8,21.9,304,66
2026-07-03T05:48:06.326Z,20,21,33.6,65.4,1003.8,21.9,304,67
2026-07-03T05:48:15.438Z,21.4,22.8,33.7,65.3,1003.8,21.8,304,70
2026-07-03T05:48:25.449Z,21,22,33.7,65.2,1003.8,21.8,305,69
2026-07-03T05:48:35.441Z,21.4,23.4,33.7,65.2,1003.8,21.7,304,70
2026-07-03T05:48:45.437Z,22,24,33.7,65.2,1003.8,21.7,305,71
2026-07-03T05:48:55.453Z,21.6,24.2,33.7,65.2,1003.8,21.7,305,70
2026-07-03T05:49:05.440Z,22,23.4,33.7,65.2,1003.8,21.7,305,71
2026-07-03T05:49:15.438Z,20.2,20.4,33.7,65.2,1003.8,21.7,305,68
2026-07-03T05:49:25.435Z,20.4,22.2,33.7,65.2,1003.8,21.7,311,68
2026-07-03T05:49:35.437Z,20,24,33.7,65.3,1003.8,21.7,311,67
2026-07-03T05:49:45.445Z,20.4,23.2,33.7,65.3,1003.8,21.7,311,68
2026-07-03T05:49:55.449Z,19.4,21.8,33.7,65.3,1003.8,21.8,313,66
2026-07-03T05:50:05.443Z,19.6,22.6,33.7,65.3,1003.8,21.8,311,66
2026-07-03T05:50:15.433Z,20.2,22.2,33.7,65.2,1003.8,21.8,311,68
2026-07-03T05:50:25.431Z,20.6,22.6,33.7,65.2,1003.8,21.8,311,68
2026-07-03T05:50:35.436Z,20.6,23.4,33.7,65.1,1003.8,21.9,311,68
2026-07-03T05:50:45.444Z,20.2,22.2,33.7,65.1,1003.8,21.9,311,68
2026-07-03T05:50:55.459Z,21,21.2,33.7,65.1,1003.8,21.9,311,69
2026-07-03T05:51:05.426Z,22,22,33.7,65.1,1003.8,22,310,71
2026-07-03T05:51:15.439Z,21,21.8,33.7,65.1,1003.8,22,307,69
2026-07-03T05:51:25.444Z,21,21.4,33.7,65,1003.8,22.1,305,69
2026-07-03T05:51:35.443Z,20.2,22.6,33.7,65,1003.8,22.1,304,68
2026-07-03T05:51:45.435Z,19.4,22.8,33.7,65,1003.8,22.1,304,66
2026-07-03T05:51:55.438Z,21,25,33.7,65,1003.8,22.2,304,69
2026-07-03T05:52:05.452Z,21.2,24.2,33.7,65,1003.8,22.2,302,70
2026-07-03T05:52:15.431Z,21.2,21.8,33.7,64.9,1003.8,22.2,304,70
2026-07-03T05:52:25.432Z,20,21,33.7,64.9,1003.8,22.3,302,67
2026-07-03T05:52:35.431Z,20.4,22.4,33.7,64.9,1003.8,22.3,302,68
2026-07-03T05:52:45.474Z,20.4,21.4,33.7,65,1003.8,22.3,303,68
2026-07-03T05:52:55.432Z,21,22.2,33.7,65,1003.8,22.4,302,69
2026-07-03T05:53:05.430Z,20.6,22.6,33.7,65,1003.8,22.4,302,68
2026-07-03T05:53:15.433Z,20,21,33.7,65,1003.8,22.4,303,67
2026-07-03T05:53:25.429Z,20.4,20.6,33.7,65,1003.8,22.4,302,68
2026-07-03T05:53:35.451Z,21.4,22.4,33.7,65,1003.8,22.4,303,70
2026-07-03T05:53:45.429Z,21.4,21.4,33.7,65,1003.8,22.4,303,70
2026-07-03T05:53:55.435Z,21.4,21.4,33.7,65,1003.8,22.4,304,70
2026-07-03T05:54:05.429Z,20.8,21.8,33.7,65,1003.8,22.4,304,69
2026-07-03T05:54:15.437Z,20.8,21,33.7,65,1003.8,22.3,304,69
2026-07-03T05:54:25.432Z,19.6,20.6,33.7,65,1003.8,22.3,304,66
2026-07-03T05:54:35.438Z,19.6,20.6,33.7,65.1,1003.8,22.3,304,66
2026-07-03T05:54:45.438Z,20.4,20.8,33.7,65.1,1003.8,22.3,304,68
2026-07-03T05:54:55.458Z,20.6,21.6,33.7,65.2,1003.8,22.3,304,68
2026-07-03T05:55:05.438Z,20,20,33.7,65.3,1003.8,22.4,304,67
2026-07-03T05:55:15.431Z,19.6,20.8,33.7,65.4,1003.8,22.4,304,66
2026-07-03T05:55:25.447Z,20.6,22.2,33.6,65.4,1003.8,22.4,304,68
2026-07-03T05:55:35.425Z,22.2,22.8,33.6,65.5,1003.8,22.4,305,72
2026-07-03T05:55:45.430Z,22,22,33.6,65.6,1003.8,22.4,305,71
2026-07-03T05:55:55.433Z,21.8,21.8,33.6,65.6,1003.8,22.4,305,71
2026-07-03T05:56:05.422Z,20.4,20.4,33.6,65.7,1003.8,22.5,305,68
2026-07-03T05:56:15.434Z,21.2,21.6,33.6,65.7,1003.8,22.5,304,70
2026-07-03T05:56:25.435Z,22,22.8,33.6,65.8,1003.8,22.5,305,71
2026-07-03T05:56:35.439Z,19.4,20.4,33.6,65.8,1003.8,22.5,305,66
2026-07-03T05:56:45.464Z,19.2,20.2,33.6,65.8,1003.8,22.5,305,65
2026-07-03T05:56:55.449Z,19.4,21.2,33.5,65.9,1003.8,22.5,304,66
2026-07-03T05:57:05.440Z,19.2,19.8,33.5,65.9,1003.8,22.5,305,65
2026-07-03T05:57:15.445Z,20,20,33.5,65.9,1003.8,22.5,304,67
2026-07-03T05:57:25.437Z,20.6,22,33.5,65.9,1003.8,22.5,304,68
2026-07-03T05:57:35.436Z,20.2,21.2,33.5,65.9,1003.8,22.5,304,68
2026-07-03T05:57:45.437Z,21.2,22.6,33.5,66,1003.8,22.5,304,70
2026-07-03T05:57:55.439Z,21.4,23,33.5,66,1003.8,22.6,304,70
2026-07-03T05:58:05.435Z,21.8,24,33.5,66,1003.8,22.6,304,71
2026-07-03T05:58:15.434Z,21,23.8,33.5,66.1,1003.8,22.6,304,69
2026-07-03T05:58:25.436Z,20.6,22.6,33.5,66.1,1003.8,22.6,304,68
2026-07-03T05:58:35.431Z,22,23,33.5,66.2,1003.8,22.7,304,71
2026-07-03T05:58:45.460Z,22,22.8,33.5,66.2,1003.8,22.7,304,71
2026-07-03T05:58:55.432Z,21.2,22,33.5,66.3,1003.8,22.7,304,70
2026-07-03T05:59:05.431Z,21.8,21.8,33.4,66.3,1003.8,22.7,304,71
2026-07-03T05:59:15.426Z,20.6,20.6,33.4,66.3,1003.8,22.8,304,68
2026-07-03T05:59:25.419Z,20.4,21.4,33.4,66.4,1003.8,22.8,304,68
2026-07-03T05:59:35.419Z,19.8,20.4,33.4,66.4,1003.8,22.8,304,67
2026-07-03T05:59:45.438Z,18.6,19.6,33.4,66.4,1003.8,22.8,304,64
2026-07-03T05:59:55.422Z,20.6,21.8,33.4,66.5,1003.8,22.8,304,68
2026-07-03T06:00:05.442Z,21.4,23.4,33.4,66.5,1003.8,22.8,304,70
2026-07-03T06:00:15.427Z,20,21,33.4,66.5,1003.8,22.9,304,67
2026-07-03T06:00:25.432Z,20.2,21.2,33.4,66.5,1003.8,22.9,304,68
2026-07-03T06:00:35.428Z,20.8,21.8,33.4,66.5,1003.8,22.9,304,69
2026-07-03T06:00:45.428Z,20.2,21,33.4,66.6,1003.8,22.9,304,68
2026-07-03T06:00:55.430Z,18.8,20.8,33.4,66.6,1003.8,22.9,304,65
2026-07-03T06:01:05.428Z,20,21.4,33.4,66.6,1003.8,22.9,304,67
2026-07-03T06:01:15.438Z,20.6,21,33.3,66.6,1003.8,23,303,68
2026-07-03T06:01:25.430Z,20.4,20.8,33.3,66.6,1003.8,23,303,68
2026-07-03T06:01:35.449Z,20.4,22,33.3,66.6,1003.8,23,303,68
2026-07-03T06:01:45.436Z,20,21,33.3,66.6,1003.8,23,303,67
2026-07-03T06:01:55.430Z,21,21.8,33.3,66.6,1003.8,23,304,69
2026-07-03T06:02:05.458Z,21.6,21.8,33.3,66.7,1003.8,23,304,70
2026-07-03T06:02:15.432Z,22.6,23.6,33.3,66.7,1003.8,23.1,304,73
2026-07-03T06:02:25.434Z,20.4,22.2,33.3,66.7,1003.8,23.1,304,68
2026-07-03T06:02:35.439Z,20.2,22,33.3,66.7,1003.8,23.1,304,68
2026-07-03T06:02:45.436Z,20.8,21.6,33.3,66.7,1003.8,23.1,304,69
2026-07-03T06:02:55.434Z,20.4,20.4,33.3,66.6,1003.8,23.1,304,68
2026-07-03T06:03:05.445Z,20.6,22,33.3,66.6,1003.8,23.1,304,68
2026-07-03T06:03:15.435Z,21.4,23,33.3,66.6,1003.8,23.1,304,70
2026-07-03T06:03:25.427Z,20,22.6,33.3,66.5,1003.8,23.1,304,67
2026-07-03T06:03:35.424Z,21.4,23,33.3,66.5,1003.8,23.1,304,70
2026-07-03T06:03:45.423Z,21.8,21.8,33.4,66.4,1003.8,23.1,304,71
2026-07-03T06:03:55.430Z,20.4,21.8,33.4,66.4,1003.8,23.1,304,68
2026-07-03T06:04:05.425Z,20.6,21,33.4,66.3,1003.8,23.1,304,68
2026-07-03T06:04:15.424Z,20.4,21.4,33.4,66.3,1003.8,23.1,304,68
2026-07-03T06:04:25.437Z,19.8,21,33.4,66.3,1003.8,23.1,303,67
2026-07-03T06:04:35.428Z,18.4,19.2,33.4,66.3,1003.7,23.2,303,64
2026-07-03T06:04:45.426Z,18.8,21,33.4,66.3,1003.7,23.2,303,65
2026-07-03T06:04:55.424Z,18.6,18.6,33.4,66.2,1003.7,23.3,301,64
2026-07-03T06:05:05.424Z,19.6,20,33.4,66.2,1003.7,23.3,300,66
2026-07-03T06:05:15.424Z,21,22.6,33.4,66.2,1003.7,23.4,301,69
2026-07-03T06:05:25.427Z,18.8,20,33.4,66.2,1003.7,23.4,300,65
2026-07-03T06:05:35.422Z,19.2,20.2,33.4,66.2,1003.7,23.5,298,65
2026-07-03T06:05:45.435Z,19.6,20.4,33.4,66.2,1003.7,23.6,300,66
2026-07-03T06:05:55.429Z,19,19.4,33.4,66.2,1003.7,23.6,298,65
2026-07-03T06:06:05.480Z,18.8,19.4,33.4,66.3,1003.7,23.7,297,65
2026-07-03T06:06:15.429Z,17.2,17.6,33.4,66.3,1003.7,23.8,298,61
2026-07-03T06:06:25.433Z,17.2,18.2,33.4,66.3,1003.7,23.8,298,61
2026-07-03T06:06:35.426Z,17,17,33.3,66.3,1003.7,23.9,298,61
2026-07-03T06:06:45.430Z,17.8,17.8,33.3,66.3,1003.7,24,298,62
2026-07-03T06:06:55.424Z,18,18,33.3,66.3,1003.7,24.1,298,63
2026-07-03T06:07:05.421Z,17.4,17.4,33.3,66.3,1003.7,24.1,298,62
2026-07-03T06:07:15.420Z,17.6,17.8,33.3,66.3,1003.7,24.2,298,62
2026-07-03T06:07:25.435Z,15.6,16.6,33.3,66.3,1003.7,24.3,298,58
2026-07-03T06:07:35.427Z,16,17,33.3,66.3,1003.7,24.3,298,59
2026-07-03T06:07:45.461Z,15.8,17.2,33.3,66.3,1003.7,24.4,298,58
2026-07-03T06:07:55.436Z,14.6,16.2,33.3,66.3,1003.7,24.5,298,56
2026-07-03T06:08:05.424Z,14,15.4,33.3,66.3,1003.7,24.5,295,54
2026-07-03T06:08:15.419Z,11.2,13.2,33.3,66.3,1003.7,24.6,294,46
2026-07-03T06:08:25.430Z,8.6,10.4,33.2,66.3,1003.7,24.6,293,35
2026-07-03T06:08:35.431Z,9.2,10.6,33.2,66.3,1003.7,24.7,291,38
2026-07-03T06:08:45.433Z,10.4,13.4,33.2,66.3,1003.7,24.7,290,43
2026-07-03T06:08:55.430Z,10.6,14.6,33.2,66.3,1003.7,24.8,290,44
2026-07-03T06:09:05.433Z,11.2,16,33.2,66.3,1003.7,24.9,291,46
2026-07-03T06:09:15.451Z,8.2,14,33.2,66.3,1003.7,24.9,290,34
2026-07-03T06:09:25.451Z,9.8,15,33.2,66.3,1003.7,25,289,40
2026-07-03T06:09:35.442Z,11.6,14.8,33.2,66.3,1003.7,25,290,48
2026-07-03T06:09:45.430Z,8.6,12.6,33.2,66.2,1003.7,25.1,289,35
2026-07-03T06:09:55.437Z,6.2,9.4,33.2,66.2,1003.7,25.1,289,25
2026-07-03T06:10:05.430Z,6.6,7.4,33.2,66.2,1003.7,25.2,290,27
2026-07-03T06:10:15.436Z,10.8,10.8,33.2,66.2,1003.7,25.2,290,45
2026-07-03T06:10:25.439Z,10,10,33.2,66.2,1003.7,25.3,289,41
2026-07-03T06:10:35.442Z,7.6,9,33.2,66.2,1003.7,25.3,289,31
2026-07-03T06:10:45.431Z,7.4,9.2,33.2,66.2,1003.7,25.4,289,30
2026-07-03T06:10:55.433Z,7,8,33.2,66.2,1003.7,25.4,289,29
2026-07-03T06:11:05.442Z,6.6,9.4,33.2,66.2,1003.7,25.4,289,27
2026-07-03T06:11:15.433Z,6.2,8,33.2,66.1,1003.7,25.4,289,25
2026-07-03T06:11:25.442Z,6.4,9.4,33.2,66.1,1003.7,25.5,289,26
2026-07-03T06:11:35.426Z,5.8,8.4,33.2,66.1,1003.7,25.5,289,24
2026-07-03T06:11:45.442Z,4.4,6.4,33.2,66.1,1003.7,25.6,289,18
2026-07-03T06:11:55.437Z,5.6,6.4,33.2,66.1,1003.7,25.6,289,23
2026-07-03T06:12:05.430Z,7,7,33.2,66.2,1003.7,25.7,289,29
2026-07-03T06:12:15.437Z,6.4,7,33.2,66.2,1003.7,25.7,289,26
2026-07-03T06:12:25.421Z,6,7,33.2,66.2,1003.7,25.8,288,25
2026-07-03T06:12:35.434Z,6.2,6.2,33.2,66.2,1003.7,25.8,287,25
2026-07-03T06:12:45.425Z,6,6,33.2,66.2,1003.8,25.8,287,25
2026-07-03T06:12:55.429Z,6.6,6.6,33.2,66.2,1003.8,25.9,286,27
2026-07-03T06:13:05.421Z,6.4,6.4,33.2,66.2,1003.8,25.9,285,26
2026-07-03T06:13:15.422Z,5.4,5.4,33.2,66.2,1003.8,25.9,285,22
2026-07-03T06:13:25.440Z,5.2,5.2,33.2,66.2,1003.8,25.9,285,21
2026-07-03T06:13:35.429Z,7.6,7.6,33.2,66.1,1003.8,26,285,31
2026-07-03T06:13:45.425Z,6,6,33.2,66.1,1003.8,26,285,25
2026-07-03T06:13:55.426Z,5.6,5.6,33.2,66.1,1003.8,26,285,23
2026-07-03T06:14:05.430Z,5.8,5.8,33.2,66.1,1003.8,26,285,24
2026-07-03T06:14:15.426Z,3.6,4.6,33.2,66.1,1003.8,26,283,17
2026-07-03T06:14:25.444Z,4.6,7,33.2,66,1003.8,26.1,285,19
2026-07-03T06:14:35.436Z,4.8,5.4,33.2,66,1003.9,26.1,285,20
2026-07-03T06:14:45.428Z,5,5.8,33.2,66,1003.9,26.2,284,20
2026-07-03T06:14:55.435Z,4.4,5.2,33.2,66,1003.9,26.2,285,18
2026-07-03T06:15:05.450Z,4.8,4.8,33.2,66,1003.9,26.3,284,20
2026-07-03T06:15:15.428Z,6,6,33.2,66,1003.9,26.3,284,25
2026-07-03T06:15:25.428Z,4.6,4.6,33.2,66,1003.9,26.4,284,19
2026-07-03T06:15:35.432Z,3.6,4,33.2,66,1003.9,26.4,284,17
2026-07-03T06:15:45.431Z,4.4,5.4,33.2,65.9,1003.9,26.5,284,18
2026-07-03T06:15:55.429Z,4.2,4.6,33.2,65.9,1003.9,26.5,284,17
2026-07-03T06:16:05.430Z,3.8,3.8,33.2,65.8,1003.9,26.5,284,17
2026-07-03T06:16:15.428Z,3.6,4.4,33.2,65.8,1003.9,26.5,282,17
2026-07-03T06:16:25.438Z,2.2,2.2,33.2,65.8,1003.9,26.6,282,17
2026-07-03T06:16:35.417Z,2.2,3,33.2,65.7,1003.9,26.6,281,17
2026-07-03T06:16:45.425Z,2.4,4.4,33.2,65.7,1003.9,26.6,281,17
2026-07-03T06:16:55.424Z,3.2,4.2,33.2,65.7,1003.9,26.7,280,17
2026-07-03T06:17:05.418Z,2.8,2.8,33.2,65.7,1003.9,26.7,280,17
2026-07-03T06:17:15.421Z,2,2,33.2,65.7,1003.9,26.8,281,17
2026-07-03T06:17:25.425Z,3.8,4.2,33.2,65.7,1003.9,26.9,280,17
2026-07-03T06:17:35.425Z,3.4,3.4,33.2,65.7,1003.9,26.9,279,17
2026-07-03T06:17:45.429Z,3.4,3.4,33.2,65.7,1003.9,26.9,279,17
2026-07-03T06:17:55.440Z,3.6,3.6,33.2,65.7,1003.9,27,278,17
2026-07-03T06:18:05.421Z,3.6,3.6,33.2,65.7,1003.9,27,278,17
2026-07-03T06:18:15.428Z,2,2.6,33.2,65.7,1003.9,27,279,17
2026-07-03T06:18:25.444Z,2.4,2.4,33.2,65.7,1003.9,27.1,278,17
2026-07-03T06:18:35.431Z,1.8,1.8,33.2,65.7,1003.9,27.1,278,17
2026-07-03T06:18:45.430Z,2,2,33.2,65.7,1003.8,27.2,278,17
2026-07-03T06:18:55.433Z,1.2,1.2,33.1,65.7,1003.8,27.2,278,17
2026-07-03T06:19:05.427Z,1.6,2,33.1,65.7,1003.8,27.3,278,17
2026-07-03T06:19:15.428Z,2.4,2.6,33.1,65.7,1003.8,27.3,278,17
2026-07-03T06:19:25.446Z,2.4,2.6,33.1,65.8,1003.8,27.3,279,17
2026-07-03T06:19:35.444Z,0.4,1.4,33.1,65.8,1003.8,27.4,279,17
2026-07-03T06:19:45.443Z,2,3,33.1,65.8,1003.8,27.4,279,17
2026-07-03T06:19:55.439Z,2.2,2.2,33.1,65.8,1003.8,27.4,279,17
2026-07-03T06:20:05.432Z,1.6,2.6,33.1,65.8,1003.8,27.4,279,17
2026-07-03T06:20:15.435Z,2.4,2.4,33.1,65.8,1003.8,27.5,279,17
2026-07-03T06:20:25.425Z,3,3,33.1,65.8,1003.8,27.5,279,17
2026-07-03T06:20:35.426Z,2,2,33.1,65.8,1003.7,27.5,280,17
2026-07-03T06:20:45.423Z,3,3,33.1,65.8,1003.7,27.5,279,17
2026-07-03T06:20:55.424Z,1.8,1.8,33.1,65.9,1003.7,27.6,279,17
2026-07-03T06:21:05.427Z,0.6,1.6,33.1,65.9,1003.7,27.6,279,17
2026-07-03T06:21:15.428Z,2.6,2.8,33.1,65.9,1003.7,27.6,279,17
2026-07-03T06:21:25.428Z,2.8,2.8,33.1,65.9,1003.7,27.6,279,17
2026-07-03T06:21:35.424Z,1.4,1.4,33.1,65.9,1003.7,27.6,280,17
2026-07-03T06:21:45.423Z,0.4,1.4,33.1,65.9,1003.7,27.7,280,17
2026-07-03T06:21:55.428Z,0.6,1.8,33,65.9,1003.7,27.7,280,17
2026-07-03T06:22:05.435Z,0.6,2.6,33,65.9,1003.7,27.7,280,17
2026-07-03T06:22:15.427Z,0,2,33,65.9,1003.7,27.7,279,17
2026-07-03T06:22:25.427Z,0.8,2.8,33,65.9,1003.6,27.8,279,17
2026-07-03T06:22:35.426Z,1.8,3.2,33,66,1003.6,27.8,282,17
2026-07-03T06:22:45.424Z,2,3,33,66,1003.6,27.8,282,17
2026-07-03T06:22:55.424Z,3,3,33,66,1003.6,27.9,282,17
2026-07-03T06:23:05.424Z,1.8,2.4,33,66,1003.6,27.9,282,17
2026-07-03T06:23:15.433Z,1.8,2.8,33,66,1003.6,27.9,282,17
2026-07-03T06:23:25.423Z,1,2,33,66,1003.6,27.9,282,17
2026-07-03T06:23:35.419Z,0,0.4,33,66.1,1003.6,28,283,17
2026-07-03T06:23:45.423Z,1,1.4,33,66.1,1003.6,28,283,17
2026-07-03T06:23:55.421Z,1.6,2.8,33,66,1003.6,28,283,17
2026-07-03T06:24:05.425Z,0.6,1.8,33,66,1003.6,27.9,283,17
2026-07-03T06:24:15.438Z,0,1,33,66,1003.6,27.9,285,17
2026-07-03T06:24:25.439Z,0.6,1.6,33,66,1003.6,27.9,285,17
2026-07-03T06:24:35.432Z,1,3,33,66,1003.6,27.9,285,17
2026-07-03T06:24:45.431Z,0.8,1.8,33,66,1003.6,27.9,285,17
2026-07-03T06:24:55.428Z,1.6,1.6,33,66,1003.6,27.9,286,17
2026-07-03T06:25:05.435Z,2,2,33,66,1003.6,27.9,285,17
2026-07-03T06:25:15.425Z,2,2,33,66,1003.6,27.9,285,17
2026-07-03T06:25:25.428Z,1,1,33,66,1003.6,28,285,17
2026-07-03T06:25:35.442Z,2.6,3,33,66.1,1003.6,28,282,17
2026-07-03T06:25:45.433Z,2.2,2.2,33,66.1,1003.6,28,285,17
2026-07-03T06:25:55.427Z,1.4,1.6,33,66.1,1003.6,28,285,17
2026-07-03T06:26:05.428Z,0.8,1.8,33,66.1,1003.6,28.1,285,17
2026-07-03T06:26:15.436Z,0.2,1.2,33,66.1,1003.6,28.1,286,17
2026-07-03T06:26:25.429Z,0,1,33,66.1,1003.6,28.1,287,17
2026-07-03T06:26:35.422Z,1,2.2,33,66.2,1003.6,28.1,286,17
2026-07-03T06:26:45.429Z,1.4,2.2,33,66.2,1003.6,28.1,286,17
2026-07-03T06:26:55.424Z,0.6,1.6,33,66.2,1003.6,28.1,287,17
2026-07-03T06:27:05.422Z,1.2,2.2,33,66.2,1003.6,28.1,287,17
2026-07-03T06:27:15.424Z,1,1.6,33,66.2,1003.6,28.1,287,17
2026-07-03T06:27:25.420Z,1,1,33,66.3,1003.6,28.1,288,18
2026-07-03T06:27:35.425Z,1.6,1.6,33,66.2,1003.6,28.1,288,18
2026-07-03T06:27:45.418Z,1,1.2,33,66.2,1003.6,28.1,288,18
2026-07-03T06:27:55.424Z,1,2,33,66.2,1003.6,28,288,18
2026-07-03T06:28:05.419Z,1,2,33,66.2,1003.6,28,288,18
2026-07-03T06:28:15.429Z,0.6,0.6,33,66.2,1003.6,28,288,18
2026-07-03T06:28:25.434Z,1,1.6,33,66.2,1003.6,27.9,288,18
2026-07-03T06:28:35.429Z,2,2,33,66.2,1003.6,27.9,288,18
2026-07-03T06:28:45.431Z,1.8,2.8,33,66.2,1003.6,28,288,18
2026-07-03T06:28:55.426Z,1.4,2,33,66.2,1003.6,27.9,288,18
2026-07-03T06:29:05.433Z,3,3,33,66.2,1003.6,27.9,288,18
2026-07-03T06:29:15.428Z,3,3.4,33,66.2,1003.6,27.9,288,18
2026-07-03T06:29:25.429Z,2,4,33.1,66.2,1003.6,27.9,288,18
2026-07-03T06:29:35.424Z,1.4,1.8,33.1,66.1,1003.7,27.9,288,18
2026-07-03T06:29:45.422Z,2.2,3,33.1,66.1,1003.7,27.9,288,18
2026-07-03T06:29:55.433Z,2.4,3.4,33.1,66.1,1003.7,27.9,288,18
2026-07-03T06:30:05.423Z,3.2,4.2,33.1,66.1,1003.7,27.9,288,18
2026-07-03T06:30:15.435Z,3,5,33.1,66.1,1003.7,27.9,288,18
2026-07-03T06:30:25.416Z,3,4,33.1,66.1,1003.7,27.9,288,18
2026-07-03T06:30:35.420Z,3.8,3.8,33.1,66.1,1003.7,27.9,288,18
2026-07-03T06:30:45.415Z,2.4,2.4,33.1,66.1,1003.7,27.9,288,18
2026-07-03T06:30:55.422Z,2.6,2.6,33.1,66.1,1003.7,27.9,288,18
2026-07-03T06:31:05.424Z,2,2,33.1,66.1,1003.7,27.9,288,18
2026-07-03T06:31:15.416Z,1.6,1.6,33.1,66.1,1003.7,27.9,289,18
2026-07-03T06:31:25.423Z,1.6,2,33.1,66.1,1003.7,27.9,289,18
2026-07-03T06:31:35.419Z,2.2,3.2,33.1,66.1,1003.7,27.9,289,18
2026-07-03T06:31:45.430Z,2.6,3.6,33.1,66.1,1003.7,27.8,290,18
2026-07-03T06:31:55.428Z,2.4,3.6,33.1,66.1,1003.7,27.8,290,18
2026-07-03T06:32:05.418Z,2.8,4.4,33.1,66.1,1003.7,27.8,290,18
2026-07-03T06:32:15.420Z,4.2,5.8,33.1,66.1,1003.7,27.8,290,18
2026-07-03T06:32:25.416Z,4.8,6,33.1,66.1,1003.7,27.8,290,20
2026-07-03T06:32:35.430Z,5.6,5.6,33.1,66.1,1003.7,27.9,291,23
2026-07-03T06:32:45.415Z,6.4,6.4,33.1,66.2,1003.7,27.9,291,26
2026-07-03T06:32:55.433Z,7,7,33.1,66.2,1003.8,27.9,292,29
2026-07-03T06:33:05.417Z,5.4,6.8,33.1,66.2,1003.8,27.9,292,22
2026-07-03T06:33:15.421Z,5.6,6,33.1,66.2,1003.8,27.9,292,23
2026-07-03T06:33:25.414Z,4.6,5,33.1,66.3,1003.8,28,292,19
2026-07-03T06:33:35.411Z,2.2,3.2,33.1,66.3,1003.8,27.9,292,18
2026-07-03T06:33:45.421Z,3.8,5,33.1,66.3,1003.8,28,291,18
2026-07-03T06:33:55.433Z,5.6,6.6,33.1,66.3,1003.8,28,292,23
2026-07-03T06:34:05.410Z,4.6,5.6,33.1,66.3,1003.8,28,293,19
2026-07-03T06:34:15.428Z,4,4,33.1,66.4,1003.8,28,293,18
2026-07-03T06:34:25.432Z,4.8,4.8,33.1,66.4,1003.8,28,293,20
2026-07-03T06:34:35.429Z,4,4.6,33,66.4,1003.8,28.1,293,18
2026-07-03T06:34:45.431Z,4.8,5,33,66.4,1003.9,28.1,293,20
2026-07-03T06:34:55.426Z,3.2,3.2,33,66.4,1003.9,28.1,293,18
2026-07-03T06:35:05.425Z,3.8,3.8,33,66.4,1003.9,28.2,294,18
2026-07-03T06:35:15.431Z,4,5,33,66.5,1003.9,28.2,294,18
2026-07-03T06:35:25.422Z,3.8,5.4,33,66.5,1003.9,28.2,295,18
2026-07-03T06:35:35.430Z,3,7,33,66.5,1003.9,28.2,295,18
2026-07-03T06:35:45.427Z,4,6,33,66.5,1003.9,28.3,295,18
2026-07-03T06:35:55.421Z,3.2,4.2,33,66.5,1003.9,28.3,295,18
2026-07-03T06:36:05.422Z,4,4.4,33,66.5,1003.9,28.4,295,18
2026-07-03T06:36:15.416Z,4.4,4.4,33,66.6,1003.9,28.4,295,18
2026-07-03T06:36:25.422Z,4.8,4.8,33,66.6,1003.9,28.4,295,20
2026-07-03T06:36:35.412Z,4.6,4.6,33,66.6,1003.9,28.4,295,19
2026-07-03T06:36:45.412Z,3.8,4.4,33,66.6,1004,28.5,295,18
2026-07-03T06:36:55.412Z,3.2,5,33,66.6,1004,28.5,295,18
2026-07-03T06:37:05.430Z,3.6,3.6,33,66.6,1004,28.5,294,18
2026-07-03T06:37:15.426Z,3.8,3.8,33,66.7,1004,28.6,294,18
2026-07-03T06:37:25.412Z,5,5,33,66.7,1004,28.6,294,20
2026-07-03T06:37:35.417Z,5.4,5.4,32.9,66.7,1004,28.6,293,22
2026-07-03T06:37:45.412Z,4.6,4.6,32.9,66.7,1004,28.6,295,19
2026-07-03T06:37:55.413Z,4.4,4.4,32.9,66.7,1004,28.7,295,18
2026-07-03T06:38:05.450Z,4,4,32.9,66.8,1004,28.7,295,18
2026-07-03T06:38:15.412Z,4,4,32.9,66.8,1004,28.7,295,18
2026-07-03T06:38:25.427Z,3.6,3.6,32.9,66.8,1004,28.8,295,18
2026-07-03T06:38:35.419Z,5,5,32.9,66.8,1004,28.8,293,20
2026-07-03T06:38:45.414Z,5.8,5.8,32.9,66.8,1004,28.8,293,24
2026-07-03T06:38:55.416Z,4.6,4.8,32.9,66.8,1004,28.9,294,19
2026-07-03T06:39:05.412Z,4,5.6,32.9,66.8,1004,29,293,18
2026-07-03T06:39:15.413Z,4,5.4,32.9,66.8,1004,29,293,18
2026-07-03T06:39:25.417Z,4.2,4.6,32.9,66.8,1004,29.1,293,18
2026-07-03T06:39:35.424Z,4.4,4.4,32.9,66.8,1004,29.2,293,18
2026-07-03T06:39:45.421Z,5.6,5.6,32.9,66.7,1004,29.2,293,23
2026-07-03T06:39:55.424Z,4.4,5.4,32.9,66.8,1004,29.3,293,18
2026-07-03T06:40:05.429Z,5.6,6,32.9,66.8,1004,29.4,292,23
2026-07-03T06:40:15.440Z,3.4,4.4,32.9,66.8,1004,29.5,290,18
2026-07-03T06:40:25.433Z,4,4.6,32.9,66.8,1004,29.5,290,18
2026-07-03T06:40:35.416Z,5.4,5.4,32.8,66.8,1004,29.6,290,22
2026-07-03T06:40:45.422Z,5.2,5.2,32.8,66.8,1004,29.7,290,21
2026-07-03T06:40:55.418Z,4.6,5.4,32.8,66.8,1004,29.7,290,19
2026-07-03T06:41:05.420Z,4.4,5.4,32.8,66.8,1004,29.8,290,18
2026-07-03T06:41:15.418Z,4.2,5.4,32.8,66.8,1004,29.8,290,18
2026-07-03T06:41:25.404Z,5.6,6.6,32.8,66.8,1004,29.9,290,23
2026-07-03T06:41:35.426Z,4.4,5.4,32.8,66.8,1004,29.9,290,18
2026-07-03T06:41:45.412Z,4.4,4.8,32.8,66.8,1004,30,289,18
2026-07-03T06:41:55.404Z,4.4,5.4,32.8,66.8,1004,30,289,18
2026-07-03T06:42:05.409Z,3.2,4.2,32.8,66.8,1004,30.1,289,18
2026-07-03T06:42:15.420Z,4.2,4.2,32.8,66.8,1004,30.1,290,18
2026-07-03T06:42:25.425Z,5,5,32.8,66.8,1004,30.1,289,20
2026-07-03T06:42:35.427Z,4.6,4.6,32.8,66.8,1003.9,30.2,288,19
2026-07-03T06:42:45.427Z,5,5.2,32.8,66.8,1003.9,30.2,288,20
2026-07-03T06:42:55.426Z,5.6,7,32.8,66.8,1003.9,30.3,288,23
2026-07-03T06:43:05.418Z,5.6,6.8,32.8,66.8,1003.9,30.4,288,23
2026-07-03T06:43:15.439Z,5.8,7.6,32.8,66.8,1003.9,30.4,288,24
2026-07-03T06:43:25.423Z,6.4,6.6,32.8,66.8,1003.9,30.4,288,26
2026-07-03T06:43:35.417Z,6.4,6.8,32.8,66.8,1003.9,30.5,288,26
2026-07-03T06:43:45.418Z,6.2,7.8,32.8,66.8,1003.9,30.5,288,25
2026-07-03T06:43:55.445Z,5.8,6.4,32.8,66.8,1003.9,30.5,288,24
2026-07-03T06:44:05.434Z,5,5.6,32.8,66.8,1003.9,30.6,286,20
2026-07-03T06:44:15.419Z,4.4,5.4,32.8,66.8,1003.9,30.6,287,18
2026-07-03T06:44:25.416Z,6,6.6,32.8,66.8,1003.9,30.6,286,25
2026-07-03T06:44:35.408Z,6.2,9,32.8,66.8,1003.9,30.7,286,25
2026-07-03T06:44:45.434Z,7,8,32.8,66.8,1003.9,30.7,286,29
2026-07-03T06:44:55.425Z,6.8,9.2,32.9,66.8,1003.9,30.7,286,28
2026-07-03T06:45:05.415Z,6,8,32.9,66.8,1003.9,30.7,286,25
2026-07-03T06:45:15.419Z,5.2,6.6,32.9,66.8,1003.9,30.7,286,21
2026-07-03T06:45:25.429Z,5.6,6,32.9,66.8,1003.9,30.8,286,23
2026-07-03T06:45:35.423Z,5.4,6.4,32.9,66.8,1003.9,30.8,286,22
2026-07-03T06:45:45.410Z,5.6,6.6,32.9,66.8,1003.9,30.8,284,23
2026-07-03T06:45:55.423Z,4.4,6,32.9,66.7,1003.9,30.8,286,18
2026-07-03T06:46:05.416Z,6.2,7.6,32.9,66.7,1003.9,30.8,286,25
2026-07-03T06:46:15.421Z,6.8,10.2,32.9,66.7,1003.9,30.8,286,28
2026-07-03T06:46:25.421Z,6,6.8,32.9,66.7,1003.9,30.8,286,25
2026-07-03T06:46:35.419Z,6,6.6,32.9,66.8,1003.9,30.8,286,25
2026-07-03T06:46:45.434Z,6.6,7.6,32.9,66.7,1003.9,30.8,283,27
2026-07-03T06:46:55.425Z,5.2,6,32.9,66.7,1003.9,30.8,286,21
2026-07-03T06:47:05.427Z,6.2,7,32.9,66.7,1003.9,30.8,286,25
2026-07-03T06:47:15.426Z,5.6,6.2,32.9,66.7,1003.9,30.7,286,23
2026-07-03T06:47:25.420Z,5.6,6.8,32.9,66.7,1003.9,30.6,286,23
2026-07-03T06:47:35.422Z,5.6,7.6,32.9,66.6,1003.9,30.5,286,23
2026-07-03T06:47:45.424Z,7,9,33,66.6,1003.9,30.4,286,29
2026-07-03T06:47:55.418Z,5,7.4,33,66.6,1003.9,30.3,286,20
2026-07-03T06:48:05.422Z,6,6.8,33,66.5,1003.9,30.3,286,25
2026-07-03T06:48:15.420Z,6,6,33,66.5,1003.9,30.2,286,25
2026-07-03T06:48:25.417Z,5.4,5.6,33,66.5,1003.9,30.2,287,22
2026-07-03T06:48:35.409Z,6.6,6.8,33,66.5,1003.9,30.1,287,27
2026-07-03T06:48:45.419Z,6.8,6.8,33,66.4,1003.9,30.1,287,28
2026-07-03T06:48:55.413Z,7.6,7.6,33.1,66.4,1003.9,30,287,31
2026-07-03T06:49:05.410Z,6.2,7.2,33.1,66.4,1003.9,29.9,287,25
2026-07-03T06:49:15.425Z,7,8,33.1,66.4,1003.9,29.9,287,29
2026-07-03T06:49:25.412Z,7.8,9.4,33.1,66.4,1003.9,29.9,287,32
2026-07-03T06:49:35.426Z,6.6,7.6,33.1,66.4,1003.9,29.8,287,27
2026-07-03T06:49:45.441Z,7.6,8.8,33.1,66.4,1003.9,29.8,287,31
2026-07-03T06:49:55.423Z,6.8,8.4,33.1,66.4,1003.9,29.8,287,28
2026-07-03T06:50:05.419Z,8,9,33.1,66.4,1003.9,29.9,287,33
2026-07-03T06:50:15.430Z,6.6,7.6,33.1,66.4,1003.9,29.9,287,27
2026-07-03T06:50:25.420Z,7.6,7.8,33.1,66.4,1003.9,29.8,287,31
2026-07-03T06:50:35.421Z,6,6.4,33.1,66.4,1003.9,29.8,286,25
2026-07-03T06:50:45.414Z,6,6.8,33.1,66.4,1003.9,29.8,286,25
2026-07-03T06:50:55.421Z,6.4,8,33.1,66.5,1003.9,29.8,287,26
2026-07-03T06:51:05.419Z,7.4,8.4,33.1,66.5,1003.9,29.8,287,30
2026-07-03T06:51:15.421Z,6.6,8,33.1,66.5,1003.9,29.8,287,27
2026-07-03T06:51:25.420Z,8,8.8,33.1,66.5,1003.9,29.8,288,33
2026-07-03T06:51:35.431Z,8.4,9,33.1,66.5,1003.9,29.8,287,34
2026-07-03T06:51:45.430Z,9,11,33.1,66.5,1003.9,29.8,288,37
2026-07-03T06:51:55.411Z,8.2,10.2,33.1,66.5,1003.9,29.8,288,34
2026-07-03T06:52:05.432Z,8.8,10.6,33.1,66.5,1003.9,29.8,288,36
2026-07-03T06:52:15.419Z,8.2,9,33.1,66.5,1003.9,29.8,287,34
2026-07-03T06:52:25.417Z,9,10,33.1,66.5,1003.9,29.8,288,37
2026-07-03T06:52:35.424Z,7.4,8,33.1,66.5,1003.9,29.8,288,30
2026-07-03T06:52:45.413Z,7,8.8,33.1,66.5,1003.9,29.8,288,29
2026-07-03T06:52:55.412Z,6.2,7,33.1,66.4,1003.9,29.7,288,25
2026-07-03T06:53:05.413Z,9,9,33.1,66.4,1003.9,29.7,288,37
2026-07-03T06:53:15.422Z,10.2,10.6,33.1,66.4,1003.9,29.7,288,42
2026-07-03T06:53:25.403Z,10.6,13.6,33.2,66.4,1003.9,29.7,288,44
2026-07-03T06:53:35.403Z,9.4,12.6,33.2,66.4,1003.9,29.8,287,39
2026-07-03T06:53:45.417Z,10,14,33.2,66.4,1003.9,29.8,287,41
2026-07-03T06:53:55.415Z,9.8,15.2,33.2,66.3,1003.9,29.8,286,40
2026-07-03T06:54:05.403Z,10.6,16,33.2,66.3,1003.9,29.8,286,44
2026-07-03T06:54:15.406Z,9.8,14.4,33.2,66.3,1003.9,29.8,286,40
2026-07-03T06:54:25.408Z,12,15.8,33.2,66.3,1003.9,29.8,286,50
2026-07-03T06:54:35.408Z,11.4,15.4,33.2,66.3,1003.9,29.9,286,47
2026-07-03T06:54:45.406Z,11.8,14.8,33.2,66.4,1003.9,30,286,49
2026-07-03T06:54:55.411Z,10.4,13.4,33.2,66.4,1003.9,30,285,43
2026-07-03T06:55:05.420Z,8.8,12.4,33.2,66.4,1003.9,30.1,285,36
2026-07-03T06:55:15.404Z,9,12.8,33.2,66.4,1003.9,30.1,286,37
2026-07-03T06:55:25.414Z,10.6,12.2,33.2,66.5,1003.9,30.2,285,44
2026-07-03T06:55:35.416Z,11.6,13.4,33.2,66.5,1003.9,30.2,285,48
2026-07-03T06:55:45.410Z,10.2,12.2,33.2,66.5,1003.9,30.2,286,42
2026-07-03T06:55:55.405Z,10.2,13.2,33.2,66.5,1003.9,30.2,285,42
2026-07-03T06:56:05.412Z,10,12,33.1,66.5,1003.9,30.3,285,41
2026-07-03T06:56:15.402Z,8.6,10.2,33.1,66.5,1003.9,30.3,286,35
2026-07-03T06:56:25.417Z,8.2,9,33.1,66.6,1003.9,30.3,286,34
2026-07-03T06:56:35.416Z,8.6,11.6,33.1,66.6,1003.9,30.3,286,35
2026-07-03T06:56:45.410Z,9.6,11.2,33.1,66.6,1003.9,30.4,287,40
2026-07-03T06:56:55.414Z,12.4,12.4,33.1,66.6,1003.9,30.4,287,51
2026-07-03T06:57:05.418Z,11.2,11.6,33.1,66.6,1003.9,30.4,287,46
2026-07-03T06:57:15.413Z,9.4,10.4,33.1,66.6,1003.9,30.4,287,39
2026-07-03T06:57:25.417Z,9.2,10,33.1,66.7,1003.9,30.4,287,38
2026-07-03T06:57:35.412Z,9.8,11.8,33.1,66.7,1003.9,30.5,287,40
2026-07-03T06:57:45.418Z,8.4,11.6,33.1,66.7,1003.9,30.5,287,34
2026-07-03T06:57:55.416Z,11.8,15.6,33.1,66.8,1003.9,30.5,287,49
2026-07-03T06:58:05.414Z,13.4,17,33.1,66.8,1003.9,30.5,287,53
2026-07-03T06:58:15.427Z,12.6,16,33.1,66.8,1003.9,30.6,287,52
2026-07-03T06:58:25.415Z,10,14,33.1,66.8,1003.9,30.6,287,41
2026-07-03T06:58:35.420Z,9.4,14.2,33.1,66.8,1003.9,30.6,286,39
2026-07-03T06:58:45.429Z,8.2,12.4,33.1,66.9,1003.9,30.6,286,34
2026-07-03T06:58:55.411Z,9,13,33.1,66.9,1003.9,30.7,286,37
2026-07-03T06:59:05.422Z,8.4,12.4,33.1,66.9,1003.9,30.7,286,34
2026-07-03T06:59:15.413Z,7,13,33.1,67,1003.9,30.8,286,29
2026-07-03T06:59:25.412Z,9,13.4,33.1,67,1003.9,30.8,286,37
2026-07-03T06:59:35.415Z,8.2,12.2,33.1,67,1003.9,30.8,286,34
2026-07-03T06:59:45.427Z,11,12.4,33.1,67.1,1003.9,30.9,286,45
2026-07-03T06:59:55.413Z,12,13,33.1,67.1,1003.9,30.9,286,50
2026-07-03T07:00:05.431Z,12.8,14.8,33.1,67.1,1003.9,31,286,52
2026-07-03T07:00:15.429Z,10,12,33.1,67.2,1003.9,31,286,41
2026-07-03T07:00:25.414Z,9,13.2,33.1,67.2,1003.9,31,286,37
2026-07-03T07:00:35.402Z,9,14,33.1,67.2,1003.9,31.1,286,37
2026-07-03T07:00:45.417Z,10.8,15,33.1,67.2,1003.8,31.1,287,45
2026-07-03T07:00:55.424Z,9.4,12.8,33.1,67.3,1003.8,31.2,287,39
2026-07-03T07:01:05.402Z,8,11,33.1,67.3,1003.8,31.2,287,33
2026-07-03T07:01:15.408Z,7.8,10.2,33.1,67.4,1003.8,31.3,287,32
2026-07-03T07:01:25.405Z,7.2,8.6,33.1,67.4,1003.8,31.3,287,29
2026-07-03T07:01:35.418Z,8,10,33.1,67.5,1003.8,31.4,287,33
2026-07-03T07:01:45.412Z,8.6,11.6,33,67.5,1003.8,31.4,288,35
2026-07-03T07:01:55.409Z,9,12.8,33,67.6,1003.8,31.5,288,37
2026-07-03T07:02:05.420Z,8.4,12.8,33,67.6,1003.8,31.5,288,34
2026-07-03T07:02:15.409Z,6.4,10.4,33,67.7,1003.8,31.6,288,26
2026-07-03T07:02:25.407Z,8.2,11,33,67.7,1003.8,31.6,288,34
2026-07-03T07:02:35.417Z,9.4,11.6,33,67.8,1003.8,31.6,288,39
2026-07-03T07:02:45.430Z,8.8,11.4,33,67.8,1003.8,31.7,288,36
2026-07-03T07:02:55.410Z,8.4,11.4,33,67.9,1003.8,31.7,289,34
2026-07-03T07:03:05.414Z,7.6,11.8,33,68,1003.8,31.8,288,31
2026-07-03T07:03:15.421Z,7.2,12.2,33,68,1003.8,31.8,289,29
2026-07-03T07:03:25.414Z,7.6,13.6,33,68.1,1003.8,31.8,290,31
2026-07-03T07:03:35.412Z,6.8,11.2,33,68.2,1003.8,31.9,289,28
2026-07-03T07:03:45.415Z,10,11.8,33,68.3,1003.8,31.9,290,41
2026-07-03T07:03:55.419Z,10.4,12.4,32.9,68.4,1003.8,32,290,43
2026-07-03T07:04:05.419Z,10,13.2,32.9,68.4,1003.8,32,290,41
2026-07-03T07:04:15.421Z,8.8,13.6,32.9,68.5,1003.8,32.1,290,36
2026-07-03T07:04:25.413Z,8,13,32.9,68.6,1003.8,32.1,293,33
2026-07-03T07:04:35.437Z,9.6,13,32.9,68.7,1003.8,32.1,295,40
2026-07-03T07:04:45.414Z,10.4,13.2,32.9,68.8,1003.8,32.2,295,43
2026-07-03T07:04:55.478Z,10.6,15.4,32.9,68.9,1003.8,32.2,295,44
2026-07-03T07:05:08.013Z,9,14,32.9,69,1003.8,32.2,295,37
2026-07-03T07:05:15.418Z,10,15,32.8,69,1003.8,32.2,297,41
2026-07-03T07:05:25.417Z,10.6,15,32.8,69.1,1003.8,32.2,297,44
2026-07-03T07:05:35.395Z,10.8,14.8,32.8,69.2,1003.8,32.2,298,45
2026-07-03T07:05:49.155Z,9.2,15,32.8,69.2,1003.8,32.1,299,38
2026-07-03T07:05:55.540Z,7.4,12.8,32.8,69.2,1003.8,32.1,299,30
2026-07-03T07:06:05.402Z,7.2,12.2,32.8,69.3,1003.8,32,299,29
2026-07-03T07:06:15.395Z,10,13.8,32.8,69.3,1003.8,31.9,299,41
2026-07-03T07:06:25.402Z,8.6,11.8,32.8,69.3,1003.8,31.9,299,35
2026-07-03T07:06:35.409Z,8.6,11,32.8,69.3,1003.8,31.8,299,35
2026-07-03T07:06:45.410Z,11.8,15,32.9,69.3,1003.8,31.7,299,49
2026-07-03T07:06:55.411Z,11.6,15.8,32.9,69.3,1003.8,31.7,299,48
2026-07-03T07:07:05.410Z,12.8,16.8,32.9,69.4,1003.8,31.7,299,52
2026-07-03T07:07:15.407Z,13,16,32.9,69.4,1003.8,31.6,300,52
2026-07-03T07:07:25.409Z,12,15.2,32.9,69.4,1003.8,31.6,300,50
2026-07-03T07:07:35.411Z,8.2,13.4,32.9,69.4,1003.8,31.5,300,34
2026-07-03T07:07:45.417Z,8.2,13.4,32.9,69.4,1003.8,31.4,300,34
2026-07-03T07:07:55.403Z,8.2,12.6,32.9,69.4,1003.8,31.3,299,34
2026-07-03T07:08:05.410Z,10.4,14.4,32.9,69.4,1003.8,31.3,299,43
2026-07-03T07:08:15.406Z,10,14.2,32.9,69.4,1003.8,31.2,299,41
2026-07-03T07:08:25.408Z,7.6,10.4,32.9,69.4,1003.8,31.1,299,31
2026-07-03T07:08:35.405Z,7.8,8,32.9,69.4,1003.8,31.1,299,32
2026-07-03T07:08:45.404Z,7,7,32.9,69.4,1003.8,31,299,29
2026-07-03T07:08:55.413Z,8.6,9,32.9,69.4,1003.8,31,299,35
2026-07-03T07:09:05.403Z,9.4,9.4,32.9,69.4,1003.8,30.9,299,39
2026-07-03T07:09:15.406Z,9,9,33,69.4,1003.8,30.9,299,37
2026-07-03T07:09:25.405Z,8.6,9.4,33,69.5,1003.8,30.9,299,35
2026-07-03T07:09:35.409Z,8.6,10.2,33,69.5,1003.8,30.8,299,35
2026-07-03T07:09:45.412Z,8,9,33,69.5,1003.8,30.8,299,33
2026-07-03T07:09:55.413Z,7.2,8,33,69.5,1003.8,30.8,300,29
2026-07-03T07:10:05.410Z,8.4,10,33,69.5,1003.8,30.7,299,34
2026-07-03T07:10:15.427Z,10.6,13.6,33,69.5,1003.8,30.7,299,44
2026-07-03T07:10:25.416Z,12,15,33,69.5,1003.8,30.7,299,50
2026-07-03T07:10:35.403Z,11,13,33,69.5,1003.8,30.6,299,45
2026-07-03T07:10:45.413Z,10.6,12.6,33,69.5,1003.8,30.5,299,44
2026-07-03T07:10:55.401Z,8.4,12.2,33,69.5,1003.8,30.5,299,34
2026-07-03T07:11:05.403Z,7.6,11.6,33,69.6,1003.7,30.5,299,31
2026-07-03T07:11:15.407Z,7,12,33,69.6,1003.7,30.5,298,29
2026-07-03T07:11:25.402Z,7.6,11.4,33,69.6,1003.7,30.5,298,31
2026-07-03T07:11:35.419Z,6.6,9.6,33,69.7,1003.7,30.5,299,27
2026-07-03T07:11:45.417Z,7.6,9,33,69.7,1003.7,30.6,298,31
2026-07-03T07:11:55.408Z,9.8,10.8,33,69.8,1003.7,30.6,298,40
2026-07-03T07:12:05.399Z,7.6,9.4,33,69.8,1003.7,30.6,298,31
2026-07-03T07:12:15.405Z,8.4,9,32.9,69.9,1003.7,30.7,296,34
2026-07-03T07:12:25.397Z,8.8,10.8,32.9,69.9,1003.7,30.7,296,36
2026-07-03T07:12:35.405Z,7.8,10,32.9,70,1003.7,30.8,296,32
2026-07-03T07:12:45.418Z,7.4,11,32.9,70.1,1003.7,30.8,296,30
2026-07-03T07:12:55.404Z,7.8,11.2,32.9,70.1,1003.7,30.8,298,32
2026-07-03T07:13:05.411Z,7.6,11.2,32.9,70.2,1003.7,30.9,298,31
2026-07-03T07:13:15.413Z,8,8.4,32.9,70.2,1003.7,31,300,33
2026-07-03T07:13:25.415Z,7.2,8.2,32.9,70.3,1003.7,31,298,29
2026-07-03T07:13:35.407Z,8,9,32.8,70.4,1003.7,31.1,299,33
2026-07-03T07:13:45.417Z,7.6,8.6,32.8,70.4,1003.7,31.1,300,31
2026-07-03T07:13:55.400Z,7.6,8.8,32.8,70.5,1003.7,31.2,300,31
2026-07-03T07:14:05.407Z,7.6,8,32.8,70.5,1003.7,31.2,300,31
2026-07-03T07:14:15.403Z,8.2,9.2,32.8,70.6,1003.7,31.3,300,34
2026-07-03T07:14:25.400Z,7.2,8.6,32.8,70.6,1003.7,31.3,300,29
2026-07-03T07:14:35.412Z,8,8.4,32.8,70.7,1003.7,31.3,299,33
2026-07-03T07:14:45.404Z,8.4,9,32.8,70.7,1003.7,31.3,298,34
2026-07-03T07:14:55.406Z,9.6,9.6,32.7,70.8,1003.7,31.4,298,40
2026-07-03T07:15:05.403Z,7.4,7.4,32.7,70.8,1003.7,31.4,298,30
2026-07-03T07:15:15.405Z,6.6,7.6,32.7,70.9,1003.7,31.5,298,27
2026-07-03T07:15:25.409Z,6.8,8.4,32.7,70.9,1003.7,31.5,298,28
2026-07-03T07:15:35.405Z,7.6,9.4,32.7,70.9,1003.7,31.5,298,31
2026-07-03T07:15:45.404Z,7.6,8.8,32.7,70.9,1003.7,31.5,298,31
2026-07-03T07:15:55.411Z,7.6,7.6,32.7,71,1003.7,31.5,298,31
2026-07-03T07:16:05.407Z,8,9,32.7,71,1003.7,31.5,295,33
2026-07-03T07:16:15.403Z,7.4,8.2,32.7,71,1003.7,31.6,295,30
2026-07-03T07:16:25.411Z,7,7.6,32.7,71,1003.7,31.6,297,29
2026-07-03T07:16:35.412Z,7.4,7.4,32.7,71,1003.7,31.6,295,30
2026-07-03T07:16:45.403Z,6.4,6.4,32.7,71,1003.7,31.6,294,26
2026-07-03T07:16:55.413Z,6.2,6.2,32.7,71,1003.7,31.6,295,25
2026-07-03T07:17:05.402Z,7.6,7.6,32.7,71,1003.6,31.5,295,31
2026-07-03T07:17:15.407Z,8.4,8.4,32.7,71,1003.6,31.5,295,34
2026-07-03T07:17:25.410Z,5.6,6.6,32.7,71,1003.6,31.5,297,23
2026-07-03T07:17:35.405Z,7.4,9,32.7,71,1003.6,31.4,297,30
2026-07-03T07:17:45.404Z,9,11.4,32.7,70.9,1003.6,31.3,297,37
2026-07-03T07:17:55.414Z,9,10.8,32.7,70.9,1003.6,31.3,297,37
2026-07-03T07:18:05.415Z,6.4,7.4,32.7,70.9,1003.6,31.2,297,26
2026-07-03T07:18:15.408Z,7,8,32.8,70.8,1003.6,31.2,297,29
2026-07-03T07:18:25.411Z,8.8,10.8,32.8,70.8,1003.6,31.1,297,36
2026-07-03T07:18:35.406Z,8.4,11.4,32.8,70.8,1003.6,31.1,297,34
2026-07-03T07:18:45.413Z,6.8,8.6,32.8,70.7,1003.6,31,297,28
2026-07-03T07:18:55.413Z,8.4,8.6,32.8,70.7,1003.6,31,297,34
2026-07-03T07:19:05.416Z,7.2,9.6,32.8,70.7,1003.6,31,296,29
2026-07-03T07:19:15.403Z,6.2,8.8,32.8,70.7,1003.6,30.9,296,25
2026-07-03T07:19:25.409Z,6.6,8.6,32.8,70.7,1003.6,30.9,295,27
2026-07-03T07:19:35.402Z,7.8,8,32.8,70.7,1003.6,30.9,293,32
2026-07-03T07:19:45.428Z,6.4,6.4,32.9,70.6,1003.6,30.8,295,26
2026-07-03T07:19:55.409Z,8,8,32.9,70.6,1003.6,30.8,293,33
2026-07-03T07:20:05.401Z,7.6,7.6,32.9,70.5,1003.6,30.7,293,31
2026-07-03T07:20:15.410Z,7.8,7.8,32.9,70.5,1003.6,30.6,294,32
2026-07-03T07:20:25.406Z,6.6,7.6,32.9,70.5,1003.6,30.6,293,27
2026-07-03T07:20:35.402Z,6.6,8.2,32.9,70.4,1003.6,30.5,293,27
2026-07-03T07:20:45.439Z,5.2,7.2,33,70.4,1003.6,30.5,293,21
2026-07-03T07:20:55.419Z,7,7,33,70.4,1003.6,30.4,292,29
2026-07-03T07:21:05.402Z,6,6.4,33,70.3,1003.6,30.3,292,25
2026-07-03T07:21:15.412Z,7.4,7.6,33,70.3,1003.6,30.3,293,30
2026-07-03T07:21:25.413Z,8.2,8.2,33,70.3,1003.6,30.2,293,34
2026-07-03T07:21:35.408Z,8.2,10.2,33,70.3,1003.6,30.2,293,34
2026-07-03T07:21:45.415Z,8,10.8,33,70.2,1003.6,30.1,294,33
2026-07-03T07:21:55.408Z,7,8.6,33,70.2,1003.6,30.1,294,29
2026-07-03T07:22:05.413Z,6.4,8.4,33,70.2,1003.6,30.1,293,26
2026-07-03T07:22:15.411Z,7.4,8.4,33.1,70.2,1003.6,30.1,293,30
2026-07-03T07:22:25.409Z,6,6.2,33.1,70.2,1003.6,30,293,25
2026-07-03T07:22:35.395Z,5.6,6.6,33.1,70.2,1003.6,30,297,23
2026-07-03T07:22:45.408Z,6.6,8.2,33.1,70.2,1003.6,30,297,27
2026-07-03T07:22:55.418Z,6.2,7.2,33.1,70.2,1003.6,30,297,25
2026-07-03T07:23:05.398Z,7.8,8.8,33.1,70.2,1003.6,29.9,297,32
2026-07-03T07:23:15.419Z,6.8,7.6,33.1,70.2,1003.6,29.9,293,28
2026-07-03T07:23:25.404Z,7.6,8.6,33.1,70.2,1003.6,29.9,293,31
2026-07-03T07:23:35.408Z,6.8,7,33.1,70.2,1003.6,29.9,293,28
2026-07-03T07:23:45.406Z,5.8,6.2,33.1,70.2,1003.6,29.9,293,24
2026-07-03T07:23:55.406Z,5.6,6,33.1,70.2,1003.6,29.9,293,23
2026-07-03T07:24:05.398Z,6.4,7.2,33.1,70.2,1003.6,29.9,295,26
2026-07-03T07:24:15.394Z,6.6,6.8,33.1,70.3,1003.6,29.9,295,27
2026-07-03T07:24:25.400Z,10.2,10.2,33.1,70.3,1003.6,29.9,295,42
2026-07-03T07:24:35.409Z,9.6,11,33.1,70.3,1003.6,29.9,298,40
2026-07-03T07:24:45.403Z,10.4,12.4,33.1,70.3,1003.6,29.9,298,43
2026-07-03T07:24:55.433Z,8.4,10.4,33.1,70.3,1003.6,29.9,298,34
2026-07-03T07:25:05.397Z,8.2,10.2,33.1,70.3,1003.6,30,298,34
2026-07-03T07:25:15.411Z,7.4,10.2,33.1,70.3,1003.6,30,298,30
2026-07-03T07:25:25.403Z,6,8.8,33.1,70.3,1003.6,30,295,25
2026-07-03T07:25:35.397Z,6.8,8.2,33.1,70.3,1003.6,30,297,28
2026-07-03T07:25:45.393Z,7,7.4,33.1,70.3,1003.6,30,297,29
2026-07-03T07:25:55.396Z,8.4,10.6,33.1,70.3,1003.6,30,297,34
2026-07-03T07:26:05.398Z,8.4,13,33.1,70.3,1003.6,30,297,34
2026-07-03T07:26:15.428Z,8.6,14.6,33.1,70.3,1003.6,30,297,35
2026-07-03T07:26:25.397Z,10,17.2,33.1,70.3,1003.6,30,297,41
2026-07-03T07:26:35.396Z,8.6,15.8,33.1,70.3,1003.6,30,297,35
2026-07-03T07:26:45.414Z,6.6,10.8,33.1,70.3,1003.6,30,297,27
2026-07-03T07:26:55.393Z,7.6,10.6,33.1,70.2,1003.6,30,297,31
2026-07-03T07:27:05.454Z,8.2,10.8,33.1,70.2,1003.6,30,295,34
2026-07-03T07:27:15.415Z,8.6,11.2,33.1,70.2,1003.6,30,295,35
2026-07-03T07:27:25.393Z,8.6,9.8,33.1,70.2,1003.6,29.9,295,35
2026-07-03T07:27:35.420Z,8,10,33.1,70.2,1003.6,30,294,33
2026-07-03T07:27:45.401Z,9,11,33.1,70.2,1003.6,30,293,37
2026-07-03T07:27:55.425Z,8.2,10.6,33.1,70.1,1003.6,30,293,34
2026-07-03T07:28:05.399Z,6,7.2,33.1,70.1,1003.6,30,291,25
2026-07-03T07:28:15.430Z,8.6,8.6,33.1,70.1,1003.6,30,291,35
2026-07-03T07:28:25.482Z,8,8,33.1,70.1,1003.6,30,293,33
2026-07-03T07:28:35.393Z,7,7.2,33.1,70.1,1003.6,30,291,29
2026-07-03T07:28:45.398Z,6.6,7.6,33.1,70,1003.6,30,291,27
2026-07-03T07:28:55.414Z,8,8,33.1,70,1003.6,30,291,33
2026-07-03T07:29:05.390Z,8,8,33.1,70,1003.6,30,291,33
2026-07-03T07:29:15.387Z,6.4,7.4,33.1,69.9,1003.6,30,290,26
2026-07-03T07:29:25.391Z,7.6,8.4,33.1,69.9,1003.6,30,291,31
2026-07-03T07:29:35.410Z,9,9,33.1,69.9,1003.6,30,291,37
2026-07-03T07:29:45.402Z,8,8,33.1,69.8,1003.6,30,291,33
2026-07-03T07:29:55.407Z,6.8,7.4,33.1,69.8,1003.6,30,291,28
2026-07-03T07:30:05.396Z,6.6,6.6,33.1,69.8,1003.6,30,291,27
2026-07-03T07:30:15.425Z,7.6,8.6,33.1,69.9,1003.5,30.1,291,31
2026-07-03T07:30:25.404Z,9.8,10.8,33.1,69.9,1003.5,30.1,291,40
2026-07-03T07:30:35.395Z,8.6,9.6,33.1,69.9,1003.5,30.2,290,35
2026-07-03T07:30:45.401Z,8,8.8,33.1,69.9,1003.5,30.2,292,33
2026-07-03T07:30:55.401Z,5.2,6.8,33.1,69.9,1003.5,30.3,292,21
2026-07-03T07:31:05.392Z,6.8,7.6,33.1,70,1003.5,30.3,292,28
2026-07-03T07:31:15.392Z,8.4,8.6,33.1,70,1003.5,30.4,292,34
2026-07-03T07:31:25.405Z,8.2,8.8,33.1,70,1003.5,30.4,290,34
2026-07-03T07:31:35.397Z,7.6,8.6,33.1,70,1003.5,30.4,290,31
2026-07-03T07:31:45.396Z,8,10,33.1,70.1,1003.5,30.5,289,33
2026-07-03T07:31:55.406Z,9.8,12.4,33,70.1,1003.5,30.5,289,40
2026-07-03T07:32:05.403Z,9.2,12,33,70.1,1003.5,30.5,289,38
2026-07-03T07:32:15.397Z,8,10,33,70.1,1003.5,30.6,289,33
2026-07-03T07:32:25.392Z,7,8.6,33,70.1,1003.5,30.6,289,29
2026-07-03T07:32:35.415Z,9.2,10.8,33,70.1,1003.5,30.6,289,38
2026-07-03T07:32:45.419Z,9.4,10.6,33,70.1,1003.5,30.6,289,39
2026-07-03T07:32:55.403Z,9.2,12.2,33,70.1,1003.5,30.7,289,38
2026-07-03T07:33:05.404Z,9,13.6,33,70.1,1003.5,30.7,289,37
2026-07-03T07:33:15.396Z,8.8,12.6,33,70.1,1003.4,30.7,292,36
2026-07-03T07:33:25.399Z,9.2,12.8,33,70.2,1003.4,30.7,289,38
2026-07-03T07:33:35.397Z,7,10,33,70.2,1003.4,30.7,292,29
2026-07-03T07:33:45.401Z,7.8,9.8,33,70.2,1003.4,30.7,293,32
2026-07-03T07:33:55.403Z,8.6,10.6,33,70.2,1003.4,30.8,294,35
2026-07-03T07:34:05.408Z,9.4,12.4,33,70.1,1003.4,30.8,294,39
2026-07-03T07:34:15.402Z,8.6,12.6,33,70.1,1003.4,30.7,294,35
2026-07-03T07:34:25.421Z,8.2,11.6,33,70.1,1003.4,30.7,295,34
2026-07-03T07:34:35.427Z,8.6,11.6,33,70.1,1003.4,30.7,295,35
2026-07-03T07:34:45.426Z,8.4,12,33.1,70.1,1003.4,30.7,295,34
2026-07-03T07:34:55.411Z,10.4,13.4,33.1,70,1003.4,30.7,295,43
2026-07-03T07:35:05.443Z,10,14,33.1,70,1003.4,30.6,295,41
2026-07-03T07:35:15.410Z,9.8,12.8,33.1,70,1003.4,30.6,295,40
2026-07-03T07:35:25.401Z,9.6,12.6,33.1,70,1003.4,30.6,293,40
2026-07-03T07:35:35.391Z,10,12,33.1,70,1003.4,30.6,292,41
2026-07-03T07:35:45.405Z,9.4,11,33.1,69.9,1003.4,30.5,291,39
2026-07-03T07:35:55.396Z,10,12.6,33.1,69.9,1003.4,30.5,291,41
2026-07-03T07:36:05.391Z,8.4,11.4,33.1,69.8,1003.4,30.5,291,34
2026-07-03T07:36:15.409Z,7.6,9.8,33.1,69.8,1003.4,30.4,290,31
2026-07-03T07:36:25.393Z,6,9.4,33.1,69.8,1003.4,30.4,290,25
2026-07-03T07:36:35.403Z,6.4,9,33.2,69.7,1003.4,30.3,291,26
2026-07-03T07:36:45.405Z,7.2,8.6,33.2,69.7,1003.4,30.2,290,29
2026-07-03T07:36:55.403Z,8,9.4,33.2,69.7,1003.4,30.2,290,33
2026-07-03T07:37:05.462Z,9.6,9.8,33.2,69.7,1003.4,30.2,291,40
2026-07-03T07:37:15.409Z,7.6,8,33.2,69.7,1003.4,30.2,291,31
2026-07-03T07:37:25.399Z,7,8.8,33.2,69.7,1003.4,30.2,291,29
2026-07-03T07:37:35.405Z,10.8,13.2,33.2,69.7,1003.4,30.2,292,45
2026-07-03T07:37:45.405Z,10.2,13.2,33.2,69.7,1003.4,30.2,293,42
2026-07-03T07:37:55.407Z,10.2,12.6,33.2,69.8,1003.4,30.2,293,42
2026-07-03T07:38:05.407Z,10.4,11.8,33.2,69.8,1003.3,30.2,294,43
2026-07-03T07:38:15.400Z,10.2,12.6,33.2,69.8,1003.3,30.2,293,42
2026-07-03T07:38:25.395Z,9.4,12.6,33.2,69.8,1003.3,30.2,293,39
2026-07-03T07:38:35.399Z,8.6,12.6,33.2,69.7,1003.3,30.2,294,35
2026-07-03T07:38:45.392Z,8.8,12,33.2,69.7,1003.3,30.2,295,36
2026-07-03T07:38:55.392Z,8,12,33.2,69.7,1003.3,30.1,295,33
2026-07-03T07:39:05.471Z,8.4,11.4,33.2,69.7,1003.3,30.1,295,34
2026-07-03T07:39:15.393Z,7.2,10.2,33.2,69.7,1003.3,30,295,29
2026-07-03T07:39:25.392Z,8,10,33.2,69.7,1003.3,30,295,33
2026-07-03T07:39:35.381Z,7.4,9.4,33.2,69.7,1003.3,29.9,295,30
2026-07-03T07:39:45.391Z,7.6,9.6,33.2,69.7,1003.3,29.9,295,31
2026-07-03T07:39:55.395Z,8,10,33.2,69.7,1003.3,29.9,297,33
2026-07-03T07:40:05.387Z,7.6,9.6,33.2,69.7,1003.3,29.9,297,31
2026-07-03T07:40:15.384Z,6.6,8.6,33.2,69.7,1003.3,29.9,297,27
2026-07-03T07:40:25.385Z,7,9,33.2,69.7,1003.3,29.9,297,29
2026-07-03T07:40:35.390Z,7.2,8.8,33.2,69.7,1003.3,29.9,295,29
2026-07-03T07:40:45.407Z,7.4,8.8,33.2,69.7,1003.3,29.9,297,30
2026-07-03T07:40:55.396Z,7.8,8.2,33.2,69.7,1003.3,29.9,298,32
2026-07-03T07:41:05.393Z,8,8.2,33.2,69.7,1003.3,29.8,297,33
2026-07-03T07:41:15.390Z,9,9,33.2,69.7,1003.3,29.8,297,37
2026-07-03T07:41:25.400Z,9.8,9.8,33.2,69.7,1003.3,29.9,297,40
2026-07-03T07:41:35.397Z,9.4,11.6,33.2,69.7,1003.3,29.8,295,39
2026-07-03T07:41:45.385Z,8.4,12.4,33.2,69.7,1003.3,29.8,295,34
2026-07-03T07:41:55.389Z,9.6,12.6,33.2,69.7,1003.3,29.8,295,40
2026-07-03T07:42:05.391Z,11,12.2,33.2,69.7,1003.3,29.8,295,45
2026-07-03T07:42:15.389Z,11.2,14.4,33.2,69.7,1003.3,29.8,295,46
2026-07-03T07:42:25.400Z,13.4,15.4,33.2,69.7,1003.3,29.8,295,53
2026-07-03T07:42:35.391Z,13.6,15.6,33.2,69.7,1003.3,29.8,295,54
2026-07-03T07:42:45.395Z,13.4,16,33.2,69.8,1003.3,29.9,295,53
2026-07-03T07:42:55.402Z,11,15.6,33.2,69.8,1003.3,29.9,295,45
2026-07-03T07:43:05.390Z,9.2,15,33.2,69.8,1003.3,29.9,295,38
2026-07-03T07:43:15.395Z,8.6,14.4,33.2,69.8,1003.3,30,295,35
2026-07-03T07:43:25.403Z,7.6,13,33.2,69.9,1003.3,30,295,31
2026-07-03T07:43:35.385Z,7.8,11.2,33.2,69.9,1003.3,30,297,32
2026-07-03T07:43:45.386Z,7,9.4,33.2,69.9,1003.3,30.1,295,29
2026-07-03T07:43:55.386Z,7.2,8,33.1,70,1003.3,30.1,295,29
2026-07-03T07:44:05.400Z,10.8,11,33.1,70,1003.3,30.2,297,45
2026-07-03T07:44:15.382Z,11.4,11.4,33.1,70,1003.3,30.2,297,47
2026-07-03T07:44:25.383Z,12,13.2,33.1,70,1003.3,30.2,294,50
2026-07-03T07:44:35.383Z,10,13.2,33.1,70,1003.2,30.2,294,41
2026-07-03T07:44:45.389Z,9,12.2,33.1,70,1003.2,30.2,295,37
2026-07-03T07:44:55.384Z,9.8,12.8,33.1,70,1003.2,30.3,295,40
2026-07-03T07:45:05.407Z,9.8,13.8,33.1,70,1003.2,30.2,294,40
2026-07-03T07:45:15.404Z,9,12.4,33.1,70,1003.2,30.2,295,37
2026-07-03T07:45:25.390Z,8.6,12.6,33.1,69.9,1003.2,30.1,294,35
2026-07-03T07:45:35.430Z,8.8,11.8,33.1,69.9,1003.2,30.1,295,36
2026-07-03T07:45:45.391Z,9.6,12.6,33.1,69.9,1003.2,30.1,297,40
2026-07-03T07:45:55.411Z,9.4,12.4,33.1,69.9,1003.2,30.1,295,39
2026-07-03T07:46:05.445Z,10,13.2,33.1,69.9,1003.2,30.1,295,41
2026-07-03T07:46:15.397Z,9.4,13.4,33.1,69.9,1003.2,30.1,297,39
2026-07-03T07:46:25.399Z,9,12,33.1,69.9,1003.2,30.1,297,37
2026-07-03T07:46:35.395Z,8.8,11.8,33.1,69.9,1003.2,30.1,297,36
2026-07-03T07:46:45.395Z,9,12,33.1,69.9,1003.2,30.1,299,37
2026-07-03T07:46:55.394Z,8.6,11.8,33.1,69.9,1003.2,30.1,299,35
2026-07-03T07:47:05.394Z,10,13,33.1,69.9,1003.2,30.1,299,41
2026-07-03T07:47:15.394Z,10,12,33.1,69.9,1003.2,30.1,299,41
2026-07-03T07:47:25.391Z,10,11,33.1,69.9,1003.2,30.1,299,41
2026-07-03T07:47:35.396Z,10,12,33.1,70,1003.1,30.1,299,41
2026-07-03T07:47:45.398Z,11.2,13,33.1,70,1003.1,30.2,299,46
2026-07-03T07:47:55.396Z,12.6,14.8,33.1,70,1003.1,30.2,299,52
2026-07-03T07:48:05.441Z,13.6,15.6,33.1,70,1003.1,30.2,299,54
2026-07-03T07:48:15.404Z,11.4,13.4,33.1,70,1003.1,30.2,299,47
2026-07-03T07:48:25.405Z,10.8,14.2,33.1,70.1,1003.1,30.3,299,45
2026-07-03T07:48:35.394Z,13.2,18.2,33.1,70.1,1003.1,30.3,300,53
2026-07-03T07:48:45.380Z,14.2,18.6,33.1,70.1,1003.1,30.3,300,55
2026-07-03T07:48:55.379Z,14.8,17.2,33.1,70.1,1003.1,30.4,300,56
2026-07-03T07:49:05.377Z,14.4,17.4,33.1,70.1,1003.1,30.4,302,55
2026-07-03T07:49:15.379Z,13.4,16.2,33.1,70,1003.1,30.4,302,53
2026-07-03T07:49:25.376Z,12.6,14.6,33.1,70,1003.1,30.4,303,52
2026-07-03T07:49:35.382Z,12.4,14.4,33.1,70,1003.1,30.4,303,51
2026-07-03T07:49:45.381Z,12.6,15,33.1,70,1003.1,30.4,303,52
2026-07-03T07:49:55.382Z,11.4,13.8,33.1,70,1003.1,30.5,303,47
2026-07-03T07:50:05.444Z,11.6,14,33.1,70,1003.1,30.5,303,48
2026-07-03T07:50:15.379Z,13,15.2,33.1,70,1003.1,30.5,303,52
2026-07-03T07:50:25.384Z,15,16,33.1,70,1003.1,30.5,301,57
2026-07-03T07:50:35.387Z,13.2,15.6,33.1,70,1003.1,30.5,303,53
2026-07-03T07:50:45.401Z,11.6,16.4,33.1,70,1003.1,30.5,301,48
2026-07-03T07:50:55.437Z,9.6,14.6,33.1,70,1003.1,30.5,301,40
2026-07-03T07:51:05.394Z,10,13.8,33.1,69.9,1003.1,30.5,303,41
2026-07-03T07:51:15.393Z,9.6,12.6,33.1,69.9,1003.1,30.5,303,40
2026-07-03T07:51:25.398Z,9.8,13.4,33.1,69.9,1003.1,30.5,303,40
2026-07-03T07:51:35.386Z,10.4,13.4,33.1,69.9,1003,30.5,303,43
2026-07-03T07:51:45.378Z,11.4,15,33.1,69.9,1003,30.5,303,47
2026-07-03T07:51:55.372Z,13.8,16.6,33.1,69.9,1003,30.5,301,54
2026-07-03T07:52:05.481Z,13.8,16.4,33.1,69.9,1003,30.4,301,54
2026-07-03T07:52:15.373Z,11.2,14.6,33.1,69.9,1003,30.4,301,46
2026-07-03T07:52:25.378Z,12,17,33.1,69.9,1003,30.4,301,50
2026-07-03T07:52:35.379Z,12.6,18,33.2,69.9,1003,30.3,301,52
2026-07-03T07:52:45.384Z,15.6,17.6,33.2,69.9,1003,30.3,301,58
2026-07-03T07:52:55.380Z,15.8,16.8,33.2,69.9,1003,30.3,301,58
2026-07-03T07:53:05.388Z,13.4,16,33.2,69.8,1003,30.3,301,53
2026-07-03T07:53:15.375Z,13.6,16.6,33.2,69.8,1003,30.3,301,54
2026-07-03T07:53:25.383Z,13,16,33.2,69.8,1003,30.2,302,52
2026-07-03T07:53:35.382Z,13.6,16.6,33.2,69.8,1003,30.2,301,54
2026-07-03T07:53:45.387Z,12,15.4,33.2,69.7,1003,30.1,301,50
2026-07-03T07:53:55.403Z,11.4,14.4,33.2,69.7,1003,30.1,302,47
2026-07-03T07:54:05.513Z,10,13,33.2,69.7,1003,30.1,302,41
2026-07-03T07:54:15.383Z,12.2,14.8,33.2,69.7,1003,30,302,51
2026-07-03T07:54:25.389Z,14.4,16.6,33.2,69.7,1003,30,302,55
2026-07-03T07:54:35.402Z,13.6,16,33.2,69.7,1003,30,302,54
2026-07-03T07:54:45.395Z,12.2,15.2,33.2,69.7,1003,30,303,51
2026-07-03T07:54:55.389Z,13.2,15.2,33.3,69.7,1003,30,303,53
2026-07-03T07:55:05.394Z,11.2,14.4,33.3,69.7,1003,29.9,304,46
2026-07-03T07:55:15.396Z,11.4,15.4,33.3,69.7,1003,29.9,303,47
2026-07-03T07:55:25.393Z,12.2,15.2,33.3,69.7,1003,29.8,303,51
2026-07-03T07:55:35.385Z,13.2,16.2,33.3,69.7,1003,29.8,304,53
2026-07-03T07:55:45.390Z,13,16,33.3,69.7,1003,29.8,304,52
2026-07-03T07:55:55.384Z,11.6,15,33.3,69.7,1003,29.8,304,48
2026-07-03T07:56:05.396Z,11.8,15.4,33.3,69.7,1003,29.8,304,49
2026-07-03T07:56:15.440Z,10.6,14.2,33.3,69.7,1003,29.7,304,44
2026-07-03T07:56:25.385Z,11.2,14.2,33.3,69.7,1003,29.7,303,46
2026-07-03T07:56:35.386Z,10.2,15,33.3,69.7,1003,29.7,304,42
2026-07-03T07:56:45.379Z,12,17.2,33.3,69.7,1003,29.7,304,50
2026-07-03T07:56:55.378Z,12,16.4,33.3,69.7,1003,29.7,303,50
2026-07-03T07:57:05.384Z,12.6,17.6,33.3,69.7,1003,29.7,303,52
2026-07-03T07:57:15.382Z,13.8,17,33.3,69.7,1003,29.7,304,54
2026-07-03T07:57:25.383Z,15.4,17,33.3,69.6,1003,29.7,303,57
2026-07-03T07:57:35.384Z,15.2,16.2,33.3,69.6,1003,29.6,303,57
2026-07-03T07:57:45.387Z,14.8,15.8,33.3,69.5,1003,29.6,304,56
2026-07-03T07:57:55.399Z,13.2,14.2,33.3,69.5,1003,29.6,303,53
2026-07-03T07:58:05.381Z,12.4,12.4,33.3,69.5,1003,29.5,304,51
2026-07-03T07:58:15.390Z,10.2,11,33.3,69.5,1003,29.5,304,42
2026-07-03T07:58:25.388Z,10,11.4,33.3,69.4,1003,29.5,304,41
2026-07-03T07:58:35.382Z,11.6,12.6,33.4,69.4,1003,29.4,304,48
2026-07-03T07:58:45.385Z,10,11,33.4,69.4,1003,29.4,304,41
2026-07-03T07:58:55.381Z,9,9.2,33.4,69.4,1003,29.4,304,37
2026-07-03T07:59:05.429Z,10.6,11.4,33.4,69.4,1003,29.3,304,44
2026-07-03T07:59:15.406Z,9.4,10.4,33.4,69.4,1003,29.3,304,39
2026-07-03T07:59:25.386Z,10,12,33.4,69.4,1003,29.3,304,41
2026-07-03T07:59:35.375Z,11,13.2,33.4,69.4,1003,29.3,304,45
2026-07-03T07:59:45.390Z,11.6,13.6,33.4,69.4,1003,29.2,304,48
2026-07-03T07:59:55.381Z,11.8,14.2,33.4,69.4,1003,29.2,304,49
2026-07-03T08:00:05.421Z,12.4,16,33.4,69.4,1003,29.2,304,51
2026-07-03T08:00:15.376Z,11.2,15.4,33.4,69.4,1003,29.1,304,46
2026-07-03T08:00:25.371Z,11.4,15.4,33.4,69.4,1003,29.1,304,47
2026-07-03T08:00:35.404Z,12.2,16.4,33.4,69.4,1003,29,304,51
2026-07-03T08:00:45.377Z,11.6,15.4,33.4,69.4,1003,29,304,48
2026-07-03T08:00:55.379Z,12.4,15.4,33.4,69.3,1003,29,304,51
2026-07-03T08:01:05.435Z,13.8,16.4,33.4,69.3,1003,29,304,54
2026-07-03T08:01:15.397Z,13.6,18.6,33.4,69.3,1003,29,304,54
2026-07-03T08:01:25.381Z,12.2,16.2,33.4,69.3,1003,29,305,51
2026-07-03T08:01:35.379Z,11,14.2,33.4,69.3,1003,29,306,45
2026-07-03T08:01:45.381Z,10.4,13.8,33.5,69.3,1003,28.9,305,43
2026-07-03T08:01:55.391Z,12.8,15.8,33.5,69.3,1003,28.9,306,52
2026-07-03T08:02:05.384Z,15,16.6,33.5,69.3,1003,28.9,306,57
2026-07-03T08:02:15.387Z,15.4,17.4,33.5,69.2,1003,28.8,306,57
2026-07-03T08:02:25.383Z,14.2,16.8,33.5,69.2,1003,28.8,306,55
2026-07-03T08:02:35.377Z,14.8,16,33.5,69.2,1003,28.8,306,56
2026-07-03T08:02:45.379Z,14,15,33.5,69.2,1003,28.8,307,54
2026-07-03T08:02:55.378Z,12.4,13.4,33.5,69.2,1003,28.8,307,51
2026-07-03T08:03:05.375Z,12.2,14.8,33.5,69.3,1003,28.8,307,51
2026-07-03T08:03:15.376Z,16,19.4,33.5,69.3,1003,28.9,307,59
2026-07-03T08:03:25.383Z,14,17.8,33.5,69.3,1003,28.9,306,54
2026-07-03T08:03:35.422Z,14.8,17,33.5,69.3,1003,28.9,307,56
2026-07-03T08:03:45.392Z,15.4,16.4,33.5,69.3,1003,28.9,307,57
2026-07-03T08:03:55.385Z,14.8,16.8,33.5,69.4,1003,28.9,307,56
2026-07-03T08:04:05.399Z,15.6,18,33.5,69.4,1002.9,28.9,307,58
2026-07-03T08:04:15.398Z,14,18,33.5,69.4,1002.9,28.9,307,54
2026-07-03T08:04:25.393Z,14,19,33.4,69.4,1002.9,28.9,307,54
2026-07-03T08:04:35.380Z,14.2,18.4,33.4,69.4,1002.9,28.9,307,55
2026-07-03T08:04:45.393Z,14.4,18.4,33.4,69.4,1002.9,29,307,55
2026-07-03T08:04:55.387Z,13.8,18.4,33.4,69.4,1002.9,29,307,54
2026-07-03T08:05:05.379Z,13.6,17.6,33.4,69.4,1002.9,29,307,54
2026-07-03T08:05:15.395Z,12,16,33.4,69.4,1002.9,29,307,50
2026-07-03T08:05:25.383Z,12.6,15.6,33.4,69.4,1002.9,29,307,52
2026-07-03T08:05:35.377Z,13.6,16.6,33.4,69.4,1002.9,29,307,54
2026-07-03T08:05:45.375Z,13.6,16.6,33.4,69.5,1002.9,29,307,54
2026-07-03T08:05:55.381Z,15.4,16.6,33.4,69.5,1002.9,29,309,57
2026-07-03T08:06:05.395Z,15,16,33.4,69.5,1002.9,29,307,57
2026-07-03T08:06:15.381Z,15.6,16.6,33.4,69.5,1002.9,29,309,58
2026-07-03T08:06:25.378Z,15.6,15.6,33.4,69.5,1002.9,29,309,58
2026-07-03T08:06:35.389Z,15.4,16.4,33.4,69.5,1002.9,29,308,57
2026-07-03T08:06:45.380Z,15.6,17.4,33.4,69.5,1002.9,29,309,58
2026-07-03T08:06:55.382Z,15.4,16.8,33.4,69.5,1002.9,29,309,57
2026-07-03T08:07:05.380Z,14,16,33.4,69.5,1002.9,28.9,310,54
2026-07-03T08:07:15.375Z,14.6,16,33.4,69.5,1002.9,28.9,310,56
2026-07-03T08:07:25.386Z,13.6,15.8,33.4,69.5,1002.9,28.9,310,54
2026-07-03T08:07:35.380Z,15,17.4,33.4,69.5,1002.9,28.9,311,57
2026-07-03T08:07:45.379Z,15.8,16.4,33.4,69.5,1002.9,28.9,310,58
2026-07-03T08:07:55.382Z,15.2,16.2,33.4,69.5,1002.8,28.9,310,57
2026-07-03T08:08:05.382Z,15.6,16.6,33.4,69.5,1002.8,28.9,310,58
2026-07-03T08:08:15.384Z,14,15,33.4,69.5,1002.8,28.9,310,54
2026-07-03T08:08:25.378Z,15,16,33.4,69.5,1002.8,28.9,310,57
2026-07-03T08:08:35.389Z,16,17,33.4,69.5,1002.8,28.9,310,59
2026-07-03T08:08:45.384Z,16.6,16.6,33.4,69.5,1002.8,28.9,310,60
2026-07-03T08:08:55.379Z,17,17,33.4,69.5,1002.8,28.9,310,61
2026-07-03T08:09:05.379Z,16.4,16.4,33.4,69.5,1002.8,28.9,307,60
2026-07-03T08:09:15.376Z,16.2,16.2,33.4,69.5,1002.8,28.8,307,59
2026-07-03T08:09:25.375Z,15,16,33.4,69.5,1002.8,28.9,307,57
2026-07-03T08:09:35.384Z,16,17,33.4,69.5,1002.8,28.9,307,59
2026-07-03T08:09:45.382Z,15.2,16.4,33.4,69.5,1002.8,28.9,307,57
2026-07-03T08:09:55.375Z,16.6,18,33.4,69.6,1002.8,28.9,307,60
2026-07-03T08:10:05.374Z,15.4,16,33.4,69.6,1002.8,28.9,307,57
2026-07-03T08:10:15.382Z,16.4,17.6,33.4,69.7,1002.8,28.9,307,60
2026-07-03T08:10:25.397Z,16.4,17.8,33.4,69.7,1002.8,29,307,60
2026-07-03T08:10:35.376Z,16,18,33.3,69.7,1002.8,29,306,59
2026-07-03T08:10:45.378Z,15.4,17.4,33.3,69.8,1002.8,29,307,57
2026-07-03T08:10:55.381Z,14.6,17.6,33.3,69.8,1002.8,29.1,307,56
2026-07-03T08:11:05.387Z,13.6,16.6,33.3,69.9,1002.8,29.1,307,54
2026-07-03T08:11:15.449Z,14.2,17.6,33.3,70,1002.8,29.1,307,55
2026-07-03T08:11:25.375Z,15.6,19.6,33.3,70,1002.7,29.2,307,58
2026-07-03T08:11:35.374Z,15.4,20.4,33.3,70.1,1002.7,29.3,309,57
2026-07-03T08:11:45.377Z,15.4,19.2,33.2,70.2,1002.7,29.3,311,57
2026-07-03T08:11:55.377Z,16.6,18.4,33.2,70.2,1002.7,29.4,311,60
2026-07-03T08:12:05.377Z,16.4,17.4,33.2,70.2,1002.7,29.4,311,60
2026-07-03T08:12:15.376Z,16.4,17.4,33.2,70.3,1002.7,29.5,311,60
2026-07-03T08:12:25.380Z,17,19,33.2,70.3,1002.7,29.5,311,61
2026-07-03T08:12:35.392Z,16,19,33.2,70.3,1002.7,29.6,310,59
2026-07-03T08:12:45.386Z,16.4,19.4,33.1,70.4,1002.7,29.6,310,60
2026-07-03T08:12:55.384Z,17.4,18.6,33.1,70.4,1002.7,29.6,310,62
2026-07-03T08:13:05.397Z,18,19,33.1,70.4,1002.7,29.6,310,63
2026-07-03T08:13:15.378Z,18,18,33.1,70.4,1002.7,29.7,309,63
2026-07-03T08:13:25.380Z,17,17.4,33.1,70.5,1002.7,29.7,310,61
2026-07-03T08:13:35.378Z,17.8,18.2,33.1,70.5,1002.7,29.7,309,62
2026-07-03T08:13:45.380Z,18,18.4,33.1,70.5,1002.7,29.7,309,63
2026-07-03T08:13:55.401Z,18,18,33.1,70.5,1002.7,29.7,309,63
2026-07-03T08:14:05.380Z,18.4,18.4,33.1,70.5,1002.7,29.6,309,64
2026-07-03T08:14:15.381Z,17.4,18.4,33.1,70.5,1002.7,29.6,309,62
2026-07-03T08:14:25.380Z,17,18,33.1,70.5,1002.7,29.6,309,61
2026-07-03T08:14:35.383Z,17.6,18.6,33.1,70.4,1002.7,29.5,310,62
2026-07-03T08:14:45.383Z,16.4,16.4,33.1,70.4,1002.7,29.5,309,60
2026-07-03T08:14:55.384Z,14.8,16,33.1,70.4,1002.7,29.4,308,56
2026-07-03T08:15:05.382Z,14.4,17.4,33.1,70.4,1002.7,29.4,309,55
2026-07-03T08:15:15.372Z,15.6,18,33.1,70.4,1002.7,29.4,309,58
2026-07-03T08:15:25.387Z,15.4,17.4,33.1,70.5,1002.7,29.4,310,57
2026-07-03T08:15:35.385Z,15.2,18,33.1,70.5,1002.7,29.5,310,57
2026-07-03T08:15:45.399Z,14,17,33.1,70.5,1002.7,29.5,310,54
2026-07-03T08:15:55.380Z,16.2,18,33.1,70.6,1002.7,29.5,309,59
2026-07-03T08:16:05.375Z,16,16,33.1,70.6,1002.7,29.6,310,59
2026-07-03T08:16:15.376Z,18.2,18.2,33.1,70.6,1002.7,29.6,310,63
2026-07-03T08:16:25.386Z,15.8,15.8,33.1,70.6,1002.7,29.6,310,58
2026-07-03T08:16:35.388Z,17.2,18.2,33.1,70.6,1002.7,29.6,310,61
2026-07-03T08:16:45.380Z,16.6,18.6,33.1,70.5,1002.7,29.6,310,60
2026-07-03T08:16:55.374Z,17.6,18.6,33.1,70.5,1002.7,29.5,310,62
2026-07-03T08:17:05.383Z,17.8,19,33.1,70.4,1002.7,29.4,310,62
2026-07-03T08:17:15.375Z,17,19,33.1,70.4,1002.7,29.4,309,61
2026-07-03T08:17:25.380Z,16.2,18.6,33.1,70.4,1002.7,29.3,310,59
2026-07-03T08:17:35.379Z,17,20.2,33.1,70.3,1002.7,29.2,310,61
2026-07-03T08:17:45.376Z,16.8,18.6,33.1,70.3,1002.7,29.2,310,60
2026-07-03T08:17:55.377Z,18.8,19.8,33.1,70.2,1002.7,29.1,310,65
2026-07-03T08:18:05.431Z,19.8,20.8,33.1,70.2,1002.7,29.1,310,67
2026-07-03T08:18:15.373Z,19,21,33.2,70.1,1002.7,29,310,65
2026-07-03T08:18:25.383Z,18.4,20.8,33.2,70.1,1002.7,29,310,64
2026-07-03T08:18:35.374Z,18.6,19.6,33.2,70.1,1002.7,28.9,309,64
2026-07-03T08:18:45.381Z,17.6,17.6,33.2,70,1002.7,28.8,308,62
2026-07-03T08:18:55.382Z,16.2,17.8,33.2,70,1002.6,28.8,309,59
2026-07-03T08:19:05.378Z,17,19,33.2,69.9,1002.6,28.8,309,61
2026-07-03T08:19:15.376Z,17.2,18.6,33.2,69.9,1002.6,28.7,309,61
2026-07-03T08:19:25.374Z,17,17,33.2,69.9,1002.6,28.7,310,61
2026-07-03T08:19:35.368Z,18.6,18.6,33.2,69.8,1002.6,28.7,309,64
2026-07-03T08:19:45.376Z,18.4,18.4,33.2,69.9,1002.6,28.7,309,64
2026-07-03T08:19:55.381Z,16,16,33.2,69.9,1002.6,28.7,310,59
2026-07-03T08:20:05.373Z,18,18,33.2,69.9,1002.6,28.7,310,63
2026-07-03T08:20:15.375Z,19.8,20,33.2,69.9,1002.6,28.7,310,67
2026-07-03T08:20:25.367Z,18.2,18.4,33.2,69.9,1002.6,28.7,311,63
2026-07-03T08:20:35.361Z,17,18,33.2,69.9,1002.6,28.7,311,61
2026-07-03T08:20:45.374Z,17.8,20.2,33.2,70,1002.6,28.7,312,62
2026-07-03T08:20:55.427Z,16.2,18.4,33.2,70,1002.6,28.7,312,59
2026-07-03T08:21:05.372Z,16.4,18.4,33.2,70,1002.6,28.7,310,60
2026-07-03T08:21:15.371Z,17.6,19.6,33.2,70,1002.6,28.7,311,62
2026-07-03T08:21:25.366Z,18.8,20.8,33.2,70.1,1002.6,28.7,311,65
2026-07-03T08:21:35.370Z,17.4,19,33.2,70.1,1002.6,28.7,311,62
2026-07-03T08:21:45.384Z,18.4,22.2,33.2,70.1,1002.6,28.7,311,64
2026-07-03T08:21:55.369Z,17.4,20.6,33.2,70.1,1002.6,28.7,310,62
2026-07-03T08:22:05.365Z,17.4,19.4,33.2,70.1,1002.6,28.7,310,62
2026-07-03T08:22:15.363Z,15.8,17.8,33.2,70.1,1002.6,28.7,310,58
2026-07-03T08:22:25.401Z,14,16,33.2,70.1,1002.6,28.6,310,54
2026-07-03T08:22:35.371Z,14.8,17.8,33.2,70.1,1002.6,28.6,310,56
2026-07-03T08:22:45.420Z,16.2,17,33.2,70.1,1002.6,28.6,311,59
2026-07-03T08:22:55.375Z,16.4,17,33.2,70.2,1002.6,28.7,311,60
2026-07-03T08:23:05.368Z,16,17,33.2,70.2,1002.6,28.7,313,59
2026-07-03T08:23:15.376Z,18.2,19.4,33.2,70.3,1002.6,28.8,313,63
2026-07-03T08:23:25.372Z,18.6,20,33.2,70.3,1002.6,28.8,313,64
2026-07-03T08:23:35.474Z,19.6,20,33.1,70.4,1002.6,28.9,313,66
2026-07-03T08:23:45.388Z,19.8,19.8,33.1,70.5,1002.6,29,315,67
2026-07-03T08:23:55.364Z,20,20.4,33.1,70.6,1002.6,29.1,315,67
2026-07-03T08:24:05.364Z,19.2,21.2,33.1,70.7,1002.6,29.2,315,65
2026-07-03T08:24:15.365Z,18.8,19.8,33.1,70.7,1002.5,29.3,315,65
2026-07-03T08:24:25.371Z,18.4,20,33,70.8,1002.5,29.4,315,64
2026-07-03T08:24:35.363Z,20,21,33,70.9,1002.5,29.5,315,67
2026-07-03T08:24:45.360Z,19.8,21.8,33,71,1002.5,29.6,315,67
2026-07-03T08:24:55.825Z,19.2,22,33,71,1002.5,29.7,315,65
2026-07-03T08:25:05.405Z,19.2,20.6,32.9,71.1,1002.5,29.8,315,65
2026-07-03T08:25:15.357Z,19.2,21.2,32.9,71.1,1002.5,29.9,315,65
2026-07-03T08:25:25.362Z,20.6,21.6,32.9,71.2,1002.5,29.9,316,68
2026-07-03T08:25:35.373Z,20.4,20.6,32.9,71.2,1002.5,30,316,68
2026-07-03T08:25:45.372Z,20.2,20.6,32.8,71.3,1002.5,30.1,315,68
2026-07-03T08:25:55.373Z,19.6,20.6,32.8,71.4,1002.5,30.2,316,66
2026-07-03T08:26:05.366Z,18.4,19.6,32.8,71.4,1002.5,30.2,316,64
2026-07-03T08:26:15.374Z,19.6,21.6,32.8,71.5,1002.5,30.3,316,66
2026-07-03T08:26:25.372Z,18.4,21.8,32.8,71.5,1002.5,30.3,316,64
2026-07-03T08:26:35.362Z,18.4,22.4,32.8,71.6,1002.5,30.4,317,64
2026-07-03T08:26:45.363Z,17.2,21.2,32.8,71.6,1002.5,30.4,316,61
2026-07-03T08:26:55.360Z,18.6,20.6,32.7,71.6,1002.5,30.4,317,64
2026-07-03T08:27:05.362Z,19.4,21,32.7,71.6,1002.5,30.4,317,66
2026-07-03T08:27:15.368Z,21,22.2,32.7,71.6,1002.5,30.4,317,69
2026-07-03T08:27:25.364Z,21.6,22.6,32.7,71.6,1002.5,30.4,317,70
2026-07-03T08:27:35.369Z,23.8,23.8,32.8,71.6,1002.5,30.4,318,75
2026-07-03T08:27:45.357Z,22.2,22.8,32.8,71.7,1002.5,30.4,318,72
2026-07-03T08:27:55.371Z,19.4,21.4,32.8,71.7,1002.5,30.3,320,66
2026-07-03T08:28:05.359Z,20.8,22.8,32.8,71.7,1002.5,30.3,320,69
2026-07-03T08:28:15.485Z,23,25.4,32.8,71.7,1002.5,30.3,320,73
2026-07-03T08:28:25.357Z,22,24.4,32.8,71.8,1002.5,30.3,320,71
2026-07-03T08:28:35.362Z,20.4,23.2,32.8,71.8,1002.5,30.2,321,68
2026-07-03T08:28:45.454Z,20,22,32.8,71.9,1002.5,30.2,322,67
2026-07-03T08:28:55.366Z,20.8,22.8,32.8,71.9,1002.5,30.1,322,69
2026-07-03T08:29:05.364Z,22,24,32.8,71.9,1002.5,30.1,322,71
2026-07-03T08:29:15.368Z,22.2,24.2,32.8,71.9,1002.5,30,322,72
2026-07-03T08:29:25.376Z,22.6,23.6,32.9,72,1002.5,30,325,73
2026-07-03T08:29:35.370Z,21.6,22.6,32.9,72,1002.5,30,325,70
2026-07-03T08:29:45.374Z,22.2,22.8,32.9,72,1002.5,29.9,327,72
2026-07-03T08:29:55.378Z,22.4,23.6,32.9,72,1002.5,29.8,328,72
2026-07-03T08:30:05.380Z,22.4,23.2,32.9,72,1002.5,29.8,328,72
2026-07-03T08:30:15.383Z,23.8,24.2,32.9,72,1002.5,29.8,329,75
2026-07-03T08:30:25.372Z,23.4,25,32.9,72,1002.4,29.7,329,74
2026-07-03T08:30:35.366Z,23.6,25.6,32.9,72,1002.4,29.7,329,75
2026-07-03T08:30:45.368Z,23.8,28.4,32.9,72,1002.4,29.6,329,75
2026-07-03T08:30:55.369Z,25.2,29.2,32.9,72,1002.4,29.6,329,78
2026-07-03T08:31:05.364Z,24.8,28.2,33,72,1002.4,29.6,329,77
2026-07-03T08:31:15.370Z,23.2,26,33,71.9,1002.4,29.5,329,74
2026-07-03T08:31:25.378Z,23.8,27,33,71.9,1002.4,29.5,329,75
2026-07-03T08:31:35.368Z,21.4,23.6,33,71.8,1002.4,29.4,329,70
2026-07-03T08:31:45.372Z,21.8,23.8,33,71.8,1002.4,29.4,327,71
2026-07-03T08:31:55.381Z,24.6,26.4,33,71.8,1002.4,29.3,329,77
2026-07-03T08:32:05.383Z,24.4,24.6,33,71.8,1002.4,29.2,327,76
2026-07-03T08:32:15.370Z,22,22.8,33.1,71.7,1002.4,29.2,327,71
2026-07-03T08:32:25.369Z,21.8,22.6,33.1,71.7,1002.4,29.1,329,71
2026-07-03T08:32:35.379Z,21.2,22.4,33.1,71.7,1002.4,29.1,329,70
2026-07-03T08:32:45.372Z,23.2,23.4,33.1,71.7,1002.3,29,329,74
2026-07-03T08:32:55.367Z,22,22.4,33.1,71.6,1002.3,29,329,71
2026-07-03T08:33:05.373Z,24.2,25.2,33.1,71.6,1002.3,28.9,329,76
2026-07-03T08:33:15.368Z,23.8,25.6,33.1,71.6,1002.3,28.9,333,75
2026-07-03T08:33:25.370Z,22.8,25.4,33.1,71.6,1002.3,28.9,333,73
2026-07-03T08:33:35.365Z,22,25,33.2,71.5,1002.3,28.8,333,71
2026-07-03T08:33:45.366Z,24,25.6,33.2,71.5,1002.3,28.8,333,76
2026-07-03T08:33:55.373Z,25.4,26.4,33.2,71.4,1002.3,28.8,333,78
2026-07-03T08:34:05.371Z,26.2,26.8,33.2,71.4,1002.3,28.8,333,80
2026-07-03T08:34:15.366Z,25.4,25.8,33.2,71.3,1002.3,28.8,333,78
2026-07-03T08:34:25.373Z,25.4,26.4,33.2,71.3,1002.3,28.7,330,78
2026-07-03T08:34:35.358Z,24,27.6,33.2,71.3,1002.3,28.7,330,76
2026-07-03T08:34:45.370Z,23.4,28,33.2,71.3,1002.3,28.7,331,74
2026-07-03T08:34:55.354Z,24.2,28,33.2,71.3,1002.3,28.7,330,76
2026-07-03T08:35:05.358Z,21.8,24.6,33.2,71.3,1002.3,28.7,330,71
2026-07-03T08:35:15.372Z,21.8,23,33.2,71.2,1002.2,28.7,331,71
2026-07-03T08:35:25.352Z,21.6,22.6,33.2,71.2,1002.2,28.7,330,70
2026-07-03T08:35:35.377Z,21,22.6,33.2,71.2,1002.2,28.7,330,69
2026-07-03T08:35:45.380Z,23,24.6,33.2,71.3,1002.2,28.7,331,73
2026-07-03T08:35:55.372Z,23.8,25,33.2,71.3,1002.2,28.7,331,75
2026-07-03T08:36:05.374Z,21.6,23.8,33.2,71.2,1002.2,28.7,331,70
2026-07-03T08:36:15.368Z,21.6,23.6,33.2,71.2,1002.2,28.7,331,70
2026-07-03T08:36:25.370Z,23.4,26.2,33.2,71.2,1002.2,28.7,331,74
2026-07-03T08:36:35.358Z,24,28,33.2,71.2,1002.2,28.7,331,76
2026-07-03T08:36:45.351Z,23.6,29.6,33.2,71.2,1002.2,28.7,332,75
2026-07-03T08:36:55.359Z,23.4,27.6,33.2,71.2,1002.2,28.7,332,74
2026-07-03T08:37:05.366Z,21.6,24.8,33.2,71.2,1002.2,28.7,332,70
2026-07-03T08:37:15.354Z,23,25.8,33.2,71.1,1002.2,28.7,332,73
2026-07-03T08:37:25.378Z,24.8,26.8,33.2,71.1,1002.2,28.7,332,77
2026-07-03T08:37:35.368Z,24.4,24.4,33.2,71.1,1002.2,28.7,332,76
2026-07-03T08:37:45.369Z,24.6,26.4,33.2,71.1,1002.2,28.7,332,77
2026-07-03T08:37:55.364Z,24.6,26.4,33.2,71,1002.2,28.6,330,77
2026-07-03T08:38:05.362Z,23,25,33.2,71,1002.2,28.6,330,73
2026-07-03T08:38:15.374Z,23.4,25.4,33.2,70.9,1002.1,28.6,330,74
2026-07-03T08:38:25.369Z,25,27,33.2,70.9,1002.1,28.6,330,78
2026-07-03T08:38:35.367Z,25.4,28.4,33.2,70.8,1002.1,28.5,330,78
2026-07-03T08:38:45.366Z,25.4,28.4,33.3,70.8,1002.1,28.5,329,78
2026-07-03T08:38:55.361Z,26.2,28.2,33.3,70.7,1002.1,28.5,330,80
2026-07-03T08:39:05.372Z,27,27.2,33.3,70.7,1002.1,28.4,330,82
2026-07-03T08:39:15.362Z,26.6,28,33.3,70.6,1002.1,28.4,330,81
2026-07-03T08:39:25.366Z,27.6,30.6,33.3,70.6,1002.1,28.4,330,83
2026-07-03T08:39:35.364Z,25,29.2,33.3,70.6,1002.1,28.4,330,78
2026-07-03T08:39:45.362Z,23.2,28.2,33.3,70.6,1002.1,28.3,330,74
2026-07-03T08:39:55.359Z,24,28.6,33.3,70.6,1002.1,28.3,330,76
2026-07-03T08:40:05.381Z,24.4,26.8,33.3,70.6,1002.1,28.3,330,76
2026-07-03T08:40:15.363Z,24.6,27,33.3,70.6,1002.1,28.3,330,77
2026-07-03T08:40:25.367Z,23.2,24.6,33.3,70.6,1002.1,28.3,330,74
2026-07-03T08:40:35.365Z,24.8,26.4,33.3,70.6,1002.1,28.3,331,77
2026-07-03T08:40:45.368Z,25.4,27.4,33.3,70.6,1002.1,28.3,331,78
2026-07-03T08:40:55.366Z,26.6,27.4,33.3,70.6,1002.1,28.3,331,81
2026-07-03T08:41:05.363Z,26.6,27,33.3,70.7,1002.1,28.4,331,81
2026-07-03T08:41:15.366Z,24.8,26.4,33.3,70.7,1002.1,28.4,331,77
2026-07-03T08:41:25.363Z,23.6,25,33.3,70.7,1002.1,28.3,330,75
2026-07-03T08:41:35.376Z,22,23.2,33.3,70.6,1002.1,28.3,330,71
2026-07-03T08:41:45.366Z,25.4,27.8,33.3,70.6,1002.1,28.3,330,78
2026-07-03T08:41:55.366Z,26,29,33.3,70.6,1002,28.3,330,80
2026-07-03T08:42:05.364Z,27.2,30,33.3,70.5,1002,28.2,330,82
2026-07-03T08:42:15.365Z,26.8,29.8,33.3,70.5,1002,28.2,330,81
2026-07-03T08:42:25.367Z,27.6,29.6,33.4,70.4,1002,28.2,330,83
2026-07-03T08:42:35.366Z,27.4,29.4,33.4,70.4,1002,28.2,330,83
2026-07-03T08:42:45.362Z,27,28.8,33.4,70.3,1002,28.2,330,82
2026-07-03T08:42:55.370Z,27,29,33.4,70.2,1002,28.2,330,82
2026-07-03T08:43:05.362Z,27,29,33.4,70.2,1002,28.2,330,82
2026-07-03T08:43:15.365Z,27.8,29.4,33.4,70.1,1002,28.2,330,84
2026-07-03T08:43:25.360Z,28,30,33.4,70,1002,28.2,330,84
2026-07-03T08:43:35.360Z,27.8,29.8,33.4,70,1002,28.2,329,84
2026-07-03T08:43:45.372Z,27.8,27.8,33.4,70,1002,28.2,327,84
2026-07-03T08:43:55.362Z,27,28,33.4,70,1002,28.3,329,82
2026-07-03T08:44:05.368Z,27.6,29.6,33.4,69.9,1002,28.3,327,83
2026-07-03T08:44:15.376Z,28.4,30.4,33.4,69.9,1002,28.3,325,85
2026-07-03T08:44:25.372Z,29.4,31.6,33.4,69.9,1002,28.4,327,87
2026-07-03T08:44:35.355Z,29.8,31.8,33.4,69.9,1002,28.4,327,88
2026-07-03T08:44:45.360Z,28.4,31.2,33.4,69.9,1002,28.4,327,85
2026-07-03T08:44:55.353Z,30,33,33.4,69.8,1002,28.4,327,88
2026-07-03T08:45:05.361Z,29.4,30.6,33.4,69.9,1002,28.4,325,87
2026-07-03T08:45:15.351Z,27.4,29,33.4,69.9,1002,28.5,327,83
2026-07-03T08:45:25.360Z,27,29.2,33.4,69.9,1002,28.5,327,82
2026-07-03T08:45:35.352Z,28,29,33.4,70,1002,28.5,327,84
2026-07-03T08:45:45.355Z,28,29.2,33.3,70,1002,28.6,327,84
2026-07-03T08:45:55.352Z,28.4,29.6,33.3,70.1,1002,28.6,327,85
2026-07-03T08:46:05.353Z,28.8,30.6,33.3,70.1,1002,28.6,327,86
2026-07-03T08:46:15.366Z,28.4,29,33.3,70.2,1002,28.7,327,85
2026-07-03T08:46:25.350Z,26.6,29.2,33.3,70.2,1002,28.7,325,81
2026-07-03T08:46:35.366Z,24.8,27.4,33.3,70.2,1002,28.7,325,77
2026-07-03T08:46:45.373Z,26.2,29.8,33.2,70.3,1002,28.7,327,80
2026-07-03T08:46:55.366Z,26.6,30.6,33.2,70.4,1002,28.8,327,81
2026-07-03T08:47:05.362Z,26.4,28.4,33.2,70.4,1002,28.8,327,81
2026-07-03T08:47:15.369Z,26,27,33.2,70.4,1001.9,28.8,327,80
2026-07-03T08:47:25.367Z,25.4,28.6,33.2,70.4,1001.9,28.8,327,78
2026-07-03T08:47:35.364Z,25.8,29.8,33.2,70.5,1001.9,28.8,327,79
2026-07-03T08:47:45.367Z,25.4,28.6,33.2,70.5,1001.9,28.8,327,78
2026-07-03T08:47:55.355Z,25,28.4,33.2,70.5,1001.9,28.8,327,78
2026-07-03T08:48:05.369Z,25.2,26.8,33.2,70.5,1001.9,28.8,327,78
2026-07-03T08:48:15.369Z,26.6,28,33.1,70.6,1001.9,28.9,327,81
2026-07-03T08:48:25.362Z,26.6,28.6,33.1,70.6,1001.9,28.9,327,81
2026-07-03T08:48:35.371Z,26.2,27.2,33.1,70.6,1001.9,28.9,327,80
2026-07-03T08:48:45.355Z,27.2,28,33.1,70.7,1001.9,28.9,327,82
2026-07-03T08:48:55.360Z,25.8,26.4,33.1,70.7,1001.9,28.9,327,79
2026-07-03T08:49:05.354Z,24.4,25.4,33.1,70.7,1001.9,29,326,76
2026-07-03T08:49:15.359Z,24.6,26.6,33.1,70.7,1001.9,29,327,77
2026-07-03T08:49:25.363Z,24,27,33.1,70.7,1001.9,29,326,76
2026-07-03T08:49:35.349Z,23.6,26.8,33.1,70.7,1001.9,29,326,75
2026-07-03T08:49:45.352Z,23.6,27.6,33,70.7,1001.9,29.1,326,75
2026-07-03T08:49:55.353Z,23.8,28.8,33,70.7,1001.9,29.1,326,75
2026-07-03T08:50:05.366Z,22,28,33,70.7,1001.9,29.1,326,71
2026-07-03T08:50:15.359Z,22,27.6,33,70.7,1001.9,29.1,326,71
2026-07-03T08:50:25.357Z,22.6,26,33,70.7,1001.9,29.1,325,73
2026-07-03T08:50:35.356Z,25.2,26.4,33,70.7,1001.9,29.1,325,78
2026-07-03T08:50:45.362Z,24.4,25.4,33,70.6,1001.9,29.1,325,76
2026-07-03T08:50:55.354Z,24,25,33,70.6,1001.9,29.1,325,76
2026-07-03T08:51:05.362Z,25.6,27.4,33,70.6,1001.9,29.1,325,79
2026-07-03T08:51:15.372Z,27,29,33.1,70.5,1001.9,29,322,82
2026-07-03T08:51:25.359Z,25.8,28.4,33.1,70.4,1001.9,29,322,79
2026-07-03T08:51:35.351Z,25.2,28,33.1,70.3,1001.9,29,322,78
2026-07-03T08:51:45.349Z,24.6,26.6,33.1,70.3,1001.9,28.9,322,77
2026-07-03T08:51:55.347Z,24.6,26.6,33.1,70.3,1001.9,28.9,322,77
2026-07-03T08:52:05.354Z,24.4,26.2,33.1,70.2,1001.9,28.9,322,76
2026-07-03T08:52:15.345Z,22.6,22.6,33.1,70.2,1001.9,28.9,322,73
2026-07-03T08:52:25.354Z,21.8,22.2,33.1,70.2,1001.9,28.9,321,71
2026-07-03T08:52:35.371Z,22.2,24.6,33.1,70.1,1001.9,28.8,322,72
2026-07-03T08:52:45.384Z,24,27.4,33.2,70.1,1001.9,28.8,321,76
2026-07-03T08:52:55.367Z,24.6,28.2,33.2,70,1001.9,28.8,321,77
2026-07-03T08:53:05.364Z,23,26,33.2,70,1001.9,28.7,321,73
2026-07-03T08:53:15.372Z,23.4,26.4,33.2,69.9,1001.9,28.7,321,74
2026-07-03T08:53:25.364Z,23.2,25.2,33.2,69.9,1001.9,28.7,322,74
2026-07-03T08:53:35.350Z,22,26,33.2,69.9,1001.9,28.7,322,71
2026-07-03T08:53:45.345Z,22.8,24.8,33.2,69.9,1001.9,28.6,322,73
2026-07-03T08:53:55.350Z,22.4,25,33.2,69.9,1001.9,28.6,322,72
2026-07-03T08:54:05.344Z,23.6,25.6,33.2,69.9,1001.9,28.6,322,75
2026-07-03T08:54:15.349Z,24.6,26,33.2,69.9,1001.9,28.6,322,77
2026-07-03T08:54:25.343Z,27,28.8,33.2,69.9,1001.9,28.6,322,82
2026-07-03T08:54:35.361Z,26.4,27.4,33.2,69.9,1001.9,28.6,322,81
2026-07-03T08:54:45.357Z,26.8,28.8,33.2,69.9,1001.9,28.5,322,81
2026-07-03T08:54:55.368Z,26,27.2,33.2,69.9,1001.9,28.5,323,80
2026-07-03T08:55:05.361Z,23.4,26.6,33.2,69.9,1001.9,28.5,322,74
2026-07-03T08:55:15.362Z,21.4,26.4,33.2,69.9,1001.9,28.5,323,70
2026-07-03T08:55:25.368Z,21.8,25.4,33.2,69.9,1001.9,28.5,323,71
2026-07-03T08:55:35.350Z,22,25,33.2,69.9,1001.9,28.4,321,71
2026-07-03T08:55:45.363Z,23.6,26.6,33.2,69.9,1001.9,28.4,322,75
2026-07-03T08:55:55.358Z,23.4,25.4,33.2,69.9,1001.9,28.3,323,74
2026-07-03T08:56:05.349Z,22.4,23.8,33.3,69.9,1001.9,28.3,323,72
2026-07-03T08:56:15.348Z,22.4,22.4,33.3,69.8,1001.9,28.3,323,72
2026-07-03T08:56:25.356Z,23,23,33.3,69.8,1001.9,28.3,323,73
2026-07-03T08:56:35.345Z,20.6,22.2,33.3,69.8,1001.9,28.2,323,68
2026-07-03T08:56:45.346Z,22.2,23.8,33.3,69.8,1001.9,28.2,324,72
2026-07-03T08:56:55.348Z,23,25,33.3,69.8,1001.8,28.2,324,73
2026-07-03T08:57:05.353Z,24.2,25.6,33.3,69.8,1001.8,28.2,326,76
2026-07-03T08:57:15.354Z,25,26.2,33.3,69.8,1001.8,28.2,327,78
2026-07-03T08:57:25.352Z,25.6,27,33.3,69.8,1001.8,28.2,327,79
2026-07-03T08:57:35.364Z,23.8,24.6,33.3,69.8,1001.8,28.2,327,75
2026-07-03T08:57:45.352Z,23.4,23.8,33.3,69.8,1001.8,28.1,327,74
2026-07-03T08:57:55.344Z,25,25,33.3,69.8,1001.8,28.1,327,78
2026-07-03T08:58:05.345Z,23,23.8,33.3,69.8,1001.8,28.1,327,73
2026-07-03T08:58:15.340Z,21.6,22.6,33.3,69.7,1001.8,28.1,327,70
2026-07-03T08:58:25.341Z,21.4,21.8,33.3,69.7,1001.8,28.1,327,70
2026-07-03T08:58:35.362Z,22.6,23.6,33.3,69.7,1001.8,28.1,327,73
2026-07-03T08:58:45.359Z,23.8,24.8,33.3,69.6,1001.8,28.1,327,75
2026-07-03T08:58:55.360Z,23.4,23.4,33.3,69.6,1001.8,28.1,327,74
2026-07-03T08:59:05.359Z,23.6,24.2,33.3,69.6,1001.8,28.1,326,75
2026-07-03T08:59:15.363Z,21.4,22.4,33.3,69.5,1001.8,28.1,326,70
2026-07-03T08:59:25.360Z,22,22,33.3,69.5,1001.8,28.1,325,71
2026-07-03T08:59:35.346Z,20.8,22.8,33.3,69.5,1001.8,28.1,325,69
2026-07-03T08:59:45.370Z,20.8,22.2,33.3,69.5,1001.8,28.1,325,69
2026-07-03T08:59:55.350Z,20.4,21.4,33.3,69.5,1001.8,28.2,325,68
2026-07-03T09:00:05.344Z,20.6,21.6,33.3,69.5,1001.8,28.2,324,68
2026-07-03T09:00:15.350Z,20.8,22.2,33.3,69.5,1001.8,28.2,324,69
2026-07-03T09:00:25.345Z,23.2,24.6,33.3,69.4,1001.8,28.2,324,74
2026-07-03T09:00:35.346Z,24.8,26.6,33.3,69.4,1001.8,28.3,324,77
2026-07-03T09:00:45.352Z,23.4,26.8,33.3,69.4,1001.8,28.3,324,74
2026-07-03T09:00:55.348Z,25,26.6,33.3,69.4,1001.8,28.3,324,78
2026-07-03T09:01:05.355Z,22.8,25,33.3,69.4,1001.8,28.3,323,73
2026-07-03T09:01:15.348Z,21,23,33.3,69.3,1001.8,28.3,323,69
2026-07-03T09:01:25.351Z,23,25,33.3,69.3,1001.8,28.4,322,73
2026-07-03T09:01:35.356Z,23.6,24.2,33.3,69.3,1001.8,28.4,322,75
2026-07-03T09:01:45.350Z,23.4,24,33.3,69.3,1001.8,28.5,322,74
2026-07-03T09:01:55.348Z,21.6,23.6,33.3,69.3,1001.8,28.5,322,70
2026-07-03T09:02:05.353Z,22,24.4,33.3,69.3,1001.8,28.5,320,71
2026-07-03T09:02:15.359Z,20.4,22.8,33.3,69.3,1001.8,28.5,320,68
2026-07-03T09:02:25.373Z,20.6,22.6,33.3,69.2,1001.8,28.5,320,68
2026-07-03T09:02:35.357Z,20.8,22.6,33.3,69.2,1001.8,28.5,320,69
2026-07-03T09:02:45.358Z,21.4,21.8,33.3,69.2,1001.8,28.5,320,70
2026-07-03T09:02:55.370Z,20,20,33.3,69.2,1001.8,28.5,320,67
2026-07-03T09:03:05.361Z,21,22.2,33.3,69.2,1001.8,28.6,320,69
2026-07-03T09:03:15.360Z,21,22.2,33.3,69.2,1001.8,28.6,320,69
2026-07-03T09:03:25.356Z,21.6,25.4,33.3,69.2,1001.8,28.6,320,70
2026-07-03T09:03:35.360Z,21.6,25.6,33.3,69.2,1001.8,28.6,320,70
2026-07-03T09:03:45.353Z,22,26,33.3,69.2,1001.8,28.6,319,71
2026-07-03T09:03:55.463Z,22.4,24.8,33.3,69.2,1001.8,28.6,320,72
2026-07-03T09:04:05.361Z,21.8,24.6,33.3,69.2,1001.8,28.6,320,71
2026-07-03T09:04:15.352Z,20,21,33.3,69.2,1001.8,28.6,320,67
2026-07-03T09:04:25.352Z,21.6,22.4,33.3,69.2,1001.8,28.6,319,70
2026-07-03T09:04:35.362Z,21.2,22,33.3,69.2,1001.8,28.6,320,70
2026-07-03T09:04:45.342Z,21.4,24.2,33.3,69.2,1001.8,28.6,320,70
2026-07-03T09:04:55.351Z,22.6,24.8,33.3,69.1,1001.8,28.6,320,73
2026-07-03T09:05:05.341Z,20.4,23,33.3,69.1,1001.8,28.6,320,68
2026-07-03T09:05:15.362Z,18.8,22.6,33.3,69.1,1001.8,28.5,320,65
2026-07-03T09:05:25.349Z,18.4,23.8,33.3,69.1,1001.8,28.5,319,64
2026-07-03T09:05:35.359Z,20.2,24.4,33.3,69.1,1001.8,28.5,320,68
2026-07-03T09:05:45.355Z,19.6,22.6,33.3,69.1,1001.8,28.5,320,66
2026-07-03T09:05:55.357Z,19.8,22.2,33.3,69.1,1001.8,28.4,319,67
2026-07-03T09:06:05.359Z,21.4,22.8,33.3,69.1,1001.8,28.4,320,70
2026-07-03T09:06:15.357Z,21,22,33.3,69.1,1001.8,28.4,320,69
2026-07-03T09:06:25.359Z,20.8,22.6,33.3,69.1,1001.8,28.4,320,69
2026-07-03T09:06:35.361Z,19,23.4,33.3,69.1,1001.8,28.4,320,65
2026-07-03T09:06:45.344Z,20.6,23.6,33.3,69.2,1001.8,28.4,320,68
2026-07-03T09:06:55.344Z,20.8,23.8,33.3,69.2,1001.8,28.4,320,69
2026-07-03T09:07:05.355Z,20.4,21.4,33.3,69.2,1001.8,28.4,320,68
2026-07-03T09:07:15.355Z,20.2,21.2,33.3,69.3,1001.8,28.4,320,68
2026-07-03T09:07:25.347Z,19.2,21.2,33.3,69.3,1001.8,28.4,320,65
2026-07-03T09:07:35.353Z,20,22,33.3,69.3,1001.8,28.4,320,67
2026-07-03T09:07:45.360Z,21.4,22.4,33.3,69.4,1001.8,28.4,320,70
2026-07-03T09:07:55.347Z,20.8,21.2,33.3,69.4,1001.8,28.4,320,69
2026-07-03T09:08:05.350Z,21,22,33.2,69.4,1001.8,28.4,320,69
2026-07-03T09:08:15.346Z,21.2,23.6,33.2,69.4,1001.8,28.4,320,70
2026-07-03T09:08:25.372Z,21,24,33.2,69.4,1001.8,28.4,320,69
2026-07-03T09:08:35.340Z,20,24,33.2,69.4,1001.8,28.4,320,67
2026-07-03T09:08:45.349Z,20.2,22.2,33.2,69.4,1001.8,28.4,322,68
2026-07-03T09:08:55.340Z,20.6,22.6,33.2,69.4,1001.8,28.4,322,68
2026-07-03T09:09:05.351Z,20.4,21.8,33.2,69.4,1001.7,28.4,321,68
2026-07-03T09:09:15.345Z,20.2,22.4,33.2,69.4,1001.7,28.4,321,68
2026-07-03T09:09:25.347Z,20,22,33.2,69.4,1001.7,28.4,322,67
2026-07-03T09:09:35.353Z,20.4,22.2,33.2,69.4,1001.7,28.4,322,68
2026-07-03T09:09:45.338Z,20.8,21.8,33.2,69.3,1001.7,28.4,321,69
2026-07-03T09:09:55.339Z,20,21,33.2,69.3,1001.7,28.4,322,67
2026-07-03T09:10:05.352Z,21,22,33.2,69.3,1001.7,28.4,321,69
2026-07-03T09:10:15.342Z,20.6,21.6,33.2,69.2,1001.7,28.4,321,68
2026-07-03T09:10:25.345Z,21,23.6,33.2,69.1,1001.7,28.4,321,69
2026-07-03T09:10:35.349Z,20.4,22.4,33.3,69.1,1001.7,28.4,321,68
2026-07-03T09:10:45.354Z,20.6,23.4,33.3,69,1001.7,28.4,321,68
2026-07-03T09:10:55.353Z,20.4,22.4,33.3,69,1001.7,28.3,321,68
2026-07-03T09:11:05.352Z,21.2,23.2,33.3,68.9,1001.7,28.3,320,70
2026-07-03T09:11:15.356Z,21.8,23,33.3,68.9,1001.7,28.3,320,71
2026-07-03T09:11:25.359Z,22,24,33.3,68.8,1001.7,28.3,319,71
2026-07-03T09:11:35.394Z,21.4,22.6,33.3,68.8,1001.7,28.2,319,70
2026-07-03T09:11:45.354Z,18.8,20,33.3,68.8,1001.7,28.2,319,65
2026-07-03T09:11:55.357Z,18,19.4,33.4,68.7,1001.7,28.2,317,63
2026-07-03T09:12:05.348Z,18.4,19.4,33.4,68.7,1001.7,28.2,317,64
2026-07-03T09:12:15.354Z,19.8,21,33.4,68.6,1001.7,28.1,320,67
2026-07-03T09:12:25.447Z,21.4,22.6,33.4,68.6,1001.7,28.2,317,70
2026-07-03T09:12:35.342Z,21.4,22.2,33.4,68.6,1001.7,28.2,317,70
2026-07-03T09:12:45.353Z,21,22.4,33.4,68.5,1001.7,28.1,318,69
2026-07-03T09:12:55.339Z,21.4,23.8,33.4,68.5,1001.7,28.1,318,70
2026-07-03T09:13:05.341Z,19.2,20.4,33.4,68.4,1001.7,28.1,319,65
2026-07-03T09:13:15.428Z,19,20,33.4,68.4,1001.7,28.1,319,65
2026-07-03T09:13:25.339Z,18,20,33.4,68.4,1001.7,28,318,63
2026-07-03T09:13:35.353Z,18,20,33.5,68.3,1001.7,28,318,63
2026-07-03T09:13:45.345Z,18.2,20.8,33.5,68.3,1001.7,28,318,63
2026-07-03T09:13:55.345Z,18.4,20.2,33.5,68.3,1001.7,28,318,64
2026-07-03T09:14:05.419Z,19.2,20,33.5,68.2,1001.7,28,318,65
2026-07-03T09:14:15.341Z,19.4,20.4,33.5,68.2,1001.7,28,318,66
2026-07-03T09:14:25.370Z,21.4,21.4,33.5,68.2,1001.7,28,318,70
2026-07-03T09:14:35.349Z,21.2,21.6,33.5,68.2,1001.7,28,317,70
2026-07-03T09:14:45.395Z,20.8,21.8,33.5,68.1,1001.7,28.1,317,69
2026-07-03T09:14:55.360Z,19,20,33.5,68.1,1001.7,28.1,317,65
2026-07-03T09:15:05.355Z,19.2,21.6,33.5,68.1,1001.7,28.1,317,65
2026-07-03T09:15:15.439Z,20,22.2,33.5,68.1,1001.7,28.1,317,67
2026-07-03T09:15:25.358Z,20.6,22.2,33.5,68.1,1001.7,28.1,317,68
2026-07-03T09:15:35.418Z,19.6,20.6,33.5,68.1,1001.7,28.1,317,66
2026-07-03T09:15:45.351Z,18,19.6,33.5,68.1,1001.7,28.1,316,63
2026-07-03T09:15:55.358Z,16.4,18.4,33.5,68,1001.7,28.1,316,60
2026-07-03T09:16:05.428Z,16.4,18.2,33.5,68,1001.7,28,315,60
2026-07-03T09:16:15.362Z,18,19,33.5,68,1001.7,28,315,63
2026-07-03T09:16:25.394Z,17.6,18.6,33.5,68,1001.7,28,315,62
2026-07-03T09:16:35.354Z,19.8,20.8,33.5,68.1,1001.7,28,315,67
2026-07-03T09:16:45.344Z,19.2,19.8,33.5,68.1,1001.7,28,315,65
2026-07-03T09:16:55.383Z,19.2,19.2,33.5,68.1,1001.7,28,315,65
2026-07-03T09:17:05.350Z,19.2,19.6,33.5,68.2,1001.7,28,316,65
2026-07-03T09:17:15.444Z,20.4,22.2,33.5,68.2,1001.7,28,315,68
2026-07-03T09:17:25.375Z,20.8,22.8,33.4,68.2,1001.6,28.1,316,69
2026-07-03T09:17:35.360Z,19.4,21.4,33.4,68.3,1001.6,28.1,317,66
2026-07-03T09:17:45.362Z,18.4,20.4,33.4,68.3,1001.6,28.1,320,64
2026-07-03T09:17:55.347Z,19.6,21.6,33.4,68.3,1001.6,28.1,320,66
2026-07-03T09:18:05.402Z,19.6,23,33.4,68.4,1001.6,28.1,320,66
2026-07-03T09:18:15.358Z,19.8,21.8,33.4,68.4,1001.6,28.1,320,67
2026-07-03T09:18:25.388Z,19,20,33.4,68.4,1001.6,28.1,320,65
2026-07-03T09:18:35.338Z,18.2,19.2,33.4,68.4,1001.6,28.2,320,63
2026-07-03T09:18:45.342Z,18,19.4,33.4,68.3,1001.6,28.2,320,63
2026-07-03T09:18:55.380Z,18,20,33.4,68.3,1001.6,28.1,320,63
2026-07-03T09:19:05.343Z,17.2,19.6,33.4,68.3,1001.6,28.1,320,61
2026-07-03T09:19:15.467Z,17.4,20.4,33.4,68.3,1001.6,28.1,320,62
2026-07-03T09:19:25.344Z,17.6,19.6,33.4,68.4,1001.6,28.2,320,62
2026-07-03T09:19:35.348Z,19.2,21.8,33.4,68.4,1001.6,28.2,319,65
2026-07-03T09:19:45.359Z,18.6,20.8,33.4,68.4,1001.6,28.2,320,64
2026-07-03T09:19:55.345Z,19,21,33.4,68.4,1001.6,28.2,320,65
2026-07-03T09:20:05.356Z,19,20.8,33.4,68.4,1001.6,28.2,320,65
2026-07-03T09:20:15.341Z,17.4,18.6,33.3,68.4,1001.6,28.2,320,62
2026-07-03T09:20:25.347Z,17.6,18.6,33.3,68.5,1001.6,28.2,319,62
2026-07-03T09:20:35.427Z,17.6,17.6,33.3,68.5,1001.6,28.2,319,62
2026-07-03T09:20:45.338Z,17,17,33.3,68.5,1001.6,28.2,319,61
2026-07-03T09:20:55.404Z,17.2,19,33.3,68.5,1001.6,28.2,320,61
2026-07-03T09:21:05.336Z,18,21,33.3,68.5,1001.6,28.2,319,63
2026-07-03T09:21:15.349Z,18.4,19.6,33.3,68.5,1001.6,28.2,320,64
2026-07-03T09:21:25.350Z,17.2,18.2,33.3,68.5,1001.6,28.2,321,61
2026-07-03T09:21:35.346Z,17.8,18.8,33.3,68.5,1001.6,28.2,320,62
2026-07-03T09:21:45.371Z,19.8,20.8,33.3,68.4,1001.6,28.2,319,67
2026-07-03T09:21:55.351Z,18.4,20,33.3,68.4,1001.6,28.2,320,64
2026-07-03T09:22:05.457Z,18.6,21.6,33.3,68.4,1001.6,28.2,320,64
2026-07-03T09:22:15.361Z,18.6,20.6,33.3,68.4,1001.6,28.2,321,64
2026-07-03T09:22:25.347Z,17,19,33.3,68.3,1001.6,28.2,321,61
2026-07-03T09:22:35.460Z,17,18.4,33.3,68.3,1001.6,28.2,321,61
2026-07-03T09:22:45.356Z,16.6,18.8,33.3,68.3,1001.6,28.1,320,60
2026-07-03T09:22:55.426Z,16,18.6,33.3,68.3,1001.6,28.1,320,59
2026-07-03T09:23:05.360Z,17.4,18.4,33.3,68.3,1001.6,28.1,320,62
2026-07-03T09:23:15.353Z,16,17,33.3,68.3,1001.6,28.1,320,59
2026-07-03T09:23:25.375Z,18,19.8,33.3,68.3,1001.6,28,320,63
2026-07-03T09:23:35.343Z,18.6,19.6,33.3,68.3,1001.6,28,320,64
2026-07-03T09:23:45.351Z,17.6,19.8,33.4,68.3,1001.6,28,321,62
2026-07-03T09:23:55.344Z,15.6,17.8,33.4,68.3,1001.6,28,320,58
2026-07-03T09:24:05.348Z,14.4,16.4,33.4,68.2,1001.6,27.9,320,55
2026-07-03T09:24:15.382Z,14.8,16.8,33.4,68.2,1001.6,27.9,322,56
2026-07-03T09:24:25.344Z,15.8,17.8,33.4,68.2,1001.6,27.9,320,58
2026-07-03T09:24:35.357Z,16,16.6,33.4,68.1,1001.6,27.9,321,59
2026-07-03T09:24:45.350Z,15.8,16.6,33.4,68.1,1001.6,27.9,323,58
2026-07-03T09:24:55.426Z,16.2,17.2,33.4,68.1,1001.6,27.9,323,59
2026-07-03T09:25:05.344Z,16.4,16.4,33.4,68.1,1001.6,27.9,323,60
2026-07-03T09:25:15.340Z,16,16,33.4,68.2,1001.6,27.9,324,59
2026-07-03T09:25:25.391Z,15.8,16,33.4,68.2,1001.6,27.9,323,58
2026-07-03T09:25:35.340Z,16.6,17.6,33.4,68.2,1001.6,27.8,324,60
2026-07-03T09:25:45.367Z,15.4,17.8,33.4,68.2,1001.6,27.9,325,57
2026-07-03T09:25:55.345Z,15.8,17.8,33.4,68.2,1001.6,27.9,324,58
2026-07-03T09:26:05.343Z,16,18,33.4,68.2,1001.6,27.9,325,59
2026-07-03T09:26:15.346Z,15.4,17.4,33.4,68.2,1001.6,27.9,325,57
2026-07-03T09:26:25.344Z,16.6,17.6,33.4,68.2,1001.6,27.9,325,60
2026-07-03T09:26:35.393Z,18,19,33.4,68.2,1001.6,27.9,325,63
2026-07-03T09:26:45.341Z,17.4,17.4,33.3,68.2,1001.6,27.9,325,62
2026-07-03T09:26:55.341Z,17,18,33.3,68.2,1001.6,27.9,325,61
2026-07-03T09:27:05.385Z,18.6,19.6,33.3,68.2,1001.6,27.9,325,64
2026-07-03T09:27:15.340Z,18.2,19.6,33.3,68.2,1001.6,28,325,63
2026-07-03T09:27:25.360Z,17.6,19.4,33.3,68.2,1001.6,28,325,62
2026-07-03T09:27:35.350Z,16.6,18.4,33.3,68.2,1001.6,28,325,60
2026-07-03T09:27:45.345Z,16.6,17.6,33.3,68.2,1001.6,28,325,60
2026-07-03T09:27:55.341Z,14.6,15.6,33.3,68.2,1001.6,28.1,322,56
2026-07-03T09:28:05.338Z,14.6,15.6,33.3,68.2,1001.6,28.1,322,56
2026-07-03T09:28:15.425Z,15.2,16.2,33.3,68.2,1001.6,28.1,322,57
2026-07-03T09:28:25.342Z,14.6,15.6,33.3,68.2,1001.6,28.1,322,56
2026-07-03T09:28:35.404Z,14.2,15.2,33.3,68.2,1001.6,28.1,322,55
2026-07-03T09:28:45.335Z,14.8,16.8,33.3,68.2,1001.6,28.1,322,56
2026-07-03T09:28:55.476Z,14.4,17.4,33.3,68.2,1001.6,28.1,322,55
2026-07-03T09:29:05.365Z,15.6,18.6,33.3,68.2,1001.6,28.1,322,58
2026-07-03T09:29:15.348Z,17.4,19.4,33.3,68.1,1001.6,28.1,322,62
2026-07-03T09:29:25.365Z,18,19.4,33.3,68.1,1001.6,28.1,320,63
2026-07-03T09:29:35.338Z,16.4,17.4,33.3,68.1,1001.6,28.1,322,60
2026-07-03T09:29:45.348Z,15.8,18.8,33.3,68,1001.6,28.1,320,58
2026-07-03T09:29:55.367Z,14,17,33.3,68,1001.6,28.1,320,54
2026-07-03T09:30:05.340Z,16,18,33.3,67.9,1001.6,28.1,321,59
2026-07-03T09:30:15.448Z,15.4,17.4,33.3,67.9,1001.6,28,321,57
2026-07-03T09:30:25.347Z,17.2,18,33.3,67.8,1001.6,28,321,61
2026-07-03T09:30:35.407Z,16,16.2,33.3,67.8,1001.6,28,321,59
2026-07-03T09:30:45.356Z,15.6,15.6,33.3,67.8,1001.6,28,320,58
2026-07-03T09:30:55.328Z,15,16,33.4,67.7,1001.6,28,320,57
2026-07-03T09:31:05.340Z,15,16,33.4,67.7,1001.6,28,321,57
2026-07-03T09:31:15.328Z,15,16.4,33.4,67.7,1001.6,28,321,57
2026-07-03T09:31:25.373Z,12.4,14.4,33.4,67.7,1001.6,28,320,51
2026-07-03T09:31:35.326Z,13.8,15.2,33.4,67.7,1001.6,27.9,320,54
2026-07-03T09:31:45.363Z,16.2,17.6,33.4,67.7,1001.6,27.9,320,59
2026-07-03T09:31:55.341Z,13.4,16,33.4,67.7,1001.6,27.9,320,53
2026-07-03T09:32:05.365Z,14.4,16.6,33.4,67.7,1001.6,27.9,320,55
2026-07-03T09:32:15.363Z,14.6,16.6,33.4,67.7,1001.6,27.9,320,56
2026-07-03T09:32:25.346Z,14.4,16.2,33.3,67.7,1001.6,28,320,55
2026-07-03T09:32:35.337Z,15,16.6,33.3,67.8,1001.5,28,320,57
2026-07-03T09:32:45.337Z,14.4,16.2,33.3,67.8,1001.5,28,320,55
2026-07-03T09:32:55.329Z,12.6,15.2,33.3,67.8,1001.5,28,320,52
2026-07-03T09:33:05.425Z,12,15.2,33.3,67.8,1001.5,28,320,50
2026-07-03T09:33:15.333Z,11.4,14.8,33.3,67.8,1001.5,28,318,47
2026-07-03T09:33:26.015Z,11.4,15,33.3,67.9,1001.5,28,320,47
2026-07-03T09:33:35.339Z,11.8,15.8,33.3,67.9,1001.5,28,320,49
2026-07-03T09:33:45.338Z,13,16,33.3,67.9,1001.5,28,320,52
2026-07-03T09:33:55.340Z,11.6,15.6,33.3,67.9,1001.5,28,320,48
2026-07-03T09:34:05.347Z,11.2,15.2,33.3,67.9,1001.5,28,320,46
2026-07-03T09:34:15.382Z,10.6,14.6,33.3,68,1001.5,28,320,44
2026-07-03T09:34:25.345Z,10,14,33.3,68,1001.5,28,320,41
2026-07-03T09:34:35.340Z,9.2,13.6,33.3,68,1001.5,28,320,38
2026-07-03T09:34:45.384Z,9.2,12.2,33.3,68,1001.5,28,320,38
2026-07-03T09:34:55.330Z,10.2,12.2,33.2,68,1001.5,28,320,42
2026-07-03T09:35:05.399Z,11.4,14,33.2,68,1001.5,28,320,47
2026-07-03T09:35:15.337Z,12,15,33.2,67.9,1001.5,27.9,320,50
2026-07-03T09:35:25.329Z,11.8,14.8,33.3,67.9,1001.5,27.9,320,49
2026-07-03T09:35:35.352Z,9.6,12.6,33.3,67.9,1001.5,27.9,320,40
2026-07-03T09:35:45.338Z,9.2,11.2,33.3,67.8,1001.5,27.8,320,38
2026-07-03T09:35:55.336Z,9.6,11.6,33.3,67.8,1001.5,27.8,320,40
2026-07-03T09:36:05.334Z,10.8,13,33.3,67.8,1001.5,27.8,318,45
2026-07-03T09:36:15.370Z,9.6,12.6,33.3,67.8,1001.5,27.8,318,40
2026-07-03T09:36:25.347Z,10.8,14.4,33.3,67.8,1001.5,27.8,318,45
2026-07-03T09:36:35.346Z,13,16,33.3,67.7,1001.5,27.7,315,52
2026-07-03T09:36:45.395Z,10.8,14,33.3,67.7,1001.5,27.7,315,45
2026-07-03T09:36:55.335Z,9.4,14.4,33.3,67.7,1001.4,27.7,315,39
2026-07-03T09:37:05.358Z,10,13.4,33.3,67.7,1001.4,27.7,315,41
2026-07-03T09:37:15.336Z,11.6,16.2,33.3,67.6,1001.4,27.7,317,48
2026-07-03T09:37:25.446Z,10.8,15.8,33.3,67.6,1001.4,27.7,315,45
2026-07-03T09:37:35.370Z,9.2,14.6,33.3,67.6,1001.4,27.6,315,38
2026-07-03T09:37:45.345Z,8.2,12.4,33.3,67.6,1001.4,27.6,317,34
2026-07-03T09:37:55.452Z,11,14,33.3,67.5,1001.4,27.6,315,45
2026-07-03T09:38:05.341Z,10,14,33.3,67.5,1001.4,27.6,313,41
2026-07-03T09:38:15.352Z,12.6,16,33.3,67.4,1001.4,27.6,315,52
2026-07-03T09:38:25.384Z,12.6,15.6,33.3,67.4,1001.4,27.6,315,52
2026-07-03T09:38:35.346Z,12.6,16.6,33.4,67.4,1001.4,27.5,315,52
2026-07-03T09:38:45.340Z,13,17,33.4,67.4,1001.4,27.5,316,52
2026-07-03T09:38:55.342Z,11.4,14.4,33.4,67.3,1001.4,27.5,316,47
2026-07-03T09:39:05.350Z,12,16,33.4,67.3,1001.4,27.5,316,50
2026-07-03T09:39:15.342Z,10.4,15,33.4,67.3,1001.4,27.5,319,43
2026-07-03T09:39:25.337Z,9.8,13.4,33.4,67.3,1001.4,27.5,319,40
2026-07-03T09:39:35.349Z,9.2,11.4,33.4,67.3,1001.4,27.5,319,38
2026-07-03T09:39:45.322Z,7.2,9.8,33.4,67.3,1001.4,27.5,319,29
2026-07-03T09:39:55.439Z,8.2,11.8,33.4,67.3,1001.4,27.4,325,34
2026-07-03T09:40:05.323Z,8.6,10.8,33.4,67.3,1001.4,27.4,325,35
2026-07-03T09:40:15.335Z,9.2,10.2,33.4,67.3,1001.4,27.4,325,38
2026-07-03T09:40:25.322Z,11.4,12.4,33.4,67.3,1001.4,27.4,328,47
2026-07-03T09:40:35.325Z,11.4,12.4,33.4,67.3,1001.4,27.4,329,47
2026-07-03T09:40:45.354Z,10.6,12.6,33.4,67.3,1001.4,27.4,329,44
2026-07-03T09:40:55.339Z,9,10,33.4,67.3,1001.4,27.4,330,37
2026-07-03T09:41:05.340Z,6.6,7.8,33.4,67.3,1001.4,27.4,329,27
2026-07-03T09:41:15.426Z,6.2,6.2,33.4,67.3,1001.4,27.4,328,25
2026-07-03T09:41:25.331Z,8.4,9.2,33.4,67.3,1001.4,27.4,329,34
2026-07-03T09:41:35.393Z,10.4,12.4,33.4,67.3,1001.4,27.4,331,43
2026-07-03T09:41:45.355Z,10.4,15,33.4,67.3,1001.4,27.4,329,43
2026-07-03T09:41:55.342Z,9.4,13.4,33.4,67.3,1001.4,27.4,329,39
2026-07-03T09:42:05.337Z,8.6,13,33.4,67.3,1001.4,27.4,331,35
2026-07-03T09:42:15.341Z,8.4,12.4,33.4,67.3,1001.4,27.4,329,34
2026-07-03T09:42:25.336Z,8.8,10.8,33.4,67.3,1001.4,27.4,329,36
2026-07-03T09:42:35.355Z,10,12.2,33.3,67.3,1001.4,27.4,329,41
2026-07-03T09:42:45.332Z,8.8,12,33.3,67.3,1001.4,27.4,329,36
2026-07-03T09:42:55.335Z,8.6,12,33.3,67.3,1001.4,27.4,329,35
2026-07-03T09:43:05.337Z,9.8,12.2,33.4,67.2,1001.4,27.4,330,40
2026-07-03T09:43:15.338Z,12.4,15.6,33.4,67.2,1001.4,27.4,329,51
2026-07-03T09:43:25.339Z,12.4,15.4,33.4,67.2,1001.4,27.4,329,51
2026-07-03T09:43:35.339Z,12,15,33.4,67.1,1001.4,27.4,329,50
2026-07-03T09:43:45.340Z,11.2,14.2,33.4,67.1,1001.4,27.3,328,46
2026-07-03T09:43:55.339Z,12.6,15,33.4,67,1001.4,27.3,327,52
2026-07-03T09:44:05.338Z,11.4,16,33.4,67,1001.4,27.3,327,47
2026-07-03T09:44:15.338Z,10.4,16.4,33.4,67,1001.4,27.3,327,43
2026-07-03T09:44:25.346Z,8.8,14.2,33.4,67,1001.4,27.3,326,36
2026-07-03T09:44:35.341Z,9,13.2,33.4,67,1001.4,27.3,325,37
2026-07-03T09:44:45.347Z,10.2,13.6,33.4,67,1001.4,27.3,324,42
2026-07-03T09:44:55.345Z,9.4,13,33.4,67,1001.4,27.2,324,39
2026-07-03T09:45:05.347Z,7.8,11,33.4,67,1001.4,27.2,324,32
2026-07-03T09:45:15.350Z,9,11.8,33.4,67,1001.4,27.2,324,37
2026-07-03T09:45:25.340Z,7,8.2,33.4,67,1001.4,27.2,324,29
2026-07-03T09:45:35.339Z,10.6,11.8,33.4,67,1001.4,27.2,324,44
2026-07-03T09:45:45.369Z,11,13.4,33.4,67,1001.4,27.2,324,45
2026-07-03T09:45:55.325Z,10.6,12.6,33.4,67.1,1001.5,27.2,324,44
2026-07-03T09:46:05.419Z,10.4,11.4,33.4,67.1,1001.5,27.2,324,43
2026-07-03T09:46:15.325Z,10.2,11.2,33.4,67.1,1001.5,27.2,324,42
2026-07-03T09:46:25.325Z,11,12,33.4,67.1,1001.5,27.2,325,45
2026-07-03T09:46:35.329Z,11.2,12.4,33.4,67.1,1001.5,27.2,325,46
2026-07-03T09:46:45.356Z,10,12,33.4,67.2,1001.5,27.2,325,41
2026-07-03T09:46:55.343Z,9.4,11.4,33.4,67.2,1001.5,27.3,325,39
2026-07-03T09:47:05.394Z,10.8,11,33.4,67.2,1001.5,27.3,324,45
2026-07-03T09:47:15.344Z,10,10,33.4,67.3,1001.5,27.3,324,41
2026-07-03T09:47:25.332Z,9.2,9.6,33.4,67.3,1001.5,27.3,326,38
2026-07-03T09:47:35.336Z,7.2,7.6,33.3,67.3,1001.5,27.3,325,29
2026-07-03T09:47:45.321Z,7.6,7.6,33.3,67.3,1001.5,27.3,325,31
2026-07-03T09:47:55.325Z,7.6,9,33.3,67.3,1001.5,27.3,325,31
2026-07-03T09:48:05.321Z,7,9,33.3,67.4,1001.5,27.4,325,29
2026-07-03T09:48:15.320Z,6.8,8.8,33.3,67.4,1001.5,27.4,325,28
2026-07-03T09:48:25.334Z,6.4,7,33.3,67.4,1001.5,27.3,325,26
2026-07-03T09:48:35.422Z,9.2,9.2,33.3,67.4,1001.5,27.3,325,38
2026-07-03T09:48:45.334Z,9.2,10.4,33.3,67.4,1001.5,27.3,326,38
2026-07-03T09:48:55.329Z,8.4,9.4,33.3,67.4,1001.5,27.3,326,34
2026-07-03T09:49:05.327Z,9.4,11.2,33.3,67.4,1001.5,27.3,326,39
2026-07-03T09:49:15.341Z,9.4,12.4,33.3,67.4,1001.5,27.3,325,39
2026-07-03T09:49:25.329Z,9.4,11.4,33.3,67.4,1001.5,27.2,323,39
2026-07-03T09:49:35.338Z,9.4,11.4,33.3,67.4,1001.5,27.2,325,39
2026-07-03T09:49:45.334Z,9.2,10.4,33.3,67.4,1001.5,27.2,326,38
2026-07-03T09:49:55.336Z,9,11.4,33.3,67.4,1001.5,27.2,325,37
2026-07-03T09:50:05.327Z,11.4,14.4,33.3,67.4,1001.5,27.2,325,47
2026-07-03T09:50:15.335Z,11.6,14.6,33.3,67.3,1001.5,27.2,325,48
2026-07-03T09:50:25.336Z,9.8,12.8,33.3,67.3,1001.5,27.1,323,40
2026-07-03T09:50:35.343Z,8.4,13.6,33.3,67.3,1001.5,27.1,323,34
2026-07-03T09:50:45.329Z,8.2,12.6,33.3,67.3,1001.5,27.1,325,34
2026-07-03T09:50:55.340Z,8.2,12.2,33.3,67.2,1001.5,27.1,323,34
2026-07-03T09:51:05.328Z,8.4,11.8,33.3,67.2,1001.5,27.1,324,34
2026-07-03T09:51:15.343Z,8,11,33.4,67.2,1001.5,27.1,325,33
2026-07-03T09:51:25.335Z,7.4,9.6,33.4,67.2,1001.5,27,325,30
2026-07-03T09:51:35.361Z,8.2,9.4,33.4,67.2,1001.5,27,324,34
2026-07-03T09:51:45.335Z,10,11,33.4,67.1,1001.5,27,324,41
2026-07-03T09:51:55.333Z,9.2,10.2,33.4,67.1,1001.5,26.9,324,38
2026-07-03T09:52:05.327Z,9,9.4,33.4,67.1,1001.5,26.9,324,37
2026-07-03T09:52:15.327Z,8.4,9.4,33.4,67.1,1001.5,26.9,324,34
2026-07-03T09:52:25.330Z,10,11,33.4,67.1,1001.5,26.9,324,41
2026-07-03T09:52:35.331Z,9.6,10.6,33.4,67.1,1001.5,26.8,324,40
2026-07-03T09:52:45.335Z,8.2,9.2,33.4,67.1,1001.5,26.8,324,34
2026-07-03T09:52:55.331Z,8.6,9.6,33.4,67.1,1001.5,26.8,324,35
2026-07-03T09:53:05.340Z,7.8,8.8,33.4,67.1,1001.5,26.8,324,32
2026-07-03T09:53:15.334Z,8.8,10.6,33.4,67.1,1001.5,26.7,324,36
2026-07-03T09:53:25.339Z,8.8,11.8,33.4,67.2,1001.5,26.7,324,36
2026-07-03T09:53:35.335Z,8.4,12.4,33.4,67.2,1001.5,26.7,325,34
2026-07-03T09:53:45.330Z,8.4,11.4,33.4,67.2,1001.5,26.7,324,34
2026-07-03T09:53:55.334Z,8.4,11,33.4,67.2,1001.5,26.7,325,34
2026-07-03T09:54:05.334Z,6.6,8.2,33.4,67.1,1001.5,26.7,325,27
2026-07-03T09:54:15.335Z,7.2,9,33.4,67.1,1001.5,26.6,325,29
2026-07-03T09:54:25.349Z,8.4,9.4,33.4,67.2,1001.5,26.6,325,34
2026-07-03T09:54:35.328Z,8.6,10.4,33.4,67.1,1001.5,26.6,329,35
2026-07-03T09:54:45.357Z,9.6,10.2,33.4,67.1,1001.5,26.6,329,40
2026-07-03T09:54:55.345Z,9.4,9.8,33.4,67.1,1001.5,26.6,329,39
2026-07-03T09:55:05.342Z,6.4,9.4,33.4,67.1,1001.5,26.6,329,26
2026-07-03T09:55:15.326Z,5.6,9,33.4,67.1,1001.5,26.6,329,23
2026-07-03T09:55:25.341Z,6.6,8.4,33.4,67.2,1001.5,26.6,327,27
2026-07-03T09:55:35.339Z,9.6,12,33.4,67.2,1001.5,26.6,327,40
2026-07-03T09:55:45.328Z,9.4,12.4,33.4,67.2,1001.5,26.6,326,39
2026-07-03T09:55:55.330Z,9.4,12.4,33.4,67.2,1001.5,26.6,326,39
2026-07-03T09:56:05.329Z,8,12,33.4,67.2,1001.5,26.6,327,33
2026-07-03T09:56:15.333Z,8.2,9.8,33.4,67.2,1001.5,26.6,327,34
2026-07-03T09:56:25.329Z,7.8,9.8,33.4,67.2,1001.5,26.6,327,32
2026-07-03T09:56:35.333Z,7,10.4,33.4,67.2,1001.5,26.6,327,29
2026-07-03T09:56:45.339Z,8.4,11.6,33.4,67.2,1001.5,26.6,327,34
2026-07-03T09:56:55.334Z,6.8,8.8,33.4,67.2,1001.5,26.5,327,28
2026-07-03T09:57:05.340Z,7.4,7.4,33.4,67.2,1001.5,26.5,327,30
2026-07-03T09:57:15.349Z,8.4,8.8,33.4,67.2,1001.5,26.5,327,34
2026-07-03T09:57:25.331Z,8.8,9.8,33.4,67.1,1001.5,26.5,327,36
2026-07-03T09:57:35.331Z,6.6,8.8,33.5,67,1001.5,26.4,327,27
2026-07-03T09:57:45.342Z,6,7,33.5,66.8,1001.5,26.3,327,25
2026-07-03T09:57:55.329Z,7.6,8.8,33.5,66.7,1001.5,26.3,327,31
2026-07-03T09:58:05.330Z,8,10,33.6,66.6,1001.5,26.2,327,33
2026-07-03T09:58:15.337Z,7,8.4,33.6,66.5,1001.5,26.1,326,29
2026-07-03T09:58:25.334Z,7.6,8.6,33.6,66.5,1001.5,26.1,327,31
2026-07-03T09:58:35.328Z,8.6,10.2,33.7,66.4,1001.5,26,326,35
2026-07-03T09:58:45.329Z,8.4,11,33.7,66.4,1001.5,26,325,34
2026-07-03T09:58:55.351Z,7.8,9.8,33.7,66.3,1001.5,26,325,32
2026-07-03T09:59:05.343Z,7.2,8.4,33.7,66.3,1001.6,26,325,29
2026-07-03T09:59:15.333Z,6.6,7.6,33.7,66.2,1001.6,26,322,27
2026-07-03T09:59:25.516Z,6.4,6.4,33.7,66.2,1001.6,26,325,26
2026-07-03T09:59:35.338Z,8.2,8.2,33.7,66.1,1001.6,25.9,323,34
2026-07-03T09:59:45.356Z,7.4,7.4,33.8,66.1,1001.6,26,322,30
2026-07-03T09:59:55.342Z,6.8,7,33.8,66,1001.6,25.9,323,28
2026-07-03T10:00:05.336Z,7.4,8.8,33.8,66,1001.6,26,322,30
2026-07-03T10:00:15.331Z,7,7.8,33.8,65.9,1001.6,26,321,29
2026-07-03T10:00:25.337Z,6.8,8.8,33.8,65.9,1001.6,26,321,28
2026-07-03T10:00:35.335Z,8,12.2,33.8,65.9,1001.6,26,321,33
2026-07-03T10:00:45.330Z,8.6,13.2,33.8,65.9,1001.6,26,321,35
2026-07-03T10:00:55.330Z,8.4,12.4,33.8,65.9,1001.6,26,321,34
2026-07-03T10:01:05.331Z,7.2,13.2,33.8,65.7,1001.6,26,321,29
2026-07-03T10:01:15.343Z,7.4,11.8,33.8,65.6,1001.6,26,321,30
2026-07-03T10:01:25.328Z,8.4,11,33.9,65.5,1001.6,26,321,34
2026-07-03T10:01:35.334Z,6.6,10,33.9,65.5,1001.6,25.9,321,27
2026-07-03T10:01:45.327Z,6,10.6,33.9,65.4,1001.6,25.9,321,25
2026-07-03T10:01:55.330Z,5,6.8,33.9,65.4,1001.6,25.9,321,20
2026-07-03T10:02:05.337Z,5.8,6.8,33.9,65.3,1001.6,25.9,321,24
2026-07-03T10:02:15.336Z,6.4,7.4,33.9,65.3,1001.6,25.9,321,26
2026-07-03T10:02:25.326Z,5.8,7.4,34,65.3,1001.6,25.9,318,24
2026-07-03T10:02:35.346Z,7,7.8,34,65.3,1001.6,25.9,318,29
2026-07-03T10:02:45.337Z,7,7,34,65.3,1001.6,25.9,318,29
2026-07-03T10:02:55.334Z,8,8,34,65.3,1001.6,25.9,318,33
2026-07-03T10:03:05.332Z,8,8,34,65.3,1001.6,25.9,318,33
2026-07-03T10:03:15.341Z,7,8.4,34,65.3,1001.6,25.9,318,29
2026-07-03T10:03:25.332Z,8,10.6,34,65.4,1001.6,25.9,318,33
2026-07-03T10:03:35.329Z,8,9.4,33.9,65.4,1001.6,25.9,318,33
2026-07-03T10:03:45.329Z,7.8,8.4,33.9,65.4,1001.6,25.9,318,32
2026-07-03T10:03:55.338Z,5.6,5.6,33.9,65.5,1001.6,25.9,318,23
2026-07-03T10:04:05.326Z,7.4,7.4,33.9,65.5,1001.6,25.9,319,30
2026-07-03T10:04:15.341Z,7,7.2,33.9,65.5,1001.6,25.9,319,29
2026-07-03T10:04:25.324Z,5.6,8.8,33.9,65.6,1001.6,25.9,319,23
2026-07-03T10:04:35.332Z,7.8,10,33.9,65.6,1001.6,26,319,32
2026-07-03T10:04:45.332Z,7,8,33.9,65.7,1001.6,26,319,29
2026-07-03T10:04:55.330Z,8,9.4,33.9,65.7,1001.6,26,320,33
2026-07-03T10:05:05.336Z,7.6,8.6,33.8,65.7,1001.6,26,320,31
2026-07-03T10:05:15.333Z,7.4,8.4,33.8,65.8,1001.6,26,320,30
2026-07-03T10:05:25.331Z,8.4,9,33.8,65.8,1001.6,26,320,34
2026-07-03T10:05:35.333Z,9,9,33.8,65.9,1001.6,26,320,37
2026-07-03T10:05:45.324Z,8.4,9.4,33.8,65.9,1001.6,26,320,34
2026-07-03T10:05:55.338Z,7,8.2,33.8,65.9,1001.6,26,320,29
2026-07-03T10:06:05.333Z,6.6,8.2,33.8,65.9,1001.6,26,320,27
2026-07-03T10:06:15.337Z,5,5.2,33.8,66,1001.6,26,320,20
2026-07-03T10:06:25.328Z,6.4,7.4,33.8,66,1001.6,26,320,26
2026-07-03T10:06:35.327Z,5.4,6.6,33.8,66,1001.7,26,321,22
2026-07-03T10:06:45.327Z,5.6,6,33.8,66,1001.7,26,321,23
2026-07-03T10:06:55.325Z,6.8,8.8,33.8,66,1001.7,26,321,28
2026-07-03T10:07:05.332Z,7.4,9.6,33.8,66.1,1001.7,26,321,30
2026-07-03T10:07:15.322Z,5.2,6.4,33.7,66.1,1001.7,26,320,21
2026-07-03T10:07:25.328Z,7.2,7.6,33.7,66.1,1001.7,26,320,29
2026-07-03T10:07:35.334Z,7.6,7.6,33.7,66.1,1001.7,26,321,31
2026-07-03T10:07:45.329Z,8.2,8.2,33.7,66.1,1001.7,26,321,34
2026-07-03T10:07:55.324Z,7.6,7.8,33.7,66.1,1001.7,26.1,321,31
2026-07-03T10:08:05.326Z,8,8,33.7,66.2,1001.7,26.1,323,33
2026-07-03T10:08:15.328Z,8,8.6,33.7,66.2,1001.7,26.1,323,33
2026-07-03T10:08:25.332Z,7.4,7.8,33.7,66.2,1001.7,26.1,323,30
2026-07-03T10:08:35.327Z,6.2,6.6,33.7,66.2,1001.7,26.1,324,25
2026-07-03T10:08:45.322Z,7.6,7.6,33.7,66.3,1001.7,26.1,324,31
2026-07-03T10:08:55.334Z,7.6,8,33.7,66.3,1001.7,26.1,324,31
2026-07-03T10:09:05.331Z,7.6,8.6,33.7,66.3,1001.7,26.1,324,31
2026-07-03T10:09:15.343Z,6.6,8,33.7,66.2,1001.7,26.1,324,27
2026-07-03T10:09:25.324Z,5.8,7,33.7,66.2,1001.7,26.1,325,24
2026-07-03T10:09:35.332Z,5.8,7.2,33.7,66.1,1001.7,26.1,325,24
2026-07-03T10:09:45.349Z,7.4,8.4,33.7,66.1,1001.7,26.1,325,30
2026-07-03T10:09:55.337Z,6.4,8.8,33.7,66,1001.7,26.1,325,26
2026-07-03T10:10:05.328Z,7.4,8.6,33.8,66,1001.7,26.1,325,30
2026-07-03T10:10:15.386Z,7.8,9.8,33.8,66,1001.7,26,325,32
2026-07-03T10:10:25.321Z,7.4,10,33.8,65.9,1001.7,26,326,30
2026-07-03T10:10:35.337Z,7.8,9.2,33.8,65.9,1001.7,26,326,32
2026-07-03T10:10:45.332Z,7.6,7.6,33.8,65.8,1001.7,26,327,31
2026-07-03T10:10:55.345Z,6.8,7,33.8,65.8,1001.7,25.9,327,28
2026-07-03T10:11:05.324Z,6.8,8,33.9,65.8,1001.7,25.9,327,28
2026-07-03T10:11:15.351Z,5.8,6,33.9,65.7,1001.7,25.9,327,24
2026-07-03T10:11:25.329Z,6,7.4,33.9,65.7,1001.7,25.9,327,25
2026-07-03T10:11:35.324Z,6.4,8.6,33.9,65.7,1001.7,25.9,327,26
2026-07-03T10:11:45.320Z,9.6,11,33.9,65.7,1001.7,25.9,327,40
2026-07-03T10:11:55.335Z,10.4,10.4,33.9,65.6,1001.7,25.9,327,43
2026-07-03T10:12:05.324Z,7,7.6,33.9,65.6,1001.7,25.9,327,29
2026-07-03T10:12:15.321Z,7,8,33.9,65.5,1001.7,25.9,327,29
2026-07-03T10:12:25.316Z,6.8,6.8,34,65.5,1001.7,25.9,327,28
2026-07-03T10:12:35.323Z,6.4,6.4,34,65.4,1001.7,25.9,327,26
2026-07-03T10:12:45.493Z,7,7.6,34,65.3,1001.7,25.8,327,29
2026-07-03T10:12:55.321Z,7.6,8.6,34,65.2,1001.7,25.8,327,31
2026-07-03T10:13:05.328Z,6.4,7.6,34,65.1,1001.7,25.8,326,26
2026-07-03T10:13:15.318Z,7.6,9.4,34.1,65,1001.7,25.9,326,31
2026-07-03T10:13:25.320Z,8.2,8.8,34.1,64.9,1001.7,25.9,326,34
2026-07-03T10:13:35.327Z,6.6,6.6,34.1,64.8,1001.7,25.9,326,27
2026-07-03T10:13:45.400Z,6.4,6.4,34.1,64.8,1001.7,25.9,322,26
2026-07-03T10:13:55.323Z,6.8,7.6,34.1,64.7,1001.7,25.9,321,28
2026-07-03T10:14:05.446Z,8,9,34.2,64.6,1001.7,26,321,33
2026-07-03T10:14:15.322Z,6.6,8.4,34.2,64.6,1001.7,26,321,27
2026-07-03T10:14:25.322Z,5.6,8.6,34.2,64.5,1001.7,26,321,23
2026-07-03T10:14:35.325Z,6.6,8.6,34.2,64.5,1001.7,26,321,27
2026-07-03T10:14:45.324Z,7.2,9,34.2,64.4,1001.7,26.1,321,29
2026-07-03T10:14:55.321Z,5.8,8.4,34.2,64.4,1001.7,26.1,320,24
2026-07-03T10:15:05.324Z,6,9,34.2,64.4,1001.7,26.1,320,25
2026-07-03T10:15:15.320Z,7.4,7.8,34.2,64.3,1001.7,26.2,321,30
2026-07-03T10:15:25.332Z,8,8,34.2,64.3,1001.7,26.2,320,33
2026-07-03T10:15:35.330Z,10,10.8,34.2,64.3,1001.7,26.2,320,41
2026-07-03T10:15:45.320Z,9,10,34.2,64.3,1001.7,26.3,320,37
2026-07-03T10:15:55.314Z,7.6,8.6,34.2,64.3,1001.7,26.3,319,31
2026-07-03T10:16:05.320Z,7.6,9,34.2,64.3,1001.7,26.4,319,31
2026-07-03T10:16:15.442Z,8.8,10.6,34.2,64.3,1001.7,26.4,319,36
2026-07-03T10:16:25.319Z,8,9.2,34.2,64.3,1001.7,26.5,319,33
2026-07-03T10:16:35.318Z,8.8,11,34.2,64.3,1001.7,26.5,317,36
2026-07-03T10:16:45.324Z,7.4,9,34.2,64.3,1001.7,26.5,319,30
2026-07-03T10:16:55.326Z,9.2,10.2,34.2,64.3,1001.7,26.6,317,38
2026-07-03T10:17:05.325Z,10.8,11.8,34.2,64.2,1001.7,26.6,317,45
2026-07-03T10:17:15.333Z,11.6,12,34.2,64.2,1001.7,26.7,317,48
2026-07-03T10:17:25.342Z,10.6,11.8,34.2,64.2,1001.7,26.7,317,44
2026-07-03T10:17:35.323Z,9.4,10,34.1,64.2,1001.7,26.8,317,39
2026-07-03T10:17:45.322Z,10.6,10.6,34.1,64.2,1001.7,26.8,317,44
2026-07-03T10:17:55.325Z,10,10,34.1,64.2,1001.7,26.8,318,41
2026-07-03T10:18:05.323Z,10.8,11.6,34.1,64.2,1001.7,26.9,318,45
2026-07-03T10:18:15.318Z,9.8,11.6,34.1,64.2,1001.7,26.9,317,40
2026-07-03T10:18:25.330Z,9.8,11.8,34.1,64.2,1001.7,27,317,40
2026-07-03T10:18:35.330Z,11.4,13.4,34.1,64.2,1001.7,27,317,47
2026-07-03T10:18:45.325Z,13.2,16.4,34.1,64.3,1001.7,27.1,317,53
2026-07-03T10:18:55.321Z,12,16.6,34.1,64.3,1001.7,27.1,317,50
2026-07-03T10:19:05.325Z,12.4,16.2,34.1,64.3,1001.6,27.2,317,51
2026-07-03T10:19:15.317Z,12.4,15.4,34.1,64.4,1001.6,27.2,315,51
2026-07-03T10:19:25.313Z,14,17,34,64.4,1001.6,27.2,315,54
2026-07-03T10:19:35.318Z,13.2,16.2,34,64.4,1001.6,27.3,317,53
2026-07-03T10:19:45.320Z,14,17,34,64.5,1001.6,27.3,315,54
2026-07-03T10:19:55.321Z,15.6,19,34,64.5,1001.6,27.3,315,58
2026-07-03T10:20:05.324Z,15.4,17.8,34,64.6,1001.6,27.4,316,57
2026-07-03T10:20:15.327Z,13,16,34,64.6,1001.6,27.4,317,52
2026-07-03T10:20:25.328Z,14.8,18.2,34,64.7,1001.6,27.4,317,56
2026-07-03T10:20:35.322Z,15.4,19.8,34,64.7,1001.6,27.4,319,57
2026-07-03T10:20:45.319Z,17,20,34,64.8,1001.6,27.4,317,61
2026-07-03T10:20:55.334Z,18,19.6,34,64.8,1001.6,27.4,319,63
2026-07-03T10:21:05.319Z,19.8,21,34,64.9,1001.6,27.4,319,67
2026-07-03T10:21:15.326Z,19.4,21.4,34,64.9,1001.6,27.3,319,66
2026-07-03T10:21:25.315Z,19,20,34,64.9,1001.6,27.3,319,65
2026-07-03T10:21:35.318Z,20,22,34,65,1001.6,27.3,319,67
2026-07-03T10:21:45.330Z,21.6,22.6,34,65,1001.6,27.3,320,70
2026-07-03T10:21:55.323Z,20.4,22.6,34,65,1001.6,27.2,321,68
2026-07-03T10:22:05.319Z,21,23.6,34,65,1001.6,27.2,321,69
2026-07-03T10:22:15.314Z,23,26,34,65.1,1001.6,27.2,320,73
2026-07-03T10:22:25.316Z,21.6,24,34,65.1,1001.6,27.2,321,70
2026-07-03T10:22:35.313Z,19.6,21.6,34,65.1,1001.6,27.1,321,66
2026-07-03T10:22:45.343Z,18.4,20.4,34,65.1,1001.6,27.1,321,64
2026-07-03T10:22:55.316Z,20,23.6,34,65.2,1001.6,27.1,320,67
2026-07-03T10:23:05.314Z,20,22.6,34,65.2,1001.6,27.1,320,67
2026-07-03T10:23:15.327Z,19.6,20.6,34,65.2,1001.6,27.1,320,66
2026-07-03T10:23:25.321Z,19.2,19.2,34,65.2,1001.6,27.2,320,65
2026-07-03T10:23:35.314Z,20,20.6,34,65.2,1001.6,27.2,320,67
2026-07-03T10:23:45.321Z,16.4,19.2,34,65.3,1001.6,27.2,318,60
2026-07-03T10:23:55.320Z,17.2,20.8,34,65.3,1001.6,27.3,320,61
2026-07-03T10:24:05.338Z,18,20,34,65.3,1001.6,27.3,318,63
2026-07-03T10:24:15.781Z,17.8,18.8,34,65.3,1001.6,27.3,318,62
2026-07-03T10:24:25.338Z,16.6,17.6,34,65.3,1001.6,27.3,319,60
2026-07-03T10:24:35.321Z,14.2,15.2,34,65.3,1001.6,27.3,318,55
2026-07-03T10:24:45.325Z,13.8,15.2,34,65.3,1001.6,27.3,318,54
2026-07-03T10:24:55.317Z,15.4,17.4,34,65.4,1001.6,27.4,318,57
2026-07-03T10:25:05.321Z,15.4,17.4,34,65.4,1001.6,27.4,319,57
2026-07-03T10:25:15.375Z,16.6,18.6,34,65.3,1001.6,27.4,318,60
2026-07-03T10:25:25.321Z,17.8,20.4,34,65.3,1001.6,27.4,318,62
2026-07-03T10:25:35.326Z,17.8,19.4,34,65.3,1001.6,27.4,319,62
2026-07-03T10:25:45.321Z,16.2,18.2,34,65.3,1001.6,27.4,318,59
2026-07-03T10:25:55.331Z,15,16.6,34,65.2,1001.6,27.4,318,57
2026-07-03T10:26:05.335Z,14.6,15.6,34,65.2,1001.6,27.4,318,56
2026-07-03T10:26:15.313Z,16,17,34,65.2,1001.6,27.4,317,59
2026-07-03T10:26:25.314Z,15.2,16.2,34,65.2,1001.6,27.4,317,57
2026-07-03T10:26:35.315Z,15,16,34,65.1,1001.6,27.4,317,57
2026-07-03T10:26:45.318Z,13.6,14.6,34.1,65.1,1001.6,27.4,317,54
2026-07-03T10:26:55.313Z,13,14,34.1,65.1,1001.6,27.4,317,52
2026-07-03T10:27:05.312Z,11.8,13.4,34.1,65.1,1001.6,27.4,317,49
2026-07-03T10:27:15.314Z,11.2,13.6,34.1,65.1,1001.6,27.4,317,46
2026-07-03T10:27:25.316Z,12.2,14.8,34.1,65.1,1001.6,27.4,317,51
2026-07-03T10:27:35.326Z,14.6,16.4,34.1,65.1,1001.6,27.4,317,56
2026-07-03T10:27:45.313Z,15.4,17.4,34.1,65.1,1001.6,27.4,317,57
2026-07-03T10:27:55.318Z,15.4,17.4,34.1,65.1,1001.6,27.4,317,57
2026-07-03T10:28:05.334Z,14.6,16.6,34.1,65.1,1001.6,27.4,317,56
2026-07-03T10:28:15.325Z,14.4,16.4,34.1,65,1001.6,27.4,317,55
2026-07-03T10:28:25.313Z,13.4,16,34.1,65.1,1001.6,27.4,316,53
2026-07-03T10:28:35.312Z,11.6,15.2,34.1,65.1,1001.6,27.4,316,48
2026-07-03T10:28:45.313Z,11.2,14.4,34.1,65.1,1001.6,27.4,318,46
2026-07-03T10:28:55.319Z,13,16,34.1,65.1,1001.6,27.4,319,52
2026-07-03T10:29:05.382Z,12,15.4,34.1,65.1,1001.6,27.4,318,50
2026-07-03T10:29:15.313Z,10.6,13.8,34.1,65.1,1001.6,27.4,319,44
2026-07-03T10:29:25.312Z,12.4,15.2,34.1,65.1,1001.6,27.4,319,51
2026-07-03T10:29:35.361Z,13.6,15.6,34.1,65.1,1001.6,27.5,319,54
2026-07-03T10:29:45.314Z,12.6,15.6,34.1,65.2,1001.6,27.5,319,52
2026-07-03T10:29:55.320Z,11,14.4,34.1,65.2,1001.6,27.5,319,45
2026-07-03T10:30:05.314Z,11,15,34.1,65.2,1001.6,27.5,319,45
2026-07-03T10:30:15.315Z,10,14,34.1,65.2,1001.6,27.5,319,41
2026-07-03T10:30:25.313Z,11.4,13.6,34.1,65.2,1001.6,27.5,319,47
2026-07-03T10:30:35.314Z,10.6,13.4,34.1,65.3,1001.6,27.5,319,44
2026-07-03T10:30:45.316Z,12,14.8,34.1,65.3,1001.6,27.6,319,50
2026-07-03T10:30:55.320Z,11.4,14.4,34.1,65.4,1001.6,27.6,320,47
2026-07-03T10:31:05.319Z,11.2,14.8,34.1,65.4,1001.7,27.6,320,46
2026-07-03T10:31:15.309Z,9,14.4,34,65.4,1001.7,27.6,320,37
2026-07-03T10:31:25.313Z,8,12.6,34,65.4,1001.7,27.6,320,33
2026-07-03T10:31:35.311Z,8,12,34,65.5,1001.7,27.6,320,33
2026-07-03T10:31:45.311Z,8.6,12.6,34,65.5,1001.7,27.7,320,35
2026-07-03T10:31:55.313Z,7.8,10.6,34,65.5,1001.7,27.7,320,32
2026-07-03T10:32:05.310Z,8.6,9.6,34,65.5,1001.7,27.7,320,35
2026-07-03T10:32:15.311Z,7.6,9.6,34,65.5,1001.7,27.7,319,31
2026-07-03T10:32:25.313Z,8.6,10.6,34,65.5,1001.7,27.7,320,35
2026-07-03T10:32:35.312Z,8,10,34,65.5,1001.7,27.8,320,33
2026-07-03T10:32:45.309Z,7.2,8,34,65.5,1001.7,27.8,320,29
2026-07-03T10:32:55.316Z,6.6,7.2,34,65.4,1001.7,27.7,320,27
2026-07-03T10:33:05.317Z,7,8,34,65.3,1001.7,27.7,320,29
2026-07-03T10:33:15.313Z,5.4,7.4,34,65.2,1001.7,27.6,320,22
2026-07-03T10:33:25.325Z,5.4,7,34.1,65,1001.7,27.6,320,22
2026-07-03T10:33:35.329Z,5.8,7.2,34.1,64.9,1001.7,27.5,321,24
2026-07-03T10:33:45.316Z,8,10.4,34.1,64.8,1001.7,27.4,320,33
2026-07-03T10:33:55.320Z,7.6,8.6,34.2,64.7,1001.7,27.4,320,31
2026-07-03T10:34:05.321Z,7.2,7.6,34.2,64.7,1001.7,27.4,320,29
2026-07-03T10:34:15.326Z,7.4,7.6,34.2,64.7,1001.7,27.4,320,30
2026-07-03T10:34:25.319Z,9.2,10.6,34.2,64.7,1001.7,27.4,320,38
2026-07-03T10:34:35.310Z,8.8,11,34.2,64.7,1001.7,27.4,320,36
2026-07-03T10:34:45.316Z,5.8,8.8,34.2,64.8,1001.7,27.4,320,24
2026-07-03T10:34:55.312Z,5.8,8.8,34.2,64.8,1001.7,27.5,320,24
2026-07-03T10:35:05.312Z,7.2,8.8,34.2,64.8,1001.7,27.5,318,29
2026-07-03T10:35:15.316Z,8.4,8.4,34.2,64.8,1001.7,27.5,318,34
2026-07-03T10:35:25.314Z,10.2,10.6,34.1,64.9,1001.7,27.6,318,42
2026-07-03T10:35:35.317Z,9.4,11.4,34.1,64.9,1001.7,27.6,317,39
2026-07-03T10:35:45.315Z,7.6,10.2,34.1,64.9,1001.7,27.6,317,31
2026-07-03T10:35:55.310Z,8.2,9.8,34.1,64.9,1001.7,27.6,317,34
2026-07-03T10:36:05.310Z,6,8.8,34.1,64.9,1001.7,27.7,315,25
2026-07-03T10:36:15.312Z,7.4,7.6,34.1,64.9,1001.7,27.7,315,30
2026-07-03T10:36:25.312Z,7.8,8.2,34.1,64.9,1001.7,27.7,317,32
2026-07-03T10:36:35.325Z,6.2,6.6,34.1,64.9,1001.7,27.7,315,25
2026-07-03T10:36:45.311Z,4.4,5.8,34,64.9,1001.7,27.7,315,19
2026-07-03T10:36:55.307Z,5.6,6.6,34,64.9,1001.7,27.8,315,23
2026-07-03T10:37:05.319Z,7,7,34,64.9,1001.7,27.9,315,29
2026-07-03T10:37:15.319Z,6,6.2,34,64.9,1001.7,27.9,314,25
2026-07-03T10:37:25.306Z,6,6.8,34,64.9,1001.7,28,315,25
2026-07-03T10:37:35.316Z,5.4,7.6,34,64.9,1001.7,28.1,314,22
2026-07-03T10:37:45.306Z,5.4,6.6,34,64.8,1001.7,28.1,315,22
2026-07-03T10:37:55.308Z,8.4,10.4,34,64.8,1001.7,28.2,315,34
2026-07-03T10:38:05.312Z,9,11.2,34,64.8,1001.7,28.2,315,37
2026-07-03T10:38:15.318Z,8.4,10.4,33.9,64.8,1001.7,28.3,315,34
2026-07-03T10:38:25.314Z,9.2,11.2,33.9,64.8,1001.7,28.3,315,38
2026-07-03T10:38:35.319Z,8.4,10,33.9,64.7,1001.7,28.3,315,34
2026-07-03T10:38:45.305Z,7,9,34,64.6,1001.7,28.3,315,29
2026-07-03T10:38:55.311Z,6.8,7.8,34,64.5,1001.7,28.3,314,28
2026-07-03T10:39:05.315Z,6,7,34,64.4,1001.7,28.3,315,25
2026-07-03T10:39:15.304Z,6,7,34,64.3,1001.7,28.3,314,25
2026-07-03T10:39:25.357Z,6.8,7.4,34,64.3,1001.7,28.3,314,28
2026-07-03T10:39:35.314Z,8,9,34,64.3,1001.7,28.3,314,33
2026-07-03T10:39:45.315Z,7.4,7.4,34,64.3,1001.7,28.3,314,30
2026-07-03T10:39:55.307Z,7.8,7.8,34,64.3,1001.7,28.3,314,32
2026-07-03T10:40:05.332Z,7.4,7.4,34,64.4,1001.7,28.4,314,30
2026-07-03T10:40:15.316Z,7.4,8.4,34,64.4,1001.7,28.4,314,30
2026-07-03T10:40:25.322Z,8.4,9.4,34,64.5,1001.8,28.4,314,34
2026-07-03T10:40:35.307Z,9.2,11,34,64.5,1001.8,28.4,314,38
2026-07-03T10:40:45.306Z,8.2,10.2,34,64.6,1001.8,28.4,314,34
2026-07-03T10:40:55.304Z,8.6,10.6,34,64.6,1001.8,28.5,314,35
2026-07-03T10:41:05.325Z,8.2,11.4,34,64.6,1001.8,28.5,314,34
2026-07-03T10:41:15.313Z,6.8,11.8,34,64.7,1001.8,28.5,315,28
2026-07-03T10:41:25.311Z,6.4,9.8,33.9,64.7,1001.8,28.5,315,26
2026-07-03T10:41:35.313Z,8,9,33.9,64.7,1001.8,28.5,316,33
2026-07-03T10:41:45.300Z,7,7,33.9,64.8,1001.8,28.5,316,29
2026-07-03T10:41:55.305Z,8,9,33.9,64.8,1001.8,28.6,316,33
2026-07-03T10:42:05.303Z,7,10,33.9,64.8,1001.8,28.6,316,29
2026-07-03T10:42:15.301Z,6.4,7.8,33.9,64.9,1001.8,28.6,316,26
2026-07-03T10:42:25.301Z,7.4,7.4,33.9,64.9,1001.8,28.6,316,30
2026-07-03T10:42:35.346Z,9.4,9.4,33.9,64.9,1001.8,28.6,314,39
2026-07-03T10:42:45.310Z,8.2,8.2,33.9,64.9,1001.8,28.6,314,34
2026-07-03T10:42:55.310Z,6.4,7.4,33.9,64.9,1001.8,28.6,314,26
2026-07-03T10:43:05.302Z,6.4,8.2,33.9,64.9,1001.8,28.6,314,26
2026-07-03T10:43:15.313Z,7,7.6,33.8,64.9,1001.8,28.5,314,29
2026-07-03T10:43:25.304Z,7.4,7.8,33.8,64.9,1001.8,28.5,313,30
2026-07-03T10:43:35.301Z,8.8,9.4,33.8,64.9,1001.8,28.5,313,36
2026-07-03T10:43:45.305Z,9.2,10.2,33.8,65,1001.8,28.5,311,38
2026-07-03T10:43:55.307Z,8.4,9.6,33.8,65,1001.8,28.5,311,34
2026-07-03T10:44:05.310Z,8.6,10.6,33.8,65,1001.8,28.5,311,35
2026-07-03T10:44:15.317Z,8.4,9.6,33.8,65,1001.8,28.5,311,34
2026-07-03T10:44:25.302Z,8.2,9.6,33.8,65,1001.8,28.5,311,34
2026-07-03T10:44:35.314Z,11.6,12.6,33.8,65,1001.9,28.5,311,48
2026-07-03T10:44:45.310Z,11.4,13.8,33.8,65.1,1001.9,28.5,311,47
2026-07-03T10:44:55.311Z,9.4,12.4,33.8,65.1,1001.9,28.5,311,39
2026-07-03T10:45:05.306Z,9,11,33.8,65.1,1001.9,28.5,311,37
2026-07-03T10:45:15.315Z,8.8,11.4,33.8,65.1,1001.9,28.5,313,36
2026-07-03T10:45:25.308Z,10.4,15.4,33.8,65.1,1001.9,28.4,313,43
2026-07-03T10:45:35.306Z,10.8,15.6,33.8,65.1,1001.9,28.4,314,45
2026-07-03T10:45:45.308Z,10.4,15.2,33.8,65.1,1001.9,28.4,313,43
2026-07-03T10:45:55.303Z,10.6,16.6,33.8,65.1,1001.9,28.4,313,44
2026-07-03T10:46:05.321Z,11.2,16.2,33.8,65.1,1001.9,28.4,313,46
2026-07-03T10:46:15.309Z,12.8,16.4,33.8,65.1,1001.9,28.3,314,52
2026-07-03T10:46:25.326Z,12.8,15.8,33.8,65.1,1001.9,28.3,313,52
2026-07-03T10:46:35.321Z,12.4,15.4,33.8,65.1,1001.9,28.3,313,51
2026-07-03T10:46:45.308Z,14,17,33.8,65.1,1001.9,28.3,311,54
2026-07-03T10:46:55.320Z,13,16,33.8,65,1001.9,28.2,311,52
2026-07-03T10:47:05.304Z,13.8,16.8,33.8,65,1001.9,28.2,311,54
2026-07-03T10:47:15.313Z,13.4,16.4,33.8,65,1001.9,28.1,311,53
2026-07-03T10:47:25.317Z,13,16,33.8,65,1001.9,28.1,311,52
2026-07-03T10:47:35.309Z,11,15.2,33.8,65,1001.9,28.1,311,45
2026-07-03T10:47:45.307Z,11.6,16.6,33.8,65,1001.9,28,311,48
2026-07-03T10:47:55.322Z,11,16,33.8,64.9,1001.9,28,313,45
2026-07-03T10:48:05.317Z,11.8,16.2,33.8,64.9,1001.9,28,311,49
2026-07-03T10:48:15.310Z,14.6,17.6,33.8,64.9,1001.9,28,313,56
2026-07-03T10:48:25.304Z,15.6,18,33.9,64.9,1001.9,28,313,58
2026-07-03T10:48:35.306Z,13.6,16.4,33.9,64.9,1001.9,28,313,54
2026-07-03T10:48:45.304Z,12,16,33.9,64.9,1001.9,28,313,50
2026-07-03T10:48:55.300Z,15.2,18,33.9,65,1001.9,28.1,313,57
2026-07-03T10:49:05.308Z,16.6,17,33.9,65,1001.9,28.1,313,60
2026-07-03T10:49:15.305Z,15,16,33.8,65,1001.9,28.1,314,57
2026-07-03T10:49:25.306Z,15.4,16.4,33.8,65,1001.9,28.1,314,57
2026-07-03T10:49:35.312Z,14.6,14.6,33.8,65.1,1001.9,28.1,314,56
2026-07-03T10:49:45.303Z,13.6,14.4,33.8,65.1,1001.9,28.1,315,54
2026-07-03T10:49:55.307Z,12.8,13.8,33.8,65.1,1001.9,28.1,316,52
2026-07-03T10:50:05.337Z,13.6,14.6,33.8,65.1,1001.9,28.1,316,54
2026-07-03T10:50:15.307Z,15.6,18,33.8,65.1,1001.9,28.1,316,58
2026-07-03T10:50:25.303Z,15.8,18.8,33.8,65.1,1001.9,28.2,316,58
2026-07-03T10:50:35.313Z,16,18,33.8,65.1,1001.9,28.2,315,59
2026-07-03T10:50:45.303Z,17,18,33.8,65.1,1001.9,28.2,316,61
2026-07-03T10:50:55.307Z,16.6,18.4,33.8,65,1001.9,28.2,316,60
2026-07-03T10:51:05.304Z,16,19,33.9,64.9,1001.9,28.2,316,59
2026-07-03T10:51:15.303Z,15.6,17.6,33.9,64.9,1001.9,28.1,316,58
2026-07-03T10:51:25.316Z,15.8,17.8,33.9,64.8,1002,28.1,315,58
2026-07-03T10:51:35.319Z,16.2,18.2,33.9,64.7,1002,28.1,315,59
2026-07-03T10:51:45.304Z,16.4,17.4,33.9,64.7,1002,28,315,60
2026-07-03T10:51:55.309Z,16.4,19,33.9,64.7,1002,28,314,60
2026-07-03T10:52:05.305Z,17.2,19.4,34,64.7,1002,28,313,61
2026-07-03T10:52:15.309Z,17.4,19.4,34,64.6,1002,28,314,62
2026-07-03T10:52:25.307Z,18.4,19.4,34,64.6,1002,27.9,313,64
2026-07-03T10:52:35.313Z,18.4,19.4,34,64.6,1002,27.9,313,64
2026-07-03T10:52:45.305Z,19.2,19.4,34,64.6,1002,27.9,313,65
2026-07-03T10:52:55.307Z,18,18,34,64.6,1002,27.9,313,63
2026-07-03T10:53:05.305Z,19,19.6,34,64.6,1002,27.8,313,65
2026-07-03T10:53:15.323Z,16.6,19.8,34,64.6,1002,27.8,313,60
2026-07-03T10:53:25.320Z,17,18,34,64.6,1002,27.8,311,61
2026-07-03T10:53:35.309Z,17.8,18.8,34,64.6,1002,27.8,311,62
2026-07-03T10:53:45.306Z,16,17.8,34,64.6,1002,27.8,313,59
2026-07-03T10:53:55.307Z,16.2,19.2,34,64.6,1002,27.8,313,59
2026-07-03T10:54:05.318Z,17.4,19.2,34,64.6,1002,27.8,313,62
2026-07-03T10:54:15.304Z,17.6,18.6,34,64.6,1002,27.8,313,62
2026-07-03T10:54:25.308Z,17.4,17.8,34,64.6,1002,27.8,313,62
2026-07-03T10:54:35.317Z,16,16,34,64.7,1002,27.8,313,59
2026-07-03T10:54:45.324Z,17.8,18,34,64.7,1002,27.8,313,62
2026-07-03T10:54:55.313Z,17.4,18.4,34,64.7,1002,27.8,314,62
2026-07-03T10:55:05.315Z,17,18,34,64.7,1002,27.8,314,61
2026-07-03T10:55:15.306Z,17.2,18.2,34,64.7,1002,27.8,314,61
2026-07-03T10:55:25.302Z,18,21.2,34,64.8,1002,27.8,314,63
2026-07-03T10:55:35.303Z,17.6,21,34,64.8,1002,27.8,314,62
2026-07-03T10:55:45.311Z,17.4,19.4,33.9,64.8,1002,27.8,314,62
2026-07-03T10:55:55.308Z,16.4,18.4,33.9,64.8,1002,27.8,314,60
2026-07-03T10:56:05.307Z,17,19.2,33.9,64.9,1002,27.8,312,61
2026-07-03T10:56:15.306Z,17.2,19.2,33.9,64.9,1002,27.8,311,61
2026-07-03T10:56:25.305Z,17,18.2,33.9,64.9,1002,27.9,311,61
2026-07-03T10:56:35.311Z,17,18.8,33.9,64.9,1002,27.9,311,61
2026-07-03T10:56:45.310Z,16,18.2,33.9,64.8,1002,27.9,311,59
2026-07-03T10:56:55.306Z,15.8,17,33.9,64.8,1002,27.9,311,58
2026-07-03T10:57:05.311Z,17,18,33.9,64.7,1002,27.8,311,61
2026-07-03T10:57:15.318Z,16,16,34,64.7,1002,27.8,311,59
2026-07-03T10:57:25.302Z,16.4,16.4,34,64.7,1002,27.8,311,60
2026-07-03T10:57:35.300Z,16.6,16.6,34,64.7,1002,27.8,311,60
2026-07-03T10:57:45.300Z,16,17,34,64.7,1002,27.8,311,59
2026-07-03T10:57:55.306Z,16.6,16.6,34,64.7,1002,27.8,311,60
2026-07-03T10:58:05.312Z,16.4,17,34,64.7,1002,27.8,313,60
2026-07-03T10:58:15.304Z,16,18,34,64.8,1002,27.8,313,59
2026-07-03T10:58:25.298Z,17.6,18.4,34,64.8,1002,27.8,315,62
2026-07-03T10:58:35.302Z,16.6,17.6,34,64.8,1002,27.8,315,60
2026-07-03T10:58:45.316Z,15,17,34,64.9,1002,27.8,315,57
2026-07-03T10:58:55.319Z,15.4,17.4,33.9,64.9,1002,27.8,315,57
2026-07-03T10:59:05.309Z,15.6,17.6,33.9,64.9,1002,27.8,315,58
2026-07-03T10:59:15.306Z,14.8,16,33.9,64.9,1002,27.8,315,56
2026-07-03T10:59:25.308Z,15.4,16.4,33.9,64.9,1002,27.7,315,57
2026-07-03T10:59:35.298Z,15,16,33.9,64.9,1002,27.7,315,57
2026-07-03T10:59:45.521Z,15.4,16.4,33.9,65,1002,27.7,314,57
2026-07-03T10:59:55.318Z,14.4,15.4,33.9,65,1002,27.7,311,55
2026-07-03T11:00:05.298Z,15,15.4,33.9,65,1002,27.7,311,57
2026-07-03T11:00:15.302Z,14.8,14.8,33.9,65,1002,27.7,311,56
2026-07-03T11:00:25.332Z,12.6,13,33.9,65,1002,27.7,311,52
2026-07-03T11:00:35.308Z,9,10.2,33.9,64.9,1002,27.7,310,37
2026-07-03T11:00:45.297Z,11,13.2,33.9,64.9,1002,27.7,310,45
2026-07-03T11:00:55.307Z,11,14,33.9,64.9,1002,27.7,311,45
2026-07-03T11:01:05.315Z,10.4,13.2,33.9,64.9,1002,27.7,311,43
2026-07-03T11:01:15.304Z,12,15,33.9,64.9,1002,27.7,311,50
2026-07-03T11:01:25.328Z,11.4,15.8,33.9,64.9,1002,27.7,311,47
2026-07-03T11:01:35.302Z,11.8,17.8,33.9,64.9,1002,27.7,311,49
2026-07-03T11:01:45.314Z,12.4,17.6,33.9,64.9,1002,27.7,310,51
2026-07-03T11:01:55.306Z,12.2,17,33.9,64.9,1002,27.8,311,51
2026-07-03T11:02:05.300Z,13.6,17,33.9,64.9,1002,27.8,311,54
2026-07-03T11:02:15.305Z,14.6,17.6,33.9,64.9,1002,27.8,310,56
2026-07-03T11:02:25.303Z,14.4,16.6,33.9,64.8,1002,27.8,310,55
2026-07-03T11:02:35.333Z,13.8,15.6,33.9,64.8,1002,27.8,310,54
2026-07-03T11:02:45.308Z,12.8,14.6,33.9,64.8,1002,27.8,310,52
2026-07-03T11:02:55.303Z,14,16.2,33.9,64.7,1002,27.8,310,54
2026-07-03T11:03:05.307Z,15,17.6,33.9,64.7,1002,27.7,310,57
2026-07-03T11:03:15.301Z,14.6,15.8,34,64.6,1002,27.7,310,56
2026-07-03T11:03:25.304Z,15,16,34,64.6,1002,27.7,310,57
2026-07-03T11:03:35.305Z,12.8,14.2,34,64.5,1002,27.7,310,52
2026-07-03T11:03:45.303Z,12,14.2,34,64.5,1002,27.7,310,50
2026-07-03T11:03:55.308Z,12.6,14.6,34,64.5,1002,27.6,310,52
2026-07-03T11:04:05.303Z,11.4,13,34,64.5,1002,27.6,309,47
2026-07-03T11:04:15.301Z,11,12,34,64.5,1002,27.6,310,45
2026-07-03T11:04:25.298Z,10.2,11.2,34,64.5,1002,27.5,307,42
2026-07-03T11:04:35.299Z,13.2,15.2,34,64.5,1002,27.5,307,53
2026-07-03T11:04:45.290Z,14.4,18.2,34.1,64.4,1002,27.4,312,55
2026-07-03T11:04:55.288Z,16.6,19,34.1,64.4,1002,27.3,307,60
2026-07-03T11:05:05.291Z,16.2,18,34.1,64.3,1002,27.2,307,59
2026-07-03T11:05:15.299Z,18,19,34.1,64.3,1002,27.2,313,63
2026-07-03T11:05:25.289Z,17,20,34.1,64.2,1002,27.1,313,61
2026-07-03T11:05:35.291Z,17,19,34.1,64.2,1002,27.1,311,61
2026-07-03T11:05:45.320Z,14.6,17.6,34.1,64.2,1002,27,313,56
2026-07-03T11:05:55.299Z,14.4,17.4,34.2,64.2,1002,26.9,313,55
2026-07-03T11:06:05.310Z,14.4,16.4,34.2,64.2,1002,26.8,313,55
2026-07-03T11:06:15.296Z,13.6,16.6,34.2,64.2,1002,26.8,313,54
2026-07-03T11:06:25.305Z,13.4,17,34.2,64.2,1002,26.7,313,53
2026-07-03T11:06:35.314Z,13.4,16.6,34.2,64.2,1002,26.7,313,53
2026-07-03T11:06:45.297Z,12.6,15.6,34.2,64.2,1002,26.6,313,52
2026-07-03T11:06:55.308Z,12.4,17,34.2,64.1,1002,26.6,315,51
2026-07-03T11:07:05.300Z,11.6,16.6,34.2,64.1,1002,26.6,315,48
2026-07-03T11:07:15.306Z,12.2,16.2,34.2,64.1,1002,26.5,315,51
2026-07-03T11:07:25.313Z,13.8,16.8,34.2,64.1,1002,26.5,315,54
2026-07-03T11:07:35.297Z,14.4,17.4,34.2,64.1,1002,26.4,315,55
2026-07-03T11:07:45.299Z,15,18,34.2,64.1,1001.9,26.4,315,57
2026-07-03T11:07:55.308Z,15.8,17.6,34.3,64,1001.9,26.3,315,58
2026-07-03T11:08:05.296Z,15.6,16.6,34.3,64,1001.9,26.3,316,58
2026-07-03T11:08:15.295Z,15,16.6,34.3,64,1001.9,26.3,315,57
2026-07-03T11:08:25.295Z,13.6,15.4,34.3,64,1001.9,26.2,315,54
2026-07-03T11:08:35.306Z,14.4,15.4,34.3,64,1001.9,26.2,315,55
2026-07-03T11:08:45.297Z,14.2,15.4,34.3,64,1001.9,26.2,315,55
2026-07-03T11:08:55.296Z,16,17,34.3,64,1001.9,26.2,315,59
2026-07-03T11:09:05.298Z,15.4,16.4,34.3,64,1001.9,26.1,315,57
2026-07-03T11:09:15.296Z,15.2,17.2,34.3,64,1001.9,26.1,315,57
2026-07-03T11:09:25.301Z,15.4,17.2,34.3,63.9,1001.9,26.1,315,57
2026-07-03T11:09:35.317Z,17.6,18.8,34.3,63.9,1001.9,26.1,315,62
2026-07-03T11:09:45.369Z,16.6,16.6,34.3,63.9,1001.9,26.1,315,60
2026-07-03T11:09:55.297Z,15.4,15.4,34.3,63.9,1001.9,26.1,315,57
2026-07-03T11:10:05.304Z,15,15,34.3,63.9,1001.9,26.1,315,57
2026-07-03T11:10:55.270Z,16,16.8,34.3,63.9,1001.9,26.2,315,59
2026-07-03T11:10:55.784Z,15.6,16.6,34.3,63.9,1001.9,26.2,315,58
2026-07-03T11:10:55.788Z,14.4,15.4,34.3,64,1001.9,26.2,315,55
2026-07-03T11:10:56.497Z,13.4,15.4,34.3,64,1001.9,26.3,315,52
2026-07-03T11:11:05.285Z,14.2,15.6,34.3,64,1001.9,26.3,315,55
2026-07-03T11:11:15.288Z,16.4,18,34.3,64.1,1001.9,26.3,315,60
2026-07-03T11:11:25.287Z,17,17,34.2,64.1,1001.9,26.4,317,61
2026-07-03T11:11:35.280Z,17.6,17.6,34.2,64.1,1001.9,26.4,317,62
2026-07-03T11:11:45.285Z,18,18,34.2,64.2,1001.9,26.5,317,63
2026-07-03T11:11:55.288Z,17.6,17.6,34.2,64.2,1001.9,26.5,321,62
2026-07-03T11:12:05.278Z,16,16.4,34.2,64.2,1001.9,26.5,321,59
2026-07-03T11:12:15.275Z,16.2,17,34.2,64.3,1001.9,26.6,331,59
2026-07-03T11:12:25.301Z,15.4,17.6,34.2,64.3,1001.9,26.6,333,57
2026-07-03T11:12:35.287Z,15.2,18,34.1,64.4,1001.9,26.6,333,57
2026-07-03T11:12:45.282Z,15.2,18.2,34.1,64.4,1001.9,26.6,335,57
2026-07-03T11:12:55.276Z,14.4,17.4,34.1,64.5,1001.9,26.7,335,55
2026-07-03T11:13:05.277Z,13.6,16.6,34.1,64.5,1001.9,26.7,333,54
2026-07-03T11:13:15.280Z,14.8,17.6,34.1,64.5,1001.9,26.7,333,56
2026-07-03T11:13:25.282Z,15.8,18.4,34.1,64.5,1001.9,26.8,336,58
2026-07-03T11:13:35.293Z,15.8,18.8,34.1,64.6,1001.9,26.8,336,58
2026-07-03T11:13:45.288Z,15.2,17.2,34.1,64.5,1001.9,26.8,338,57
2026-07-03T11:13:55.282Z,16.6,18.4,34.1,64.5,1001.9,26.9,339,60
2026-07-03T11:14:05.277Z,16.4,17.4,34.1,64.5,1001.9,26.9,339,60
2026-07-03T11:14:15.286Z,16.2,16.6,34.1,64.5,1001.9,26.9,338,59
2026-07-03T11:14:25.290Z,15.6,15.6,34,64.5,1001.9,26.9,339,58
2026-07-03T11:14:35.281Z,14.8,14.8,34,64.5,1001.9,27,338,56
2026-07-03T11:14:45.279Z,15.6,16,34,64.5,1001.9,27,338,58
2026-07-03T11:14:55.294Z,16,18.4,34,64.5,1001.9,27,339,59
2026-07-03T11:15:05.282Z,16.6,19.6,34,64.5,1001.9,27.1,338,60
2026-07-03T11:15:15.277Z,17.6,19.6,34,64.5,1001.9,27.1,338,62
2026-07-03T11:15:25.282Z,19.8,23.6,34,64.5,1001.9,27.2,338,67
2026-07-03T11:15:35.286Z,22.2,25.4,34,64.5,1001.9,27.2,337,72
2026-07-03T11:15:45.272Z,23,26,34,64.6,1001.9,27.2,336,73
2026-07-03T11:15:55.290Z,25,27,34,64.6,1001.9,27.3,336,78
2026-07-03T11:16:05.282Z,26,28.8,34,64.6,1001.9,27.3,336,80
2026-07-03T11:16:15.273Z,26,29,34,64.6,1001.9,27.4,336,80
2026-07-03T11:16:25.271Z,25.8,28.6,34,64.6,1001.9,27.4,336,79
2026-07-03T11:16:35.296Z,24,26,34,64.6,1001.9,27.4,336,76
2026-07-03T11:16:45.276Z,24,26.6,34,64.6,1001.9,27.5,336,76
2026-07-03T11:16:55.276Z,22.2,24.4,34,64.6,1001.9,27.5,334,72
2026-07-03T11:17:05.310Z,22.4,27.6,34,64.6,1001.9,27.5,334,72
2026-07-03T11:17:15.279Z,24.4,31.6,34,64.6,1001.9,27.6,334,76
2026-07-03T11:17:25.293Z,25.8,32.8,34,64.6,1001.9,27.6,333,79
2026-07-03T11:17:35.298Z,26.6,32.2,34,64.6,1001.9,27.6,333,81
2026-07-03T11:17:45.273Z,27.8,31,34,64.6,1001.9,27.7,333,84
2026-07-03T11:17:55.272Z,26.6,30.6,34,64.7,1001.9,27.7,333,81
2026-07-03T11:18:05.288Z,26.6,31.4,34,64.7,1001.9,27.7,332,81
2026-07-03T11:18:15.280Z,28,32,34,64.7,1001.9,27.7,333,84
2026-07-03T11:18:25.278Z,27.6,31.6,34.1,64.7,1001.9,27.7,332,83
2026-07-03T11:18:35.283Z,27,32,34.1,64.6,1001.9,27.7,332,82
2026-07-03T11:18:45.284Z,29.2,32.8,34.1,64.6,1001.9,27.7,332,86
2026-07-03T11:18:55.290Z,29.6,33.8,34.1,64.6,1001.9,27.8,331,87
2026-07-03T11:19:05.271Z,28.2,32.2,34.1,64.6,1001.9,27.8,331,84
2026-07-03T11:19:15.272Z,28.8,32.4,34.1,64.6,1001.9,27.8,331,86
2026-07-03T11:19:25.287Z,30.6,33,34.1,64.6,1001.9,27.8,331,89
2026-07-03T11:19:35.278Z,31,35.6,34.1,64.5,1001.9,27.8,331,90
2026-07-03T11:19:45.274Z,31.4,37,34.1,64.4,1001.9,27.8,331,91
2026-07-03T11:19:55.272Z,30.2,34.6,34.1,64.4,1001.9,27.7,331,89
2026-07-03T11:20:05.268Z,27.4,29,34.2,64.4,1001.9,27.7,331,83
2026-07-03T11:20:15.278Z,28.2,29.4,34.2,64.3,1001.9,27.7,331,84
2026-07-03T11:20:25.272Z,29.2,32.4,34.2,64.3,1001.9,27.7,331,86
2026-07-03T11:20:35.274Z,29.4,32,34.2,64.3,1001.9,27.6,331,87
2026-07-03T11:20:45.276Z,30,32.6,34.2,64.3,1001.9,27.6,331,88
2026-07-03T11:20:55.264Z,29.4,32.2,34.2,64.2,1001.9,27.6,331,87
2026-07-03T11:21:05.262Z,27.2,28.4,34.2,64.2,1001.9,27.6,331,82
2026-07-03T11:21:15.264Z,26.8,27.4,34.2,64.2,1001.9,27.6,329,81
2026-07-03T11:21:25.265Z,27,28.6,34.2,64.1,1001.9,27.6,329,82
2026-07-03T11:21:35.262Z,27.6,28.4,34.3,64.1,1001.9,27.6,330,83
2026-07-03T11:21:45.276Z,28.8,30.2,34.3,64.1,1001.9,27.7,330,86
2026-07-03T11:21:55.281Z,29.6,31,34.3,64.1,1001.9,27.7,328,87
2026-07-03T11:22:05.280Z,27.8,29,34.3,64.1,1001.9,27.7,330,84
2026-07-03T11:22:15.283Z,25.6,27.8,34.3,64.1,1001.9,27.7,328,79
2026-07-03T11:22:25.275Z,25.2,25.6,34.3,64.1,1001.9,27.7,328,78
2026-07-03T11:22:35.276Z,26.2,26.8,34.3,64.1,1001.9,27.8,330,80
2026-07-03T11:22:45.285Z,25.4,27.8,34.3,64,1001.9,27.9,328,78
2026-07-03T11:22:55.280Z,24.2,26.2,34.2,64,1001.9,27.9,330,76
2026-07-03T11:23:05.274Z,24,26,34.2,64,1001.9,28,330,76
2026-07-03T11:23:15.271Z,24.6,27.4,34.2,64,1001.9,28,331,77
2026-07-03T11:23:25.270Z,24,27.8,34.2,64,1001.9,28.1,331,76
2026-07-03T11:23:35.276Z,23,25,34.2,64,1001.9,28.1,331,73
2026-07-03T11:23:45.298Z,23.6,27.4,34.2,64,1001.9,28.2,331,75
2026-07-03T11:23:55.268Z,22.6,26.2,34.2,64,1001.9,28.2,331,73
2026-07-03T11:24:05.270Z,20.4,23.4,34.2,64,1001.9,28.3,331,68
2026-07-03T11:24:15.277Z,19.2,22.6,34.2,64,1001.9,28.3,331,65
2026-07-03T11:24:25.268Z,22,26,34.2,64.1,1001.9,28.4,331,71
2026-07-03T11:24:35.268Z,22,23,34.2,64.1,1001.9,28.4,331,71
2026-07-03T11:24:45.269Z,22.8,22.8,34.2,64.1,1001.9,28.5,331,73
2026-07-03T11:24:55.275Z,22.4,23,34.2,64.2,1001.9,28.5,331,72
2026-07-03T11:25:05.272Z,22.6,24.6,34.1,64.2,1001.9,28.6,331,73
2026-07-03T11:25:15.266Z,22.2,26,34.1,64.2,1001.9,28.6,331,72
2026-07-03T11:25:25.275Z,22.6,25.6,34.1,64.2,1001.9,28.6,331,73
2026-07-03T11:25:35.270Z,23,25.4,34.1,64.2,1001.9,28.6,331,73
2026-07-03T11:25:45.282Z,20.2,24,34.1,64.2,1002,28.6,331,68
2026-07-03T11:25:55.267Z,18.6,22.8,34.1,64.2,1002,28.7,331,64
2026-07-03T11:26:05.271Z,18.4,21.4,34.1,64.2,1002,28.7,331,64
2026-07-03T11:26:15.285Z,20,21.2,34.1,64.2,1002,28.7,331,67
2026-07-03T11:26:25.264Z,22.6,22.6,34.1,64.2,1002,28.7,333,73
2026-07-03T11:26:35.279Z,21.4,23.2,34.1,64.2,1002,28.7,333,70
2026-07-03T11:26:45.274Z,19,23.8,34.1,64.2,1002,28.7,335,65
2026-07-03T11:26:55.290Z,21,23,34.1,64.2,1002,28.7,336,69
2026-07-03T11:27:05.262Z,22,23,34.1,64.2,1002,28.7,336,71
2026-07-03T11:27:15.277Z,22,22.8,34.1,64.3,1002,28.7,336,71
2026-07-03T11:27:25.267Z,20.2,20.2,34.1,64.3,1002,28.7,336,68
2026-07-03T11:27:35.271Z,19.4,20.4,34.1,64.3,1002,28.7,336,66
2026-07-03T11:27:45.268Z,19,19.4,34,64.3,1002,28.7,338,65
2026-07-03T11:27:55.272Z,19,20.2,34,64.3,1002,28.7,338,65
2026-07-03T11:28:05.274Z,19.4,20.6,34,64.3,1002,28.7,338,66
2026-07-03T11:28:15.272Z,20.2,21.2,34,64.4,1002,28.7,339,68
2026-07-03T11:28:25.276Z,18.4,19.4,34,64.4,1002,28.8,339,64
2026-07-03T11:28:35.267Z,18.4,20,34,64.4,1002,28.8,339,64
2026-07-03T11:28:45.267Z,18.4,22.2,34,64.5,1002,28.8,340,64
2026-07-03T11:28:55.307Z,18.8,22.4,34,64.5,1002,28.9,340,65
2026-07-03T11:29:05.259Z,16.8,19.8,34,64.5,1002,28.9,340,60
2026-07-03T11:29:15.269Z,17.8,18.8,34,64.6,1002,29,339,62
2026-07-03T11:29:25.271Z,19,20.6,34,64.6,1002,29,339,65
2026-07-03T11:29:35.262Z,18.4,22.4,33.9,64.6,1002,29,340,64
2026-07-03T11:29:45.270Z,20.2,24.6,33.9,64.6,1002,29,341,68
2026-07-03T11:29:55.269Z,20,23,33.9,64.6,1002,29,341,67
2026-07-03T11:30:05.281Z,19.6,22.4,33.9,64.7,1002,29,341,66
2026-07-03T11:30:15.282Z,18.4,21.4,33.9,64.7,1002,28.9,341,64
2026-07-03T11:30:25.265Z,18.6,21.6,33.9,64.7,1002,28.9,341,64
2026-07-03T11:30:35.277Z,18.2,21.2,33.9,64.7,1002,28.9,341,63
2026-07-03T11:30:45.269Z,19,20.4,33.9,64.7,1002,28.9,341,65
2026-07-03T11:30:55.270Z,19.8,19.8,33.9,64.6,1002,28.9,341,67
2026-07-03T11:31:05.286Z,18.2,18.2,33.9,64.6,1002,28.9,341,63
2026-07-03T11:31:15.270Z,17.4,17.8,33.9,64.6,1002,28.9,341,62
2026-07-03T11:31:25.282Z,19,20.4,33.9,64.6,1002.1,28.8,341,65
2026-07-03T11:31:35.265Z,20.6,21,33.9,64.7,1002.1,28.8,341,68
2026-07-03T11:31:45.272Z,19.4,19.4,33.9,64.7,1002.1,28.8,341,66
2026-07-03T11:31:55.264Z,19.4,20.4,33.9,64.7,1002.1,28.8,341,66
2026-07-03T11:32:05.264Z,19.4,20.4,33.9,64.7,1002.1,28.8,341,66
2026-07-03T11:32:15.358Z,20.2,22.8,33.9,64.7,1002.1,28.8,341,68
2026-07-03T11:32:25.266Z,21,21.6,33.9,64.7,1002.1,28.8,341,69
2026-07-03T11:32:35.270Z,20.4,22,33.9,64.7,1002.1,28.8,340,68
2026-07-03T11:32:45.260Z,19.4,20.4,33.9,64.7,1002.1,28.8,340,66
2026-07-03T11:32:55.266Z,19.2,20.2,33.9,64.7,1002.1,28.8,340,65
2026-07-03T11:33:05.263Z,19.2,20.2,33.9,64.7,1002.1,28.8,341,65
2026-07-03T11:33:15.261Z,19,20,33.9,64.7,1002.1,28.8,339,65
2026-07-03T11:33:25.272Z,18.8,20.6,33.9,64.7,1002.1,28.8,339,65
2026-07-03T11:33:35.261Z,18,20.2,33.9,64.6,1002.1,28.8,339,63
2026-07-03T11:33:45.260Z,19.4,22.4,33.9,64.6,1002.1,28.8,338,66
2026-07-03T11:33:55.259Z,19.2,22.8,33.9,64.6,1002.1,28.8,338,65
2026-07-03T11:34:05.262Z,19,22.8,33.9,64.6,1002.1,28.8,339,65
2026-07-03T11:34:15.270Z,20.6,22.6,33.9,64.6,1002.1,28.8,339,68
2026-07-03T11:34:25.269Z,21,21.6,34,64.5,1002.1,28.8,340,69
2026-07-03T11:34:35.265Z,24,25.6,34,64.4,1002.1,28.8,341,76
2026-07-03T11:34:45.266Z,22.4,24.4,34,64.4,1002.1,28.7,340,72
2026-07-03T11:34:55.268Z,21.4,23.8,34,64.3,1002.2,28.7,340,70
2026-07-03T11:35:05.268Z,19,22,34,64.3,1002.2,28.7,341,65
2026-07-03T11:35:15.274Z,18.6,22.2,34,64.2,1002.2,28.7,341,64
2026-07-03T11:35:25.294Z,20,21.2,34,64.2,1002.2,28.7,341,67
2026-07-03T11:35:35.258Z,20.4,22,34,64.2,1002.2,28.7,342,68
2026-07-03T11:35:45.270Z,20,23,34,64.2,1002.2,28.7,342,67
2026-07-03T11:35:55.280Z,20,23.2,34,64.2,1002.2,28.7,343,67
2026-07-03T11:36:05.281Z,20,23,34.1,64.2,1002.2,28.7,343,67
2026-07-03T11:36:15.265Z,20.2,22.6,34.1,64.2,1002.2,28.7,343,68
2026-07-03T11:36:25.272Z,21.4,23.4,34.1,64.2,1002.2,28.7,342,70
2026-07-03T11:36:35.277Z,21.6,23.6,34.1,64.2,1002.2,28.7,342,70
2026-07-03T11:36:45.257Z,22.8,24,34.1,64.2,1002.2,28.7,342,73
2026-07-03T11:36:55.258Z,22.6,23.6,34.1,64.2,1002.2,28.7,342,73
2026-07-03T11:37:05.267Z,21.4,22.2,34,64.3,1002.2,28.8,342,70
2026-07-03T11:37:15.262Z,21,21,34,64.3,1002.2,28.8,342,69
2026-07-03T11:37:25.264Z,21,21.4,34,64.3,1002.2,28.8,342,69
2026-07-03T11:37:35.265Z,22,23,34,64.4,1002.2,28.8,342,71
2026-07-03T11:37:45.264Z,22,23.8,34,64.4,1002.2,28.8,342,71
2026-07-03T11:37:55.269Z,22.6,23.6,34,64.5,1002.2,28.9,339,73
2026-07-03T11:38:05.263Z,21.4,22.4,34,64.5,1002.2,28.9,339,70
2026-07-03T11:38:15.263Z,22,22.6,34,64.6,1002.2,28.9,339,71
2026-07-03T11:38:25.266Z,22,22.6,34,64.6,1002.2,28.9,339,71
2026-07-03T11:38:35.264Z,20,21.4,34,64.7,1002.2,28.9,339,67
2026-07-03T11:38:45.267Z,20.8,22.8,34,64.8,1002.2,29,339,69
2026-07-03T11:38:55.264Z,20.4,22.4,34,64.8,1002.2,29,340,68
2026-07-03T11:39:05.264Z,20.4,22.4,33.9,64.9,1002.2,29,339,68
2026-07-03T11:39:15.284Z,22.2,22.8,33.9,64.9,1002.2,29,339,72
2026-07-03T11:39:25.268Z,22.2,24,33.9,65,1002.2,29,340,72
2026-07-03T11:39:35.266Z,21.4,23.2,33.9,65.1,1002.2,29,340,70
2026-07-03T11:39:45.255Z,21.8,22.8,33.9,65.1,1002.2,29,342,71
2026-07-03T11:39:55.261Z,21.6,22.6,33.9,65.2,1002.2,29,342,70
2026-07-03T11:40:05.274Z,21.8,22.6,33.9,65.3,1002.2,29,343,71
2026-07-03T11:40:15.258Z,21.4,22.4,33.9,65.3,1002.2,29,343,70
2026-07-03T11:40:25.262Z,20.4,22.4,33.9,65.4,1002.2,29,343,68
2026-07-03T11:40:35.260Z,21.6,23.6,33.9,65.4,1002.2,29,345,70
2026-07-03T11:40:45.258Z,21.4,23.4,33.8,65.5,1002.2,29,345,70
2026-07-03T11:40:55.259Z,22,25,33.8,65.6,1002.2,29,345,71
2026-07-03T11:41:05.257Z,20.6,23.6,33.8,65.6,1002.2,29,346,68
2026-07-03T11:41:15.256Z,19.4,22.2,33.8,65.7,1002.2,29.1,346,66
2026-07-03T11:41:25.266Z,19.4,21.4,33.8,65.8,1002.2,29.1,345,66
2026-07-03T11:41:35.258Z,20.6,21.6,33.8,65.8,1002.2,29.1,346,68
2026-07-03T11:41:45.257Z,20.4,20.4,33.8,65.8,1002.2,29,346,68
2026-07-03T11:41:55.250Z,21,21.8,33.8,65.9,1002.2,29,345,69
2026-07-03T11:42:05.253Z,21.6,22.6,33.7,65.9,1002.2,29,345,70
2026-07-03T11:42:15.247Z,20.6,22.4,33.7,66,1002.2,29,345,68
2026-07-03T11:42:25.251Z,19.6,21.2,33.7,66,1002.2,29,345,66
2026-07-03T11:42:35.255Z,18.2,19.4,33.7,66,1002.2,29,345,63
2026-07-03T11:42:45.269Z,19,19,33.7,66.1,1002.2,29,345,65
2026-07-03T11:42:55.274Z,19,19,33.7,66.1,1002.2,28.9,343,65
2026-07-03T11:43:05.267Z,18,19,33.7,66.1,1002.2,28.9,343,63
2026-07-03T11:43:15.264Z,20,22.4,33.7,66.1,1002.2,28.9,346,67
2026-07-03T11:43:25.265Z,19.4,22.4,33.7,66.1,1002.2,28.8,343,66
2026-07-03T11:43:35.278Z,18.2,22.2,33.7,66.1,1002.2,28.8,343,63
2026-07-03T11:43:45.259Z,18,20.2,33.7,66.1,1002.2,28.8,343,63
2026-07-03T11:43:55.261Z,18.6,20.8,33.7,66.1,1002.2,28.8,343,64
2026-07-03T11:44:05.279Z,20,22.8,33.7,66.1,1002.2,28.7,343,67
2026-07-03T11:44:15.296Z,21.8,23.8,33.7,66.1,1002.2,28.7,347,71
2026-07-03T11:44:25.264Z,19.4,19.8,33.7,66.2,1002.2,28.7,343,66
2026-07-03T11:44:35.263Z,18.6,19.2,33.7,66.2,1002.2,28.7,347,64
2026-07-03T11:44:45.257Z,18,19.6,33.7,66.2,1002.2,28.7,347,63
2026-07-03T11:44:55.255Z,18.8,21.6,33.7,66.2,1002.2,28.7,347,65
2026-07-03T11:45:05.261Z,18.2,20.8,33.7,66.2,1002.2,28.7,343,63
2026-07-03T11:45:15.262Z,19,21.6,33.7,66.2,1002.2,28.6,343,65
2026-07-03T11:45:25.263Z,20,20.8,33.7,66.3,1002.2,28.6,343,67
2026-07-03T11:45:35.273Z,19.2,19.2,33.7,66.3,1002.2,28.6,343,65
2026-07-03T11:45:45.265Z,21.4,21.4,33.7,66.3,1002.2,28.6,343,70
2026-07-03T11:45:55.262Z,20.2,21,33.7,66.3,1002.2,28.5,343,68
2026-07-03T11:46:05.259Z,21,22,33.7,66.2,1002.2,28.5,343,69
2026-07-03T11:46:15.266Z,20,21,33.7,66.2,1002.2,28.4,342,67
2026-07-03T11:46:25.264Z,19.6,21,33.7,66.2,1002.2,28.4,342,66
2026-07-03T11:46:35.266Z,20,21,33.7,66.1,1002.2,28.3,347,67
2026-07-03T11:46:45.263Z,20,21.6,33.7,66.1,1002.2,28.2,342,67
2026-07-03T11:46:55.270Z,19,21.8,33.7,66.1,1002.2,28.2,347,65
2026-07-03T11:47:05.254Z,19,21.6,33.7,66.1,1002.2,28.1,349,65
2026-07-03T11:47:15.261Z,20.4,22.4,33.7,66.1,1002.2,28.1,349,68
2026-07-03T11:47:25.253Z,19.4,22.4,33.7,66,1002.2,28,348,66
2026-07-03T11:47:35.253Z,21,23,33.7,66,1002.2,27.9,349,69
2026-07-03T11:47:45.257Z,22,24,33.8,66,1002.2,27.9,349,71
2026-07-03T11:47:55.315Z,20.8,23.8,33.8,66,1002.2,27.8,349,69
2026-07-03T11:48:05.274Z,20.4,23.8,33.8,66,1002.2,27.8,349,68
2026-07-03T11:48:15.262Z,21.6,22.6,33.8,65.9,1002.2,27.8,348,70
2026-07-03T11:48:25.261Z,20.6,22.6,33.8,65.9,1002.2,27.7,348,68
2026-07-03T11:48:35.282Z,21,22.8,33.8,65.9,1002.2,27.8,348,69
2026-07-03T11:48:45.264Z,21,21.2,33.8,65.9,1002.2,27.8,348,69
2026-07-03T11:48:55.290Z,19.4,19.4,33.8,65.9,1002.2,27.8,347,66
2026-07-03T11:49:05.276Z,19,19.4,33.8,65.9,1002.2,27.8,347,65
2026-07-03T11:49:15.273Z,18,18,33.8,65.9,1002.2,27.9,347,63
2026-07-03T11:49:25.266Z,18.2,18.2,33.8,65.9,1002.2,27.9,347,63
2026-07-03T11:49:35.266Z,19.8,20.2,33.7,65.9,1002.2,28,347,67
2026-07-03T11:49:45.289Z,19.6,20.6,33.7,65.9,1002.2,28,347,66
2026-07-03T11:49:55.268Z,20.2,22.2,33.7,65.9,1002.2,28.1,347,68
2026-07-03T11:50:05.253Z,20.6,22.6,33.7,66,1002.3,28.2,346,68
2026-07-03T11:50:15.257Z,20.8,22.2,33.7,66,1002.3,28.3,346,69
2026-07-03T11:50:25.251Z,20.8,22.8,33.7,66,1002.3,28.3,345,69
2026-07-03T11:50:35.256Z,22.2,25,33.7,66.1,1002.3,28.4,342,72
2026-07-03T11:50:45.265Z,21.4,22.8,33.7,66.1,1002.3,28.4,342,70
2026-07-03T11:50:55.271Z,21,22,33.7,66.1,1002.3,28.4,346,69
2026-07-03T11:51:05.268Z,20,21,33.6,66.1,1002.3,28.5,342,67
2026-07-03T11:51:15.299Z,20.8,20.8,33.6,66.1,1002.3,28.5,342,69
2026-07-03T11:51:25.279Z,21.2,22.2,33.6,66.1,1002.3,28.5,346,70
2026-07-03T11:51:35.273Z,21,23,33.6,66.1,1002.3,28.5,342,69
2026-07-03T11:51:45.263Z,20.2,21.6,33.6,66.1,1002.3,28.5,346,68
2026-07-03T11:51:55.270Z,21.8,22.6,33.6,66.1,1002.3,28.5,346,71
2026-07-03T11:52:05.285Z,21.6,23.6,33.6,66.1,1002.3,28.5,346,70
2026-07-03T11:52:15.264Z,20.8,22.8,33.6,66.2,1002.3,28.5,347,69
2026-07-03T11:52:25.278Z,20,22.4,33.6,66.2,1002.3,28.5,347,67
2026-07-03T11:52:35.291Z,19.6,20.6,33.6,66.2,1002.3,28.5,348,66
2026-07-03T11:52:45.280Z,19.4,20.4,33.6,66.1,1002.3,28.5,347,66
2026-07-03T11:52:55.278Z,18,19,33.6,66.1,1002.3,28.5,348,63
2026-07-03T11:53:05.263Z,18.8,19.8,33.6,66.1,1002.3,28.5,348,65
2026-07-03T11:53:15.261Z,19.2,20.4,33.6,66.1,1002.3,28.5,348,65
2026-07-03T11:53:25.281Z,19.6,19.6,33.6,66.1,1002.3,28.5,348,66
2026-07-03T11:53:35.269Z,20.4,20.4,33.6,66.1,1002.3,28.5,348,68
2026-07-03T11:53:45.257Z,20.2,20.2,33.6,66.1,1002.3,28.5,347,68
2026-07-03T11:53:55.264Z,20,20,33.7,66.1,1002.3,28.5,347,67
2026-07-03T11:54:05.261Z,19.6,20,33.7,66.1,1002.3,28.4,347,66
2026-07-03T11:54:15.262Z,19.8,19.8,33.7,66,1002.3,28.4,347,67
2026-07-03T11:54:25.269Z,20,20.6,33.7,66,1002.3,28.4,346,67
2026-07-03T11:54:35.267Z,19,20.4,33.7,66,1002.3,28.4,346,65
2026-07-03T11:54:45.270Z,19.6,20.8,33.7,65.9,1002.3,28.4,346,66
2026-07-03T11:54:55.262Z,21,23,33.7,65.9,1002.3,28.4,346,69
2026-07-03T11:55:05.271Z,20.8,21.8,33.7,65.9,1002.3,28.4,345,69
2026-07-03T11:55:15.262Z,19.8,22.2,33.7,65.8,1002.3,28.4,345,67
2026-07-03T11:55:25.263Z,19.6,23.6,33.7,65.8,1002.3,28.4,343,66
2026-07-03T11:55:35.272Z,19.6,23.2,33.8,65.8,1002.3,28.4,342,66
2026-07-03T11:55:45.267Z,19.8,22.8,33.8,65.8,1002.3,28.4,343,67
2026-07-03T11:55:55.266Z,18.6,22.6,33.8,65.8,1002.3,28.4,342,64
2026-07-03T11:56:05.269Z,19,24,33.8,65.8,1002.3,28.4,342,65
2026-07-03T11:56:15.270Z,19.4,23.8,33.8,65.8,1002.3,28.4,343,66
2026-07-03T11:56:25.265Z,20.6,22.2,33.8,65.8,1002.3,28.3,343,68
2026-07-03T11:56:35.261Z,20,22,33.8,65.8,1002.3,28.3,343,67
2026-07-03T11:56:45.266Z,19.2,21.2,33.8,65.8,1002.3,28.3,343,65
2026-07-03T11:56:55.300Z,20,21,33.8,65.8,1002.3,28.3,345,67
2026-07-03T11:57:05.265Z,19.4,21,33.8,65.8,1002.3,28.3,345,66
2026-07-03T11:57:15.256Z,20.2,21.4,33.8,65.8,1002.3,28.3,345,68
2026-07-03T11:57:25.318Z,21.6,21.8,33.8,65.8,1002.3,28.2,346,70
2026-07-03T11:57:35.260Z,22,22.2,33.8,65.8,1002.3,28.2,345,71
2026-07-03T11:57:45.257Z,20.6,22,33.8,65.9,1002.3,28.2,345,68
2026-07-03T11:57:55.255Z,21,22.4,33.8,65.9,1002.3,28.2,346,69
2026-07-03T11:58:05.252Z,21.4,22.4,33.8,65.9,1002.4,28.2,346,70
2026-07-03T11:58:15.252Z,18.8,19.8,33.8,65.9,1002.4,28.2,345,65
2026-07-03T11:58:25.282Z,17.4,18.4,33.8,65.9,1002.4,28.2,345,62
2026-07-03T11:58:35.255Z,18.4,19.8,33.8,65.9,1002.4,28.2,346,64
2026-07-03T11:58:45.255Z,19.4,20.4,33.8,66,1002.4,28.2,345,66
2026-07-03T11:58:55.253Z,20.2,21.2,33.8,66,1002.4,28.2,346,68
2026-07-03T11:59:05.255Z,21.6,21.6,33.8,66,1002.4,28.1,347,70
2026-07-03T11:59:15.277Z,21,21,33.8,66,1002.4,28.1,346,69
2026-07-03T11:59:25.319Z,20.6,22.2,33.8,66,1002.4,28.1,347,68
2026-07-03T11:59:35.249Z,22.6,23.6,33.8,66.1,1002.4,28.1,347,73
2026-07-03T11:59:45.261Z,22,24,33.8,66.1,1002.4,28.1,347,71
2026-07-03T11:59:55.278Z,23.4,24.6,33.8,66.1,1002.4,28.1,347,74
2026-07-03T12:00:05.263Z,22.4,23.4,33.8,66.1,1002.4,28.1,347,72
2026-07-03T12:00:15.265Z,21.4,21.6,33.8,66.2,1002.4,28.1,347,70
2026-07-03T12:00:25.275Z,23.4,24.2,33.8,66.2,1002.4,28,347,74
2026-07-03T12:00:35.260Z,21.4,22.4,33.8,66.2,1002.4,28,347,70
2026-07-03T12:00:45.270Z,22.4,22.8,33.8,66.2,1002.4,28,347,72
2026-07-03T12:00:55.294Z,22.6,23.6,33.8,66.2,1002.4,27.9,349,73
2026-07-03T12:01:05.270Z,23.4,24.4,33.8,66.2,1002.4,27.9,350,74
2026-07-03T12:01:15.257Z,23.4,24.2,33.8,66.2,1002.4,27.9,350,74
2026-07-03T12:01:25.252Z,23,23,33.8,66.2,1002.4,27.8,351,73
2026-07-03T12:01:35.270Z,23.2,23.2,33.8,66.3,1002.4,27.8,351,74
2026-07-03T12:01:45.264Z,24,25.4,33.8,66.3,1002.4,27.7,351,76
2026-07-03T12:01:55.266Z,24.2,25.8,33.8,66.3,1002.4,27.7,351,76
2026-07-03T12:02:05.254Z,24,26.6,33.8,66.3,1002.4,27.6,351,76
2026-07-03T12:02:15.240Z,24.4,27.4,33.8,66.4,1002.4,27.6,351,76
2026-07-03T12:02:25.244Z,25.8,28,33.8,66.4,1002.4,27.6,352,79
2026-07-03T12:02:35.240Z,27,28,33.8,66.4,1002.4,27.5,351,82
2026-07-03T12:02:45.241Z,27.2,28.6,33.8,66.5,1002.4,27.5,352,82
2026-07-03T12:02:55.237Z,27,29.4,33.8,66.5,1002.4,27.5,352,82
2026-07-03T12:03:05.245Z,25.4,27.6,33.8,66.5,1002.4,27.4,352,78
2026-07-03T12:03:15.239Z,26.2,27.6,33.8,66.5,1002.4,27.4,352,80
2026-07-03T12:03:25.241Z,28.2,30.4,33.8,66.6,1002.4,27.3,353,84
2026-07-03T12:03:35.242Z,27.4,30.4,33.8,66.6,1002.4,27.3,353,83
2026-07-03T12:03:45.245Z,27.6,29.6,33.8,66.6,1002.4,27.2,354,83
2026-07-03T12:03:55.248Z,27.2,29.2,33.8,66.6,1002.4,27.1,355,82
2026-07-03T12:04:05.281Z,28,29,33.8,66.6,1002.4,27.1,354,84
2026-07-03T12:04:15.270Z,28.2,29.4,33.8,66.7,1002.4,27,355,84
2026-07-03T12:04:25.331Z,29.8,29.8,33.8,66.7,1002.4,27,359,88
2026-07-03T12:04:35.248Z,29,30,33.8,66.7,1002.4,26.9,362,86
2026-07-03T12:04:45.267Z,29.4,31.4,33.8,66.8,1002.4,26.9,361,87
2026-07-03T12:04:55.252Z,27.8,31,33.8,66.8,1002.4,26.8,362,84
2026-07-03T12:05:05.243Z,27.4,29.4,33.8,66.9,1002.4,26.8,364,83
2026-07-03T12:05:15.256Z,25.2,25.6,33.8,66.9,1002.4,26.8,364,78
2026-07-03T12:05:25.259Z,26,26.8,33.8,66.9,1002.4,26.8,364,80
2026-07-03T12:05:35.244Z,28.4,29.6,33.8,67,1002.4,26.7,364,85
2026-07-03T12:05:45.235Z,29,30.8,33.8,67,1002.4,26.7,364,86
2026-07-03T12:05:55.250Z,28.4,31,33.8,67,1002.4,26.7,364,85
2026-07-03T12:06:05.263Z,27.4,30.8,33.8,67,1002.4,26.7,364,83
2026-07-03T12:06:15.280Z,28.2,31.4,33.8,67,1002.4,26.6,364,84
2026-07-03T12:06:25.267Z,28.4,31.4,33.7,67.1,1002.4,26.6,363,85
2026-07-03T12:06:35.269Z,28,30.2,33.7,67.1,1002.4,26.5,363,84
2026-07-03T12:06:45.258Z,28.6,30.6,33.7,67.1,1002.4,26.5,363,85
2026-07-03T12:06:55.279Z,29,31,33.7,67.2,1002.4,26.4,363,86
2026-07-03T12:07:05.254Z,28,30,33.7,67.2,1002.4,26.4,363,84
2026-07-03T12:07:15.252Z,29.6,31.4,33.7,67.3,1002.4,26.3,363,87
2026-07-03T12:07:25.250Z,29,30.6,33.7,67.3,1002.4,26.3,363,86
2026-07-03T12:07:35.267Z,28.8,31.2,33.7,67.3,1002.4,26.2,363,86
2026-07-03T12:07:45.256Z,31.2,33.2,33.7,67.4,1002.4,26.1,364,91
2026-07-03T12:07:55.265Z,31.8,34,33.7,67.4,1002.4,26,364,92
2026-07-03T12:08:05.256Z,30.6,33.6,33.7,67.4,1002.4,25.9,367,89
2026-07-03T12:08:15.263Z,30.2,33,33.7,67.5,1002.4,25.8,368,89
2026-07-03T12:08:25.255Z,29.4,31.8,33.8,67.5,1002.4,25.7,368,87
2026-07-03T12:08:35.258Z,30,31.2,33.8,67.5,1002.4,25.6,368,88
2026-07-03T12:08:45.254Z,29.2,32.4,33.8,67.6,1002.4,25.5,368,86
2026-07-03T12:08:55.245Z,30.4,33.6,33.8,67.6,1002.4,25.4,368,89
2026-07-03T12:09:05.241Z,30.8,33.8,33.8,67.6,1002.4,25.3,368,90
2026-07-03T12:09:15.325Z,31.2,33.2,33.8,67.6,1002.4,25.2,368,91
2026-07-03T12:09:25.242Z,31.6,34.4,33.8,67.7,1002.5,25.1,368,92
2026-07-03T12:09:35.249Z,31.8,34.2,33.8,67.7,1002.5,25,368,92
2026-07-03T12:09:45.251Z,29.6,32.6,33.8,67.7,1002.5,25,368,87
2026-07-03T12:09:55.274Z,30.8,33.6,33.9,67.8,1002.5,24.9,368,90
2026-07-03T12:10:05.243Z,29.8,32.6,33.9,67.8,1002.5,24.8,368,88
2026-07-03T12:10:15.244Z,29.4,30.8,33.9,67.8,1002.5,24.7,368,87
2026-07-03T12:10:25.244Z,30,33.2,33.9,67.8,1002.5,24.7,368,88
2026-07-03T12:10:35.250Z,30.6,33.6,33.9,67.8,1002.5,24.6,368,89
2026-07-03T12:10:45.248Z,30,32.8,33.9,67.8,1002.4,24.5,368,88
2026-07-03T12:10:55.267Z,30,30.8,33.9,67.8,1002.4,24.4,368,88
2026-07-03T12:11:05.246Z,29.8,31.8,33.9,67.9,1002.4,24.3,368,88
2026-07-03T12:11:15.255Z,29.6,31.6,33.9,67.9,1002.4,24.2,368,87
2026-07-03T12:11:25.261Z,32,34,33.9,67.9,1002.4,24.1,368,92
2026-07-03T12:11:35.252Z,32,34.8,33.9,68,1002.4,24,368,92
2026-07-03T12:11:45.254Z,29.2,32.4,33.9,68.1,1002.4,23.9,368,86
2026-07-03T12:11:55.245Z,30.6,34.4,33.9,68.1,1002.4,23.8,368,89
2026-07-03T12:12:05.249Z,31,34.6,33.9,68.2,1002.4,23.7,368,90
2026-07-03T12:12:15.253Z,31.4,36.4,33.9,68.3,1002.4,23.5,368,91
2026-07-03T12:12:25.247Z,31.4,34.4,33.9,68.4,1002.4,23.4,368,91
2026-07-03T12:12:35.243Z,31.8,35.8,33.9,68.6,1002.4,23.3,368,92
2026-07-03T12:12:45.244Z,31.4,34.6,33.9,68.7,1002.4,23.2,368,91
2026-07-03T12:12:55.248Z,32,35,33.9,68.7,1002.4,23.1,369,92
2026-07-03T12:13:05.258Z,30.2,33.2,33.9,68.8,1002.4,23,369,89
2026-07-03T12:13:15.248Z,31.4,34.4,33.9,68.9,1002.4,22.9,369,91
2026-07-03T12:13:25.258Z,29,32.6,33.9,68.9,1002.4,22.8,369,86
2026-07-03T12:13:35.252Z,30,33.6,33.9,69,1002.4,22.7,370,88
2026-07-03T12:13:45.264Z,30.4,33.4,33.9,69.1,1002.4,22.6,370,89
2026-07-03T12:13:55.256Z,31.4,34,33.9,69.2,1002.4,22.5,370,91
2026-07-03T12:14:05.258Z,31.4,33.6,33.9,69.3,1002.4,22.5,370,91
2026-07-03T12:14:15.264Z,30.6,33.6,33.9,69.4,1002.4,22.4,370,89
2026-07-03T12:14:25.254Z,30.6,33.4,33.9,69.5,1002.4,22.3,370,89
2026-07-03T12:14:35.253Z,30,33.4,33.9,69.6,1002.4,22.2,370,88
2026-07-03T12:14:45.255Z,31.6,34,33.9,69.6,1002.4,22.1,373,92
2026-07-03T12:14:55.245Z,31,34.8,33.9,69.7,1002.4,22,373,90
2026-07-03T12:15:05.250Z,31.4,36.4,33.9,69.7,1002.4,21.9,373,91
2026-07-03T12:15:15.250Z,29.4,33.4,33.9,69.7,1002.4,21.9,373,87
2026-07-03T12:15:25.245Z,29,32,34,69.8,1002.4,21.8,373,86
2026-07-03T12:15:35.251Z,29.2,30.2,34,69.8,1002.4,21.7,373,86
2026-07-03T12:15:45.250Z,28.2,30.2,34,69.8,1002.4,21.6,373,84
2026-07-03T12:15:55.249Z,29.2,33.2,34,69.8,1002.4,21.6,374,86
2026-07-03T12:16:05.250Z,28.2,29.8,34,69.9,1002.4,21.5,374,84
2026-07-03T12:16:15.247Z,28,29.6,34,69.9,1002.4,21.4,374,84
2026-07-03T12:16:25.339Z,27.4,29.4,34,69.9,1002.4,21.4,375,83
2026-07-03T12:16:35.244Z,28.6,30.6,34,69.9,1002.4,21.3,374,85
2026-07-03T12:16:45.248Z,28.6,30.2,34,69.9,1002.4,21.3,374,85
2026-07-03T12:16:55.248Z,27,28.6,34,70,1002.4,21.2,375,82
2026-07-03T12:17:05.269Z,26.8,28.8,34,70,1002.4,21.2,374,81
2026-07-03T12:17:15.251Z,30,32,34,70,1002.4,21.2,374,88
2026-07-03T12:17:25.250Z,28.6,30.6,34,70,1002.4,21.1,374,85
2026-07-03T12:17:35.264Z,26.6,30.2,34,70,1002.4,21.1,375,81
2026-07-03T12:17:45.246Z,26.4,31.4,34,70,1002.4,21.1,375,81
2026-07-03T12:17:55.248Z,28.8,33.2,34,70,1002.4,21.1,377,86
2026-07-03T12:18:05.256Z,30,34,34,70,1002.4,21,375,88
2026-07-03T12:18:15.252Z,29.8,33.6,34.1,69.9,1002.4,21,373,88
2026-07-03T12:18:25.264Z,29.6,33.6,34.1,69.9,1002.4,21,373,87
2026-07-03T12:18:35.256Z,29.4,33.4,34.1,69.8,1002.4,20.9,372,87
2026-07-03T12:18:45.249Z,29.8,32,34.1,69.7,1002.4,20.9,372,88
2026-07-03T12:18:55.237Z,29.8,31.8,34.1,69.7,1002.4,20.9,372,88
2026-07-03T12:19:05.249Z,31,32.6,34.1,69.6,1002.4,20.9,372,90
2026-07-03T12:19:15.241Z,31,33,34.1,69.6,1002.4,20.9,372,90
2026-07-03T12:19:25.243Z,30.6,32.2,34.1,69.5,1002.4,20.8,371,89
2026-07-03T12:19:35.244Z,29.6,31.6,34.1,69.5,1002.4,20.8,370,87
2026-07-03T12:19:45.250Z,29,31.2,34.1,69.5,1002.4,20.8,370,86
2026-07-03T12:19:55.247Z,29.4,33,34.1,69.5,1002.4,20.8,370,87
2026-07-03T12:20:05.253Z,30,33,34.1,69.4,1002.4,20.9,369,88
2026-07-03T12:20:15.244Z,30,33.2,34.1,69.4,1002.4,20.9,369,88
2026-07-03T12:20:25.258Z,29.8,33.6,34.1,69.3,1002.4,20.9,369,88
2026-07-03T12:20:35.269Z,27.6,31.6,34.1,69.3,1002.5,21,368,83
2026-07-03T12:20:45.259Z,29.2,30.6,34.1,69.2,1002.5,21,368,86
2026-07-03T12:20:55.238Z,29.4,30.4,34.1,69.2,1002.5,21,368,87
2026-07-03T12:21:05.242Z,28.8,30.8,34.1,69.1,1002.5,21,368,86
2026-07-03T12:21:15.247Z,28.8,32.8,34.1,69.1,1002.5,21,368,86
2026-07-03T12:21:25.239Z,29.6,32.6,34.1,69,1002.5,21,368,87
2026-07-03T12:21:35.236Z,30,34,34.1,69,1002.5,21,368,88
2026-07-03T12:21:45.240Z,30.8,33.6,34.2,69,1002.5,21,368,90
2026-07-03T12:21:55.247Z,29.6,32,34.2,68.9,1002.5,21,368,87
2026-07-03T12:22:05.240Z,28.4,31.4,34.2,68.9,1002.5,21,368,85
2026-07-03T12:22:15.241Z,28.8,33.8,34.2,68.8,1002.5,21,368,86
2026-07-03T12:22:25.243Z,28.2,32,34.2,68.8,1002.5,21.1,368,84
2026-07-03T12:22:35.288Z,29.6,31.2,34.2,68.7,1002.5,21.1,367,87
2026-07-03T12:22:45.250Z,29.4,31,34.2,68.6,1002.5,21.1,367,87
2026-07-03T12:22:55.242Z,29.4,32.4,34.2,68.6,1002.5,21.1,368,87
2026-07-03T12:23:05.242Z,29,31.8,34.2,68.6,1002.5,21.1,368,86
2026-07-03T12:23:15.251Z,27.8,29.8,34.2,68.6,1002.5,21.1,367,84
2026-07-03T12:23:25.251Z,27,28,34.2,68.5,1002.5,21.2,367,82
2026-07-03T12:23:35.244Z,28,29.6,34.2,68.5,1002.5,21.2,367,84
2026-07-03T12:23:45.241Z,28.4,31.8,34.2,68.5,1002.5,21.2,365,85
2026-07-03T12:23:55.236Z,26.6,31.4,34.2,68.5,1002.5,21.2,365,81
2026-07-03T12:24:05.235Z,26,29.4,34.2,68.5,1002.5,21.3,365,80
2026-07-03T12:24:15.246Z,27.2,29.2,34.2,68.5,1002.5,21.3,363,82
2026-07-03T12:24:25.241Z,28,29.2,34.1,68.5,1002.5,21.4,365,84
2026-07-03T12:24:35.247Z,27.8,30,34.1,68.5,1002.5,21.5,366,84
2026-07-03T12:24:45.243Z,28,31.6,34.1,68.5,1002.5,21.5,365,84
2026-07-03T12:24:55.231Z,27.8,32.6,34.1,68.5,1002.5,21.6,363,84
2026-07-03T12:25:05.230Z,28.4,31.4,34.1,68.6,1002.5,21.6,365,85
2026-07-03T12:25:15.235Z,28.6,30,34.1,68.6,1002.5,21.7,363,85
2026-07-03T12:25:25.246Z,29,30,34,68.6,1002.5,21.7,363,86
2026-07-03T12:25:35.237Z,28.4,30,34,68.6,1002.5,21.8,363,85
2026-07-03T12:25:45.363Z,27.6,30.4,34,68.6,1002.5,21.8,363,83
2026-07-03T12:25:55.243Z,28,30,34,68.7,1002.5,21.9,364,84
2026-07-03T12:26:05.231Z,27.2,28.2,34,68.7,1002.5,21.9,365,82
2026-07-03T12:26:15.259Z,28.6,29.8,34,68.7,1002.5,22,365,85
2026-07-03T12:26:25.235Z,27.4,30.4,33.9,68.7,1002.5,22.1,364,83
2026-07-03T12:26:35.239Z,27,29.2,33.9,68.8,1002.5,22.1,364,82
2026-07-03T12:26:45.236Z,26.4,30.6,33.9,68.8,1002.5,22.2,365,81
2026-07-03T12:26:55.246Z,26,30.4,33.9,68.8,1002.5,22.2,365,80
2026-07-03T12:27:05.241Z,25,28,33.9,68.8,1002.5,22.3,365,78
2026-07-03T12:27:15.237Z,26,28,33.9,68.9,1002.6,22.3,366,80
2026-07-03T12:27:25.235Z,26,28.6,33.9,68.9,1002.6,22.4,367,80
2026-07-03T12:27:35.235Z,25.4,29.2,33.8,68.9,1002.6,22.4,367,78
2026-07-03T12:27:45.237Z,25.8,29.8,33.8,69,1002.6,22.5,367,79
2026-07-03T12:27:55.233Z,27.4,32,33.8,69,1002.6,22.5,367,83
2026-07-03T12:28:05.249Z,27.8,32.6,33.8,69,1002.6,22.5,366,84
2026-07-03T12:28:15.250Z,25.8,30,33.8,69,1002.6,22.6,367,79
2026-07-03T12:28:25.238Z,25.2,29.4,33.8,69,1002.6,22.6,367,78
2026-07-03T12:28:35.236Z,25.4,30,33.8,69,1002.6,22.6,367,78
2026-07-03T12:28:45.240Z,28.6,30.6,33.8,69.1,1002.6,22.6,367,85
2026-07-03T12:28:55.245Z,26.8,29,33.7,69.1,1002.6,22.7,368,81
2026-07-03T12:29:05.246Z,25.8,28.6,33.7,69.1,1002.6,22.7,368,79
2026-07-03T12:29:15.239Z,25,28,33.7,69.1,1002.6,22.7,368,78
2026-07-03T12:29:25.240Z,25.4,26.8,33.7,69.1,1002.6,22.7,368,78
2026-07-03T12:29:35.237Z,25.2,26.6,33.7,69.1,1002.6,22.7,368,78
2026-07-03T12:29:45.269Z,26.8,28.8,33.7,69.2,1002.6,22.7,368,81
2026-07-03T12:29:55.243Z,30,30.6,33.7,69.2,1002.6,22.8,369,88
2026-07-03T12:30:05.231Z,27.8,28,33.7,69.2,1002.6,22.8,369,84
2026-07-03T12:30:15.235Z,28,28.6,33.7,69.2,1002.6,22.8,369,84
2026-07-03T12:30:25.243Z,27,29.8,33.7,69.2,1002.6,22.8,369,82
2026-07-03T12:30:35.402Z,26.2,28.2,33.7,69.2,1002.6,22.8,369,80
2026-07-03T12:30:45.245Z,26,28,33.6,69.2,1002.6,22.8,370,80
2026-07-03T12:30:55.243Z,28,29.2,33.6,69.2,1002.5,22.9,370,84
2026-07-03T12:31:05.244Z,30,32.8,33.6,69.2,1002.5,22.9,370,88
2026-07-03T12:31:15.238Z,29.2,31.6,33.6,69.2,1002.5,22.9,370,86
2026-07-03T12:31:25.243Z,28,29,33.6,69.2,1002.5,22.9,369,84
2026-07-03T12:31:35.246Z,28.2,29.4,33.6,69.2,1002.6,22.9,370,84
2026-07-03T12:31:45.248Z,27,28,33.6,69.2,1002.6,22.9,368,82
2026-07-03T12:31:55.245Z,28.2,29.4,33.6,69.2,1002.6,22.9,368,84
2026-07-03T12:32:05.229Z,26.4,28.4,33.6,69.2,1002.6,22.9,368,81
2026-07-03T12:32:15.231Z,27.2,28.6,33.6,69.2,1002.6,22.9,368,82
2026-07-03T12:32:25.229Z,27,28.2,33.6,69.2,1002.6,22.9,368,82
2026-07-03T12:32:35.246Z,26.4,28.4,33.6,69.2,1002.6,22.9,368,81
2026-07-03T12:32:45.230Z,27,29,33.6,69.2,1002.6,22.9,368,82
2026-07-03T12:32:55.235Z,26.4,29.2,33.6,69.2,1002.6,22.9,368,81
2026-07-03T12:33:05.240Z,29.2,32.4,33.6,69.2,1002.6,22.9,368,86
2026-07-03T12:33:15.241Z,27.8,29.8,33.6,69.2,1002.6,22.9,368,84
2026-07-03T12:33:25.237Z,27.8,27.8,33.6,69.2,1002.6,22.9,368,84
2026-07-03T12:33:35.242Z,29.6,29.6,33.6,69.1,1002.6,22.9,368,87
2026-07-03T12:33:45.256Z,28.4,29,33.6,69.1,1002.6,22.9,368,85
2026-07-03T12:33:55.227Z,26.6,27.6,33.6,69.1,1002.6,22.9,368,81
2026-07-03T12:34:05.273Z,28,28,33.6,69.1,1002.6,22.9,368,84
2026-07-03T12:34:15.234Z,26,27.2,33.6,69.1,1002.6,22.9,368,80
2026-07-03T12:34:25.233Z,27.8,30.2,33.6,69.1,1002.6,22.9,368,84
2026-07-03T12:34:35.228Z,29.6,31.6,33.6,69.1,1002.6,22.9,368,87
2026-07-03T12:34:45.239Z,25.8,29.4,33.6,69.1,1002.6,22.9,368,79
2026-07-03T12:34:55.243Z,27,29,33.6,69.1,1002.6,22.9,368,82
2026-07-03T12:35:05.239Z,26.6,27.6,33.6,69.1,1002.6,22.9,368,81
2026-07-03T12:35:15.267Z,25.4,26.4,33.6,69.1,1002.6,22.8,368,78
2026-07-03T12:35:25.251Z,26.4,28.6,33.6,69.1,1002.6,22.8,368,81
2026-07-03T12:35:35.239Z,26.4,29.4,33.6,69.1,1002.6,22.8,368,81
2026-07-03T12:35:45.240Z,26,30,33.6,69.1,1002.6,22.8,368,80
2026-07-03T12:35:55.240Z,25,30,33.6,69.2,1002.6,22.8,368,78
2026-07-03T12:36:05.231Z,25.8,29.8,33.6,69.2,1002.6,22.8,369,79
2026-07-03T12:36:15.238Z,26.8,28.2,33.6,69.2,1002.6,22.8,368,81
2026-07-03T12:36:25.242Z,26.6,27.6,33.6,69.2,1002.6,22.8,371,81
2026-07-03T12:36:35.228Z,25.4,27.6,33.6,69.2,1002.6,22.8,372,78
2026-07-03T12:36:45.239Z,27,29.6,33.6,69.3,1002.6,22.8,371,82
2026-07-03T12:36:55.229Z,26,29.8,33.6,69.3,1002.6,22.8,380,80
2026-07-03T12:37:05.236Z,27,29.6,33.6,69.3,1002.6,22.8,381,82
2026-07-03T12:37:15.224Z,26.4,29.4,33.6,69.3,1002.6,22.9,381,81
2026-07-03T12:37:25.230Z,26.6,28.6,33.6,69.3,1002.6,22.9,380,81
2026-07-03T12:37:35.233Z,27.2,27.2,33.6,69.3,1002.6,22.9,383,82
2026-07-03T12:37:45.229Z,25.4,25.4,33.6,69.3,1002.6,22.9,380,78
2026-07-03T12:37:55.243Z,24.2,24.2,33.5,69.3,1002.6,22.9,383,76
2026-07-03T12:38:05.234Z,23.4,23.6,33.5,69.3,1002.6,22.9,384,74
2026-07-03T12:38:15.289Z,24.4,26.6,33.5,69.3,1002.6,22.9,384,76
2026-07-03T12:38:25.235Z,25.6,28,33.5,69.3,1002.6,22.9,384,79
2026-07-03T12:38:35.238Z,26.6,28.6,33.5,69.3,1002.6,22.9,384,81
2026-07-03T12:38:45.242Z,26.2,27.6,33.5,69.3,1002.6,22.9,385,80
2026-07-03T12:38:55.235Z,25.4,27.4,33.5,69.2,1002.6,23,386,78
2026-07-03T12:39:05.235Z,26,27.6,33.5,69.1,1002.6,23,386,80
2026-07-03T12:39:15.233Z,25.6,28.2,33.5,69,1002.6,23.1,386,79
2026-07-03T12:39:25.238Z,25.4,27,33.5,69,1002.6,23.1,386,78
2026-07-03T12:39:35.229Z,27.6,28.6,33.5,68.9,1002.6,23.2,386,83
2026-07-03T12:39:45.243Z,28,29,33.5,68.9,1002.6,23.3,385,84
2026-07-03T12:39:55.225Z,26.4,28.4,33.5,68.9,1002.6,23.3,381,81
2026-07-03T12:40:05.226Z,27.6,28.8,33.5,68.8,1002.6,23.4,379,83
2026-07-03T12:40:15.229Z,29.4,31.4,33.6,68.8,1002.6,23.4,379,87
2026-07-03T12:40:25.238Z,28.4,31.2,33.6,68.8,1002.6,23.4,379,85
2026-07-03T12:40:35.226Z,28,28.8,33.6,68.7,1002.6,23.4,375,84
2026-07-03T12:40:45.234Z,26.8,27.4,33.6,68.7,1002.6,23.4,375,81
2026-07-03T12:40:55.224Z,24.8,27.4,33.6,68.7,1002.6,23.5,379,77
2026-07-03T12:41:05.234Z,24.6,26.6,33.6,68.7,1002.6,23.5,375,77
2026-07-03T12:41:15.245Z,24,27,33.6,68.7,1002.6,23.5,375,76
2026-07-03T12:41:25.226Z,25.8,29,33.6,68.7,1002.6,23.5,381,79
2026-07-03T12:41:35.226Z,27,30.4,33.6,68.7,1002.6,23.5,375,82
2026-07-03T12:41:45.235Z,26.6,28.8,33.6,68.7,1002.6,23.5,384,81
2026-07-03T12:41:55.251Z,25.6,28.6,33.6,68.6,1002.6,23.6,385,79
2026-07-03T12:42:05.240Z,24.4,26.4,33.6,68.6,1002.7,23.6,386,76
2026-07-03T12:42:15.236Z,23,27,33.6,68.6,1002.7,23.6,386,73
2026-07-03T12:42:25.257Z,24.4,26.6,33.6,68.7,1002.7,23.7,387,76
2026-07-03T12:42:35.246Z,25.4,27.4,33.5,68.7,1002.7,23.7,387,78
2026-07-03T12:42:45.237Z,25,28.8,33.5,68.7,1002.7,23.8,387,78
2026-07-03T12:42:55.233Z,26,28.4,33.5,68.7,1002.7,23.8,387,80
2026-07-03T12:43:05.247Z,26,27,33.5,68.7,1002.7,23.9,387,80
2026-07-03T12:43:15.246Z,25.2,25.4,33.5,68.7,1002.7,23.9,386,78
2026-07-03T12:43:25.238Z,25,27,33.5,68.7,1002.7,23.9,386,78
2026-07-03T12:43:35.224Z,26,27,33.5,68.7,1002.7,23.9,385,80
2026-07-03T12:43:45.227Z,27,27.4,33.5,68.8,1002.6,24,385,82
2026-07-03T12:43:55.240Z,24.8,27,33.5,68.8,1002.6,24,385,77
2026-07-03T12:44:05.275Z,24.2,26.2,33.5,68.8,1002.6,24,385,76
2026-07-03T12:44:15.234Z,26.2,27.6,33.5,68.8,1002.6,24,385,80
2026-07-03T12:44:25.329Z,25.8,27,33.5,68.8,1002.6,24,385,79
2026-07-03T12:44:35.234Z,25.4,26.4,33.5,68.8,1002.6,24.1,383,78
2026-07-03T12:44:45.251Z,25.2,26.4,33.5,68.8,1002.6,24.1,383,78
2026-07-03T12:44:55.236Z,27.6,29.8,33.5,68.8,1002.6,24.1,382,83
2026-07-03T12:45:05.232Z,28,29.4,33.5,68.8,1002.6,24.1,382,84
2026-07-03T12:45:15.223Z,26,26.8,33.5,68.8,1002.6,24.1,382,80
2026-07-03T12:45:25.224Z,25.8,28.6,33.5,68.8,1002.6,24.1,381,79
2026-07-03T12:45:35.224Z,24.8,26.2,33.5,68.8,1002.6,24.1,381,77
2026-07-03T12:45:45.237Z,24.6,26.4,33.5,68.7,1002.6,24.1,381,77
2026-07-03T12:45:55.234Z,25.4,25.6,33.5,68.7,1002.7,24.1,381,78
2026-07-03T12:46:05.243Z,24.6,24.6,33.5,68.6,1002.7,24.1,377,77
2026-07-03T12:46:15.234Z,25.6,27.2,33.6,68.6,1002.7,24.1,377,79
2026-07-03T12:46:25.247Z,25.2,29,33.6,68.6,1002.7,24.1,377,78
2026-07-03T12:46:35.230Z,24.4,28.4,33.6,68.5,1002.7,24.1,377,76
2026-07-03T12:46:45.250Z,23.6,27.4,33.6,68.5,1002.7,24.1,377,75
2026-07-03T12:46:55.248Z,23.6,26.6,33.6,68.5,1002.7,24.1,377,75
2026-07-03T12:47:05.238Z,24.6,27,33.6,68.4,1002.7,24.1,375,77
2026-07-03T12:47:15.330Z,25.6,28.6,33.6,68.4,1002.7,24.1,375,79
2026-07-03T12:47:25.235Z,26.8,29.6,33.7,68.4,1002.7,24.1,375,81
2026-07-03T12:47:35.226Z,27,29,33.7,68.3,1002.7,24.1,375,82
2026-07-03T12:47:45.231Z,27.4,30.4,33.7,68.3,1002.7,24,375,83
2026-07-03T12:47:55.230Z,27.8,31.6,33.7,68.3,1002.7,24,375,84
2026-07-03T12:48:05.250Z,27,29,33.7,68.3,1002.7,24,378,82
2026-07-03T12:48:15.234Z,27,29.2,33.7,68.3,1002.7,24,375,82
2026-07-03T12:48:25.238Z,23.4,24.4,33.7,68.3,1002.7,23.9,375,74
2026-07-03T12:48:35.236Z,24.8,26.2,33.7,68.3,1002.7,23.9,378,77
2026-07-03T12:48:45.255Z,24.2,26.2,33.8,68.3,1002.7,23.9,375,76
2026-07-03T12:48:55.236Z,23.8,26.2,33.8,68.3,1002.7,23.8,378,75
2026-07-03T12:49:05.249Z,25,27.6,33.8,68.3,1002.7,23.8,381,78
2026-07-03T12:49:15.227Z,26,28.8,33.8,68.4,1002.7,23.7,381,80
2026-07-03T12:49:25.227Z,28.4,32.6,33.8,68.4,1002.7,23.7,385,85
2026-07-03T12:49:35.233Z,27.6,30.2,33.8,68.4,1002.7,23.7,388,83
2026-07-03T12:49:45.254Z,26.4,28.4,33.8,68.4,1002.7,23.6,388,81
2026-07-03T12:49:55.220Z,25.2,26.8,33.8,68.4,1002.8,23.5,388,78
2026-07-03T12:50:05.222Z,24,25,33.8,68.5,1002.8,23.5,390,76
2026-07-03T12:50:15.216Z,26.2,27.2,33.8,68.5,1002.8,23.4,390,80
2026-07-03T12:50:25.222Z,27.8,29.6,33.9,68.5,1002.8,23.4,393,84
2026-07-03T12:50:35.217Z,27.6,29.6,33.9,68.5,1002.8,23.4,394,83
2026-07-03T12:50:45.216Z,29,31.6,33.9,68.6,1002.8,23.3,394,86
2026-07-03T12:50:55.228Z,29.4,31.4,33.9,68.6,1002.8,23.3,394,87
2026-07-03T12:51:05.223Z,29,31,33.9,68.7,1002.8,23.2,395,86
2026-07-03T12:51:15.220Z,29.8,32.4,33.9,68.7,1002.8,23.2,397,88
2026-07-03T12:51:25.221Z,28,30,33.9,68.7,1002.8,23.1,399,84
2026-07-03T12:51:35.222Z,29,31,33.9,68.8,1002.8,23.1,399,86
2026-07-03T12:51:45.231Z,27.4,29.2,33.9,68.8,1002.8,23.1,399,83
2026-07-03T12:51:55.244Z,28,29.4,33.9,68.8,1002.8,23.1,400,84
2026-07-03T12:52:05.232Z,28.6,31.4,33.9,68.9,1002.8,23.1,400,85
2026-07-03T12:52:15.233Z,27.2,30.2,33.9,68.9,1002.8,23,400,82
2026-07-03T12:52:25.241Z,28.6,32.4,33.9,68.9,1002.8,23,400,85
2026-07-03T12:52:35.243Z,28.6,32.6,33.9,69,1002.8,23,400,85
2026-07-03T12:52:45.251Z,29.2,33.4,33.9,69,1002.8,23,400,86
2026-07-03T12:52:55.244Z,30,34,33.9,69.1,1002.8,23,400,88
2026-07-03T12:53:05.234Z,31,32,33.9,69.1,1002.8,23,400,90
2026-07-03T12:53:15.231Z,30.8,31.8,33.9,69.2,1002.8,23,400,90
2026-07-03T12:53:25.230Z,29.4,31.4,33.9,69.2,1002.8,23.1,400,87
2026-07-03T12:53:35.368Z,27,31,33.9,69.3,1002.8,23.1,400,82
2026-07-03T12:53:45.234Z,28.6,32.2,33.8,69.3,1002.8,23.1,400,85
2026-07-03T12:53:55.241Z,29,31.2,33.8,69.3,1002.8,23.1,400,86
2026-07-03T12:54:05.228Z,29.8,29.8,33.8,69.3,1002.9,23,400,88
2026-07-03T12:54:15.227Z,29,30.8,33.8,69.3,1002.9,23,400,86
2026-07-03T12:54:25.220Z,28.8,30.6,33.8,69.3,1002.9,23,400,86
2026-07-03T12:54:35.220Z,29,31.4,33.8,69.4,1002.9,23,404,86
2026-07-03T12:54:45.230Z,29.6,31.6,33.8,69.4,1002.9,23,404,87
2026-07-03T12:54:55.234Z,30,33,33.8,69.4,1002.9,23,407,88
2026-07-03T12:55:05.229Z,29.2,33,33.8,69.4,1002.9,23,410,86
2026-07-03T12:55:15.246Z,29.2,34,33.8,69.3,1002.9,23,411,86
2026-07-03T12:55:25.226Z,29.6,33.6,33.8,69.3,1002.9,23.1,411,87
2026-07-03T12:55:35.237Z,29.2,33.2,33.8,69.3,1002.9,23,413,86
2026-07-03T12:55:45.230Z,29.6,32.6,33.8,69.2,1002.9,23,413,87
2026-07-03T12:55:55.233Z,29.4,32.2,33.8,69.2,1002.9,23.1,413,87
2026-07-03T12:56:05.228Z,28.8,33.2,33.8,69.2,1002.9,23.1,413,86
2026-07-03T12:56:15.228Z,28.4,33,33.8,69.2,1002.9,23.1,414,85
2026-07-03T12:56:25.226Z,28.4,33.4,33.8,69.2,1002.9,23.1,414,85
2026-07-03T12:56:35.234Z,28.2,32.2,33.8,69.3,1002.9,23.1,414,84
2026-07-03T12:56:45.239Z,30,33,33.8,69.4,1002.9,23.1,414,88
2026-07-03T12:56:55.240Z,29,32,33.8,69.5,1002.9,23.2,414,86
2026-07-03T12:57:05.215Z,30,32.2,33.8,69.5,1002.9,23.2,414,88
2026-07-03T12:57:15.215Z,29.6,32,33.8,69.5,1002.9,23.2,414,87
2026-07-03T12:57:25.218Z,29.6,31.4,33.8,69.6,1002.9,23.2,414,87
2026-07-03T12:57:35.218Z,27.8,28.8,33.7,69.6,1002.9,23.2,415,84
2026-07-03T12:57:45.222Z,28.6,28.6,33.7,69.6,1002.9,23.2,416,85
2026-07-03T12:57:55.231Z,27.4,27.8,33.7,69.6,1002.9,23.2,416,83
2026-07-03T12:58:05.240Z,27,29,33.7,69.7,1003,23.2,416,82
2026-07-03T12:58:15.251Z,28.8,29.6,33.7,69.7,1003,23.2,418,86
2026-07-03T12:58:25.223Z,29.4,31.2,33.7,69.7,1003,23.2,416,87
2026-07-03T12:58:35.301Z,29,31,33.7,69.8,1003,23.2,416,86
2026-07-03T12:58:45.224Z,30,33,33.7,69.8,1003,23.2,417,88
2026-07-03T12:58:55.238Z,29.4,33.4,33.7,69.8,1003,23.1,417,87
2026-07-03T12:59:05.238Z,30.8,33.8,33.7,69.8,1003,23.1,419,90
2026-07-03T12:59:15.223Z,32,34,33.7,69.8,1003,23.1,420,92
2026-07-03T12:59:25.221Z,31.4,33.4,33.7,69.9,1003,23.1,420,91
2026-07-03T12:59:35.225Z,30.8,33.2,33.7,69.9,1003,23.1,420,90
2026-07-03T12:59:45.245Z,30.4,32.6,33.7,69.9,1003,23,420,89
2026-07-03T12:59:55.228Z,31.8,34.2,33.7,69.9,1003,23,420,92
2026-07-03T13:00:05.213Z,31.6,35.4,33.7,69.8,1003,23,420,92
2026-07-03T13:00:15.217Z,30,33.6,33.8,69.8,1003,23,420,88
2026-07-03T13:00:25.224Z,30,33,33.8,69.8,1003,22.9,420,88
2026-07-03T13:00:35.228Z,30.8,34.8,33.8,69.7,1003,22.9,421,90
2026-07-03T13:00:45.242Z,30,33,33.8,69.7,1003,22.8,421,88
2026-07-03T13:00:55.217Z,30.4,33,33.8,69.7,1003,22.8,421,89
2026-07-03T13:01:05.211Z,31.2,34,33.8,69.7,1003,22.7,421,91
2026-07-03T13:01:15.215Z,31,34,33.8,69.6,1003,22.7,421,90
2026-07-03T13:01:25.220Z,31,36,33.8,69.6,1003.1,22.7,426,90
2026-07-03T13:01:35.213Z,30.8,36.4,33.9,69.6,1003.1,22.6,429,90
2026-07-03T13:01:45.227Z,31,35,33.9,69.5,1003.1,22.6,429,90
2026-07-03T13:01:55.213Z,31.8,33.8,33.9,69.5,1003.1,22.5,432,92
2026-07-03T13:02:05.237Z,30.6,33.4,33.9,69.4,1003.1,22.5,432,89
2026-07-03T13:02:15.224Z,29.4,33.4,33.9,69.4,1003.1,22.5,432,87
2026-07-03T13:02:25.226Z,29.4,33.4,33.9,69.3,1003.1,22.5,429,87
2026-07-03T13:02:35.232Z,29,33,33.9,69.3,1003.1,22.5,429,86
2026-07-03T13:02:45.226Z,29.4,33.4,33.9,69.3,1003.1,22.5,426,87
2026-07-03T13:02:55.233Z,28.4,33.4,33.9,69.3,1003.1,22.5,426,85
2026-07-03T13:03:05.222Z,28.6,33,33.9,69.2,1003.1,22.5,426,85
2026-07-03T13:03:15.224Z,30.6,33.2,33.9,69.2,1003.1,22.6,426,89
2026-07-03T13:03:25.224Z,30.6,33.6,33.9,69.2,1003.1,22.6,426,89
2026-07-03T13:03:35.223Z,29.6,33.4,33.9,69.2,1003.1,22.6,426,87
2026-07-03T13:03:45.239Z,30,33.4,33.9,69.1,1003.1,22.7,426,88
2026-07-03T13:03:55.222Z,29,33,33.9,69.1,1003.1,22.7,425,86
2026-07-03T13:04:05.224Z,30,33.6,33.9,69.1,1003.1,22.7,425,88
2026-07-03T13:04:15.249Z,31,34,33.9,69.1,1003.1,22.8,425,90
2026-07-03T13:04:25.223Z,30.2,33.2,33.9,69.1,1003.1,22.8,425,89
2026-07-03T13:04:35.226Z,30.4,34.4,33.9,69.1,1003.1,22.9,425,89
2026-07-03T13:04:45.236Z,31,34.6,33.9,69.2,1003.1,22.9,425,90
2026-07-03T13:04:55.228Z,30.6,33.6,33.9,69.2,1003.1,22.9,425,89
2026-07-03T13:05:05.230Z,29,33,33.9,69.2,1003.1,23,425,86
2026-07-03T13:05:15.230Z,29.2,32.6,33.9,69.3,1003.1,23,425,86
2026-07-03T13:05:25.225Z,31.2,34,33.8,69.3,1003.1,23.1,424,91
2026-07-03T13:05:35.227Z,31,33.6,33.8,69.3,1003.2,23.1,423,90
2026-07-03T13:05:45.225Z,30,33,33.8,69.3,1003.2,23.1,424,88
2026-07-03T13:05:55.227Z,29.6,32.6,33.8,69.3,1003.2,23.2,424,87
2026-07-03T13:06:05.229Z,30.4,33,33.8,69.3,1003.2,23.2,423,89
2026-07-03T13:06:15.225Z,31.8,34.4,33.8,69.3,1003.2,23.2,421,92
2026-07-03T13:06:25.226Z,32,36.4,33.8,69.3,1003.2,23.2,423,92
2026-07-03T13:06:35.223Z,32.4,36.4,33.8,69.3,1003.2,23.3,421,93
2026-07-03T13:06:45.228Z,31.8,35.4,33.8,69.3,1003.2,23.3,419,92
2026-07-03T13:06:55.223Z,32,37.8,33.8,69.2,1003.2,23.3,419,92
2026-07-03T13:07:05.232Z,30,33.8,33.8,69.2,1003.2,23.4,418,88
2026-07-03T13:07:15.227Z,30.6,34,33.8,69.2,1003.2,23.4,415,89
2026-07-03T13:07:25.238Z,30,34,33.8,69.1,1003.2,23.4,415,88
2026-07-03T13:07:35.225Z,31.4,35.4,33.8,69.1,1003.2,23.5,412,91
2026-07-03T13:07:45.229Z,31.2,34.6,33.8,69.1,1003.2,23.5,411,91
2026-07-03T13:07:55.223Z,31,33.6,33.8,69.1,1003.2,23.6,411,90
2026-07-03T13:08:05.245Z,30,33,33.8,69.1,1003.2,23.6,409,88
2026-07-03T13:08:15.292Z,30.8,33.2,33.8,69.1,1003.2,23.6,408,90
2026-07-03T13:08:25.225Z,31.6,34.2,33.8,69,1003.2,23.7,408,92
2026-07-03T13:08:35.224Z,32,35,33.8,69,1003.2,23.7,408,92
2026-07-03T13:08:45.227Z,31,34,33.8,69,1003.2,23.7,407,90
2026-07-03T13:08:55.226Z,30.6,33,33.8,68.9,1003.2,23.8,406,89
2026-07-03T13:09:05.255Z,29.8,33.8,33.8,68.9,1003.2,23.8,403,88
2026-07-03T13:09:15.251Z,29.4,31.6,33.8,68.9,1003.2,23.9,401,87
2026-07-03T13:09:25.224Z,29,30.8,33.8,68.9,1003.2,23.9,400,86
2026-07-03T13:09:35.234Z,29.4,31.4,33.8,68.9,1003.2,23.9,400,87
2026-07-03T13:09:45.302Z,30,32.6,33.8,68.9,1003.2,24,400,88
2026-07-03T13:09:55.227Z,29.4,33.4,33.8,68.9,1003.2,24,399,87
2026-07-03T13:10:05.218Z,29,33,33.8,68.9,1003.2,24,399,86
2026-07-03T13:10:15.234Z,30,33.6,33.8,68.9,1003.3,24,399,88
2026-07-03T13:10:25.228Z,29.4,32.6,33.8,68.9,1003.3,24,399,87
2026-07-03T13:10:35.214Z,31.8,35.6,33.8,68.9,1003.3,24.1,399,92
2026-07-03T13:10:45.226Z,31.8,35.8,33.8,68.9,1003.3,24.1,399,92
2026-07-03T13:10:55.211Z,31,34,33.8,68.9,1003.3,24.1,397,90
2026-07-03T13:11:05.227Z,31.8,35.8,33.8,68.9,1003.3,24.1,391,92
2026-07-03T13:11:15.210Z,31.6,33.8,33.8,69,1003.3,24.1,395,92
2026-07-03T13:11:25.222Z,29.4,32.4,33.8,69,1003.3,24.2,391,87
2026-07-03T13:11:35.214Z,29.8,33.8,33.8,69,1003.3,24.2,390,88
2026-07-03T13:11:45.217Z,30,33,33.8,69,1003.3,24.2,390,88
2026-07-03T13:11:55.208Z,30,33.4,33.8,69,1003.3,24.2,388,88
2026-07-03T13:12:05.214Z,31.2,37,33.8,69,1003.3,24.3,387,91
2026-07-03T13:12:15.217Z,30.8,34,33.8,69,1003.3,24.3,387,90
2026-07-03T13:12:25.218Z,32,34.4,33.8,69,1003.3,24.3,386,92
2026-07-03T13:12:35.219Z,31.4,35.4,33.8,69,1003.3,24.4,384,91
2026-07-03T13:12:45.227Z,29.2,31.6,33.8,69,1003.3,24.4,384,86
2026-07-03T13:12:55.211Z,29,30.4,33.7,69,1003.3,24.5,383,86
2026-07-03T13:13:05.236Z,29.8,33.8,33.7,69,1003.3,24.5,382,88
2026-07-03T13:13:15.239Z,30.6,33.6,33.7,69,1003.3,24.6,378,89
2026-07-03T13:13:25.232Z,30.8,33,33.7,69,1003.3,24.6,375,90
2026-07-03T13:13:35.216Z,30,32.2,33.7,69,1003.3,24.6,373,88
2026-07-03T13:13:45.224Z,31.4,34,33.7,68.9,1003.3,24.7,373,91
2026-07-03T13:13:55.221Z,31.6,35.6,33.7,68.9,1003.3,24.7,371,92
2026-07-03T13:14:05.229Z,32.6,38,33.7,68.8,1003.3,24.7,371,94
2026-07-03T13:14:15.219Z,31.4,37,33.7,68.8,1003.3,24.8,370,91
2026-07-03T13:14:25.218Z,32,36,33.7,68.7,1003.3,24.8,366,92
2026-07-03T13:14:35.229Z,31.4,34.4,33.7,68.6,1003.3,24.8,366,91
2026-07-03T13:14:45.224Z,29.6,32.8,33.7,68.6,1003.3,24.8,363,87
2026-07-03T13:14:55.223Z,28.6,30.6,33.8,68.5,1003.3,24.8,359,85
2026-07-03T13:15:05.267Z,28.4,32.4,33.8,68.5,1003.3,24.8,360,85
2026-07-03T13:15:15.222Z,29,32.8,33.8,68.4,1003.3,24.8,358,86
2026-07-03T13:15:25.241Z,30.2,33.8,33.8,68.4,1003.3,24.9,358,89
2026-07-03T13:15:35.215Z,29.8,32,33.8,68.3,1003.3,24.9,358,88
2026-07-03T13:15:45.220Z,29,31,33.8,68.3,1003.3,24.9,357,86
2026-07-03T13:15:55.214Z,29.2,31,33.8,68.3,1003.3,24.9,357,86
2026-07-03T13:16:05.234Z,29.6,30.6,33.8,68.3,1003.4,25,357,87
2026-07-03T13:16:15.225Z,30.6,33.2,33.8,68.2,1003.4,25,357,89
2026-07-03T13:16:25.230Z,31,33.8,33.8,68.2,1003.4,25.1,356,90
2026-07-03T13:16:35.219Z,29.4,32.4,33.8,68.2,1003.4,25.1,356,87
2026-07-03T13:16:45.235Z,29.4,32.2,33.8,68.2,1003.4,25.1,354,87
2026-07-03T13:16:55.228Z,30,32,33.8,68.2,1003.4,25.2,354,88
2026-07-03T13:17:05.216Z,28,29.8,33.8,68.1,1003.4,25.2,354,84
2026-07-03T13:17:15.207Z,28,30,33.8,68.1,1003.4,25.2,354,84
2026-07-03T13:17:25.209Z,27.4,27.4,33.8,68.1,1003.4,25.3,354,83
2026-07-03T13:17:35.214Z,29,30,33.8,68.2,1003.4,25.3,352,86
2026-07-03T13:17:45.208Z,30,31,33.8,68.2,1003.4,25.3,352,88
2026-07-03T13:17:55.210Z,28,31,33.8,68.2,1003.4,25.3,352,84
2026-07-03T13:18:05.217Z,28.2,30.4,33.8,68.3,1003.4,25.4,351,84
2026-07-03T13:18:15.223Z,28,30,33.8,68.3,1003.4,25.4,351,84
2026-07-03T13:18:25.223Z,28.8,30.6,33.8,68.3,1003.4,25.5,352,86
2026-07-03T13:18:35.220Z,29,31.4,33.7,68.4,1003.4,25.5,351,86
2026-07-03T13:18:45.227Z,27.6,33.6,33.7,68.4,1003.4,25.5,351,83
2026-07-03T13:18:55.234Z,28.2,32.6,33.7,68.4,1003.4,25.6,351,84
2026-07-03T13:19:05.231Z,28.4,31.2,33.7,68.4,1003.4,25.6,350,85
2026-07-03T13:19:15.217Z,27.6,30.6,33.7,68.4,1003.4,25.6,350,83
2026-07-03T13:19:25.218Z,27,29.6,33.7,68.4,1003.4,25.7,351,82
2026-07-03T13:19:35.305Z,27,30,33.7,68.4,1003.4,25.7,351,82
2026-07-03T13:19:45.219Z,28,31.4,33.7,68.4,1003.4,25.7,350,84
2026-07-03T13:19:55.226Z,26.6,31.8,33.7,68.4,1003.4,25.7,351,81
2026-07-03T13:20:05.206Z,26.8,31.8,33.7,68.4,1003.4,25.7,350,81
2026-07-03T13:20:15.234Z,29.6,32.6,33.7,68.5,1003.5,25.7,350,87
2026-07-03T13:20:25.264Z,29.6,31.4,33.7,68.5,1003.5,25.7,351,87
2026-07-03T13:20:35.205Z,27.6,29,33.7,68.5,1003.5,25.7,350,83
2026-07-03T13:20:45.211Z,27.4,30.2,33.7,68.4,1003.5,25.7,351,83
2026-07-03T13:20:55.234Z,28.2,30.4,33.7,68.4,1003.5,25.6,351,84
2026-07-03T13:21:05.225Z,28.6,31.2,33.7,68.4,1003.5,25.6,351,85
2026-07-03T13:21:15.229Z,28.2,30.4,33.7,68.3,1003.5,25.6,350,84
2026-07-03T13:21:25.216Z,30,33,33.7,68.3,1003.5,25.6,349,88
2026-07-03T13:21:35.218Z,29.6,33.6,33.7,68.3,1003.5,25.6,349,87
2026-07-03T13:21:45.231Z,28,29.4,33.7,68.2,1003.5,25.6,349,84
2026-07-03T13:21:55.230Z,26.8,27.8,33.8,68.2,1003.5,25.6,349,81
2026-07-03T13:22:05.215Z,26.4,27.4,33.8,68.1,1003.5,25.6,348,81
2026-07-03T13:22:15.211Z,27,29.2,33.8,68.1,1003.5,25.6,343,82
2026-07-03T13:22:25.206Z,29.4,32.6,33.8,68.1,1003.5,25.6,343,87
2026-07-03T13:22:35.206Z,29.4,33.4,33.8,68.1,1003.5,25.6,343,87
2026-07-03T13:22:45.212Z,31.4,35,33.8,68.1,1003.5,25.6,343,91
2026-07-03T13:22:55.219Z,31.4,33.4,33.8,68,1003.5,25.6,343,91
2026-07-03T13:23:05.236Z,31.6,33.6,33.8,68,1003.5,25.7,341,92
2026-07-03T13:23:15.222Z,30.6,33.6,33.8,67.9,1003.5,25.7,342,89
2026-07-03T13:23:25.229Z,31,34,33.8,67.8,1003.5,25.7,341,90
2026-07-03T13:23:35.216Z,29.4,33.4,33.9,67.7,1003.5,25.7,338,87
2026-07-03T13:23:45.241Z,29,33,33.9,67.6,1003.5,25.7,338,86
2026-07-03T13:23:55.222Z,29,32.6,33.9,67.6,1003.5,25.8,338,86
2026-07-03T13:24:05.220Z,31,35.8,33.9,67.5,1003.5,25.8,337,90
2026-07-03T13:24:15.215Z,30.8,33.8,33.9,67.4,1003.5,25.8,337,90
2026-07-03T13:24:25.216Z,30,35,33.9,67.4,1003.5,25.8,337,88
2026-07-03T13:24:35.225Z,29.4,36,34,67.3,1003.5,25.8,337,87
2026-07-03T13:24:45.216Z,30.8,36.4,34,67.3,1003.5,25.9,337,90
2026-07-03T13:24:55.222Z,32,39,34,67.3,1003.5,25.9,337,92
2026-07-03T13:25:05.270Z,32.8,40.4,34,67.2,1003.5,25.9,336,94
2026-07-03T13:25:15.215Z,31,38,34,67.2,1003.5,25.9,336,90
2026-07-03T13:25:25.211Z,32,37.4,34,67.2,1003.5,25.9,336,92
2026-07-03T13:25:35.213Z,31.6,35.6,34,67.1,1003.5,26,336,92
2026-07-03T13:25:45.208Z,31.6,34,34,67.1,1003.5,26,336,92
2026-07-03T13:25:55.220Z,29,33,34,67.1,1003.5,26,336,86
2026-07-03T13:26:05.208Z,30.4,33.8,34,67,1003.5,26.1,336,89
2026-07-03T13:26:15.213Z,30,33,34,67,1003.5,26.1,336,88
2026-07-03T13:26:25.230Z,29.8,33.4,34,67,1003.5,26.2,334,88
2026-07-03T13:26:35.207Z,31.4,35.4,34,67,1003.5,26.2,334,91
2026-07-03T13:26:45.206Z,31.8,35.8,34,66.9,1003.5,26.3,333,92
2026-07-03T13:26:55.205Z,30.2,33,34,66.9,1003.5,26.3,331,89
2026-07-03T13:27:05.216Z,32,34,34,66.9,1003.5,26.4,333,92
2026-07-03T13:27:15.215Z,30.2,33.4,34,66.8,1003.5,26.4,331,89
2026-07-03T13:27:25.218Z,29.4,32.6,34,66.7,1003.5,26.4,331,87
2026-07-03T13:27:35.222Z,29.6,31.6,34,66.7,1003.5,26.5,331,87
2026-07-03T13:27:45.224Z,30,31.6,34.1,66.6,1003.5,26.6,330,88
2026-07-03T13:27:55.215Z,28.6,30.8,34.1,66.6,1003.5,26.6,329,85
2026-07-03T13:28:05.213Z,29,31.4,34.1,66.5,1003.5,26.7,330,86
2026-07-03T13:28:15.229Z,30.2,32.8,34.1,66.5,1003.5,26.7,330,89
2026-07-03T13:28:25.214Z,31.6,33.8,34.1,66.5,1003.5,26.7,330,92
2026-07-03T13:28:35.210Z,29.6,30.6,34.1,66.5,1003.5,26.8,330,87
2026-07-03T13:28:45.216Z,30,31.4,34.1,66.5,1003.5,26.8,330,88
2026-07-03T13:28:55.220Z,30.8,33.2,34.1,66.5,1003.5,26.9,330,90
2026-07-03T13:29:05.214Z,30.6,35.2,34.1,66.5,1003.5,26.9,330,89
2026-07-03T13:29:15.215Z,30,35.4,34.1,66.5,1003.5,27,330,88
2026-07-03T13:29:25.211Z,30,35,34.1,66.5,1003.5,27,330,88
2026-07-03T13:29:35.222Z,29.2,33,34.1,66.5,1003.5,27.1,330,86
2026-07-03T13:29:45.217Z,29.4,32.4,34.1,66.5,1003.5,27.1,330,87
2026-07-03T13:29:55.233Z,29,30,34.1,66.5,1003.5,27.1,328,86
2026-07-03T13:30:05.221Z,28,29.2,34.1,66.5,1003.5,27.1,326,84
2026-07-03T13:30:15.218Z,29.4,30,34.1,66.4,1003.5,27.1,326,87
2026-07-03T13:30:25.225Z,29.4,31.4,34.1,66.4,1003.5,27.1,326,87
2026-07-03T13:30:35.206Z,29.2,32.8,34.1,66.4,1003.5,27.1,325,86
2026-07-03T13:30:45.217Z,29.6,34.6,34.1,66.5,1003.5,27.1,325,87
2026-07-03T13:30:55.228Z,29.6,33.6,34.1,66.5,1003.5,27.1,326,87
2026-07-03T13:31:05.212Z,31,34,34.1,66.6,1003.5,27.1,325,90
2026-07-03T13:31:15.241Z,29.8,32.8,34.1,66.6,1003.5,27.1,325,88
2026-07-03T13:31:25.217Z,29.8,32,34.1,66.7,1003.5,27.1,328,88
2026-07-03T13:31:35.222Z,29,30.6,34.1,66.7,1003.5,27.1,328,86
2026-07-03T13:31:45.223Z,29.4,30.4,34.1,66.8,1003.5,27.1,328,87
2026-07-03T13:31:55.217Z,29.6,32.4,34.1,66.9,1003.5,27.1,329,87
2026-07-03T13:32:05.242Z,30.6,34.6,34.1,66.9,1003.5,27.1,330,89
2026-07-03T13:32:15.217Z,30,34.2,34.1,67,1003.5,27.1,330,88
2026-07-03T13:32:25.217Z,29.6,33.6,34,67,1003.5,27.1,330,87
2026-07-03T13:32:35.214Z,29.4,34,34,67,1003.5,27.1,330,87
2026-07-03T13:32:45.210Z,29.4,33.4,34,67,1003.5,27.1,330,87
2026-07-03T13:32:55.213Z,29.2,33.2,34,67,1003.5,27,331,86
2026-07-03T13:33:05.207Z,28.4,32.4,34.1,67,1003.5,27,331,85
2026-07-03T13:33:15.206Z,26.2,31.4,34.1,67,1003.5,27,331,80
2026-07-03T13:33:25.217Z,25,29.6,34.1,66.9,1003.5,26.9,331,78
2026-07-03T13:33:35.205Z,28.6,32,34.1,66.9,1003.5,26.9,332,85
2026-07-03T13:33:45.228Z,29.4,32,34.1,66.9,1003.5,26.9,332,87
2026-07-03T13:33:55.208Z,28.6,31.8,34.1,66.9,1003.5,26.8,332,85
2026-07-03T13:34:05.301Z,29.4,33.2,34.1,66.8,1003.5,26.8,331,87
2026-07-03T13:34:15.240Z,30,31.4,34.1,66.8,1003.5,26.8,330,88
2026-07-03T13:34:25.213Z,29.2,32.2,34.1,66.9,1003.5,26.8,330,86
2026-07-03T13:34:35.213Z,29,31,34.1,66.9,1003.5,26.9,330,86
2026-07-03T13:34:45.213Z,29.2,31.6,34.1,66.9,1003.5,26.9,330,86
2026-07-03T13:34:55.215Z,30.4,33.4,34.1,67,1003.5,27,329,89
2026-07-03T13:35:05.221Z,30.4,32.4,34.1,67,1003.5,27,329,89
2026-07-03T13:35:15.247Z,31,32,34.1,67.1,1003.5,27.1,330,90
2026-07-03T13:35:25.222Z,31,33,34,67.2,1003.5,27.2,329,90
2026-07-03T13:35:35.208Z,29.6,32.6,34,67.2,1003.5,27.3,329,87
2026-07-03T13:35:45.206Z,29.6,32.6,34,67.3,1003.5,27.3,330,87
2026-07-03T13:35:55.201Z,29.4,32.4,34,67.4,1003.5,27.4,330,87
2026-07-03T13:36:05.204Z,30.4,34.4,33.9,67.4,1003.5,27.5,334,89
2026-07-03T13:36:15.213Z,30.8,34.4,33.9,67.5,1003.5,27.6,335,90
2026-07-03T13:36:25.220Z,28.6,33,33.9,67.6,1003.5,27.7,335,85
2026-07-03T13:36:35.215Z,27.6,32.4,33.9,67.7,1003.5,27.8,336,83
2026-07-03T13:36:45.227Z,28.4,31.4,33.8,67.8,1003.5,27.8,336,85
2026-07-03T13:36:55.208Z,27.6,30.4,33.8,67.8,1003.5,27.9,336,83
2026-07-03T13:37:05.198Z,28.2,29.6,33.8,67.9,1003.5,28,336,84
2026-07-03T13:37:15.207Z,29.6,31.4,33.8,67.9,1003.5,28.1,336,87
2026-07-03T13:37:25.214Z,29,30.6,33.7,68,1003.5,28.1,336,86
2026-07-03T13:37:35.200Z,29.8,30.4,33.7,68,1003.5,28.2,336,88
2026-07-03T13:37:45.219Z,29.4,31.4,33.7,68,1003.5,28.3,336,87
2026-07-03T13:37:55.214Z,31,32.4,33.7,68,1003.5,28.3,336,90
2026-07-03T13:38:05.215Z,30.2,31.6,33.7,68.1,1003.5,28.3,336,89
2026-07-03T13:38:15.219Z,29,29.8,33.7,68.1,1003.5,28.4,336,86
2026-07-03T13:38:25.213Z,29.6,31.4,33.6,68.1,1003.5,28.4,336,87
2026-07-03T13:38:35.207Z,29.8,32.6,33.6,68.1,1003.5,28.5,336,88
2026-07-03T13:38:45.211Z,28.8,32.6,33.6,68.1,1003.5,28.5,336,86
2026-07-03T13:38:55.213Z,29.6,32.6,33.6,68.2,1003.5,28.6,336,87
2026-07-03T13:39:05.207Z,31.6,33.8,33.6,68.2,1003.5,28.6,336,92
2026-07-03T13:39:15.214Z,30.2,32.8,33.6,68.2,1003.5,28.6,336,89
2026-07-03T13:39:25.245Z,32,35.8,33.6,68.2,1003.5,28.6,336,92
2026-07-03T13:39:35.210Z,30.8,33.6,33.6,68.3,1003.5,28.6,336,90
2026-07-03T13:39:45.218Z,32,34.6,33.6,68.3,1003.5,28.7,336,92
2026-07-03T13:39:55.218Z,29,33,33.6,68.3,1003.5,28.7,336,86
2026-07-03T13:40:05.249Z,29.6,33.4,33.6,68.3,1003.5,28.7,337,87
2026-07-03T13:40:15.217Z,31.4,35.2,33.6,68.3,1003.5,28.7,337,91
2026-07-03T13:40:25.225Z,30.6,33,33.6,68.3,1003.5,28.7,337,89
2026-07-03T13:40:35.233Z,30.4,32,33.6,68.3,1003.5,28.7,337,89
2026-07-03T13:40:45.225Z,30.2,31.8,33.6,68.3,1003.5,28.7,337,89
2026-07-03T13:40:55.219Z,31,32.2,33.6,68.3,1003.5,28.7,337,90
2026-07-03T13:41:05.254Z,30.2,33.2,33.6,68.3,1003.5,28.7,337,89
2026-07-03T13:41:15.218Z,31,33,33.6,68.3,1003.5,28.7,337,90
2026-07-03T13:41:25.210Z,31.8,34,33.6,68.2,1003.5,28.6,337,92
2026-07-03T13:41:35.227Z,30.8,33.4,33.6,68.2,1003.5,28.6,337,90
2026-07-03T13:41:45.215Z,31.8,34,33.6,68.1,1003.4,28.6,336,92
2026-07-03T13:41:55.222Z,31.2,34,33.6,68.1,1003.4,28.6,336,91
2026-07-03T13:42:05.208Z,31,33.2,33.6,68,1003.4,28.6,336,90
2026-07-03T13:42:15.213Z,30,33,33.6,68,1003.4,28.6,336,88
2026-07-03T13:42:25.211Z,30,34,33.6,67.9,1003.4,28.6,336,88
2026-07-03T13:42:35.222Z,31.4,34.6,33.6,67.9,1003.4,28.6,336,91
2026-07-03T13:42:45.207Z,33,38,33.6,67.8,1003.4,28.6,336,94
2026-07-03T13:42:55.209Z,35.6,41.4,33.7,67.8,1003.4,28.6,336,101
2026-07-03T13:43:05.208Z,34.8,40.8,33.7,67.7,1003.4,28.5,335,98
2026-07-03T13:43:15.216Z,34.8,41,33.7,67.7,1003.4,28.5,333,98
2026-07-03T13:43:25.205Z,32.6,38,33.7,67.6,1003.4,28.5,335,94
2026-07-03T13:43:35.210Z,32.6,37.2,33.7,67.6,1003.4,28.5,333,94
2026-07-03T13:43:45.232Z,32.6,36.8,33.7,67.6,1003.4,28.4,333,94
2026-07-03T13:43:55.236Z,32.4,37.2,33.7,67.6,1003.4,28.4,335,93
2026-07-03T13:44:05.211Z,31.2,35.2,33.7,67.6,1003.4,28.3,333,91
2026-07-03T13:44:15.196Z,32.6,37,33.8,67.5,1003.4,28.3,333,94
2026-07-03T13:44:25.196Z,33,38,33.8,67.5,1003.4,28.3,336,94
2026-07-03T13:44:35.203Z,33.4,38.4,33.8,67.5,1003.4,28.3,336,95
2026-07-03T13:44:45.207Z,33,39,33.8,67.5,1003.4,28.3,336,94
2026-07-03T13:44:55.203Z,32.4,38.4,33.8,67.5,1003.4,28.3,336,93
2026-07-03T13:45:05.210Z,32,37.6,33.8,67.5,1003.4,28.3,336,92
2026-07-03T13:45:15.216Z,32.6,36.6,33.8,67.5,1003.4,28.3,336,94
2026-07-03T13:45:25.207Z,32.2,36.2,33.8,67.5,1003.4,28.3,336,93
2026-07-03T13:45:35.213Z,32.2,35.8,33.8,67.5,1003.4,28.3,336,93
2026-07-03T13:45:45.204Z,32.4,37.4,33.8,67.5,1003.4,28.3,336,93
2026-07-03T13:45:55.211Z,33,39,33.8,67.5,1003.4,28.3,336,94
2026-07-03T13:46:05.213Z,32,37.2,33.8,67.5,1003.4,28.3,336,92
2026-07-03T13:46:15.214Z,32,36.4,33.8,67.4,1003.4,28.3,336,92
2026-07-03T13:46:25.211Z,31.6,36.6,33.9,67.4,1003.4,28.3,335,92
2026-07-03T13:46:35.210Z,32.2,36.8,33.9,67.4,1003.4,28.3,335,93
2026-07-03T13:46:45.217Z,32,37,33.9,67.4,1003.5,28.3,334,92
2026-07-03T13:46:55.224Z,32.4,37.4,33.9,67.4,1003.5,28.3,334,93
2026-07-03T13:47:05.216Z,32.4,37.8,33.9,67.4,1003.5,28.2,334,93
2026-07-03T13:47:15.211Z,32.2,35.8,33.9,67.4,1003.5,28.2,334,93
2026-07-03T13:47:25.211Z,31.6,35.4,33.9,67.4,1003.5,28.2,334,92
2026-07-03T13:47:35.218Z,32,34,33.9,67.3,1003.5,28.2,333,92
2026-07-03T13:47:45.211Z,31.8,33.8,33.9,67.3,1003.5,28.1,334,92
2026-07-03T13:47:55.226Z,31.2,35,33.9,67.3,1003.5,28.1,333,91
2026-07-03T13:48:05.221Z,31.4,34.8,34,67.3,1003.5,28.1,333,91
2026-07-03T13:48:15.220Z,31.4,37.4,34,67.3,1003.5,28.1,333,91
2026-07-03T13:48:25.242Z,31.2,36.2,34,67.3,1003.5,28,333,91
2026-07-03T13:48:35.209Z,30.8,34,34,67.3,1003.5,28,333,90
2026-07-03T13:48:45.213Z,30.2,33.2,34,67.3,1003.5,28,333,89
2026-07-03T13:48:55.219Z,30.8,35.8,34,67.3,1003.5,28,333,90
2026-07-03T13:49:05.216Z,30.4,33.4,34,67.3,1003.5,28,333,89
2026-07-03T13:49:15.214Z,30.2,34.8,34,67.3,1003.5,28,333,89
2026-07-03T13:49:25.221Z,32,37.2,34,67.3,1003.5,28,333,92
2026-07-03T13:49:35.213Z,31.6,37.6,34,67.3,1003.5,28,333,92
2026-07-03T13:49:45.212Z,32,37,34,67.3,1003.5,28,333,92
2026-07-03T13:49:55.210Z,31.4,34.6,34,67.3,1003.5,28,333,91
2026-07-03T13:50:05.214Z,31.4,34.4,34,67.3,1003.5,28,333,91
2026-07-03T13:50:15.204Z,31.6,35.6,34,67.3,1003.5,28,333,92
2026-07-03T13:50:25.191Z,31.8,37.4,34,67.4,1003.5,28,333,92
2026-07-03T13:50:35.210Z,32,37,33.9,67.4,1003.5,28.1,333,92
2026-07-03T13:50:45.209Z,31.4,36.6,33.9,67.4,1003.5,28.1,333,91
2026-07-03T13:50:55.194Z,32,37.8,33.9,67.4,1003.5,28.1,333,92
2026-07-03T13:51:05.894Z,32.6,35.8,33.9,67.5,1003.5,28.1,333,94
2026-07-03T13:51:15.199Z,32.4,37,33.9,67.5,1003.5,28.2,333,93
2026-07-03T13:51:25.206Z,31.6,36.8,33.9,67.5,1003.5,28.2,333,92
2026-07-03T13:51:35.193Z,31.4,34.4,33.9,67.5,1003.5,28.2,333,91
2026-07-03T13:51:45.195Z,31.4,35.2,33.9,67.5,1003.5,28.3,333,91
2026-07-03T13:51:55.193Z,31.8,37.8,33.9,67.6,1003.5,28.3,333,92
2026-07-03T13:52:05.198Z,32,39.4,33.9,67.6,1003.5,28.4,333,92
2026-07-03T13:52:15.202Z,31.6,37.6,33.8,67.6,1003.5,28.4,333,92
2026-07-03T13:52:25.210Z,31.6,35.6,33.8,67.6,1003.5,28.4,333,92
2026-07-03T13:52:35.202Z,31.6,34.6,33.8,67.7,1003.5,28.5,333,92
2026-07-03T13:52:45.218Z,31.2,35.2,33.8,67.7,1003.5,28.5,333,91
2026-07-03T13:52:55.227Z,31,33.4,33.8,67.8,1003.5,28.6,333,90
2026-07-03T13:53:05.216Z,29.6,33.4,33.8,67.8,1003.5,28.6,333,87
2026-07-03T13:53:15.218Z,30.2,33.2,33.8,67.8,1003.5,28.6,333,89
2026-07-03T13:53:25.204Z,32,34,33.7,67.9,1003.5,28.7,333,92
2026-07-03T13:53:35.200Z,31,33.4,33.7,67.9,1003.5,28.7,334,90
2026-07-03T13:53:45.200Z,32,35,33.7,67.9,1003.5,28.8,334,92
2026-07-03T13:53:55.259Z,31,34.8,33.7,67.9,1003.5,28.8,334,90
2026-07-03T13:54:05.201Z,31.8,38.4,33.7,67.9,1003.5,28.8,334,92
2026-07-03T13:54:15.199Z,31.4,38.4,33.7,67.9,1003.5,28.8,334,91
2026-07-03T13:54:25.207Z,31.4,39.4,33.7,67.9,1003.5,28.8,334,91
2026-07-03T13:54:35.197Z,32.4,42.4,33.7,67.9,1003.5,28.9,334,93
2026-07-03T13:54:45.252Z,33,41.4,33.7,67.9,1003.5,28.8,334,94
2026-07-03T13:54:55.206Z,32,39,33.7,67.9,1003.5,28.8,332,92
2026-07-03T13:55:05.200Z,33.8,40.8,33.7,67.9,1003.5,28.7,331,96
2026-07-03T13:55:15.216Z,32.8,39.4,33.7,67.8,1003.5,28.7,332,94
2026-07-03T13:55:25.208Z,31.4,36,33.7,67.8,1003.6,28.6,332,91
2026-07-03T13:55:35.199Z,31,35,33.7,67.8,1003.6,28.5,331,90
2026-07-03T13:55:45.212Z,32,36,33.7,67.7,1003.6,28.5,330,92
2026-07-03T13:55:55.205Z,32,36,33.8,67.7,1003.6,28.4,333,92
2026-07-03T13:56:05.206Z,31.4,35.4,33.8,67.6,1003.6,28.4,330,91
2026-07-03T13:56:15.201Z,31.6,35.6,33.8,67.6,1003.6,28.3,330,92
2026-07-03T13:56:25.204Z,31.6,34.6,33.8,67.6,1003.6,28.2,331,92
2026-07-03T13:56:35.203Z,31.8,34.6,33.8,67.5,1003.6,28.1,330,92
2026-07-03T13:56:45.211Z,31.4,35.2,33.8,67.5,1003.6,28,331,91
2026-07-03T13:56:55.209Z,32.2,35.4,33.9,67.4,1003.6,28,332,93
2026-07-03T13:57:05.209Z,31.4,33.8,33.9,67.4,1003.6,27.9,332,91
2026-07-03T13:57:15.203Z,31.4,33.6,33.9,67.4,1003.6,27.8,331,91
2026-07-03T13:57:25.206Z,31,36,33.9,67.3,1003.6,27.7,332,90
2026-07-03T13:57:35.204Z,32,35.8,33.9,67.3,1003.6,27.6,333,92
2026-07-03T13:57:45.205Z,31.2,33.4,33.9,67.3,1003.6,27.6,333,91
2026-07-03T13:57:55.210Z,32,35.2,34,67.2,1003.6,27.6,333,92
2026-07-03T13:58:05.228Z,31.8,36.6,34,67.2,1003.6,27.6,332,92
2026-07-03T13:58:15.265Z,32,36.2,34,67.2,1003.6,27.6,332,92
2026-07-03T13:58:25.199Z,32.4,37.4,34,67.2,1003.6,27.6,332,93
2026-07-03T13:58:35.200Z,32.8,35.6,34,67.2,1003.6,27.6,332,94
2026-07-03T13:58:45.191Z,31,35.8,34,67.2,1003.6,27.6,333,90
2026-07-03T13:58:55.201Z,32.8,40.4,34,67.2,1003.6,27.6,332,94
2026-07-03T13:59:05.203Z,31.6,35.8,34,67.2,1003.6,27.6,333,92
2026-07-03T13:59:15.207Z,31.8,35.4,34,67.2,1003.6,27.6,333,92
2026-07-03T13:59:25.195Z,32,34.6,34,67.2,1003.6,27.5,332,92
2026-07-03T13:59:35.196Z,31.2,34.2,34,67.1,1003.6,27.5,332,91
2026-07-03T13:59:45.187Z,32.4,38.4,34,67.1,1003.6,27.5,333,93
2026-07-03T13:59:55.222Z,31.4,37,34,67.1,1003.6,27.5,333,91
2026-07-03T14:00:05.196Z,31.6,36,34,67.1,1003.6,27.5,334,92
2026-07-03T14:00:15.190Z,31.4,37.4,34,67.1,1003.6,27.6,334,91
2026-07-03T14:00:25.305Z,32.8,37.6,34,67.2,1003.6,27.6,333,94
2026-07-03T14:00:35.187Z,32.2,37.2,34,67.2,1003.6,27.6,333,93
2026-07-03T14:00:45.196Z,31.4,36.4,34,67.2,1003.6,27.7,333,91
2026-07-03T14:00:55.207Z,31.6,35.6,34,67.2,1003.6,27.7,333,92
2026-07-03T14:01:05.192Z,31,35,34,67.2,1003.6,27.7,333,90
2026-07-03T14:01:15.203Z,32,36.4,34,67.3,1003.6,27.7,333,92
2026-07-03T14:01:25.208Z,32,38,34,67.3,1003.6,27.7,333,92
2026-07-03T14:01:35.219Z,32.4,37.4,34,67.3,1003.6,27.8,334,93
2026-07-03T14:01:45.199Z,32,36.4,34,67.4,1003.6,27.8,336,92
2026-07-03T14:01:55.215Z,32,36,34,67.4,1003.6,27.8,336,92
2026-07-03T14:02:05.201Z,31.2,34.2,34,67.5,1003.6,27.9,336,91
2026-07-03T14:02:15.195Z,33,37,33.9,67.5,1003.6,27.9,336,94
2026-07-03T14:02:25.194Z,33.4,37.4,33.9,67.5,1003.6,27.9,336,95
2026-07-03T14:02:35.192Z,31.8,36.2,33.9,67.5,1003.6,27.9,336,92
2026-07-03T14:02:45.213Z,31.2,37.4,33.9,67.5,1003.6,27.9,336,91
2026-07-03T14:02:55.202Z,31.8,38.8,33.9,67.5,1003.6,27.9,336,92
2026-07-03T14:03:05.191Z,31.4,38.8,33.9,67.5,1003.6,27.9,336,91
2026-07-03T14:03:15.223Z,33,40.2,33.9,67.5,1003.6,27.9,336,94
2026-07-03T14:03:25.201Z,32.6,39.8,33.9,67.5,1003.6,27.9,336,94
2026-07-03T14:03:35.207Z,33,40,33.9,67.5,1003.6,28,336,94
2026-07-03T14:03:45.202Z,31,37.6,33.9,67.5,1003.6,28,336,90
2026-07-03T14:03:55.209Z,32.2,37.6,33.9,67.6,1003.6,28,336,93
2026-07-03T14:04:05.201Z,32.6,38.6,33.9,67.6,1003.6,28,336,94
2026-07-03T14:04:15.198Z,31.4,38.2,33.9,67.6,1003.6,28.1,334,91
2026-07-03T14:04:25.204Z,31.8,36.6,33.9,67.6,1003.6,28.1,334,92
2026-07-03T14:04:35.202Z,31.6,35.6,33.9,67.6,1003.6,28.1,336,92
2026-07-03T14:04:45.201Z,31.6,36.8,33.9,67.7,1003.6,28.1,334,92
2026-07-03T14:04:55.200Z,34.4,40.4,33.9,67.7,1003.6,28.1,334,97
2026-07-03T14:05:05.207Z,32,37.4,33.9,67.7,1003.6,28.1,336,92
2026-07-03T14:05:15.213Z,31.8,38.4,33.9,67.7,1003.6,28.2,334,92
2026-07-03T14:05:25.203Z,31.4,38,33.8,67.7,1003.6,28.2,334,91
2026-07-03T14:05:35.245Z,32.4,37.4,33.8,67.7,1003.6,28.2,336,93
2026-07-03T14:05:45.194Z,32.8,39.8,33.8,67.7,1003.6,28.2,336,94
2026-07-03T14:05:55.194Z,31,35.6,33.8,67.7,1003.6,28.2,336,90
2026-07-03T14:06:05.267Z,31.6,36.2,33.8,67.7,1003.6,28.2,336,92
2026-07-03T14:06:15.207Z,31.4,35.4,33.8,67.7,1003.6,28.2,336,91
2026-07-03T14:06:25.202Z,32.4,36.6,33.8,67.7,1003.6,28.3,336,93
2026-07-03T14:06:35.198Z,33,38,33.8,67.7,1003.6,28.3,336,94
2026-07-03T14:06:45.197Z,31.6,36.2,33.8,67.7,1003.6,28.2,335,92
2026-07-03T14:06:55.198Z,31.2,37.6,33.8,67.7,1003.6,28.2,333,91
2026-07-03T14:07:05.232Z,32.2,39,33.8,67.7,1003.6,28.2,333,93
2026-07-03T14:07:15.199Z,31.4,38,33.8,67.7,1003.6,28.2,333,91
2026-07-03T14:07:25.197Z,31.6,38.8,33.8,67.7,1003.6,28.2,333,92
2026-07-03T14:07:35.199Z,31.6,38.6,33.8,67.7,1003.6,28.2,332,92
2026-07-03T14:07:45.192Z,31.4,38.2,33.8,67.7,1003.6,28.2,331,91
2026-07-03T14:07:55.195Z,29.6,35.4,33.8,67.7,1003.6,28.2,331,87
2026-07-03T14:08:05.195Z,30.6,34.2,33.8,67.7,1003.6,28.2,330,89
2026-07-03T14:08:15.205Z,31.2,33.6,33.8,67.7,1003.6,28.2,330,91
2026-07-03T14:08:25.211Z,31.6,33.6,33.8,67.7,1003.6,28.2,331,92
2026-07-03T14:08:35.199Z,32.4,35.6,33.8,67.7,1003.6,28.2,330,93
2026-07-03T14:08:45.199Z,33.2,37.2,33.8,67.7,1003.6,28.2,330,95
2026-07-03T14:08:55.193Z,33,37,33.8,67.7,1003.6,28.3,331,94
2026-07-03T14:09:05.227Z,32.4,36.4,33.8,67.7,1003.6,28.3,330,93
2026-07-03T14:09:15.236Z,32.2,37,33.8,67.8,1003.6,28.3,330,93
2026-07-03T14:09:25.203Z,32.2,37.6,33.8,67.8,1003.6,28.3,330,93
2026-07-03T14:09:35.200Z,31.6,36,33.8,67.8,1003.6,28.3,329,92
2026-07-03T14:09:45.199Z,31.4,34.8,33.8,67.8,1003.6,28.3,325,91
2026-07-03T14:09:55.203Z,32,38,33.8,67.8,1003.6,28.3,329,92
2026-07-03T14:10:05.226Z,32.4,36.8,33.8,67.8,1003.6,28.3,325,93
2026-07-03T14:10:15.224Z,31.6,34.6,33.8,67.8,1003.6,28.3,324,92
2026-07-03T14:10:25.200Z,29.8,34.2,33.8,67.8,1003.6,28.3,324,88
2026-07-03T14:10:35.215Z,30.4,33.4,33.8,67.8,1003.6,28.3,324,89
2026-07-03T14:10:45.211Z,31.2,34.8,33.8,67.8,1003.6,28.3,324,91
2026-07-03T14:10:55.194Z,31.4,34.4,33.8,67.8,1003.6,28.3,324,91
2026-07-03T14:11:05.204Z,31.6,35.2,33.8,67.8,1003.6,28.3,323,92
2026-07-03T14:11:15.183Z,31.4,35.4,33.8,67.7,1003.6,28.4,323,91
2026-07-03T14:11:25.185Z,31.2,34.8,33.8,67.7,1003.6,28.4,323,91
2026-07-03T14:11:35.187Z,31.2,35.2,33.8,67.7,1003.6,28.5,321,91
2026-07-03T14:11:45.183Z,31.4,35.6,33.8,67.7,1003.6,28.5,320,91
2026-07-03T14:11:55.200Z,32.6,37.6,33.8,67.7,1003.6,28.6,320,94
2026-07-03T14:12:05.185Z,31.2,37.2,33.8,67.7,1003.6,28.6,319,91
2026-07-03T14:12:15.184Z,31.6,37.4,33.8,67.6,1003.6,28.7,318,92
2026-07-03T14:12:25.184Z,31.4,37.8,33.8,67.6,1003.6,28.8,317,91
2026-07-03T14:12:35.184Z,31.4,34.6,33.8,67.6,1003.6,28.9,313,91
2026-07-03T14:12:45.181Z,30.6,33.4,33.8,67.6,1003.6,28.9,314,89
2026-07-03T14:12:55.189Z,30.8,32.8,33.8,67.6,1003.6,29,313,90
2026-07-03T14:13:05.186Z,30.8,33.8,33.8,67.6,1003.6,29.1,313,90
2026-07-03T14:13:15.195Z,32,34.6,33.8,67.6,1003.6,29.2,313,92
2026-07-03T14:13:25.255Z,31.4,36,33.8,67.6,1003.6,29.3,313,91
2026-07-03T14:13:35.200Z,31.6,34.6,33.8,67.6,1003.6,29.3,313,92
2026-07-03T14:13:45.197Z,31.4,34.4,33.8,67.6,1003.6,29.4,313,91
2026-07-03T14:13:55.204Z,32,36.4,33.7,67.6,1003.6,29.5,311,92
2026-07-03T14:14:05.215Z,33,41,33.7,67.6,1003.6,29.6,309,94
2026-07-03T14:14:15.200Z,31.6,37.4,33.7,67.6,1003.6,29.6,310,92
2026-07-03T14:14:25.192Z,33.2,37.6,33.7,67.6,1003.6,29.7,310,95
2026-07-03T14:14:35.187Z,33.6,39.4,33.7,67.6,1003.7,29.7,310,96
2026-07-03T14:14:45.189Z,31,35.4,33.7,67.6,1003.7,29.7,310,90
2026-07-03T14:14:55.233Z,31.2,36.6,33.7,67.6,1003.7,29.8,310,91
2026-07-03T14:15:05.286Z,32,38.2,33.7,67.6,1003.7,29.8,310,92
2026-07-03T14:15:15.194Z,31.6,37.2,33.7,67.6,1003.7,29.9,310,92
2026-07-03T14:15:25.196Z,33,39,33.7,67.6,1003.7,30,310,94
2026-07-03T14:15:35.205Z,31.4,37.8,33.7,67.6,1003.7,30,310,91
2026-07-03T14:15:45.231Z,31.6,36.6,33.7,67.6,1003.7,30,310,92
2026-07-03T14:15:55.186Z,32,35.8,33.7,67.6,1003.7,30.1,310,92
2026-07-03T14:16:05.186Z,31,33,33.7,67.6,1003.7,30.1,310,90
2026-07-03T14:16:15.191Z,31,33.4,33.7,67.5,1003.7,30.1,309,90
2026-07-03T14:16:25.194Z,31.2,34.2,33.7,67.5,1003.7,30.1,309,91
2026-07-03T14:16:35.186Z,32,35,33.7,67.5,1003.7,30.2,309,92
2026-07-03T14:16:45.192Z,31.4,34.6,33.7,67.5,1003.7,30.2,309,91
2026-07-03T14:16:55.184Z,31.4,35.4,33.7,67.5,1003.7,30.3,309,91
2026-07-03T14:17:05.273Z,32,35.4,33.7,67.5,1003.7,30.4,309,92
2026-07-03T14:17:15.203Z,32,34.6,33.7,67.6,1003.7,30.4,309,92
2026-07-03T14:17:25.196Z,30.6,35,33.7,67.6,1003.7,30.5,309,89
2026-07-03T14:17:35.201Z,30.4,34.6,33.7,67.6,1003.7,30.6,309,89
2026-07-03T14:17:45.215Z,31.8,34.6,33.7,67.6,1003.7,30.6,309,92
2026-07-03T14:17:55.204Z,32.2,38,33.7,67.6,1003.7,30.7,309,93
2026-07-03T14:18:05.193Z,31.6,37.2,33.7,67.7,1003.7,30.8,309,92
2026-07-03T14:18:15.206Z,32.4,37,33.6,67.7,1003.7,30.9,309,93
2026-07-03T14:18:25.210Z,33,36,33.6,67.7,1003.7,31,309,94
2026-07-03T14:18:35.202Z,31.4,36,33.6,67.7,1003.7,31.1,309,91
2026-07-03T14:18:45.202Z,32.2,37,33.6,67.7,1003.7,31.1,309,93
2026-07-03T14:18:55.203Z,33,38,33.6,67.7,1003.7,31.2,309,94
2026-07-03T14:19:05.207Z,32.6,38.6,33.6,67.7,1003.7,31.3,309,94
2026-07-03T14:19:15.199Z,32,35.4,33.6,67.7,1003.7,31.3,308,92
2026-07-03T14:19:25.206Z,31.2,33.8,33.6,67.8,1003.7,31.4,308,91
2026-07-03T14:19:35.196Z,30,34,33.6,67.8,1003.7,31.5,308,88
2026-07-03T14:19:45.195Z,30.2,33,33.6,67.8,1003.7,31.5,306,89
2026-07-03T14:19:55.208Z,32,34,33.6,67.8,1003.7,31.6,306,92
2026-07-03T14:20:05.203Z,30.2,33.6,33.6,67.8,1003.7,31.6,306,89
2026-07-03T14:20:15.202Z,30,34,33.6,67.8,1003.7,31.7,306,88
2026-07-03T14:20:25.192Z,29,32,33.6,67.8,1003.7,31.7,306,86
2026-07-03T14:20:35.192Z,29.6,33.8,33.6,67.8,1003.7,31.7,306,87
2026-07-03T14:20:45.191Z,31.4,35.4,33.6,67.8,1003.7,31.8,306,91
2026-07-03T14:20:55.195Z,31.4,34.6,33.6,67.8,1003.7,31.8,306,91
2026-07-03T14:21:05.198Z,31.6,34.6,33.6,67.8,1003.7,31.9,305,92
2026-07-03T14:21:15.189Z,31.8,35.8,33.6,67.8,1003.7,31.9,305,92
2026-07-03T14:21:25.200Z,31.6,35,33.6,67.8,1003.7,32,305,92
2026-07-03T14:21:35.197Z,32.2,36.4,33.6,67.8,1003.7,32,305,93
2026-07-03T14:21:45.203Z,31,35,33.6,67.8,1003.7,32.1,305,90
2026-07-03T14:21:55.198Z,32,34.4,33.6,67.8,1003.7,32.1,306,92
2026-07-03T14:22:05.188Z,29,31.4,33.6,67.8,1003.7,32.1,306,86
2026-07-03T14:22:15.189Z,29.6,34.6,33.6,67.8,1003.7,32.1,306,87
2026-07-03T14:22:25.182Z,31,36,33.6,67.7,1003.7,32.1,306,90
2026-07-03T14:22:35.174Z,32,37.2,33.6,67.6,1003.7,32.1,305,92
2026-07-03T14:22:45.191Z,31,36,33.6,67.5,1003.7,32,305,90
2026-07-03T14:22:56.247Z,32,36.8,33.7,67.4,1003.7,32,305,92
2026-07-03T14:23:05.181Z,31.6,35.6,33.7,67.3,1003.7,32,305,92
2026-07-03T14:23:15.187Z,31.8,36.8,33.7,67.2,1003.7,32,305,92
2026-07-03T14:23:25.186Z,32.2,39.4,33.8,67.1,1003.7,32,305,93
2026-07-03T14:23:35.183Z,31.6,37,33.8,67.1,1003.7,32,305,92
2026-07-03T14:23:45.188Z,32.6,37,33.8,67,1003.7,32,305,94
2026-07-03T14:23:55.197Z,33,38,33.8,66.9,1003.7,31.9,305,94
2026-07-03T14:24:05.186Z,31.8,37.8,33.8,66.9,1003.7,31.9,305,92
2026-07-03T14:24:15.184Z,31.2,35.6,33.8,66.9,1003.7,31.9,305,91
2026-07-03T14:24:25.179Z,32,34,33.9,66.9,1003.7,31.9,304,92
2026-07-03T14:24:35.181Z,31.4,34.4,33.9,66.9,1003.7,31.9,304,91
2026-07-03T14:24:45.187Z,31.4,34.6,33.9,66.9,1003.7,31.9,304,91
2026-07-03T14:24:55.189Z,31,34.8,33.9,66.9,1003.7,31.9,304,90
2026-07-03T14:25:05.180Z,31.8,34.8,33.9,66.9,1003.7,31.8,304,92
2026-07-03T14:25:15.240Z,31.4,33.4,33.9,67,1003.7,31.8,304,91
2026-07-03T14:25:25.194Z,31.4,34.2,33.9,67,1003.7,31.8,304,91
2026-07-03T14:25:35.180Z,31.4,35.8,33.9,67.1,1003.7,31.8,304,91
2026-07-03T14:25:45.189Z,31,35,33.9,67.1,1003.7,31.7,304,90
2026-07-03T14:25:55.186Z,31,35,33.9,67.1,1003.7,31.7,304,90
2026-07-03T14:26:05.181Z,33,37,33.9,67.1,1003.7,31.7,306,94
2026-07-03T14:26:15.201Z,32.6,37.6,33.9,67.1,1003.7,31.7,308,94
2026-07-03T14:26:25.185Z,32.2,39,33.9,67.1,1003.7,31.6,309,93
2026-07-03T14:26:35.178Z,31.8,37.8,33.9,67.1,1003.7,31.6,309,92
2026-07-03T14:26:45.193Z,32.4,40.6,33.9,67.1,1003.7,31.5,310,93
2026-07-03T14:26:55.185Z,31.6,38.8,33.9,67.1,1003.7,31.5,310,92
2026-07-03T14:27:05.181Z,31.2,37.8,33.9,67.1,1003.7,31.5,309,91
2026-07-03T14:27:15.182Z,32,36,33.9,67.1,1003.7,31.5,309,92
2026-07-03T14:27:25.176Z,31,33,33.9,67.1,1003.7,31.4,309,90
2026-07-03T14:27:35.182Z,31.8,35.2,33.9,67.1,1003.7,31.4,309,92
2026-07-03T14:27:45.186Z,31.6,38.4,33.9,67.1,1003.7,31.4,309,92
2026-07-03T14:27:55.179Z,31,39.6,33.9,67.1,1003.7,31.3,307,90
2026-07-03T14:28:05.178Z,31.4,40.4,33.9,67.1,1003.7,31.3,306,91
2026-07-03T14:28:15.184Z,32,40.8,33.9,67.1,1003.7,31.3,305,92
2026-07-03T14:28:25.189Z,31.4,37.4,33.9,67.1,1003.7,31.3,305,91
2026-07-03T14:28:35.196Z,31,34,33.9,67.2,1003.7,31.3,305,90
2026-07-03T14:28:45.190Z,31.4,33.6,33.9,67.2,1003.7,31.3,304,91
2026-07-03T14:28:55.184Z,30.4,33.8,33.9,67.2,1003.7,31.3,304,89
2026-07-03T14:29:05.190Z,31.8,34.8,33.8,67.2,1003.7,31.3,306,92
2026-07-03T14:29:15.206Z,31.4,36.2,33.8,67.2,1003.7,31.3,304,91
2026-07-03T14:29:25.205Z,32,35,33.8,67.2,1003.7,31.3,306,92
2026-07-03T14:29:35.188Z,31.4,33.6,33.8,67.2,1003.7,31.3,306,91
2026-07-03T14:29:45.183Z,30.4,34.6,33.8,67.2,1003.7,31.3,306,89
2026-07-03T14:29:55.193Z,31.4,34.8,33.8,67.2,1003.7,31.3,309,91
2026-07-03T14:30:05.178Z,30.6,33.8,33.8,67.2,1003.7,31.3,309,89
2026-07-03T14:30:15.191Z,32.8,38.2,33.8,67.2,1003.7,31.2,309,94
2026-07-03T14:30:25.191Z,32.8,37.8,33.8,67.3,1003.7,31.2,309,94
2026-07-03T14:30:35.194Z,32,36.8,33.8,67.3,1003.7,31.2,309,92
2026-07-03T14:30:45.204Z,31.6,37.6,33.8,67.3,1003.7,31.2,309,92
2026-07-03T14:30:55.187Z,31,35,33.8,67.3,1003.7,31.2,309,90
2026-07-03T14:31:05.193Z,31.6,35.6,33.8,67.3,1003.7,31.2,309,92
2026-07-03T14:31:15.192Z,31.6,34.6,33.8,67.3,1003.7,31.2,309,92
2026-07-03T14:31:25.201Z,31.6,34.2,33.8,67.3,1003.7,31.2,307,92
2026-07-03T14:31:35.190Z,31.4,33.6,33.8,67.3,1003.8,31.3,307,91
2026-07-03T14:31:45.189Z,32.2,35.6,33.8,67.3,1003.8,31.3,306,93
2026-07-03T14:31:55.191Z,31.8,34.8,33.8,67.3,1003.8,31.3,306,92
2026-07-03T14:32:05.192Z,31.6,35,33.8,67.3,1003.8,31.3,306,92
2026-07-03T14:32:15.188Z,31.4,34.4,33.8,67.4,1003.8,31.3,306,91
2026-07-03T14:32:25.185Z,32,36,33.8,67.4,1003.8,31.3,307,92
2026-07-03T14:32:35.188Z,31.4,34.4,33.8,67.4,1003.8,31.3,306,91
2026-07-03T14:32:45.184Z,31.2,36.2,33.8,67.4,1003.8,31.3,306,91
2026-07-03T14:32:55.186Z,31,35.6,33.8,67.4,1003.8,31.3,306,90
2026-07-03T14:33:05.185Z,31.2,34.6,33.8,67.4,1003.8,31.3,306,91
2026-07-03T14:33:15.192Z,31.2,35.8,33.8,67.4,1003.8,31.3,306,91
2026-07-03T14:33:25.198Z,32.6,37.6,33.8,67.4,1003.8,31.3,307,94
2026-07-03T14:33:35.198Z,32.4,36,33.8,67.3,1003.8,31.2,307,93
2026-07-03T14:33:45.200Z,31.6,33.6,33.8,67.2,1003.8,31.2,306,92
2026-07-03T14:33:55.193Z,31,33,33.8,67.1,1003.8,31.1,306,90
2026-07-03T14:34:05.190Z,32,34.4,33.8,67.1,1003.8,31.1,306,92
2026-07-03T14:34:15.191Z,31.8,37,33.9,67,1003.8,31.1,304,92
2026-07-03T14:34:25.193Z,31.8,35.8,33.9,67,1003.8,31.1,304,92
2026-07-03T14:34:35.185Z,32,36.2,33.9,67,1003.8,31.1,304,92
2026-07-03T14:34:45.211Z,32.8,36.6,33.9,67,1003.8,31.1,304,94
2026-07-03T14:34:55.198Z,31.4,33.4,33.9,66.9,1003.8,31.1,304,91
2026-07-03T14:35:05.192Z,31.6,33.6,33.9,66.9,1003.8,31.1,304,92
2026-07-03T14:35:15.174Z,31.6,34.6,33.9,66.9,1003.8,31.1,304,92
2026-07-03T14:35:25.178Z,31,34,33.9,66.9,1003.8,31.1,304,90
2026-07-03T14:35:35.180Z,31.2,33.6,33.9,66.9,1003.8,31.2,304,91
2026-07-03T14:35:45.179Z,31.2,33.2,33.9,67,1003.8,31.2,304,91
2026-07-03T14:35:55.177Z,31,33,33.9,67,1003.8,31.2,304,90
2026-07-03T14:36:05.184Z,33,36.4,33.9,67,1003.8,31.2,304,94
2026-07-03T14:36:15.191Z,33.2,37.2,33.9,67,1003.8,31.2,304,95
2026-07-03T14:36:25.177Z,32.6,35.8,33.9,67,1003.8,31.3,304,94
2026-07-03T14:36:35.178Z,32.4,35,33.9,67,1003.8,31.3,303,93
2026-07-03T14:36:45.175Z,31.4,34.4,33.9,67.1,1003.8,31.3,303,91
2026-07-03T14:36:55.179Z,31.6,34,33.8,67.1,1003.8,31.3,302,92
2026-07-03T14:37:05.184Z,31.4,33.8,33.8,67.1,1003.8,31.3,302,91
2026-07-03T14:37:15.191Z,31.2,35.2,33.8,67.1,1003.8,31.3,302,91
2026-07-03T14:37:25.199Z,32.4,36.6,33.8,67.1,1003.8,31.3,302,93
2026-07-03T14:37:35.194Z,32.6,35.6,33.8,67.1,1003.8,31.3,302,94
2026-07-03T14:37:45.209Z,31.4,35.2,33.8,67.1,1003.8,31.3,304,91
2026-07-03T14:37:55.190Z,31.6,36.4,33.8,67.2,1003.8,31.3,302,92
2026-07-03T14:38:05.194Z,32.6,38.6,33.8,67.2,1003.8,31.4,304,94
2026-07-03T14:38:15.189Z,32.8,37.8,33.8,67.2,1003.8,31.4,304,94
2026-07-03T14:38:25.189Z,31.6,34.6,33.8,67.2,1003.8,31.4,304,92
2026-07-03T14:38:35.178Z,29.4,33.4,33.8,67.2,1003.8,31.4,304,87
2026-07-03T14:38:45.180Z,30.2,34,33.8,67.2,1003.8,31.4,304,89
2026-07-03T14:38:55.192Z,29.4,31,33.8,67.2,1003.8,31.4,304,87
2026-07-03T14:39:05.196Z,30.4,32.4,33.8,67.2,1003.8,31.4,304,89
2026-07-03T14:39:15.194Z,31.8,34.2,33.8,67.2,1003.8,31.5,304,92
2026-07-03T14:39:25.183Z,31.4,35.4,33.8,67.2,1003.8,31.5,304,91
2026-07-03T14:39:35.182Z,31.6,35.6,33.8,67.2,1003.8,31.5,305,92
2026-07-03T14:39:45.179Z,31.8,37,33.8,67.2,1003.8,31.5,305,92
2026-07-03T14:39:55.181Z,32.6,38.2,33.8,67.2,1003.8,31.5,305,94
2026-07-03T14:40:05.208Z,31,34.2,33.8,67.2,1003.8,31.5,304,90
2026-07-03T14:40:15.183Z,31.8,34.8,33.8,67.2,1003.8,31.5,304,92
2026-07-03T14:40:25.178Z,31.2,36,33.8,67.2,1003.8,31.5,304,91
2026-07-03T14:40:35.172Z,31.4,38.6,33.8,67.2,1003.8,31.4,304,91
2026-07-03T14:40:45.175Z,32,37.6,33.8,67.2,1003.8,31.4,304,92
2026-07-03T14:40:55.190Z,32.6,37,33.8,67.2,1003.8,31.3,304,94
2026-07-03T14:41:05.242Z,31,34.2,33.8,67.2,1003.8,31.3,304,90
2026-07-03T14:41:15.179Z,31.6,36.6,33.8,67.2,1003.8,31.3,304,92
2026-07-03T14:41:25.221Z,31.6,36.2,33.8,67.2,1003.8,31.3,304,92
2026-07-03T14:41:35.179Z,31,38.2,33.8,67.2,1003.8,31.3,304,90
2026-07-03T14:41:45.184Z,32,39,33.8,67.2,1003.8,31.3,304,92
2026-07-03T14:41:55.221Z,33,39.8,33.8,67.2,1003.8,31.4,304,94
2026-07-03T14:42:05.187Z,32.4,37.4,33.8,67.2,1003.8,31.4,304,93
2026-07-03T14:42:15.177Z,31.4,35,33.8,67.2,1003.8,31.4,304,91
2026-07-03T14:42:25.221Z,31,33,33.8,67.3,1003.8,31.5,304,90
2026-07-03T14:42:35.168Z,31.2,34.2,33.8,67.3,1003.8,31.5,304,91
2026-07-03T14:42:45.181Z,31.6,34,33.8,67.3,1003.8,31.5,304,92
2026-07-03T14:42:55.171Z,32,34,33.8,67.3,1003.8,31.5,304,92
2026-07-03T14:43:05.255Z,31.8,34.6,33.8,67.3,1003.8,31.6,304,92
2026-07-03T14:43:15.180Z,31.6,34.2,33.8,67.4,1003.8,31.6,304,92
2026-07-03T14:43:25.191Z,32,35.4,33.8,67.4,1003.8,31.6,304,92
2026-07-03T14:43:35.180Z,29.6,33.4,33.8,67.4,1003.8,31.6,304,87
2026-07-03T14:43:45.193Z,29.8,33.4,33.8,67.4,1003.8,31.6,304,88
2026-07-03T14:43:55.188Z,31.2,36.2,33.8,67.4,1003.8,31.6,304,91
2026-07-03T14:44:05.178Z,31.8,34.4,33.8,67.3,1003.8,31.6,304,92
2026-07-03T14:44:15.204Z,31.4,33.4,33.8,67.3,1003.8,31.6,304,91
2026-07-03T14:44:25.181Z,31.6,33.6,33.8,67.3,1003.8,31.6,304,92
2026-07-03T14:44:35.178Z,31.8,33.8,33.8,67.3,1003.8,31.5,304,92
2026-07-03T14:44:45.206Z,31.4,33.4,33.8,67.3,1003.8,31.5,304,91
2026-07-03T14:44:55.177Z,31.6,36,33.8,67.3,1003.8,31.5,304,92
2026-07-03T14:45:05.282Z,31.6,37.4,33.8,67.3,1003.8,31.5,304,92
2026-07-03T14:45:15.171Z,32,39,33.8,67.3,1003.8,31.4,304,92
2026-07-03T14:45:25.177Z,31.8,36.2,33.8,67.3,1003.8,31.4,304,92
2026-07-03T14:45:35.276Z,31.6,35.2,33.8,67.3,1003.8,31.4,304,92
2026-07-03T14:45:45.171Z,30.8,35.6,33.8,67.4,1003.8,31.4,304,90
2026-07-03T14:45:55.245Z,30.6,35,33.8,67.4,1003.8,31.4,304,89
2026-07-03T14:46:05.176Z,30.6,33.6,33.8,67.4,1003.8,31.4,304,89
2026-07-03T14:46:15.177Z,29.6,33.6,33.8,67.4,1003.8,31.4,304,87
2026-07-03T14:46:25.181Z,29.8,33.6,33.8,67.3,1003.8,31.4,304,88
2026-07-03T14:46:35.166Z,30,32,33.7,67.3,1003.8,31.4,304,88
2026-07-03T14:46:45.214Z,29.4,31.4,33.7,67.3,1003.8,31.4,302,87
2026-07-03T14:46:55.186Z,30.2,32.2,33.8,67.3,1003.8,31.4,302,89
2026-07-03T14:47:05.186Z,31,34,33.8,67.3,1003.8,31.4,298,90
2026-07-03T14:47:15.179Z,28.6,30.8,33.8,67.3,1003.8,31.4,298,85
2026-07-03T14:47:25.181Z,27.4,29.4,33.8,67.3,1003.8,31.4,301,83
2026-07-03T14:47:35.204Z,29,30,33.8,67.2,1003.8,31.3,300,86
2026-07-03T14:47:45.193Z,27.2,29.6,33.8,67.2,1003.8,31.3,300,82
2026-07-03T14:47:55.270Z,28.2,30.6,33.8,67.2,1003.8,31.3,300,84
2026-07-03T14:48:05.182Z,28,30.6,33.8,67.1,1003.8,31.3,299,84
2026-07-03T14:48:15.185Z,28.4,32.2,33.8,67.1,1003.8,31.3,298,85
2026-07-03T14:48:25.271Z,28.2,31.2,33.8,67.1,1003.8,31.3,298,84
2026-07-03T14:48:35.200Z,30,33,33.8,67,1003.8,31.3,298,88
2026-07-03T14:48:45.244Z,28.2,30.6,33.8,67,1003.8,31.2,299,84
2026-07-03T14:48:55.171Z,26,28,33.8,67,1003.8,31.2,299,80
2026-07-03T14:49:05.182Z,25.6,26.8,33.8,67,1003.8,31.2,298,79
2026-07-03T14:49:15.236Z,25.6,26.4,33.8,67,1003.8,31.2,298,79
2026-07-03T14:49:25.166Z,28.6,29.6,33.8,66.9,1003.8,31.3,298,85
2026-07-03T14:49:35.202Z,29.4,31.6,33.8,66.9,1003.8,31.3,297,87
2026-07-03T14:49:45.183Z,28.2,31,33.8,66.9,1003.8,31.3,295,84
2026-07-03T14:49:55.274Z,26.4,28.2,33.8,66.9,1003.8,31.3,294,81
2026-07-03T14:50:05.171Z,23.6,25,33.8,66.9,1003.8,31.4,293,75
2026-07-03T14:50:15.179Z,25.4,27.8,33.8,66.9,1003.8,31.4,295,78
2026-07-03T14:50:25.276Z,26.2,28,33.8,66.9,1003.8,31.4,293,80
2026-07-03T14:50:35.180Z,25.6,26,33.8,66.9,1003.8,31.4,291,79
2026-07-03T14:50:45.248Z,24.2,26.8,33.8,66.9,1003.8,31.4,293,76
2026-07-03T14:50:55.199Z,24,27,33.8,66.9,1003.8,31.4,293,76
2026-07-03T14:51:05.166Z,22.4,25.4,33.8,66.8,1003.8,31.4,291,72
2026-07-03T14:51:15.263Z,23,25,33.8,66.8,1003.8,31.4,291,73
2026-07-03T14:51:25.176Z,22.4,26.4,33.8,66.7,1003.8,31.4,290,72
2026-07-03T14:51:35.228Z,23.6,27.8,33.8,66.7,1003.8,31.5,289,75
2026-07-03T14:51:45.180Z,23.4,26.8,33.8,66.7,1003.8,31.5,289,74
2026-07-03T14:51:55.175Z,22.2,25.2,33.8,66.7,1003.8,31.5,289,72
2026-07-03T14:52:05.234Z,22.6,26.2,33.8,66.6,1003.8,31.6,288,73
2026-07-03T14:52:15.169Z,21.8,24.8,33.8,66.6,1003.8,31.6,289,71
2026-07-03T14:52:25.191Z,21.6,22.8,33.8,66.6,1003.8,31.6,289,70
2026-07-03T14:52:35.170Z,22.6,22.6,33.8,66.6,1003.8,31.6,289,73
2026-07-03T14:52:45.264Z,22.2,23,33.8,66.6,1003.9,31.6,289,72
2026-07-03T14:52:55.166Z,22,24,33.8,66.5,1003.9,31.7,289,71
2026-07-03T14:53:05.174Z,22,24.6,33.8,66.5,1003.9,31.6,289,71
2026-07-03T14:53:15.278Z,22.8,23.6,33.8,66.5,1003.9,31.6,289,73
2026-07-03T14:53:25.194Z,22.6,23.4,33.8,66.5,1003.9,31.6,289,73
2026-07-03T14:53:35.248Z,24.6,25.4,33.8,66.4,1003.9,31.6,288,77
2026-07-03T14:53:45.182Z,23.4,25.4,33.8,66.4,1003.9,31.6,288,74
2026-07-03T14:53:55.181Z,21.2,22.4,33.8,66.4,1003.9,31.6,287,70
2026-07-03T14:54:05.252Z,21.4,22,33.8,66.4,1003.9,31.6,287,70
2026-07-03T14:54:15.170Z,22.2,22.4,33.8,66.4,1003.9,31.6,287,72
2026-07-03T14:54:25.213Z,22.6,23.2,33.8,66.4,1003.9,31.7,287,73
2026-07-03T14:54:35.200Z,21.4,22.4,33.8,66.4,1003.9,31.7,287,70
2026-07-03T14:54:45.292Z,21.6,22.6,33.8,66.4,1003.9,31.7,285,70
2026-07-03T14:54:55.222Z,21.2,22.2,33.8,66.4,1003.9,31.7,285,70
2026-07-03T14:55:05.183Z,22.2,22.6,33.8,66.4,1003.9,31.8,286,72
2026-07-03T14:55:15.194Z,22.8,22.8,33.8,66.3,1003.9,31.8,285,73
2026-07-03T14:55:25.175Z,24.4,25.2,33.8,66.3,1003.9,31.8,284,76
2026-07-03T14:55:35.261Z,23.8,27,33.8,66.3,1003.9,31.9,285,75
2026-07-03T14:55:45.172Z,21.8,24.8,33.8,66.3,1003.9,31.9,284,71
2026-07-03T14:55:55.175Z,22.6,24,33.8,66.3,1003.9,31.9,283,73
2026-07-03T14:56:05.264Z,22.8,24.4,33.8,66.2,1003.9,31.8,283,73
2026-07-03T14:56:15.172Z,22.4,23.4,33.8,66.2,1003.9,31.8,283,72
2026-07-03T14:56:25.228Z,23.4,24.4,33.8,66.2,1003.9,31.8,283,74
2026-07-03T14:56:35.168Z,21.6,23.6,33.8,66.2,1003.9,31.8,283,70
2026-07-03T14:56:45.167Z,22,23,33.8,66.2,1003.9,31.9,283,71
2026-07-03T14:56:55.231Z,21.8,23,33.8,66.2,1003.9,31.9,283,71
2026-07-03T14:57:05.167Z,21.4,22.6,33.8,66.1,1003.9,31.9,283,70
2026-07-03T14:57:15.217Z,19,20,33.8,66.1,1003.9,31.9,282,65
2026-07-03T14:57:25.174Z,18,19,33.8,66.1,1003.9,32,278,63
2026-07-03T14:57:35.185Z,19,19.8,33.8,66.1,1003.9,32,278,65
2026-07-03T14:57:45.224Z,20,20,33.8,66.1,1003.9,32,278,67
2026-07-03T14:57:55.177Z,20.6,20.6,33.8,66.1,1003.9,32.1,278,68
2026-07-03T14:58:05.282Z,20.8,21.6,33.8,66.1,1003.9,32.1,277,69
2026-07-03T14:58:15.173Z,20.6,22,33.8,66.1,1003.9,32.1,278,68
2026-07-03T14:58:25.248Z,21.4,24,33.8,66.1,1003.9,32,278,70
2026-07-03T14:58:35.176Z,21,23.4,33.8,66.1,1003.9,32.1,278,69
2026-07-03T14:58:45.173Z,20.4,22.4,33.8,66.1,1003.9,32.1,277,68
2026-07-03T14:58:55.258Z,19.8,21,33.8,66.1,1003.9,32.1,278,67
2026-07-03T14:59:05.182Z,19.8,20.8,33.8,66.1,1003.9,32.2,277,67
2026-07-03T14:59:15.216Z,19,20.2,33.8,66.1,1003.9,32.2,277,65
2026-07-03T14:59:25.167Z,18.8,19.6,33.8,66.1,1003.9,32.2,277,65
2026-07-03T14:59:35.173Z,22,22,33.8,66.1,1003.9,32.2,274,71
2026-07-03T14:59:45.226Z,19.4,21.8,33.8,66.1,1003.9,32.1,274,66
2026-07-03T14:59:55.174Z,20.8,23.8,33.8,66.1,1003.9,32.1,278,69
2026-07-03T15:00:05.188Z,21.2,24.2,33.8,66.1,1003.9,32.1,278,70
2026-07-03T15:00:15.175Z,20.4,23.6,33.8,66.1,1003.9,32,278,68
2026-07-03T15:00:25.180Z,17.2,20.8,33.8,66.1,1003.9,32,278,61
2026-07-03T15:00:35.202Z,19,23.6,33.8,66.1,1003.9,31.9,278,65
2026-07-03T15:00:45.178Z,18,21.6,33.8,66,1003.9,31.9,278,63
2026-07-03T15:00:55.274Z,20,22,33.8,66,1003.9,31.9,278,67
2026-07-03T15:01:05.174Z,20,21,33.8,66,1003.9,31.9,277,67
2026-07-03T15:01:15.229Z,20,20,33.8,66,1003.9,31.9,277,67
2026-07-03T15:01:25.168Z,18.8,20,33.8,66,1003.9,31.9,277,65
2026-07-03T15:01:35.165Z,18.2,20,33.8,66,1003.9,31.9,276,63
2026-07-03T15:01:45.252Z,18.2,19.4,33.8,66,1003.9,31.9,276,63
2026-07-03T15:01:55.266Z,20,21,33.8,66,1003.9,31.9,276,67
2026-07-03T15:02:05.201Z,20.4,21.4,33.8,66,1003.9,31.9,276,68
2026-07-03T15:02:15.168Z,20.4,20.8,33.8,66,1003.9,32,275,68
2026-07-03T15:02:25.164Z,19.2,20.8,33.8,66,1003.9,32,274,65
2026-07-03T15:02:35.202Z,20,22.2,33.8,66,1003.9,31.9,274,67
2026-07-03T15:02:45.162Z,20,21.8,33.8,66,1003.9,31.9,275,67
2026-07-03T15:02:55.276Z,19.2,20.6,33.8,66,1003.9,31.9,274,65
2026-07-03T15:03:05.160Z,19.2,21.2,33.8,66,1003.9,31.9,275,65
2026-07-03T15:03:15.170Z,20.6,22.6,33.8,66,1003.9,31.9,275,68
2026-07-03T15:03:25.286Z,21.2,22,33.8,66,1003.9,31.9,273,70
2026-07-03T15:03:35.167Z,20,21,33.8,66,1003.9,31.9,273,67
2026-07-03T15:03:45.215Z,19.8,20.8,33.8,66,1003.9,31.9,273,67
2026-07-03T15:03:55.183Z,19.8,20.8,33.8,66,1003.9,31.9,272,67
2026-07-03T15:04:05.176Z,19,19,33.8,66,1003.9,31.9,272,65
2026-07-03T15:04:15.170Z,20,20,33.8,66,1003.9,31.9,272,67
2026-07-03T15:04:25.166Z,20,21,33.8,66,1003.9,32,272,67
2026-07-03T15:04:35.177Z,20.6,20.6,33.8,66,1003.9,32,272,68
2026-07-03T15:04:45.163Z,21.4,22.4,33.8,66,1003.9,32,272,70
2026-07-03T15:04:55.189Z,22.8,23.8,33.8,66,1003.9,32,272,73
2026-07-03T15:05:05.173Z,23,24,33.8,66.1,1003.9,32,272,73
2026-07-03T15:05:15.191Z,22.8,23.8,33.8,66.1,1003.9,32,272,73
2026-07-03T15:05:25.210Z,22.4,23.4,33.8,66.1,1003.9,32,272,72
2026-07-03T15:05:35.169Z,22.2,26,33.8,66.1,1003.9,32.1,272,72
2026-07-03T15:05:45.275Z,19.8,24.2,33.8,66.1,1003.9,32.1,272,67
2026-07-03T15:05:55.179Z,17.8,20.2,33.8,66.1,1003.9,32.1,273,62
2026-07-03T15:06:05.193Z,19,20,33.7,66.1,1003.9,32.1,274,65
2026-07-03T15:06:15.244Z,18,20,33.7,66.1,1003.9,32.1,273,63
2026-07-03T15:06:25.171Z,19.2,22.6,33.7,66.1,1003.9,32.1,273,65
2026-07-03T15:06:35.244Z,19.6,23,33.7,66.1,1003.9,32.2,273,66
2026-07-03T15:06:45.173Z,19.2,22,33.7,66.2,1003.9,32.2,273,65
2026-07-03T15:06:55.180Z,19.2,20.4,33.7,66.2,1003.9,32.2,272,65
2026-07-03T15:07:05.247Z,21,23.4,33.7,66.2,1003.9,32.2,272,69
2026-07-03T15:07:15.167Z,20.2,22.6,33.7,66.2,1003.9,32.2,272,68
2026-07-03T15:07:25.215Z,19.4,22.4,33.7,66.2,1003.9,32.2,272,66
2026-07-03T15:07:35.165Z,19.6,21.6,33.7,66.2,1003.9,32.2,272,66
2026-07-03T15:07:45.181Z,18.4,20.2,33.7,66.2,1003.9,32.3,272,64
2026-07-03T15:07:55.162Z,20.8,20.8,33.7,66.3,1003.9,32.3,272,69
2026-07-03T15:08:05.167Z,19.8,20.4,33.7,66.3,1003.9,32.3,272,67
2026-07-03T15:08:15.191Z,18.6,18.8,33.7,66.3,1003.9,32.3,272,64
2026-07-03T15:08:25.173Z,19,19,33.7,66.3,1003.9,32.3,272,65
2026-07-03T15:08:35.261Z,19.4,19.4,33.7,66.3,1003.9,32.3,272,66
2026-07-03T15:08:45.172Z,20.6,22,33.7,66.3,1003.9,32.3,273,68
2026-07-03T15:08:55.169Z,21.4,22.4,33.7,66.3,1003.9,32.4,274,70
2026-07-03T15:09:05.267Z,20.4,20.6,33.7,66.3,1003.9,32.3,274,68
2026-07-03T15:09:15.169Z,20.6,22.6,33.7,66.3,1003.9,32.3,274,68
2026-07-03T15:09:25.171Z,20,22,33.7,66.3,1003.9,32.3,274,67
2026-07-03T15:09:35.205Z,19,19.6,33.7,66.3,1003.9,32.2,274,65
2026-07-03T15:09:45.198Z,18.4,18.8,33.7,66.3,1003.9,32.2,274,64
2026-07-03T15:09:55.236Z,18.6,18.6,33.7,66.3,1003.9,32.2,274,64
2026-07-03T15:10:05.175Z,19.8,20.4,33.7,66.3,1003.9,32.2,274,67
2026-07-03T15:10:15.170Z,20,21,33.7,66.2,1003.9,32.2,273,67
2026-07-03T15:10:25.171Z,20,20,33.7,66.2,1003.9,32.2,272,67
2026-07-03T15:10:35.214Z,20.4,20.4,33.7,66.2,1003.9,32.2,272,68
2026-07-03T15:10:45.175Z,21.4,22.2,33.7,66.2,1003.9,32.2,272,70
2026-07-03T15:10:55.173Z,21.8,23.6,33.7,66.2,1003.9,32.2,272,71
2026-07-03T15:11:05.171Z,20,22.4,33.7,66.2,1003.9,32.2,272,67
2026-07-03T15:11:15.166Z,17,19,33.7,66.3,1003.9,32.2,272,61
2026-07-03T15:11:25.236Z,17.6,18.6,33.7,66.3,1003.9,32.3,272,62
2026-07-03T15:11:35.183Z,16.8,17.8,33.7,66.3,1003.9,32.3,272,60
2026-07-03T15:11:45.170Z,17.8,19,33.7,66.3,1003.9,32.3,272,62
2026-07-03T15:11:55.240Z,20.2,20.6,33.7,66.3,1003.9,32.3,272,68
2026-07-03T15:12:05.172Z,20.4,20.4,33.7,66.3,1003.9,32.3,272,68
2026-07-03T15:12:15.221Z,19.6,20.6,33.7,66.3,1003.9,32.3,272,66
2026-07-03T15:12:25.183Z,19,20,33.7,66.3,1003.9,32.3,272,65
2026-07-03T15:12:35.184Z,17.6,18.6,33.7,66.3,1003.9,32.3,272,62
2026-07-03T15:12:45.173Z,17.8,19,33.7,66.3,1003.9,32.3,272,62
2026-07-03T15:12:55.180Z,18,20,33.7,66.3,1003.9,32.3,272,63
2026-07-03T15:13:05.176Z,18.2,21,33.7,66.3,1003.9,32.3,272,63
2026-07-03T15:13:15.184Z,18.6,21.6,33.7,66.3,1003.9,32.3,272,64
2026-07-03T15:13:25.169Z,18.6,21.6,33.7,66.2,1003.9,32.3,272,64
2026-07-03T15:13:35.167Z,20.4,24,33.7,66.2,1003.9,32.2,272,68
2026-07-03T15:13:45.168Z,20.4,22.8,33.7,66.2,1003.9,32.3,272,68
2026-07-03T15:13:55.168Z,22,24.2,33.7,66.2,1003.9,32.3,272,71
2026-07-03T15:14:05.178Z,24.4,26.8,33.7,66.2,1003.9,32.2,272,76
2026-07-03T15:14:15.174Z,22.4,24.8,33.7,66.1,1003.9,32.2,272,72
2026-07-03T15:14:25.182Z,20.2,22,33.7,66.1,1003.9,32.2,272,68
2026-07-03T15:14:35.177Z,21,23.2,33.7,66.1,1003.9,32.2,272,69
2026-07-03T15:14:45.177Z,19.8,22.4,33.7,66.1,1003.9,32.2,272,67
2026-07-03T15:14:55.172Z,21,25,33.7,66.1,1003.9,32.2,272,69
2026-07-03T15:15:05.171Z,18.6,22.8,33.7,66,1003.9,32.2,272,64
2026-07-03T15:15:15.186Z,19.4,22.4,33.8,66,1003.9,32.2,272,66
2026-07-03T15:15:25.182Z,19.4,23.2,33.8,66,1003.9,32.2,272,66
2026-07-03T15:15:35.188Z,18.2,21.8,33.8,66,1003.9,32.2,272,63
2026-07-03T15:15:45.171Z,19.6,21.6,33.8,65.9,1003.9,32.2,272,66
2026-07-03T15:15:55.176Z,22.4,22.6,33.8,65.9,1003.9,32.2,272,72
2026-07-03T15:16:05.183Z,21.2,22.4,33.8,65.9,1003.9,32.2,272,70
2026-07-03T15:16:15.168Z,21,21.8,33.8,65.9,1003.9,32.2,272,69
2026-07-03T15:16:25.172Z,20.8,20.8,33.8,65.9,1003.9,32.2,272,69
2026-07-03T15:16:35.169Z,20,20.4,33.8,65.9,1003.9,32.2,272,67
2026-07-03T15:16:45.176Z,20,21,33.8,65.9,1003.9,32.3,272,67
2026-07-03T15:16:55.174Z,20,21,33.8,65.9,1003.9,32.3,272,67
2026-07-03T15:17:05.169Z,19,20,33.8,65.9,1003.9,32.4,272,65
2026-07-03T15:17:15.169Z,19.6,20.6,33.8,65.9,1003.9,32.5,272,66
2026-07-03T15:17:25.168Z,21,23,33.8,65.9,1003.9,32.5,272,69
2026-07-03T15:17:35.176Z,21.4,23.4,33.8,66,1003.9,32.6,272,70
2026-07-03T15:17:45.168Z,21.6,23,33.8,66,1003.9,32.6,272,70
2026-07-03T15:17:55.167Z,21.8,24,33.8,66,1003.9,32.6,272,71
2026-07-03T15:18:05.167Z,21.6,22.6,33.8,66,1003.9,32.7,272,70
2026-07-03T15:18:15.161Z,21,22,33.8,66,1003.9,32.7,272,69
2026-07-03T15:18:25.163Z,21,22,33.7,66,1003.9,32.7,272,69
2026-07-03T15:18:35.163Z,19,21.2,33.7,66,1003.9,32.7,272,65
2026-07-03T15:18:45.173Z,19,21.6,33.7,66,1003.9,32.8,272,65
2026-07-03T15:18:55.164Z,20.2,24,33.7,66,1003.9,32.8,272,68
2026-07-03T15:19:05.170Z,21.8,26,33.7,66,1003.9,32.8,272,71
2026-07-03T15:19:15.182Z,21,23.8,33.7,66.1,1003.9,32.9,272,69
2026-07-03T15:19:25.162Z,21.6,23.4,33.7,66.1,1003.8,32.9,272,70
2026-07-03T15:19:35.166Z,22,24.6,33.7,66.1,1003.8,32.9,272,71
2026-07-03T15:19:45.172Z,21.2,23,33.7,66.1,1003.8,32.9,271,70
2026-07-03T15:19:55.181Z,20.2,22,33.7,66.1,1003.8,32.9,272,68
2026-07-03T15:20:05.168Z,22,25,33.7,66.1,1003.8,33,272,71
2026-07-03T15:20:15.176Z,22,23.4,33.7,66.1,1003.8,33,272,71
2026-07-03T15:20:25.171Z,23.4,24.8,33.7,66.1,1003.8,33,272,74
2026-07-03T15:20:35.172Z,22,24,33.7,66.1,1003.8,33.1,272,71
2026-07-03T15:20:45.172Z,23,25,33.7,66.1,1003.8,33.1,272,73
2026-07-03T15:20:55.173Z,22.4,24.4,33.7,66.1,1003.8,33.1,272,72
2026-07-03T15:21:05.176Z,21.4,24,33.7,66.1,1003.8,33.2,273,70
2026-07-03T15:21:15.161Z,20,23,33.7,66.1,1003.8,33.2,273,67
2026-07-03T15:21:25.161Z,21,23.4,33.7,66.1,1003.8,33.3,273,69
2026-07-03T15:21:35.165Z,20.4,24.2,33.7,66.1,1003.8,33.3,273,68
2026-07-03T15:21:45.164Z,21.4,25.4,33.7,66.1,1003.8,33.3,273,70
2026-07-03T15:21:55.161Z,21.8,24.2,33.7,66.1,1003.8,33.3,272,71
2026-07-03T15:22:05.159Z,22,24.4,33.7,66.2,1003.8,33.4,272,71
2026-07-03T15:22:15.165Z,22.4,24.4,33.7,66.2,1003.8,33.4,273,72
2026-07-03T15:22:25.162Z,22,24,33.7,66.2,1003.8,33.4,272,71
2026-07-03T15:22:35.166Z,22,23.4,33.7,66.2,1003.8,33.5,272,71
2026-07-03T15:22:45.159Z,20.2,21.8,33.7,66.2,1003.8,33.5,272,68
2026-07-03T15:22:55.162Z,21.2,21.2,33.7,66.2,1003.8,33.5,272,70
2026-07-03T15:23:05.161Z,22,22.8,33.7,66.2,1003.8,33.6,272,71
2026-07-03T15:23:15.168Z,23,25,33.7,66.2,1003.8,33.6,272,73
2026-07-03T15:23:25.158Z,22.4,25.4,33.7,66.2,1003.8,33.6,272,72
2026-07-03T15:23:35.161Z,22,26,33.7,66.2,1003.8,33.6,272,71
2026-07-03T15:23:45.270Z,22,26.8,33.6,66.2,1003.8,33.7,272,71
2026-07-03T15:23:55.159Z,22,26.6,33.6,66.3,1003.8,33.7,272,71
2026-07-03T15:24:05.161Z,23.6,26.6,33.6,66.3,1003.8,33.7,272,75
2026-07-03T15:24:15.209Z,21.8,25.6,33.6,66.3,1003.8,33.7,272,71
2026-07-03T15:24:25.173Z,21,25,33.6,66.3,1003.8,33.7,272,69
2026-07-03T15:24:35.167Z,22.8,25,33.6,66.3,1003.8,33.7,272,73
2026-07-03T15:24:45.180Z,24.2,25.8,33.6,66.3,1003.8,33.7,272,76
2026-07-03T15:24:55.180Z,25,27,33.6,66.4,1003.8,33.7,272,78
2026-07-03T15:25:05.169Z,24,27,33.6,66.4,1003.9,33.7,272,76
2026-07-03T15:25:15.171Z,24.2,26.6,33.6,66.4,1003.9,33.7,273,76
2026-07-03T15:25:25.169Z,24,26,33.6,66.4,1003.9,33.7,273,76
2026-07-03T15:25:35.175Z,23.6,24.6,33.6,66.4,1003.9,33.8,275,75
2026-07-03T15:25:45.163Z,23,24,33.6,66.4,1003.9,33.8,275,73
2026-07-03T15:25:55.166Z,24.4,26.2,33.6,66.4,1003.9,33.8,275,76
2026-07-03T15:26:05.170Z,24,26.4,33.6,66.4,1003.9,33.8,275,76
2026-07-03T15:26:15.175Z,23.2,25.2,33.6,66.4,1003.9,33.9,275,74
2026-07-03T15:26:25.164Z,23,25.2,33.6,66.4,1003.9,33.9,275,73
2026-07-03T15:26:35.159Z,21.4,25,33.6,66.4,1003.9,33.9,275,70
2026-07-03T15:26:45.162Z,20.6,24.6,33.6,66.4,1003.9,33.9,275,68
2026-07-03T15:26:55.172Z,21.8,24.6,33.6,66.4,1003.9,33.9,275,71
2026-07-03T15:27:05.164Z,23,25,33.6,66.4,1003.9,33.9,274,73
2026-07-03T15:27:15.161Z,24,25,33.6,66.4,1003.9,33.8,274,76
2026-07-03T15:27:25.166Z,24.6,25.6,33.6,66.4,1003.9,33.8,274,77
2026-07-03T15:27:35.162Z,23.8,25.4,33.6,66.4,1003.9,33.8,274,75
2026-07-03T15:27:45.169Z,23.4,24.4,33.6,66.4,1003.9,33.8,274,74
2026-07-03T15:27:55.161Z,23.2,23.6,33.6,66.4,1003.9,33.8,274,74
2026-07-03T15:28:05.172Z,26.2,27.4,33.6,66.5,1003.9,33.8,273,80
2026-07-03T15:28:15.165Z,26.6,27.6,33.6,66.5,1003.9,33.9,273,81
2026-07-03T15:28:25.160Z,25.4,27.4,33.6,66.5,1003.9,33.9,273,78
2026-07-03T15:28:35.155Z,24,26.8,33.6,66.5,1003.9,33.9,273,76
2026-07-03T15:28:45.172Z,23.4,26.4,33.6,66.5,1003.9,33.9,273,74
2026-07-03T15:28:55.157Z,23.4,26.4,33.6,66.4,1003.9,33.8,274,74
2026-07-03T15:29:05.178Z,23.2,25.4,33.6,66.4,1003.9,33.8,274,74
2026-07-03T15:29:15.165Z,22.6,24.8,33.6,66.4,1003.9,33.8,274,73
2026-07-03T15:29:25.165Z,23.6,26.2,33.6,66.4,1003.9,33.7,274,75
2026-07-03T15:29:35.171Z,23.4,26.4,33.6,66.4,1003.9,33.7,274,74
2026-07-03T15:29:45.178Z,23.8,26.4,33.6,66.4,1003.9,33.6,276,75
2026-07-03T15:29:55.185Z,24.4,27.8,33.6,66.4,1003.9,33.6,276,76
2026-07-03T15:30:05.176Z,26,28.2,33.6,66.4,1003.9,33.6,277,80
2026-07-03T15:30:15.173Z,27,28,33.6,66.4,1003.9,33.6,277,82
2026-07-03T15:30:25.170Z,26,27,33.6,66.4,1003.9,33.6,277,80
2026-07-03T15:30:35.172Z,24,25,33.6,66.4,1003.9,33.6,277,76
2026-07-03T15:30:45.166Z,24.4,25.4,33.6,66.4,1003.9,33.6,277,76
2026-07-03T15:30:55.172Z,25.6,27.6,33.6,66.5,1003.9,33.6,277,79
2026-07-03T15:31:05.182Z,26,28.4,33.6,66.5,1003.9,33.6,277,80
2026-07-03T15:31:15.166Z,26.6,28.6,33.6,66.5,1003.9,33.7,276,81
2026-07-03T15:31:25.184Z,26.4,28,33.6,66.5,1003.9,33.7,276,81
2026-07-03T15:31:35.164Z,26,28,33.6,66.5,1003.9,33.7,276,80
2026-07-03T15:31:45.171Z,27.4,28.6,33.6,66.5,1003.8,33.7,276,83
2026-07-03T15:31:55.169Z,26.4,29.4,33.6,66.5,1003.8,33.7,276,81
2026-07-03T15:32:05.159Z,25.4,28.4,33.6,66.5,1003.8,33.7,276,78
2026-07-03T15:32:15.164Z,25.4,28.2,33.6,66.5,1003.8,33.8,272,78
2026-07-03T15:32:25.170Z,25.8,26.8,33.6,66.5,1003.8,33.8,272,79
2026-07-03T15:32:35.165Z,24.4,26.2,33.6,66.5,1003.8,33.8,273,76
2026-07-03T15:32:45.172Z,26,27.2,33.6,66.5,1003.8,33.9,272,80
2026-07-03T15:32:55.166Z,26.6,28.2,33.6,66.6,1003.8,33.9,272,81
2026-07-03T15:33:05.161Z,25.6,26.6,33.6,66.6,1003.8,33.9,272,79
2026-07-03T15:33:15.184Z,25.2,27.4,33.6,66.6,1003.8,33.9,272,78
2026-07-03T15:33:25.171Z,24,27.2,33.6,66.6,1003.8,34,272,76
2026-07-03T15:33:35.172Z,23,27,33.6,66.6,1003.8,34,272,73
2026-07-03T15:33:45.169Z,24.4,27.6,33.6,66.6,1003.8,34,272,76
2026-07-03T15:33:55.179Z,23.4,28.8,33.6,66.6,1003.8,34,272,74
2026-07-03T15:34:05.178Z,22.4,27,33.6,66.7,1003.8,34,272,72
2026-07-03T15:34:15.167Z,24.6,27.4,33.6,66.7,1003.8,34,272,77
2026-07-03T15:34:25.166Z,24.2,25,33.6,66.6,1003.8,34,272,76
2026-07-03T15:34:35.169Z,24.4,24.8,33.6,66.6,1003.8,34,273,76
2026-07-03T15:34:45.181Z,26,28,33.6,66.6,1003.8,33.9,273,80
2026-07-03T15:34:55.166Z,26.4,27.8,33.6,66.6,1003.8,33.9,274,81
2026-07-03T15:35:05.165Z,27.4,28.4,33.6,66.6,1003.8,33.9,274,83
2026-07-03T15:35:15.160Z,27,28,33.6,66.6,1003.8,33.9,274,82
2026-07-03T15:35:25.154Z,27.2,28.4,33.6,66.6,1003.8,33.9,274,82
2026-07-03T15:35:35.164Z,27.8,31.6,33.6,66.7,1003.8,33.9,274,84
2026-07-03T15:35:45.167Z,27.4,30.6,33.6,66.7,1003.8,33.9,274,83
2026-07-03T15:35:55.163Z,26.4,29.8,33.6,66.7,1003.8,33.9,275,81
2026-07-03T15:36:05.158Z,27.2,27.6,33.6,66.7,1003.8,33.9,275,82
2026-07-03T15:36:15.161Z,27.4,27.6,33.6,66.7,1003.8,34,275,83
2026-07-03T15:36:25.162Z,25.8,25.8,33.6,66.7,1003.8,34,275,79
2026-07-03T15:36:35.151Z,27,27,33.6,66.7,1003.7,34,275,82
2026-07-03T15:36:45.152Z,29.2,30.2,33.6,66.7,1003.7,34,274,86
2026-07-03T15:36:55.181Z,28,29.2,33.6,66.7,1003.7,34,275,84
2026-07-03T15:37:05.157Z,26,28,33.6,66.7,1003.7,33.9,275,80
2026-07-03T15:37:15.180Z,27,29,33.6,66.7,1003.7,33.9,276,82
2026-07-03T15:37:25.173Z,25.8,28.8,33.6,66.7,1003.7,34,276,79
2026-07-03T15:37:35.165Z,25.4,27.8,33.6,66.7,1003.7,34,276,78
2026-07-03T15:37:45.177Z,26.4,28.4,33.6,66.8,1003.7,34,276,81
2026-07-03T15:37:55.177Z,25.8,27.8,33.6,66.8,1003.7,34,277,79
2026-07-03T15:38:05.173Z,24.8,27.6,33.6,66.8,1003.7,34,277,77
2026-07-03T15:38:15.168Z,26.8,27.2,33.6,66.8,1003.7,34.1,276,81
2026-07-03T15:38:25.167Z,25.4,26.6,33.6,66.8,1003.7,34.1,276,78
2026-07-03T15:38:35.161Z,26,28,33.6,66.8,1003.7,34.1,276,80
2026-07-03T15:38:45.166Z,27.4,30.2,33.6,66.8,1003.7,34.1,276,83
2026-07-03T15:38:55.174Z,27.2,29.6,33.6,66.8,1003.7,34,276,82
2026-07-03T15:39:05.179Z,26.4,29.4,33.6,66.8,1003.7,33.9,276,81
2026-07-03T15:39:15.171Z,25,29,33.6,66.8,1003.7,33.9,276,78
2026-07-03T15:39:25.158Z,26.4,29,33.6,66.8,1003.7,33.8,275,81
2026-07-03T15:39:35.169Z,28.2,30.2,33.6,66.8,1003.7,33.8,275,84
2026-07-03T15:39:45.165Z,26.8,29.6,33.6,66.8,1003.7,33.9,275,81
2026-07-03T15:39:55.154Z,26.6,30,33.6,66.8,1003.7,33.9,275,81
2026-07-03T15:40:05.149Z,26,30,33.6,66.8,1003.7,33.9,275,80
2026-07-03T15:40:15.162Z,24.8,28,33.6,66.8,1003.7,34,277,77
2026-07-03T15:40:25.167Z,27,29,33.6,66.8,1003.7,34,277,82
2026-07-03T15:40:35.187Z,25.4,27.8,33.6,66.8,1003.7,34,275,78
2026-07-03T15:40:45.170Z,26.4,30.4,33.6,66.8,1003.7,34.1,275,81
2026-07-03T15:40:55.158Z,26.6,29.4,33.6,66.8,1003.7,34.1,274,81
2026-07-03T15:41:05.159Z,26.4,27.8,33.6,66.8,1003.7,34.1,274,81
2026-07-03T15:41:15.152Z,26.6,27,33.6,66.8,1003.7,34.2,274,81
2026-07-03T15:41:25.154Z,27.4,30,33.6,66.8,1003.7,34.2,274,83
2026-07-03T15:41:35.159Z,28,31,33.6,66.8,1003.7,34.3,274,84
2026-07-03T15:41:45.161Z,27.8,32,33.6,66.8,1003.7,34.3,276,84
2026-07-03T15:41:55.155Z,29,32.8,33.6,66.8,1003.7,34.3,274,86
2026-07-03T15:42:05.151Z,28,29.8,33.6,66.8,1003.7,34.3,274,84
2026-07-03T15:42:15.156Z,27,29.4,33.6,66.8,1003.7,34.3,274,82
2026-07-03T15:42:25.162Z,28.4,30.6,33.6,66.9,1003.7,34.3,274,85
2026-07-03T15:42:35.162Z,29,31.6,33.6,66.8,1003.7,34.3,275,86
2026-07-03T15:42:45.160Z,28,32.4,33.6,66.9,1003.7,34.3,275,84
2026-07-03T15:42:55.170Z,28.8,30.2,33.6,66.9,1003.7,34.3,275,86
2026-07-03T15:43:05.163Z,27,28,33.6,66.9,1003.7,34.3,275,82
2026-07-03T15:43:15.170Z,27.6,29.6,33.6,66.9,1003.7,34.3,274,83
2026-07-03T15:43:25.163Z,27.6,30.2,33.6,66.8,1003.7,34.3,274,83
2026-07-03T15:43:35.172Z,26.8,29,33.6,66.8,1003.7,34.2,274,81
2026-07-03T15:43:45.172Z,28.2,31.2,33.6,66.8,1003.7,34.2,274,84
2026-07-03T15:43:55.158Z,27.2,30,33.6,66.8,1003.7,34.2,275,82
2026-07-03T15:44:05.167Z,29,31.6,33.6,66.8,1003.7,34.1,276,86
2026-07-03T15:44:15.159Z,27.6,31.2,33.6,66.8,1003.7,34.1,276,83
2026-07-03T15:44:25.157Z,28,30.4,33.6,66.8,1003.7,34.1,276,84
2026-07-03T15:44:35.165Z,28.2,29.4,33.6,66.8,1003.7,34,276,84
2026-07-03T15:44:45.160Z,26.4,28.2,33.6,66.8,1003.7,34,274,81
2026-07-03T15:44:55.166Z,25,27.6,33.6,66.8,1003.7,34,274,78
2026-07-03T15:45:05.322Z,26,29,33.6,66.8,1003.7,34,276,80
2026-07-03T15:45:15.164Z,25.4,29.2,33.6,66.8,1003.7,34,274,78
2026-07-03T15:45:25.164Z,25,28.4,33.6,66.8,1003.7,34,274,78
2026-07-03T15:45:35.163Z,25.4,28.4,33.6,66.8,1003.7,34,278,78
2026-07-03T15:45:45.160Z,24.4,27,33.6,66.8,1003.7,34.1,274,76
2026-07-03T15:45:55.164Z,24.6,27,33.6,66.8,1003.7,34.1,274,77
2026-07-03T15:46:05.197Z,26.6,28.6,33.6,66.8,1003.7,34.1,277,81
2026-07-03T15:46:15.159Z,29,31,33.6,66.8,1003.7,34.1,277,86
2026-07-03T15:46:25.159Z,28,29,33.6,66.8,1003.7,34.1,277,84
2026-07-03T15:46:35.167Z,29.6,29.6,33.6,66.8,1003.7,34.1,277,87
2026-07-03T15:46:45.181Z,29.2,31,33.6,66.8,1003.7,34.1,277,86
2026-07-03T15:46:55.172Z,28,31.6,33.6,66.8,1003.7,34.1,277,84
2026-07-03T15:47:05.157Z,26.4,29,33.6,66.8,1003.7,34.1,277,81
2026-07-03T15:47:15.165Z,25,28.4,33.6,66.8,1003.7,34.1,275,78
2026-07-03T15:47:25.170Z,26.2,30.8,33.6,66.8,1003.7,34.1,275,80
2026-07-03T15:47:35.160Z,27.6,30,33.6,66.8,1003.7,34.1,275,83
2026-07-03T15:47:45.167Z,29,32.6,33.6,66.8,1003.7,34.1,275,86
2026-07-03T15:47:55.156Z,27,29.4,33.6,66.8,1003.7,34.1,275,82
2026-07-03T15:48:05.164Z,27,29.4,33.6,66.8,1003.7,34.1,275,82
2026-07-03T15:48:15.166Z,27,30,33.6,66.8,1003.7,34.1,275,82
2026-07-03T15:48:25.165Z,28.2,28.6,33.6,66.8,1003.7,34.1,275,84
2026-07-03T15:48:35.157Z,27.2,28.8,33.6,66.8,1003.7,34.1,275,82
2026-07-03T15:48:45.156Z,27,27.6,33.6,66.8,1003.7,34.1,275,82
2026-07-03T15:48:55.163Z,26.2,26.2,33.6,66.8,1003.7,34.2,275,80
2026-07-03T15:49:05.162Z,27.2,27.6,33.6,66.8,1003.7,34.2,275,82
2026-07-03T15:49:15.158Z,27.4,29,33.6,66.8,1003.7,34.2,275,83
2026-07-03T15:49:25.163Z,27.4,30,33.6,66.8,1003.7,34.1,275,83
2026-07-03T15:49:35.169Z,27,28.4,33.6,66.7,1003.7,34.1,275,82
2026-07-03T15:49:45.155Z,26.4,28.4,33.6,66.7,1003.7,34.1,274,81
2026-07-03T15:49:55.156Z,27.4,29.6,33.6,66.7,1003.7,34.2,274,83
2026-07-03T15:50:05.163Z,26.6,29.2,33.6,66.7,1003.7,34.2,274,81
2026-07-03T15:50:15.161Z,26,28,33.6,66.7,1003.7,34.2,274,80
2026-07-03T15:50:25.179Z,26.2,27.6,33.6,66.7,1003.7,34.3,274,80
2026-07-03T15:50:35.159Z,26.4,28,33.6,66.7,1003.7,34.3,274,81
2026-07-03T15:50:45.169Z,26,26.6,33.6,66.7,1003.7,34.3,274,80
2026-07-03T15:50:55.164Z,25.8,25.8,33.6,66.7,1003.7,34.4,274,79
2026-07-03T15:51:05.170Z,25.4,27.2,33.6,66.7,1003.7,34.4,274,78
2026-07-03T15:51:15.172Z,25.8,27.8,33.6,66.7,1003.7,34.4,274,79
2026-07-03T15:51:25.159Z,27.4,29.2,33.6,66.7,1003.7,34.4,274,83
2026-07-03T15:51:35.158Z,28.4,30.4,33.6,66.7,1003.7,34.4,274,85
2026-07-03T15:51:45.174Z,27.6,29.8,33.6,66.7,1003.7,34.4,274,83
2026-07-03T15:51:55.154Z,25.6,28.6,33.6,66.7,1003.7,34.4,274,79
2026-07-03T15:52:05.170Z,26.6,29.6,33.6,66.7,1003.7,34.4,274,81
2026-07-03T15:52:15.154Z,26.6,29.6,33.6,66.7,1003.7,34.4,274,81
2026-07-03T15:52:25.165Z,25.2,28.2,33.6,66.8,1003.7,34.5,274,78
2026-07-03T15:52:35.168Z,24,27.6,33.6,66.7,1003.7,34.5,275,76
2026-07-03T15:52:45.162Z,24.8,28.4,33.6,66.7,1003.7,34.4,275,77
2026-07-03T15:52:55.163Z,25.2,31.2,33.6,66.7,1003.7,34.4,275,78
2026-07-03T15:53:05.181Z,28.4,34,33.6,66.7,1003.7,34.4,275,85
2026-07-03T15:53:15.159Z,28.4,33.4,33.6,66.7,1003.7,34.4,275,85
2026-07-03T15:53:25.152Z,27.6,31.8,33.6,66.7,1003.7,34.4,275,83
2026-07-03T15:53:35.158Z,27.2,28.4,33.6,66.7,1003.7,34.4,275,82
2026-07-03T15:53:45.148Z,26.4,28.4,33.6,66.7,1003.7,34.4,275,81
2026-07-03T15:53:55.153Z,26.4,27.4,33.6,66.7,1003.6,34.4,275,81
2026-07-03T15:54:05.159Z,28.4,28.4,33.6,66.7,1003.6,34.4,275,85
2026-07-03T15:54:15.153Z,28.8,30.8,33.6,66.7,1003.6,34.4,275,86
2026-07-03T15:54:25.175Z,29.2,31.2,33.6,66.7,1003.6,34.5,275,86
2026-07-03T15:54:35.157Z,30.8,32.8,33.6,66.7,1003.6,34.5,275,90
2026-07-03T15:54:45.158Z,29.6,31.6,33.6,66.7,1003.6,34.5,275,87
2026-07-03T15:54:55.169Z,30.2,33,33.6,66.7,1003.6,34.6,277,89
2026-07-03T15:55:05.163Z,29,31.6,33.6,66.7,1003.6,34.6,277,86
2026-07-03T15:55:15.162Z,30,31.8,33.6,66.7,1003.6,34.6,277,88
2026-07-03T15:55:25.160Z,28.4,29.4,33.6,66.7,1003.6,34.6,277,85
2026-07-03T15:55:35.161Z,28.6,28.6,33.6,66.7,1003.6,34.7,277,85
2026-07-03T15:55:45.156Z,29.6,30.4,33.6,66.7,1003.6,34.7,277,87
2026-07-03T15:55:55.151Z,29,32.4,33.6,66.8,1003.6,34.8,277,86
2026-07-03T15:56:05.153Z,29.4,33.4,33.6,66.8,1003.6,34.8,277,87
2026-07-03T15:56:15.150Z,30,33.2,33.6,66.8,1003.6,34.9,277,88
2026-07-03T15:56:25.152Z,28.8,31.6,33.6,66.9,1003.6,35,276,86
2026-07-03T15:56:35.177Z,27.6,32,33.6,66.9,1003.6,35,277,83
2026-07-03T15:56:45.155Z,28,31.8,33.6,66.9,1003.6,35,276,84
2026-07-03T15:56:55.152Z,27.4,30.6,33.6,66.9,1003.6,35,275,83
2026-07-03T15:57:05.154Z,26.2,30.4,33.6,67,1003.6,35.1,276,80
2026-07-03T15:57:15.161Z,24.8,28.6,33.5,67,1003.6,35.1,276,77
2026-07-03T15:57:25.153Z,25.4,29.4,33.5,67,1003.6,35.1,276,78
2026-07-03T15:57:35.148Z,26.6,29.4,33.5,67,1003.6,35.2,276,81
2026-07-03T15:57:45.155Z,27.2,29.2,33.5,67,1003.6,35.2,275,82
2026-07-03T15:57:55.167Z,27.4,31,33.5,67,1003.6,35.2,275,83
2026-07-03T15:58:05.156Z,28,32.2,33.5,67,1003.6,35.3,275,84
2026-07-03T15:58:15.156Z,27.4,32,33.5,67,1003.6,35.3,275,83
2026-07-03T15:58:25.147Z,27.6,30.8,33.5,67,1003.6,35.3,275,83
2026-07-03T15:58:35.146Z,29.2,32.8,33.5,67,1003.6,35.3,275,86
2026-07-03T15:58:45.163Z,29.2,33.2,33.5,67,1003.6,35.3,277,86
2026-07-03T15:58:55.150Z,28.2,30.6,33.5,67,1003.6,35.3,277,84
2026-07-03T15:59:05.158Z,27.4,29,33.5,67,1003.6,35.2,277,83
2026-07-03T15:59:15.142Z,28.4,29.8,33.5,67,1003.6,35.2,277,85
2026-07-03T15:59:25.142Z,30,31,33.5,67,1003.6,35.2,277,88
2026-07-03T15:59:35.145Z,28.8,31,33.5,67,1003.6,35.2,277,86
2026-07-03T15:59:45.142Z,30,34,33.5,67,1003.6,35.2,277,88
2026-07-03T15:59:55.146Z,30.4,34,33.5,67,1003.6,35.2,275,89
2026-07-03T16:00:05.150Z,29.8,31.4,33.5,67,1003.6,35.1,275,88
2026-07-03T16:00:15.151Z,28,28.8,33.5,67,1003.6,35.1,275,84
2026-07-03T16:00:25.154Z,28.8,31.2,33.5,66.9,1003.6,35.1,274,86
2026-07-03T16:00:35.153Z,30,32,33.5,67,1003.6,35.1,274,88
2026-07-03T16:00:45.155Z,29.6,32.2,33.5,67,1003.6,35.1,274,87
2026-07-03T16:00:55.151Z,28.4,30.4,33.5,67,1003.6,35.1,274,85
2026-07-03T16:01:05.153Z,27.4,30.8,33.5,67,1003.6,35.1,274,83
2026-07-03T16:01:15.151Z,28.2,32.6,33.5,67,1003.6,35.1,274,84
2026-07-03T16:01:25.138Z,29,34,33.5,67,1003.6,35.1,274,86
2026-07-03T16:01:35.154Z,26.6,31.6,33.5,67,1003.6,35.1,273,81
2026-07-03T16:01:45.144Z,27,31,33.5,67,1003.6,35.1,273,82
2026-07-03T16:01:55.136Z,28,30.2,33.5,67,1003.7,35.2,274,84
2026-07-03T16:02:05.163Z,29.2,31.6,33.5,67,1003.7,35.2,274,86
2026-07-03T16:02:15.144Z,30.6,33.6,33.5,67.1,1003.7,35.2,274,89
2026-07-03T16:02:25.138Z,30.8,34,33.5,67.1,1003.7,35.3,275,90
2026-07-03T16:02:35.148Z,29,32,33.5,67.1,1003.7,35.3,275,86
2026-07-03T16:02:45.155Z,31,33.4,33.5,67.1,1003.7,35.4,277,90
2026-07-03T16:02:55.142Z,29.6,30.8,33.5,67.1,1003.7,35.4,277,87
2026-07-03T16:03:05.147Z,29.6,31.4,33.5,67.1,1003.7,35.4,278,87
2026-07-03T16:03:15.154Z,29.4,30.4,33.5,67.1,1003.7,35.4,278,87
2026-07-03T16:03:25.161Z,28.8,31.8,33.5,67.1,1003.7,35.4,278,86
2026-07-03T16:03:35.159Z,28.4,33.4,33.5,67.1,1003.7,35.5,278,85
2026-07-03T16:03:45.164Z,30,33,33.5,67.1,1003.7,35.5,277,88
2026-07-03T16:03:55.163Z,30.4,33.4,33.5,67.1,1003.7,35.5,277,89
2026-07-03T16:04:05.158Z,29.4,32.4,33.5,67.1,1003.7,35.5,279,87
2026-07-03T16:04:15.162Z,30,33,33.5,67.1,1003.7,35.5,278,88
2026-07-03T16:04:25.169Z,30.8,34,33.5,67.1,1003.7,35.5,276,90
2026-07-03T16:04:35.164Z,30.8,33.6,33.5,67.1,1003.7,35.5,276,90
2026-07-03T16:04:45.152Z,31,33.6,33.5,67.1,1003.7,35.5,276,90
2026-07-03T16:04:55.160Z,30.6,33,33.5,67,1003.7,35.5,276,89
2026-07-03T16:05:05.281Z,30,33.8,33.5,67,1003.7,35.5,276,88
2026-07-03T16:05:15.151Z,29.2,33.2,33.5,67,1003.7,35.5,276,86
2026-07-03T16:05:25.156Z,30,32.4,33.5,67,1003.7,35.4,276,88
2026-07-03T16:05:35.151Z,29,32,33.5,67,1003.7,35.4,276,86
2026-07-03T16:05:45.150Z,30,34,33.5,67,1003.7,35.4,278,88
2026-07-03T16:05:55.160Z,28.4,31.4,33.5,67,1003.7,35.4,276,85
2026-07-03T16:06:05.156Z,30,33,33.5,67,1003.7,35.4,276,88
2026-07-03T16:06:15.225Z,30.4,32.4,33.5,67,1003.7,35.4,277,89
2026-07-03T16:06:25.157Z,30.2,32.2,33.5,67,1003.7,35.4,276,89
2026-07-03T16:06:35.152Z,29.6,33.4,33.5,67,1003.7,35.4,275,87
2026-07-03T16:06:45.161Z,29,32.6,33.5,67,1003.7,35.3,277,86
2026-07-03T16:06:55.152Z,30.8,34.6,33.5,67,1003.7,35.3,278,90
2026-07-03T16:07:05.156Z,31,37,33.5,67,1003.7,35.3,277,90
2026-07-03T16:07:15.150Z,30,34.2,33.5,67,1003.7,35.2,278,88
2026-07-03T16:07:25.157Z,27.6,31.8,33.5,67,1003.7,35.2,277,83
2026-07-03T16:07:35.167Z,28.2,31.8,33.5,67,1003.7,35.2,277,84
2026-07-03T16:07:45.158Z,29,32.8,33.5,67,1003.7,35.2,277,86
2026-07-03T16:07:55.159Z,31,34,33.5,67,1003.7,35.2,277,90
2026-07-03T16:08:05.162Z,31.4,33.4,33.5,67,1003.7,35.2,278,91
2026-07-03T16:08:15.158Z,31,35.4,33.5,67,1003.7,35.2,278,90
2026-07-03T16:08:25.154Z,29.4,33.4,33.5,67,1003.7,35.2,278,87
2026-07-03T16:08:35.169Z,29.2,32.4,33.5,67,1003.7,35.2,278,86
2026-07-03T16:08:45.152Z,30,33.4,33.5,67,1003.7,35.2,276,88
2026-07-03T16:08:55.162Z,29.8,33.8,33.5,67.1,1003.7,35.2,276,88
2026-07-03T16:09:05.154Z,30,32,33.5,67.1,1003.7,35.2,276,88
2026-07-03T16:09:15.157Z,30,32.4,33.5,67.1,1003.7,35.1,276,88
2026-07-03T16:09:25.176Z,29.6,33,33.5,67,1003.7,35.1,276,87
2026-07-03T16:09:35.158Z,30.4,34.2,33.5,67,1003.7,35.1,276,89
2026-07-03T16:09:45.152Z,29.2,33,33.5,67,1003.7,35.1,275,86
2026-07-03T16:09:55.162Z,30.2,33.8,33.5,67,1003.7,35.1,275,89
2026-07-03T16:10:05.155Z,29.4,30.8,33.5,67,1003.7,35.1,275,87
2026-07-03T16:10:15.157Z,31,32.8,33.5,67,1003.7,35,275,90
2026-07-03T16:10:25.159Z,29.8,32.4,33.6,66.9,1003.7,35,275,88
2026-07-03T16:10:35.163Z,29.4,33.4,33.6,66.9,1003.7,34.9,275,87
2026-07-03T16:10:45.152Z,29.2,31,33.6,66.9,1003.7,34.9,275,86
2026-07-03T16:10:55.165Z,26.4,29.4,33.6,66.8,1003.7,34.9,275,81
2026-07-03T16:11:05.156Z,28,30.6,33.6,66.8,1003.7,34.9,275,84
2026-07-03T16:11:15.150Z,27,28,33.6,66.8,1003.7,34.8,275,82
2026-07-03T16:11:25.148Z,27.4,29.8,33.6,66.8,1003.7,34.8,275,83
2026-07-03T16:11:35.151Z,27.4,29.8,33.6,66.8,1003.7,34.7,275,83
2026-07-03T16:11:45.148Z,28.4,29.4,33.6,66.7,1003.7,34.7,275,85
2026-07-03T16:11:55.154Z,28.4,29.4,33.6,66.7,1003.7,34.6,275,85
2026-07-03T16:12:05.151Z,26.8,29.6,33.6,66.7,1003.7,34.6,275,81
2026-07-03T16:12:15.148Z,27.2,30.2,33.6,66.7,1003.7,34.5,275,82
2026-07-03T16:12:25.156Z,28.6,33,33.6,66.7,1003.7,34.5,275,85
2026-07-03T16:12:35.157Z,30,32,33.6,66.7,1003.7,34.5,274,88
2026-07-03T16:12:45.156Z,29.6,30,33.6,66.6,1003.7,34.4,274,87
2026-07-03T16:12:55.164Z,29,31.6,33.6,66.6,1003.7,34.4,274,86
2026-07-03T16:13:05.157Z,30.4,34.8,33.6,66.6,1003.7,34.3,274,89
2026-07-03T16:13:15.154Z,29.8,33.8,33.7,66.6,1003.7,34.3,273,88
2026-07-03T16:13:25.163Z,29.6,33,33.7,66.6,1003.7,34.3,274,87
2026-07-03T16:13:35.149Z,30,33,33.7,66.6,1003.7,34.2,273,88
2026-07-03T16:13:45.156Z,30.2,34,33.7,66.6,1003.7,34.2,274,89
2026-07-03T16:13:55.150Z,29.6,33.6,33.7,66.6,1003.7,34.2,275,87
2026-07-03T16:14:05.146Z,29,32,33.7,66.6,1003.7,34.2,274,86
2026-07-03T16:14:15.145Z,29.6,31.6,33.7,66.6,1003.7,34.2,275,87
2026-07-03T16:14:25.169Z,29.4,31,33.7,66.5,1003.7,34.2,275,87
2026-07-03T16:14:35.148Z,27,27.6,33.7,66.5,1003.7,34.2,275,82
2026-07-03T16:14:45.146Z,27.4,29.8,33.7,66.5,1003.7,34.2,275,83
2026-07-03T16:14:55.170Z,28.6,32.6,33.7,66.5,1003.7,34.2,276,85
2026-07-03T16:15:05.144Z,27.6,31.2,33.7,66.5,1003.7,34.3,276,83
2026-07-03T16:15:15.141Z,29.6,31.6,33.7,66.5,1003.7,34.3,276,87
2026-07-03T16:15:25.137Z,29.4,33.2,33.7,66.5,1003.7,34.4,277,87
2026-07-03T16:15:35.135Z,30,34.6,33.7,66.5,1003.7,34.4,276,88
2026-07-03T16:15:45.135Z,30,34.8,33.7,66.5,1003.7,34.5,276,88
2026-07-03T16:15:55.139Z,29.6,32.6,33.7,66.6,1003.7,34.6,276,87
2026-07-03T16:16:05.134Z,27,30.4,33.7,66.6,1003.7,34.6,276,82
2026-07-03T16:16:15.139Z,28,32.8,33.6,66.6,1003.7,34.7,276,84
2026-07-03T16:16:25.131Z,26.8,31,33.6,66.6,1003.7,34.7,276,81
2026-07-03T16:16:35.135Z,25.4,30.2,33.6,66.6,1003.6,34.7,276,78
2026-07-03T16:16:45.143Z,25.2,30,33.6,66.6,1003.6,34.7,276,78
2026-07-03T16:16:55.135Z,27.6,29.6,33.6,66.6,1003.6,34.7,275,83
2026-07-03T16:17:05.135Z,28.8,30.8,33.6,66.6,1003.6,34.7,276,86
2026-07-03T16:17:15.134Z,28.8,32.2,33.6,66.6,1003.6,34.7,276,86
2026-07-03T16:17:25.134Z,28.6,30.6,33.6,66.6,1003.6,34.8,275,85
2026-07-03T16:17:35.140Z,27,28,33.6,66.6,1003.6,34.8,275,82
2026-07-03T16:17:45.142Z,27.8,28.8,33.6,66.6,1003.6,34.8,275,84
2026-07-03T16:17:55.138Z,26.8,29.4,33.6,66.6,1003.6,34.8,274,81
2026-07-03T16:18:05.140Z,27.2,30.6,33.6,66.6,1003.6,34.8,275,82
2026-07-03T16:18:15.497Z,27.2,30.6,33.6,66.7,1003.6,34.9,275,82
2026-07-03T16:18:25.152Z,28.2,30.6,33.6,66.7,1003.6,34.9,274,84
2026-07-03T16:18:35.149Z,28,29.6,33.6,66.7,1003.6,34.9,274,84
2026-07-03T16:18:45.143Z,31,34,33.6,66.7,1003.6,34.9,275,90
2026-07-03T16:18:55.139Z,30,34,33.6,66.7,1003.6,34.9,274,88
2026-07-03T16:19:05.156Z,29.6,33.6,33.6,66.7,1003.6,34.9,274,87
2026-07-03T16:19:15.140Z,29.4,33.4,33.6,66.7,1003.6,35,274,87
2026-07-03T16:19:25.177Z,28.8,31.6,33.6,66.7,1003.6,35,274,86
2026-07-03T16:19:35.142Z,27.2,30.6,33.6,66.7,1003.6,35.1,275,82
2026-07-03T16:19:45.169Z,28,31,33.6,66.7,1003.6,35.1,275,84
2026-07-03T16:19:55.138Z,27.8,31.2,33.6,66.8,1003.6,35.2,275,84
2026-07-03T16:20:05.146Z,30.2,33.6,33.6,66.8,1003.6,35.2,275,89
2026-07-03T16:20:15.144Z,31.8,34,33.6,66.8,1003.5,35.2,275,92
2026-07-03T16:20:25.135Z,29,31.2,33.6,66.8,1003.5,35.1,275,86
2026-07-03T16:20:35.146Z,31.2,33.2,33.6,66.7,1003.5,35.1,275,91
2026-07-03T16:20:45.145Z,29.6,32.6,33.6,66.7,1003.5,35.1,275,87
2026-07-03T16:20:55.128Z,29.8,32.2,33.6,66.7,1003.5,35.1,275,88
2026-07-03T16:21:05.136Z,29.2,31.4,33.6,66.7,1003.5,35.1,275,86
2026-07-03T16:21:15.129Z,29,32.8,33.6,66.7,1003.5,35.1,275,86
2026-07-03T16:21:25.141Z,28.2,31.4,33.6,66.7,1003.5,35.1,275,84
2026-07-03T16:21:35.145Z,30,32,33.6,66.7,1003.5,35.1,275,88
2026-07-03T16:21:45.142Z,29,30.2,33.6,66.7,1003.5,35.1,275,86
2026-07-03T16:21:55.142Z,29.4,31.4,33.6,66.8,1003.5,35.2,275,87
2026-07-03T16:22:05.150Z,30,32.8,33.6,66.8,1003.5,35.2,275,88
2026-07-03T16:22:15.147Z,29.2,30.4,33.6,66.8,1003.5,35.2,275,86
2026-07-03T16:22:25.141Z,29.8,32,33.6,66.8,1003.5,35.2,275,88
2026-07-03T16:22:35.147Z,29.8,31.6,33.6,66.8,1003.5,35.2,276,88
2026-07-03T16:22:45.142Z,29.4,30.4,33.6,66.7,1003.5,35.2,276,87
2026-07-03T16:22:55.503Z,29.4,30.4,33.6,66.7,1003.5,35.2,276,87
2026-07-03T16:23:05.147Z,28.6,30.4,33.6,66.7,1003.5,35.2,276,85
2026-07-03T16:23:15.142Z,28,28.8,33.6,66.7,1003.5,35.2,276,84
2026-07-03T16:23:25.159Z,28.6,30.6,33.6,66.7,1003.5,35.2,276,85
2026-07-03T16:23:35.146Z,30,32.6,33.6,66.7,1003.5,35.2,277,88
2026-07-03T16:23:45.167Z,28.4,28.6,33.6,66.7,1003.5,35.2,278,85
2026-07-03T16:23:55.137Z,27.8,28.2,33.6,66.7,1003.5,35.2,278,84
2026-07-03T16:24:05.141Z,26,27.2,33.6,66.7,1003.5,35.2,278,80
2026-07-03T16:24:15.161Z,28,30,33.6,66.7,1003.5,35.2,278,84
2026-07-03T16:24:25.138Z,27.6,29.6,33.6,66.7,1003.5,35.2,278,83
2026-07-03T16:24:35.130Z,27,31,33.6,66.6,1003.5,35.2,278,82
2026-07-03T16:24:45.123Z,25.2,31,33.6,66.6,1003.5,35.2,278,78
2026-07-03T16:24:55.132Z,26.4,30.6,33.6,66.7,1003.5,35.2,276,81
2026-07-03T16:25:05.138Z,26.2,27.6,33.6,66.7,1003.5,35.3,276,80
2026-07-03T16:25:15.125Z,24.8,26.4,33.6,66.7,1003.5,35.3,276,77
2026-07-03T16:25:25.138Z,25.8,27.8,33.6,66.7,1003.5,35.4,275,79
2026-07-03T16:25:35.141Z,27.4,28.2,33.6,66.7,1003.5,35.4,275,83
2026-07-03T16:25:45.143Z,28.8,29.4,33.6,66.7,1003.5,35.4,275,86
2026-07-03T16:25:55.138Z,29,30.2,33.6,66.7,1003.5,35.5,275,86
2026-07-03T16:26:05.136Z,26.4,29,33.6,66.7,1003.5,35.5,274,81
2026-07-03T16:26:15.136Z,25.8,27.8,33.6,66.8,1003.5,35.5,274,79
2026-07-03T16:26:25.146Z,24.2,26.2,33.6,66.8,1003.5,35.5,275,76
2026-07-03T16:26:35.138Z,26,28,33.6,66.8,1003.5,35.6,274,80
2026-07-03T16:26:45.125Z,25.6,27.4,33.5,66.8,1003.5,35.6,274,79
2026-07-03T16:26:55.133Z,27.8,28.6,33.5,66.8,1003.5,35.6,274,84
2026-07-03T16:27:05.123Z,25.6,26.6,33.5,66.8,1003.5,35.6,274,79
2026-07-03T16:27:15.133Z,23.8,25.6,33.5,66.8,1003.5,35.6,273,75
2026-07-03T16:27:25.158Z,26,27,33.5,66.8,1003.5,35.6,274,80
2026-07-03T16:27:35.137Z,25.4,26.4,33.5,66.8,1003.5,35.6,273,78
2026-07-03T16:27:45.139Z,26,27.6,33.5,66.8,1003.5,35.6,273,80
2026-07-03T16:27:55.137Z,25.4,28.2,33.5,66.8,1003.5,35.6,274,78
2026-07-03T16:28:05.145Z,26,28.8,33.5,66.8,1003.5,35.6,274,80
2026-07-03T16:28:15.148Z,27.8,29.8,33.5,66.8,1003.5,35.6,273,84
2026-07-03T16:28:25.142Z,26.6,27.6,33.5,66.8,1003.5,35.7,273,81
2026-07-03T16:28:35.138Z,27.2,28.6,33.5,66.8,1003.5,35.7,273,82
2026-07-03T16:28:45.151Z,26.4,31,33.5,66.8,1003.5,35.7,273,81
2026-07-03T16:28:55.138Z,25.6,28.6,33.5,66.8,1003.5,35.7,273,79
2026-07-03T16:29:05.140Z,26.6,28.6,33.5,66.8,1003.5,35.8,274,81
2026-07-03T16:29:15.141Z,27.8,28.8,33.5,66.8,1003.5,35.8,274,84
2026-07-03T16:29:25.145Z,26.6,28.6,33.5,66.8,1003.5,35.8,274,81
2026-07-03T16:29:35.139Z,26.4,29,33.5,66.8,1003.5,35.9,274,81
2026-07-03T16:29:45.143Z,27,29,33.5,66.8,1003.5,35.9,274,82
2026-07-03T16:29:55.145Z,25.4,27.4,33.5,66.8,1003.5,35.9,272,78
2026-07-03T16:30:05.137Z,25.8,27.8,33.5,66.8,1003.5,35.9,273,79
2026-07-03T16:30:15.135Z,27.8,28.8,33.5,66.8,1003.5,35.9,274,84
2026-07-03T16:30:25.141Z,28,28,33.5,66.8,1003.5,35.9,274,84
2026-07-03T16:30:35.137Z,27.6,27.6,33.5,66.8,1003.5,35.8,274,83
2026-07-03T16:30:45.139Z,28.6,29.6,33.5,66.8,1003.5,35.8,274,85
2026-07-03T16:30:55.135Z,28,29,33.5,66.7,1003.5,35.9,274,84
2026-07-03T16:31:05.155Z,26.8,27.2,33.5,66.7,1003.5,35.8,274,81
2026-07-03T16:31:15.137Z,26.4,26.4,33.5,66.7,1003.5,35.8,274,81
2026-07-03T16:31:25.133Z,26.4,27.4,33.6,66.7,1003.5,35.8,274,81
2026-07-03T16:31:35.146Z,24.8,27.2,33.6,66.7,1003.5,35.8,274,77
2026-07-03T16:31:45.149Z,25,28.6,33.6,66.7,1003.5,35.8,274,78
2026-07-03T16:31:55.126Z,27,28.6,33.6,66.7,1003.5,35.8,274,82
2026-07-03T16:32:05.123Z,24.4,25.2,33.6,66.7,1003.5,35.8,273,76
2026-07-03T16:32:15.137Z,24.4,27.2,33.6,66.7,1003.5,35.8,274,76
2026-07-03T16:32:25.132Z,25.6,27,33.6,66.7,1003.5,35.9,273,79
2026-07-03T16:32:35.128Z,26.8,27.6,33.6,66.7,1003.5,35.9,273,81
2026-07-03T16:32:45.152Z,27,27,33.6,66.7,1003.5,35.9,273,82
2026-07-03T16:32:55.126Z,25.6,26.4,33.6,66.7,1003.5,36,273,79
2026-07-03T16:33:05.124Z,24,25,33.6,66.7,1003.5,36,272,76
2026-07-03T16:33:15.131Z,24.4,26.6,33.6,66.7,1003.5,36,272,76
2026-07-03T16:33:25.136Z,24,26,33.6,66.7,1003.5,36,272,76
2026-07-03T16:33:35.141Z,25,27.4,33.6,66.7,1003.5,36,272,78
2026-07-03T16:33:45.137Z,24.8,27.6,33.6,66.7,1003.5,36,272,77
2026-07-03T16:33:55.125Z,23,27.8,33.6,66.7,1003.5,36,272,73
2026-07-03T16:34:05.133Z,24,27,33.6,66.7,1003.5,35.9,272,76
2026-07-03T16:34:15.129Z,24.4,26,33.6,66.6,1003.5,35.9,272,76
2026-07-03T16:34:25.133Z,25,25.6,33.6,66.6,1003.5,35.9,272,78
2026-07-03T16:34:35.129Z,24.6,25,33.6,66.6,1003.5,35.9,272,77
2026-07-03T16:34:45.138Z,25,26,33.6,66.6,1003.5,35.9,272,78
2026-07-03T16:34:55.130Z,23.6,25.4,33.6,66.6,1003.5,35.9,272,75
2026-07-03T16:35:05.136Z,23.2,25,33.6,66.6,1003.5,35.8,273,74
2026-07-03T16:35:15.129Z,25.6,26.6,33.6,66.6,1003.5,35.8,272,79
2026-07-03T16:35:25.131Z,26.6,26.8,33.6,66.5,1003.5,35.7,272,81
2026-07-03T16:35:35.132Z,27,28,33.6,66.5,1003.5,35.7,273,82
2026-07-03T16:35:45.126Z,26.4,28.4,33.6,66.5,1003.4,35.6,272,81
2026-07-03T16:35:55.131Z,25.2,27.6,33.6,66.5,1003.4,35.6,272,78
2026-07-03T16:36:05.137Z,23.6,26.6,33.6,66.4,1003.4,35.6,272,75
2026-07-03T16:36:15.136Z,22,24.2,33.6,66.4,1003.4,35.5,272,71
2026-07-03T16:36:25.132Z,21.2,22.2,33.6,66.4,1003.4,35.5,272,70
2026-07-03T16:36:35.116Z,22,24.6,33.6,66.4,1003.4,35.5,272,71
2026-07-03T16:36:45.124Z,22,26,33.6,66.4,1003.4,35.5,272,71
2026-07-03T16:36:55.120Z,23.6,27,33.6,66.3,1003.4,35.5,272,75
2026-07-03T16:37:05.144Z,22.6,26.6,33.6,66.3,1003.4,35.4,272,73
2026-07-03T16:37:15.131Z,22.4,26.2,33.6,66.3,1003.4,35.4,272,72
2026-07-03T16:37:25.185Z,23.2,25.4,33.6,66.3,1003.4,35.4,272,74
2026-07-03T16:37:35.132Z,24.2,26.2,33.6,66.3,1003.4,35.4,272,76
2026-07-03T16:37:45.129Z,23.2,24.8,33.6,66.3,1003.4,35.4,272,74
2026-07-03T16:37:55.169Z,22.4,23.2,33.6,66.3,1003.4,35.4,272,72
2026-07-03T16:38:05.135Z,22,23,33.6,66.3,1003.4,35.4,272,71
2026-07-03T16:38:15.126Z,19.6,21.4,33.6,66.3,1003.4,35.4,272,66
2026-07-03T16:38:25.127Z,19.2,22.2,33.6,66.3,1003.4,35.4,272,65
2026-07-03T16:38:35.132Z,20,22,33.6,66.3,1003.4,35.4,272,67
2026-07-03T16:38:45.133Z,21.8,24.4,33.6,66.3,1003.4,35.4,271,71
2026-07-03T16:38:55.136Z,23.2,27,33.6,66.3,1003.4,35.4,271,74
2026-07-03T16:39:05.137Z,24,28,33.6,66.3,1003.4,35.4,271,76
2026-07-03T16:39:15.190Z,23.8,26.4,33.6,66.3,1003.4,35.4,271,75
2026-07-03T16:39:25.126Z,26,28,33.6,66.3,1003.4,35.5,271,80
2026-07-03T16:39:35.136Z,26,30.2,33.6,66.3,1003.3,35.5,271,80
2026-07-03T16:39:45.139Z,23.2,28.8,33.6,66.3,1003.3,35.5,271,74
2026-07-03T16:39:55.132Z,24.2,26.6,33.6,66.3,1003.3,35.6,271,76
2026-07-03T16:40:05.140Z,22.4,24.8,33.6,66.3,1003.3,35.6,271,72
2026-07-03T16:40:15.145Z,21.4,23.4,33.6,66.3,1003.3,35.7,271,70
2026-07-03T16:40:25.131Z,21.8,24.2,33.6,66.3,1003.3,35.7,271,71
2026-07-03T16:40:35.119Z,21.6,22,33.6,66.3,1003.3,35.7,272,70
2026-07-03T16:40:45.130Z,21.6,21.6,33.6,66.3,1003.3,35.7,272,70
2026-07-03T16:40:55.126Z,22,22,33.6,66.3,1003.3,35.7,272,71
2026-07-03T16:41:05.116Z,22,23,33.6,66.3,1003.3,35.7,271,71
2026-07-03T16:41:15.117Z,20.8,22.6,33.6,66.3,1003.3,35.8,271,69
2026-07-03T16:41:25.117Z,21,23,33.6,66.2,1003.3,35.7,271,69
2026-07-03T16:41:35.121Z,22.2,25.4,33.6,66.2,1003.3,35.7,271,72
2026-07-03T16:41:45.119Z,21.4,22.6,33.6,66.2,1003.3,35.7,271,70
2026-07-03T16:41:55.118Z,21,22,33.6,66.2,1003.3,35.7,271,69
2026-07-03T16:42:05.125Z,22,22.6,33.6,66.1,1003.3,35.6,271,71
2026-07-03T16:42:15.127Z,22.2,23.2,33.6,66.1,1003.3,35.6,271,72
2026-07-03T16:42:25.119Z,24.8,28,33.6,66.1,1003.3,35.6,270,77
2026-07-03T16:42:35.141Z,26.2,29.8,33.6,66.1,1003.3,35.6,270,80
2026-07-03T16:42:45.128Z,24.8,27.6,33.6,66.1,1003.3,35.7,270,77
2026-07-03T16:42:55.138Z,23.6,25.6,33.6,66.1,1003.3,35.7,269,75
2026-07-03T16:43:05.133Z,22.6,24.2,33.6,66.1,1003.3,35.8,267,73
2026-07-03T16:43:15.136Z,21.8,21.8,33.6,66.1,1003.3,35.8,267,71
2026-07-03T16:43:25.130Z,21,21,33.6,66.1,1003.3,35.8,267,69
2026-07-03T16:43:35.133Z,22,22,33.6,66.1,1003.3,35.9,267,71
2026-07-03T16:43:45.137Z,20.2,22.2,33.6,66.1,1003.3,35.9,267,68
2026-07-03T16:43:55.131Z,21,23,33.6,66.1,1003.3,35.9,267,69
2026-07-03T16:44:05.130Z,20.6,22.6,33.6,66.1,1003.3,35.9,267,68
2026-07-03T16:44:15.133Z,22.6,23.2,33.6,66.1,1003.3,35.9,267,73
2026-07-03T16:44:25.129Z,21,22.4,33.6,66.1,1003.3,35.9,267,69
2026-07-03T16:44:35.123Z,18.8,20.8,33.6,66.1,1003.3,35.9,267,65
2026-07-03T16:44:45.131Z,19.4,20.8,33.6,66.1,1003.3,35.9,267,66
2026-07-03T16:44:55.143Z,20.4,21.6,33.6,66.1,1003.3,35.9,268,68
2026-07-03T16:45:05.145Z,20,22,33.6,66.1,1003.3,35.9,268,67
2026-07-03T16:45:15.237Z,20.4,23.2,33.6,66.2,1003.3,35.9,268,68
2026-07-03T16:45:25.129Z,19.8,21.8,33.6,66.1,1003.3,35.9,268,67
2026-07-03T16:45:35.137Z,18,20.2,33.6,66.1,1003.3,35.9,268,63
2026-07-03T16:45:45.148Z,20,20.4,33.6,66.1,1003.3,35.9,268,67
2026-07-03T16:45:55.134Z,18.6,19.8,33.6,66.1,1003.3,35.9,268,64
2026-07-03T16:46:05.137Z,18.2,20,33.6,66.1,1003.2,35.9,268,63
2026-07-03T16:46:15.130Z,18.8,19,33.6,66.1,1003.2,36,268,65
2026-07-03T16:46:25.131Z,19.6,19.6,33.6,66.1,1003.2,36,266,66
2026-07-03T16:46:35.144Z,20.6,20.6,33.6,66.1,1003.2,36,266,68
2026-07-03T16:46:45.128Z,20.4,21.4,33.6,66.1,1003.2,36.1,266,68
2026-07-03T16:46:55.123Z,22,25,33.6,66,1003.2,36.1,263,71
2026-07-03T16:47:05.126Z,20.6,22,33.6,66,1003.2,36.2,263,68
2026-07-03T16:47:15.154Z,21.8,22.8,33.6,66,1003.2,36.2,262,71
2026-07-03T16:47:25.124Z,21,22.4,33.6,66,1003.2,36.3,262,69
2026-07-03T16:47:35.134Z,20.8,21.8,33.6,66,1003.2,36.3,263,69
2026-07-03T16:47:45.118Z,20.2,21.2,33.6,66,1003.2,36.4,262,68
2026-07-03T16:47:55.133Z,19.4,20.4,33.6,66,1003.2,36.4,262,66
2026-07-03T16:48:05.125Z,17.4,18.8,33.6,66,1003.2,36.4,263,62
2026-07-03T16:48:15.127Z,18.8,21,33.6,66,1003.2,36.4,265,65
2026-07-03T16:48:25.125Z,20.6,21.6,33.6,66,1003.2,36.3,265,68
2026-07-03T16:48:35.137Z,22.8,24,33.6,66,1003.2,36.3,265,73
2026-07-03T16:48:45.127Z,21.4,21.6,33.6,66,1003.2,36.3,265,70
2026-07-03T16:48:55.124Z,22.2,23,33.6,66,1003.2,36.3,265,72
2026-07-03T16:49:05.140Z,21.6,23.4,33.6,66,1003.2,36.3,266,70
2026-07-03T16:49:15.120Z,19,22,33.6,66,1003.2,36.3,265,65
2026-07-03T16:49:25.121Z,20,22.6,33.6,66,1003.2,36.3,265,67
2026-07-03T16:49:35.125Z,19.4,21,33.6,66,1003.2,36.3,265,66
2026-07-03T16:49:45.118Z,20.2,21.2,33.6,66,1003.2,36.4,265,68
2026-07-03T16:49:55.121Z,23.4,25,33.6,66,1003.2,36.4,263,74
2026-07-03T16:50:05.118Z,21,22.2,33.6,66,1003.2,36.4,263,69
2026-07-03T16:50:15.124Z,18,19,33.6,66,1003.2,36.4,263,63
2026-07-03T16:50:25.126Z,17.4,18.8,33.6,66,1003.2,36.4,263,62
2026-07-03T16:50:35.123Z,19.8,22.8,33.6,65.9,1003.2,36.3,263,67
2026-07-03T16:50:45.130Z,19.6,21.6,33.6,65.9,1003.2,36.3,263,66
2026-07-03T16:50:55.133Z,20,21,33.6,66,1003.2,36.3,263,67
2026-07-03T16:51:05.132Z,20.4,23.2,33.6,66,1003.2,36.3,263,68
2026-07-03T16:51:15.129Z,19.6,23.6,33.6,66,1003.2,36.3,263,66
2026-07-03T16:51:25.132Z,18.2,21.8,33.6,66,1003.2,36.3,263,63
2026-07-03T16:51:35.132Z,17.8,21,33.6,65.9,1003.2,36.3,263,62
2026-07-03T16:51:45.120Z,16.4,19.4,33.6,65.9,1003.2,36.3,263,60
2026-07-03T16:51:55.141Z,17.6,21.4,33.6,65.9,1003.2,36.3,265,62
2026-07-03T16:52:05.127Z,16.2,20.8,33.6,65.9,1003.2,36.3,263,59
2026-07-03T16:52:15.119Z,18.2,20.6,33.6,65.9,1003.2,36.3,263,63
2026-07-03T16:52:25.124Z,18.4,19.6,33.6,65.9,1003.2,36.3,265,64
2026-07-03T16:52:35.122Z,18.4,19.4,33.6,65.9,1003.2,36.3,263,64
2026-07-03T16:52:45.130Z,21,22,33.6,65.9,1003.2,36.2,263,69
2026-07-03T16:52:55.132Z,21.4,21.4,33.6,65.9,1003.2,36.2,263,70
2026-07-03T16:53:05.123Z,22.6,22.6,33.6,65.9,1003.2,36.2,263,73
2026-07-03T16:53:15.130Z,21.4,21.8,33.6,65.9,1003.2,36.2,263,70
2026-07-03T16:53:25.135Z,19.8,20.8,33.6,65.9,1003.2,36.2,263,67
2026-07-03T16:53:35.125Z,18.4,19.8,33.6,65.9,1003.1,36.3,263,64
2026-07-03T16:53:45.128Z,18.6,21,33.6,65.9,1003.1,36.3,263,64
2026-07-03T16:53:55.127Z,20.8,21.8,33.6,65.9,1003.1,36.3,263,69
2026-07-03T16:54:05.125Z,21.2,21.6,33.6,65.9,1003.1,36.3,263,70
2026-07-03T16:54:15.131Z,20.4,22.4,33.6,65.9,1003.1,36.2,263,68
2026-07-03T16:54:25.129Z,18,19.2,33.6,65.9,1003.1,36.2,261,63
2026-07-03T16:54:35.126Z,20,20,33.6,65.9,1003.1,36.2,260,67
2026-07-03T16:54:45.125Z,18.2,18.2,33.6,65.9,1003.1,36.2,260,63
2026-07-03T16:54:55.128Z,18.4,19.4,33.6,65.9,1003.1,36.2,260,64
2026-07-03T16:55:05.123Z,17,18,33.6,65.9,1003.1,36.2,260,61
2026-07-03T16:55:15.127Z,18.6,18.6,33.6,65.9,1003.1,36.3,260,64
2026-07-03T16:55:25.127Z,20.8,21,33.6,65.8,1003.1,36.3,259,69
2026-07-03T16:55:35.124Z,21,22.4,33.6,65.8,1003.1,36.3,259,69
2026-07-03T16:55:45.138Z,20.4,21.4,33.6,65.8,1003.1,36.4,259,68
2026-07-03T16:55:55.134Z,19.6,20.8,33.6,65.8,1003.1,36.4,259,66
2026-07-03T16:56:05.131Z,19.4,20,33.6,65.8,1003.1,36.4,258,66
2026-07-03T16:56:15.141Z,18.4,19.8,33.6,65.9,1003.1,36.5,259,64
2026-07-03T16:56:25.120Z,18.4,21.4,33.6,65.9,1003.1,36.5,258,64
2026-07-03T16:56:35.122Z,19.6,21.6,33.6,65.8,1003.1,36.5,257,66
2026-07-03T16:56:45.133Z,18,19.6,33.6,65.8,1003.1,36.5,258,63
2026-07-03T16:56:55.132Z,20.8,21,33.6,65.9,1003.1,36.5,258,69
2026-07-03T16:57:05.129Z,20.4,20.4,33.6,65.9,1003.1,36.6,257,68
2026-07-03T16:57:15.130Z,19.4,19.8,33.6,65.9,1003.1,36.6,258,66
2026-07-03T16:57:25.124Z,18.6,20,33.6,65.9,1003.1,36.7,260,64
2026-07-03T16:57:35.118Z,18,19.4,33.6,65.9,1003.1,36.7,259,63
2026-07-03T16:57:45.132Z,18.8,21.2,33.6,65.9,1003.1,36.7,259,65
2026-07-03T16:57:55.123Z,17.6,21,33.6,65.9,1003.1,36.6,259,62
2026-07-03T16:58:05.117Z,17.8,20.4,33.6,65.9,1003.1,36.6,259,62
2026-07-03T16:58:15.125Z,17.8,19.8,33.6,65.9,1003.1,36.7,259,62
2026-07-03T16:58:25.124Z,17.8,20,33.6,66,1003.1,36.7,259,62
2026-07-03T16:58:35.124Z,17,19,33.5,66,1003.1,36.7,259,61
2026-07-03T16:58:45.126Z,16.4,18.2,33.5,66,1003.1,36.7,259,60
2026-07-03T16:58:55.132Z,18.6,19.6,33.5,66,1003.1,36.6,259,64
2026-07-03T16:59:05.129Z,19.2,20.2,33.5,66,1003.1,36.6,259,65
2026-07-03T16:59:15.125Z,19.8,20.8,33.5,66,1003.1,36.7,259,67
2026-07-03T16:59:25.167Z,20.4,21.4,33.5,66,1003.1,36.7,257,68
2026-07-03T16:59:35.125Z,19.8,21.8,33.5,66,1003.1,36.7,259,67
2026-07-03T16:59:45.133Z,19.6,20.6,33.5,66,1003.1,36.7,257,66
2026-07-03T16:59:55.124Z,18,19,33.5,66,1003.1,36.7,257,63
2026-07-03T17:00:05.128Z,17,18.2,33.5,66,1003.1,36.7,259,61
2026-07-03T17:00:15.133Z,16.2,17.6,33.5,65.9,1003.1,36.7,257,59
2026-07-03T17:00:25.125Z,17.4,18.8,33.5,65.9,1003.1,36.6,259,62
2026-07-03T17:00:35.122Z,18,19.4,33.5,65.9,1003.1,36.6,260,63
2026-07-03T17:00:45.123Z,19,19.4,33.5,65.9,1003.1,36.6,259,65
2026-07-03T17:00:55.124Z,18.4,18.4,33.6,65.9,1003.1,36.6,259,64
2026-07-03T17:01:05.126Z,18.2,18.8,33.6,65.9,1003.1,36.5,259,63
2026-07-03T17:01:15.131Z,17.8,19.4,33.6,65.9,1003.1,36.5,259,62
2026-07-03T17:01:25.121Z,17.6,20.8,33.6,65.9,1003.1,36.5,259,62
2026-07-03T17:01:35.125Z,18.6,20.8,33.6,65.9,1003.1,36.5,259,64
2026-07-03T17:01:45.108Z,19,20.2,33.6,65.9,1003.1,36.5,259,65
2026-07-03T17:01:55.111Z,19.2,20.6,33.6,65.9,1003.1,36.4,259,65
2026-07-03T17:02:05.118Z,20.8,21.8,33.6,65.8,1003.1,36.4,259,69
2026-07-03T17:02:15.107Z,19.6,21.8,33.6,65.8,1003.1,36.4,259,66
2026-07-03T17:02:25.114Z,17.8,20,33.6,65.8,1003.1,36.4,258,62
2026-07-03T17:02:35.122Z,17.2,18.2,33.6,65.8,1003.1,36.5,257,61
2026-07-03T17:02:45.136Z,18,18.8,33.6,65.8,1003.1,36.5,257,63
2026-07-03T17:02:55.112Z,19,20,33.6,65.8,1003.1,36.6,257,65
2026-07-03T17:03:05.115Z,18.8,19.8,33.6,65.8,1003.1,36.6,257,65
2026-07-03T17:03:15.114Z,20.6,22.8,33.6,65.9,1003.1,36.6,257,68
2026-07-03T17:03:25.143Z,20.4,22,33.6,65.9,1003.1,36.7,256,68
2026-07-03T17:03:35.116Z,19.8,20.4,33.6,65.9,1003.1,36.7,256,67
2026-07-03T17:03:45.114Z,18.2,20,33.5,65.9,1003.1,36.8,256,63
2026-07-03T17:03:55.137Z,18,19,33.5,65.9,1003.1,36.8,256,63
2026-07-03T17:04:05.109Z,18,19.4,33.5,65.9,1003.1,36.9,256,63
2026-07-03T17:04:15.127Z,19,20.2,33.5,65.9,1003.1,36.9,256,65
2026-07-03T17:04:25.113Z,18.4,18.4,33.5,65.9,1003.1,37,256,64
2026-07-03T17:04:35.126Z,16.4,16.4,33.5,65.9,1003.1,37,256,60
2026-07-03T17:04:45.127Z,17.6,19.8,33.5,65.9,1003.1,37,256,62
2026-07-03T17:04:55.127Z,17.4,19.4,33.5,65.9,1003.1,37,256,62
2026-07-03T17:05:05.117Z,17.8,19.8,33.5,65.9,1003.1,37,256,62
2026-07-03T17:05:15.138Z,17.4,18.4,33.5,65.8,1003.1,36.9,256,62
2026-07-03T17:05:25.129Z,17.6,18.6,33.5,65.8,1003.1,36.9,256,62
2026-07-03T17:05:35.128Z,18.4,20,33.5,65.8,1003.1,37,256,64
2026-07-03T17:05:45.128Z,18.4,20,33.5,65.8,1003.1,36.9,256,64
2026-07-03T17:05:55.112Z,17.2,17.8,33.5,65.8,1003.1,37,256,61
2026-07-03T17:06:05.106Z,17.4,17.4,33.5,65.8,1003.1,37,256,62
2026-07-03T17:06:15.105Z,17.4,17.6,33.5,65.8,1003.1,37,256,62
2026-07-03T17:06:25.111Z,15,17,33.5,65.8,1003.1,37,256,57
2026-07-03T17:06:35.103Z,16.8,17.6,33.5,65.8,1003.1,37,256,60
2026-07-03T17:06:45.104Z,17.6,17.6,33.5,65.8,1003.1,36.9,256,62
2026-07-03T17:06:55.122Z,16.2,18.2,33.5,65.8,1003.1,36.9,254,59
2026-07-03T17:07:05.118Z,16.6,19.2,33.5,65.8,1003.1,36.9,254,60
2026-07-03T17:07:15.113Z,16.4,20.4,33.6,65.8,1003.1,36.9,254,60
2026-07-03T17:07:25.111Z,18,20,33.6,65.8,1003.1,37,256,63
2026-07-03T17:07:35.106Z,18.4,20.8,33.6,65.8,1003.1,37,256,64
2026-07-03T17:07:45.120Z,19,21,33.6,65.7,1003.1,37,257,65
2026-07-03T17:07:55.108Z,17.4,19.4,33.6,65.7,1003.1,37,256,62
2026-07-03T17:08:05.108Z,16.6,18.6,33.6,65.6,1003.1,36.9,254,60
2026-07-03T17:08:15.108Z,17,19,33.6,65.6,1003.1,36.9,254,61
2026-07-03T17:08:25.120Z,18,19.8,33.6,65.6,1003.1,36.8,253,63
2026-07-03T17:08:35.117Z,19.6,19.6,33.6,65.6,1003.1,36.8,253,66
2026-07-03T17:08:45.137Z,19.4,19.4,33.6,65.6,1003.1,36.8,253,66
2026-07-03T17:08:55.124Z,18.8,19.8,33.6,65.6,1003.1,36.8,250,65
2026-07-03T17:09:05.121Z,18.4,20.4,33.7,65.6,1003.1,36.8,248,64
2026-07-03T17:09:52.807Z,18.6,18.6,33.7,65.7,1003,36.7,245,62
2026-07-03T17:09:55.117Z,18.2,18.2,33.7,65.8,1003,36.7,245,63
2026-07-03T17:10:05.116Z,18.4,20.4,33.7,65.8,1003,36.7,245,64
2026-07-03T17:10:15.128Z,17.4,20,33.7,65.8,1003,36.7,245,62
2026-07-03T17:10:25.392Z,16.6,19.6,33.7,65.8,1003,36.6,245,60
2026-07-03T17:10:35.183Z,16,18.6,33.7,65.9,1003,36.6,245,59
2026-07-03T17:10:45.126Z,16.6,17.4,33.7,65.9,1003,36.6,245,60
2026-07-03T17:10:55.131Z,16.2,16.6,33.6,65.9,1003,36.6,245,59
2026-07-03T17:11:05.147Z,18.6,19,33.6,66,1003,36.6,245,64
2026-07-03T17:11:15.142Z,19.8,19.8,33.6,66,1003,36.7,245,67
2026-07-03T17:11:25.127Z,18.8,20.6,33.6,66.1,1003,36.7,245,65
2026-07-03T17:11:35.131Z,18.6,19.8,33.6,66.2,1003,36.7,242,64
2026-07-03T17:11:45.125Z,18,19.6,33.6,66.2,1003,36.8,242,63
2026-07-03T17:11:55.115Z,17.4,18.4,33.6,66.3,1003,36.8,242,62
2026-07-03T17:12:05.119Z,17.6,19.4,33.6,66.4,1003,36.9,241,62
2026-07-03T17:12:15.116Z,18,19,33.6,66.4,1003,37,241,63
2026-07-03T17:12:25.116Z,18.4,20,33.5,66.5,1003,37,240,64
2026-07-03T17:12:35.189Z,18,18.4,33.5,66.6,1003,37.1,240,63
2026-07-03T17:12:45.114Z,17,17,33.5,66.7,1003,37.2,240,61
2026-07-03T17:12:55.120Z,16.6,17.4,33.5,66.8,1003,37.3,240,60
2026-07-03T17:13:05.122Z,17.2,18.6,33.4,66.9,1003,37.4,240,61
2026-07-03T17:13:15.144Z,16.6,19.6,33.4,67,1003,37.5,240,60
2026-07-03T17:13:25.128Z,16,19,33.4,67,1003,37.6,240,59
2026-07-03T17:13:35.117Z,16,17.6,33.4,67.1,1003,37.7,240,59
2026-07-03T17:13:45.125Z,15.8,17.4,33.3,67.2,1003,37.8,239,58
2026-07-03T17:13:55.113Z,15.2,17.2,33.3,67.2,1003,37.8,239,57
2026-07-03T17:14:05.112Z,15.8,19,33.3,67.3,1003,37.9,239,58
2026-07-03T17:14:15.114Z,15.8,18.8,33.3,67.3,1003,37.9,239,58
2026-07-03T17:14:25.109Z,15.8,18.8,33.3,67.4,1003,38,239,58
2026-07-03T17:14:35.110Z,15.2,18.2,33.2,67.4,1003,38,239,57
2026-07-03T17:14:45.110Z,14.4,16.6,33.2,67.5,1003,38.1,238,55
2026-07-03T17:14:55.106Z,14.6,16,33.2,67.5,1003,38.1,238,56
2026-07-03T17:15:05.107Z,15,17.4,33.2,67.6,1003,38.2,237,57
2026-07-03T17:15:15.104Z,15.2,19.8,33.2,67.6,1003,38.2,237,57
2026-07-03T17:15:25.104Z,16,18.4,33.2,67.6,1003,38.2,237,59
2026-07-03T17:15:35.101Z,16,17,33.2,67.6,1002.9,38.3,237,59
2026-07-03T17:15:45.102Z,16,18,33.1,67.7,1002.9,38.3,237,59
2026-07-03T17:15:55.114Z,17,18,33.1,67.7,1002.9,38.3,237,61
2026-07-03T17:16:05.110Z,15.4,16.6,33.1,67.8,1002.9,38.3,238,57
2026-07-03T17:16:15.112Z,15,18,33.1,67.8,1002.9,38.4,238,57
2026-07-03T17:16:25.133Z,17.8,20,33.1,67.8,1002.9,38.4,238,62
2026-07-03T17:16:35.107Z,17.4,20,33.1,67.8,1002.9,38.4,238,62
2026-07-03T17:16:45.141Z,18.4,20.4,33.1,67.9,1002.9,38.4,238,64
2026-07-03T17:16:55.116Z,18.6,20.2,33.1,67.9,1002.9,38.4,238,64
2026-07-03T17:17:05.139Z,17,18.8,33,67.9,1002.9,38.5,239,61
2026-07-03T17:17:15.121Z,18,20,33,67.9,1002.9,38.5,240,63
2026-07-03T17:17:25.117Z,18,20,33,67.9,1002.9,38.6,240,63
2026-07-03T17:17:35.120Z,17.6,19.2,33,67.9,1002.9,38.6,239,62
2026-07-03T17:17:45.123Z,17.6,19.6,33,68,1002.9,38.6,239,62
2026-07-03T17:17:55.127Z,18.6,21.4,33,68,1002.9,38.7,240,64
2026-07-03T17:18:05.124Z,17.4,20.2,33,68,1002.9,38.7,239,62
2026-07-03T17:18:15.129Z,16.4,19.4,33,68,1002.9,38.8,239,60
2026-07-03T17:18:25.132Z,16.8,19.4,33,68,1002.9,38.7,240,60
2026-07-03T17:18:35.114Z,18.6,19.6,33,68,1002.9,38.8,239,64
2026-07-03T17:18:45.154Z,18,18,33,68,1002.9,38.8,239,63
2026-07-03T17:18:55.119Z,18.6,19.6,33,68,1002.9,38.8,239,64
2026-07-03T17:19:05.117Z,18.2,20.2,33,68,1002.9,38.8,237,63
2026-07-03T17:19:15.132Z,16.6,17.6,33,68,1002.9,38.9,235,60
2026-07-03T17:19:25.107Z,17,18,32.9,68,1002.9,38.9,237,61
2026-07-03T17:19:35.114Z,17.4,18,32.9,68,1002.9,39,237,62
2026-07-03T17:19:45.131Z,17,18.4,32.9,68,1002.9,39,237,61
2026-07-03T17:19:55.112Z,16.8,18.2,32.9,68,1002.9,39.1,237,60
2026-07-03T17:20:05.110Z,15.8,16.8,32.9,68,1002.9,39.1,237,58
2026-07-03T17:20:15.115Z,15.2,16.2,32.9,68,1002.9,39.1,237,57
2026-07-03T17:20:25.107Z,14.8,16.6,32.9,68,1002.8,39.2,237,56
2026-07-03T17:20:35.109Z,16.4,18,32.9,68,1002.8,39.2,237,60
2026-07-03T17:20:45.127Z,17,19,32.9,68,1002.8,39.3,237,61
2026-07-03T17:20:55.116Z,16.8,17.8,32.9,68,1002.8,39.3,237,60
2026-07-03T17:21:05.128Z,16.2,17.2,32.9,68,1002.8,39.4,237,59
2026-07-03T17:21:15.117Z,16,17,32.9,68,1002.8,39.4,237,59
2026-07-03T17:21:25.121Z,17.8,18.8,32.9,68,1002.8,39.5,237,62
2026-07-03T17:21:35.311Z,17.4,18.4,32.9,68,1002.8,39.5,236,62
2026-07-03T17:21:45.119Z,19,20,32.9,68,1002.8,39.6,235,65
2026-07-03T17:21:55.217Z,17.6,18.6,32.9,68,1002.8,39.6,235,62
2026-07-03T17:22:05.121Z,16,17,32.9,68,1002.8,39.6,235,59
2026-07-03T17:22:15.122Z,16.4,17.4,32.9,67.9,1002.8,39.6,235,60
2026-07-03T17:22:25.125Z,17.4,19.4,32.9,67.9,1002.8,39.7,234,62
2026-07-03T17:22:35.134Z,18,19.4,32.9,67.9,1002.8,39.7,233,63
2026-07-03T17:22:45.117Z,18,18,32.9,67.9,1002.8,39.7,233,63
2026-07-03T17:22:55.153Z,17,18.4,32.9,67.9,1002.8,39.7,233,61
2026-07-03T17:23:05.120Z,17,18.8,32.9,67.9,1002.8,39.7,233,61
2026-07-03T17:23:15.113Z,15.8,17.6,32.9,67.9,1002.8,39.7,233,58
2026-07-03T17:23:25.179Z,16.4,17.4,32.9,67.9,1002.8,39.6,233,60
2026-07-03T17:23:35.118Z,16.6,17.2,32.9,67.9,1002.8,39.6,233,60
2026-07-03T17:23:45.115Z,15.4,16.2,32.9,67.9,1002.8,39.6,233,57
2026-07-03T17:23:55.112Z,15.6,16.4,32.9,67.9,1002.8,39.6,233,58
2026-07-03T17:24:05.134Z,17,17,32.9,67.9,1002.8,39.6,233,61
2026-07-03T17:24:15.141Z,16.2,16.2,32.9,67.9,1002.8,39.6,234,59
2026-07-03T17:24:25.114Z,16.2,16.6,32.9,67.9,1002.8,39.6,234,59
2026-07-03T17:24:35.119Z,17,17,32.9,67.9,1002.8,39.6,234,61
2026-07-03T17:24:45.140Z,16,16,32.9,67.9,1002.8,39.6,234,59
2026-07-03T17:24:55.113Z,15.2,15.2,32.9,67.9,1002.8,39.6,234,57
2026-07-03T17:25:05.114Z,16,17.2,32.9,67.9,1002.8,39.6,234,59
2026-07-03T17:25:15.117Z,16.4,18.8,32.9,67.9,1002.7,39.6,234,60
2026-07-03T17:25:25.118Z,16,17.6,32.9,67.9,1002.7,39.6,235,59
2026-07-03T17:25:35.119Z,16.6,18.6,32.9,67.9,1002.7,39.7,235,60
2026-07-03T17:25:45.113Z,17.6,19,32.9,68,1002.7,39.7,235,62
2026-07-03T17:25:55.114Z,17,18.6,32.9,68,1002.7,39.7,235,61
2026-07-03T17:26:05.108Z,16.4,17.4,32.8,68,1002.7,39.7,233,60
2026-07-03T17:26:15.101Z,15.6,16.8,32.8,68.1,1002.7,39.8,233,58
2026-07-03T17:26:25.100Z,14.4,16.2,32.8,68.1,1002.7,39.8,233,55
2026-07-03T17:26:35.103Z,15,16.4,32.8,68.1,1002.7,39.8,233,57
2026-07-03T17:26:45.105Z,17,19,32.8,68.1,1002.7,39.8,231,61
2026-07-03T17:26:55.107Z,15,16.2,32.8,68.2,1002.7,39.8,231,57
2026-07-03T17:27:05.118Z,14.4,15.4,32.8,68.2,1002.7,39.9,233,55
2026-07-03T17:27:15.106Z,14.6,16.2,32.8,68.2,1002.7,39.9,231,56
2026-07-03T17:27:25.124Z,14,15.2,32.8,68.2,1002.7,39.9,233,54
2026-07-03T17:27:35.112Z,14,15,32.8,68.2,1002.7,40,232,54
2026-07-03T17:27:45.126Z,14.2,15.2,32.8,68.2,1002.7,40,233,55
2026-07-03T17:27:55.123Z,14.6,15.6,32.8,68.2,1002.7,40,234,56
2026-07-03T17:28:05.118Z,14,15,32.8,68.2,1002.7,40,233,54
2026-07-03T17:28:15.114Z,15.2,16.2,32.8,68.3,1002.7,40,233,57
2026-07-03T17:28:25.117Z,13.4,14.4,32.8,68.3,1002.7,40,233,53
2026-07-03T17:28:35.120Z,13.6,14.6,32.8,68.2,1002.6,40,233,54
2026-07-03T17:28:45.111Z,14.8,16.2,32.8,68.2,1002.6,40,232,56
2026-07-03T17:28:55.109Z,14.8,15.8,32.8,68.2,1002.6,40,231,56
2026-07-03T17:29:05.119Z,13,15,32.8,68.2,1002.6,40,231,52
2026-07-03T17:29:15.124Z,13.2,16.2,32.8,68.2,1002.6,39.9,231,53
2026-07-03T17:29:25.116Z,14.2,18,32.8,68.1,1002.6,39.9,231,55
2026-07-03T17:29:35.109Z,11.6,15,32.8,68.1,1002.6,39.9,231,48
2026-07-03T17:29:45.115Z,12.2,16.2,32.8,68.1,1002.6,39.9,230,51
2026-07-03T17:29:55.108Z,11.8,15.2,32.8,68,1002.6,39.9,230,49
2026-07-03T17:30:05.114Z,13.8,17,32.8,68,1002.6,39.8,230,54
2026-07-03T17:30:15.120Z,13,17,32.8,68,1002.6,39.8,230,52
2026-07-03T17:30:25.103Z,12.6,16.6,32.8,68,1002.6,39.8,231,52
2026-07-03T17:30:35.100Z,13.4,17.4,32.8,68,1002.6,39.8,231,53
2026-07-03T17:30:45.122Z,13.4,16.4,32.8,68.1,1002.6,39.9,231,53
2026-07-03T17:30:55.105Z,13,17,32.8,68.1,1002.6,39.9,231,52
2026-07-03T17:31:05.105Z,11.8,16,32.8,68.1,1002.6,39.9,231,49
2026-07-03T17:31:15.111Z,11.6,16.2,32.8,68.2,1002.6,39.9,233,48
2026-07-03T17:31:25.101Z,11.8,16.8,32.8,68.2,1002.6,39.9,233,49
2026-07-03T17:31:35.107Z,13.6,17.6,32.8,68.3,1002.6,40,233,54
2026-07-03T17:31:45.104Z,12.6,18.4,32.8,68.3,1002.6,40,233,52
2026-07-03T17:31:55.110Z,12,17.6,32.8,68.3,1002.6,40,233,50
2026-07-03T17:32:05.115Z,11.6,16.6,32.7,68.4,1002.6,40,234,48
2026-07-03T17:32:15.134Z,12,17,32.7,68.4,1002.6,40,234,50
2026-07-03T17:32:25.101Z,9.6,14.8,32.7,68.4,1002.6,40,234,40
2026-07-03T17:32:35.099Z,9.8,13.8,32.7,68.5,1002.6,40,235,40
2026-07-03T17:32:45.128Z,10.6,14,32.7,68.5,1002.5,40,235,44
2026-07-03T17:32:55.103Z,12.4,16,32.7,68.5,1002.5,40,235,51
2026-07-03T17:33:05.112Z,14.2,18.6,32.7,68.5,1002.5,40,235,55
2026-07-03T17:33:15.102Z,14.6,17.8,32.7,68.5,1002.5,40,235,56
2026-07-03T17:33:25.121Z,13.6,17.4,32.7,68.5,1002.5,40,235,54
2026-07-03T17:33:35.104Z,13,17,32.7,68.5,1002.5,40.1,235,52
2026-07-03T17:33:45.103Z,11.4,15.8,32.7,68.6,1002.5,40.1,235,47
2026-07-03T17:33:55.115Z,11.6,14.8,32.7,68.6,1002.5,40.1,235,48
2026-07-03T17:34:05.132Z,12.2,15.2,32.7,68.6,1002.5,40,235,51
2026-07-03T17:34:15.099Z,13,16,32.7,68.6,1002.5,40,235,52
2026-07-03T17:34:25.099Z,14.6,17.8,32.7,68.6,1002.5,40,235,56
2026-07-03T17:34:35.110Z,14.2,18.2,32.7,68.6,1002.5,40,234,55
2026-07-03T17:34:45.116Z,16,18,32.7,68.6,1002.5,40,234,59
2026-07-03T17:34:55.106Z,16,17,32.7,68.6,1002.5,40,235,59
2026-07-03T17:35:05.111Z,16,18,32.7,68.6,1002.5,40,234,59
2026-07-03T17:35:15.120Z,15.8,18.2,32.7,68.6,1002.5,40,234,58
2026-07-03T17:35:25.111Z,15.4,16.4,32.7,68.6,1002.5,40,234,57
2026-07-03T17:35:35.116Z,13.2,14.2,32.6,68.6,1002.5,40.1,234,53
2026-07-03T17:35:45.111Z,11.4,12.4,32.6,68.7,1002.5,40.1,234,47
2026-07-03T17:35:55.100Z,14.6,15.6,32.6,68.7,1002.5,40.1,233,56
2026-07-03T17:36:05.148Z,16.2,17.2,32.6,68.7,1002.5,40.1,233,59
2026-07-03T17:36:15.101Z,14.6,16.4,32.6,68.7,1002.5,40.1,234,56
2026-07-03T17:36:25.102Z,13.6,15.6,32.6,68.7,1002.5,40.1,234,54
2026-07-03T17:36:35.102Z,11.8,13.8,32.6,68.7,1002.5,40.1,234,49
2026-07-03T17:36:45.102Z,10.8,12.2,32.6,68.7,1002.5,40.1,233,45
2026-07-03T17:36:55.111Z,10.4,11.4,32.6,68.6,1002.5,40.1,233,43
2026-07-03T17:37:05.104Z,10.4,12,32.6,68.6,1002.5,40.1,234,43
2026-07-03T17:37:15.116Z,11,12,32.6,68.6,1002.5,40,234,45
2026-07-03T17:37:25.106Z,9.2,10.2,32.6,68.6,1002.4,40,234,38
2026-07-03T17:37:35.108Z,10,11.6,32.6,68.6,1002.4,40,234,41
2026-07-03T17:37:45.101Z,10.6,12.6,32.7,68.5,1002.4,40,234,44
2026-07-03T17:37:55.107Z,11.6,13.6,32.7,68.5,1002.4,40,233,48
2026-07-03T17:38:05.142Z,10.4,13.4,32.7,68.5,1002.4,40,233,43
2026-07-03T17:38:15.130Z,8.4,11.8,32.7,68.5,1002.4,40,233,34
2026-07-03T17:38:25.116Z,8.2,9.8,32.7,68.5,1002.4,40,233,34
2026-07-03T17:38:35.105Z,10,10.2,32.7,68.5,1002.4,40,233,41
2026-07-03T17:38:45.121Z,10.6,11.6,32.7,68.4,1002.4,39.9,233,44
2026-07-03T17:38:55.148Z,13.8,14,32.7,68.4,1002.4,39.9,233,54
2026-07-03T17:39:05.104Z,14.4,15.4,32.7,68.4,1002.4,39.9,232,55
2026-07-03T17:39:15.110Z,12.8,15,32.7,68.3,1002.4,39.9,232,52
2026-07-03T17:39:25.106Z,12,15,32.7,68.3,1002.4,39.9,232,50
2026-07-03T17:39:35.114Z,11,14,32.7,68.2,1002.4,39.9,233,45
2026-07-03T17:39:45.104Z,10,13.8,32.7,68.2,1002.4,39.9,233,41
2026-07-03T17:39:55.104Z,9.2,13.2,32.7,68.2,1002.4,39.8,233,38
2026-07-03T17:40:05.149Z,11,14,32.7,68.1,1002.4,39.8,233,45
2026-07-03T17:40:15.119Z,11.6,14.6,32.7,68.1,1002.4,39.8,233,48
2026-07-03T17:40:25.107Z,12.2,15.6,32.8,68,1002.4,39.7,233,51
2026-07-03T17:40:35.119Z,13.2,16.4,32.8,68,1002.4,39.7,233,53
2026-07-03T17:40:45.107Z,11,14.6,32.8,67.9,1002.4,39.6,233,45
2026-07-03T17:40:55.096Z,11.4,14.4,32.8,67.9,1002.4,39.6,233,47
2026-07-03T17:41:05.106Z,13,15.6,32.8,67.8,1002.4,39.6,232,52
2026-07-03T17:41:15.097Z,12.8,15.8,32.8,67.8,1002.4,39.5,231,52
2026-07-03T17:41:25.105Z,9.2,12.2,32.8,67.8,1002.4,39.5,231,38
2026-07-03T17:41:35.098Z,10,14,32.8,67.8,1002.4,39.5,231,41
2026-07-03T17:41:45.104Z,9,13,32.8,67.8,1002.4,39.5,231,37
2026-07-03T17:41:55.122Z,10,15,32.8,67.8,1002.4,39.5,231,41
2026-07-03T17:42:05.197Z,10,15.2,32.8,67.8,1002.4,39.5,231,41
2026-07-03T17:42:15.117Z,11.4,16.4,32.9,67.8,1002.4,39.5,231,47
2026-07-03T17:42:25.109Z,11.2,16.2,32.9,67.8,1002.4,39.4,231,46
2026-07-03T17:42:35.104Z,11,16,32.9,67.8,1002.4,39.4,231,45
2026-07-03T17:42:45.107Z,11.6,16,32.9,67.8,1002.4,39.4,231,48
2026-07-03T17:42:55.105Z,10,15.2,32.9,67.7,1002.4,39.4,231,41
2026-07-03T17:43:05.127Z,11,16.4,32.9,67.7,1002.4,39.4,231,45
2026-07-03T17:43:15.099Z,10.4,15.4,32.9,67.7,1002.4,39.5,231,43
2026-07-03T17:43:25.113Z,10.4,14.2,32.9,67.7,1002.4,39.5,231,43
2026-07-03T17:43:35.110Z,10.8,13.8,32.9,67.7,1002.4,39.5,233,45
2026-07-03T17:43:45.118Z,11,15,32.9,67.7,1002.4,39.5,233,45
2026-07-03T17:43:55.099Z,10.4,14.8,32.8,67.7,1002.4,39.6,231,43
2026-07-03T17:44:05.114Z,10.2,15,32.8,67.7,1002.4,39.6,231,42
2026-07-03T17:44:15.109Z,9,13.6,32.8,67.7,1002.4,39.6,231,37
2026-07-03T17:44:25.098Z,7.6,12.4,32.8,67.6,1002.4,39.6,232,31
2026-07-03T17:44:35.093Z,9.6,13.6,32.9,67.6,1002.4,39.7,233,40
2026-07-03T17:44:45.099Z,8.6,12.6,32.9,67.6,1002.4,39.7,233,35
2026-07-03T17:44:55.100Z,9.8,14.2,32.9,67.6,1002.4,39.7,233,40
2026-07-03T17:45:05.102Z,12,14.6,32.9,67.6,1002.3,39.7,233,50
2026-07-03T17:45:15.105Z,12,13,32.9,67.6,1002.3,39.8,233,50
2026-07-03T17:45:25.109Z,10.4,11.4,32.9,67.6,1002.3,39.8,233,43
2026-07-03T17:45:35.104Z,11,12,32.9,67.6,1002.3,39.7,233,45
2026-07-03T17:45:45.122Z,11.8,12.8,32.9,67.6,1002.3,39.7,233,49
2026-07-03T17:45:55.098Z,9.8,12.6,32.9,67.6,1002.3,39.7,233,40
2026-07-03T17:46:05.119Z,11.8,14,32.9,67.5,1002.3,39.7,233,49
2026-07-03T17:46:15.098Z,12.6,15,32.9,67.5,1002.3,39.7,233,52
2026-07-03T17:46:25.100Z,13.8,16.8,32.9,67.5,1002.3,39.8,232,54
2026-07-03T17:46:35.105Z,14.4,16,32.9,67.5,1002.3,39.8,231,55
2026-07-03T17:46:45.102Z,13.6,14.6,32.9,67.6,1002.3,39.8,231,54
2026-07-03T17:46:55.092Z,14,15,32.9,67.6,1002.3,39.8,230,54
2026-07-03T17:47:05.105Z,12.2,14.2,32.9,67.6,1002.3,39.9,231,51
2026-07-03T17:47:15.099Z,11.6,13.6,32.8,67.6,1002.3,39.9,230,48
2026-07-03T17:47:25.100Z,11,13,32.8,67.7,1002.3,39.9,230,45
2026-07-03T17:47:35.098Z,8.2,10,32.8,67.7,1002.3,40,230,34
2026-07-03T17:47:45.110Z,9,12,32.8,67.7,1002.3,40,230,37
2026-07-03T17:47:55.101Z,9.8,10.4,32.8,67.8,1002.3,40.1,230,40
2026-07-03T17:48:05.106Z,9,9,32.8,67.8,1002.3,40.1,230,37
2026-07-03T17:48:15.103Z,7.8,7.8,32.8,67.8,1002.3,40.2,230,32
2026-07-03T17:48:25.100Z,9,9.4,32.8,67.8,1002.3,40.2,230,37
2026-07-03T17:48:35.102Z,9.8,11.8,32.8,67.7,1002.3,40.3,229,40
2026-07-03T17:48:45.096Z,7.8,10.8,32.8,67.7,1002.3,40.3,229,32
2026-07-03T17:48:55.095Z,7,9.6,32.8,67.7,1002.3,40.3,229,29
2026-07-03T17:49:05.117Z,6.6,9.4,32.8,67.8,1002.3,40.4,229,27
2026-07-03T17:49:15.099Z,6.4,7,32.8,67.8,1002.3,40.4,229,26
2026-07-03T17:49:25.094Z,8.2,8.2,32.8,67.8,1002.3,40.5,230,34
2026-07-03T17:49:35.100Z,10.4,10.6,32.8,67.8,1002.3,40.5,230,43
2026-07-03T17:49:45.103Z,12,13.8,32.8,67.9,1002.3,40.6,230,50
2026-07-03T17:49:55.099Z,10.4,13.6,32.7,67.9,1002.3,40.6,230,43
2026-07-03T17:50:05.099Z,8.2,12.4,32.7,67.9,1002.3,40.7,230,34
2026-07-03T17:50:15.142Z,7.6,11.4,32.7,68,1002.3,40.7,230,31
2026-07-03T17:50:25.100Z,8.4,11,32.7,68,1002.3,40.8,230,34
2026-07-03T17:50:35.092Z,8.2,11.6,32.7,68,1002.3,40.8,230,34
2026-07-03T17:50:45.093Z,7,9.6,32.7,68.1,1002.3,40.8,230,29
2026-07-03T17:50:55.110Z,7.2,9.2,32.7,68.1,1002.3,40.9,230,29
2026-07-03T17:51:05.167Z,7.8,9.4,32.7,68.1,1002.3,40.9,230,32
2026-07-03T17:51:15.108Z,7.4,8.4,32.7,68.1,1002.2,40.9,230,30
2026-07-03T17:51:25.099Z,7.6,8.4,32.7,68,1002.2,40.9,229,31
2026-07-03T17:51:35.099Z,11.2,11.4,32.7,68,1002.2,41,229,46
2026-07-03T17:51:45.104Z,11.6,11.6,32.7,68,1002.2,41,229,48
2026-07-03T17:51:55.102Z,9.2,9.8,32.7,68,1002.2,41,229,38
2026-07-03T17:52:05.107Z,8.8,11.8,32.7,68,1002.2,40.9,229,36
2026-07-03T17:52:15.104Z,7,10.2,32.7,68,1002.2,41,229,29
2026-07-03T17:52:25.104Z,9.4,11.2,32.7,68,1002.2,41,229,39
2026-07-03T17:52:35.112Z,11,13,32.7,67.9,1002.2,41,229,45
2026-07-03T17:52:45.100Z,11.4,12.4,32.7,67.9,1002.2,41,229,47
2026-07-03T17:52:55.084Z,10.4,12.2,32.7,68,1002.2,41,229,43
2026-07-03T17:53:05.130Z,10,12.2,32.7,68,1002.2,41,230,41
2026-07-03T17:53:15.099Z,9.4,11.4,32.7,68,1002.2,41.1,230,39
2026-07-03T17:53:25.087Z,8.4,11.8,32.7,68,1002.2,41.1,229,34
2026-07-03T17:53:35.092Z,10.2,13.6,32.7,68,1002.2,41.1,229,42
2026-07-03T17:53:45.112Z,9.6,13.8,32.7,68,1002.2,41.2,229,40
2026-07-03T17:53:55.105Z,8,12.8,32.7,68.1,1002.2,41.2,229,33
2026-07-03T17:54:05.097Z,10.8,12.8,32.7,68.1,1002.2,41.2,229,45
2026-07-03T17:54:15.102Z,11.6,13.6,32.7,68.1,1002.2,41.2,229,48
2026-07-03T17:54:25.097Z,11.4,12.4,32.7,68.1,1002.2,41.3,229,47
2026-07-03T17:54:35.106Z,10.2,12,32.7,68.1,1002.2,41.3,229,42
2026-07-03T17:54:45.104Z,8.6,9.8,32.7,68,1002.2,41.3,229,35
2026-07-03T17:54:55.101Z,7.4,8.4,32.7,68,1002.2,41.3,229,30
2026-07-03T17:55:05.139Z,9,10,32.7,68,1002.1,41.3,229,37
2026-07-03T17:55:15.107Z,8,8,32.7,68,1002.1,41.3,229,33
2026-07-03T17:55:25.170Z,8.6,8.6,32.7,68,1002.1,41.3,229,35
2026-07-03T17:55:35.096Z,9.2,10.6,32.7,68,1002.1,41.3,229,38
2026-07-03T17:55:45.111Z,8.8,10.4,32.7,67.9,1002.1,41.3,229,36
2026-07-03T17:55:55.110Z,6.4,7.4,32.7,67.9,1002.1,41.4,229,26
2026-07-03T17:56:05.110Z,6.8,8.6,32.7,67.9,1002.1,41.4,229,28
2026-07-03T17:56:15.102Z,8.8,9.4,32.7,67.9,1002.1,41.4,229,36
2026-07-03T17:56:25.113Z,13,14,32.7,67.8,1002.1,41.4,229,52
2026-07-03T17:56:35.107Z,12,14,32.7,67.8,1002.1,41.4,229,50
2026-07-03T17:56:45.097Z,9.2,13,32.7,67.8,1002.1,41.4,229,38
2026-07-03T17:56:55.095Z,8.4,12.4,32.7,67.7,1002.1,41.4,229,34
2026-07-03T17:57:05.122Z,8.4,11.4,32.7,67.7,1002.1,41.4,228,34
2026-07-03T17:57:15.096Z,6.2,10.2,32.7,67.7,1002.1,41.4,228,25
2026-07-03T17:57:25.108Z,7.2,11,32.8,67.7,1002.1,41.4,228,29
2026-07-03T17:57:35.112Z,6.6,10.6,32.8,67.7,1002.1,41.4,228,27
2026-07-03T17:57:45.098Z,6.4,9.6,32.8,67.7,1002.1,41.4,228,26
2026-07-03T17:57:55.089Z,8.6,9.6,32.7,67.8,1002.1,41.4,228,35
2026-07-03T17:58:05.095Z,9,10,32.7,67.8,1002.1,41.4,228,37
2026-07-03T17:58:15.110Z,10.2,12.2,32.7,67.8,1002.1,41.5,228,42
2026-07-03T17:58:25.088Z,8.4,11.4,32.7,67.8,1002.1,41.5,229,34
2026-07-03T17:58:35.094Z,7.6,10.6,32.7,67.8,1002.1,41.5,229,31
2026-07-03T17:58:45.127Z,8,11.2,32.7,67.8,1002.1,41.5,229,33
2026-07-03T17:58:55.099Z,7,10,32.7,67.8,1002.1,41.6,229,29
2026-07-03T17:59:05.095Z,7,10,32.7,67.8,1002.1,41.6,230,29
2026-07-03T17:59:15.095Z,8.6,10,32.7,67.8,1002.1,41.6,230,35
2026-07-03T17:59:25.086Z,8.6,11.2,32.7,67.8,1002.1,41.7,230,35
2026-07-03T17:59:35.089Z,7.6,9,32.7,67.9,1002.1,41.7,230,31
2026-07-03T17:59:45.089Z,6.2,6.4,32.7,67.9,1002.1,41.7,230,25
2026-07-03T17:59:55.090Z,7,7,32.7,67.9,1002,41.8,230,29
2026-07-03T18:00:05.098Z,6.8,7,32.7,67.9,1002,41.8,230,28
2026-07-03T18:00:15.103Z,9.6,10,32.7,68,1002,41.9,230,40
2026-07-03T18:00:25.094Z,9.6,11.6,32.6,68,1002,41.9,230,40
2026-07-03T18:00:35.090Z,8.2,8.8,32.6,68,1002,42,230,34
2026-07-03T18:00:45.102Z,6.8,8.4,32.6,68,1002,42,229,28
2026-07-03T18:00:55.108Z,6.6,7,32.6,68.1,1002,42.1,229,27
2026-07-03T18:01:05.103Z,8,8,32.6,68.1,1002,42.1,229,33
2026-07-03T18:01:15.098Z,9.2,9.2,32.6,68.1,1002,42.2,229,38
2026-07-03T18:01:25.099Z,8.4,9,32.6,68.1,1002,42.2,229,34
2026-07-03T18:01:35.105Z,7,8,32.6,68.1,1002,42.2,229,29
2026-07-03T18:01:45.109Z,7.8,8.8,32.6,68.1,1002,42.2,229,32
2026-07-03T18:01:55.100Z,5.8,6.6,32.6,68.1,1002,42.3,229,24
2026-07-03T18:02:05.106Z,5.4,5.4,32.6,68.1,1002,42.3,230,22
2026-07-03T18:02:15.117Z,5.2,5.2,32.6,68.1,1002,42.3,230,21
2026-07-03T18:02:25.113Z,6.4,6.4,32.6,68,1002,42.3,230,26
2026-07-03T18:02:35.100Z,7.4,8.6,32.6,68,1002,42.3,230,30
2026-07-03T18:02:45.104Z,8.8,10.4,32.6,68,1002,42.3,230,36
2026-07-03T18:02:55.099Z,6.6,7,32.6,68,1002,42.3,230,27
2026-07-03T18:03:05.097Z,7,8,32.6,68,1002,42.3,230,29
2026-07-03T18:03:15.090Z,5.8,6.8,32.6,68,1002,42.3,230,24
2026-07-03T18:03:25.083Z,6.6,7.6,32.6,68,1002,42.3,230,27
2026-07-03T18:03:35.089Z,6.8,9.8,32.6,68,1002,42.3,229,28
2026-07-03T18:03:45.083Z,7.8,10.8,32.6,68,1002,42.3,228,32
2026-07-03T18:03:55.093Z,6.6,8.6,32.6,68,1002,42.4,228,27
2026-07-03T18:04:05.095Z,7.4,8.4,32.6,68,1002,42.4,228,30
2026-07-03T18:04:15.096Z,6,7.4,32.6,68,1002,42.4,228,25
2026-07-03T18:04:25.104Z,8,10.6,32.6,68,1002,42.4,227,33
2026-07-03T18:04:35.092Z,6.8,10.8,32.6,68,1002,42.5,227,28
2026-07-03T18:04:45.107Z,7.6,10,32.6,68.1,1002,42.6,227,31
2026-07-03T18:04:55.086Z,6.2,9,32.6,68.1,1002,42.6,227,25
2026-07-03T18:05:05.082Z,8,10.4,32.6,68.1,1002,42.7,227,33
2026-07-03T18:05:15.080Z,7.2,7.6,32.6,68.1,1002,42.7,227,29
2026-07-03T18:05:25.084Z,6,6.4,32.6,68.1,1002,42.7,227,25
2026-07-03T18:05:35.094Z,6.8,6.8,32.6,68.1,1002,42.7,227,28
2026-07-03T18:05:45.082Z,5.8,7,32.6,68,1002,42.8,227,24
2026-07-03T18:05:55.086Z,6.6,8.6,32.6,68,1002,42.8,227,27
2026-07-03T18:06:05.081Z,7.8,8.8,32.6,68,1002,42.8,227,32
2026-07-03T18:06:15.105Z,7.8,8.6,32.6,68,1002,42.8,227,32
2026-07-03T18:06:25.093Z,5.6,6.4,32.6,67.9,1002,42.8,227,23
2026-07-03T18:06:35.082Z,6.2,6.2,32.6,67.9,1002,42.9,227,25
2026-07-03T18:06:45.086Z,7.4,7.6,32.6,67.9,1002,42.9,227,30
2026-07-03T18:06:55.101Z,7.6,8.6,32.6,67.9,1002,42.9,226,31
2026-07-03T18:07:05.089Z,7.8,7.8,32.6,67.8,1002,42.9,226,32
2026-07-03T18:07:15.104Z,7.4,9,32.6,67.8,1002,43,226,30
2026-07-03T18:07:25.092Z,6.8,9.8,32.6,67.8,1002,43,226,28
2026-07-03T18:07:35.090Z,5.4,6.8,32.6,67.8,1002,43,225,22
2026-07-03T18:07:45.103Z,7.2,7.2,32.6,67.8,1002,43.1,225,29
2026-07-03T18:07:55.084Z,8,8,32.6,67.8,1002,43.1,225,33
2026-07-03T18:08:05.078Z,8.2,8.6,32.6,67.8,1002,43.2,225,34
2026-07-03T18:08:15.078Z,9,12,32.6,67.8,1002,43.2,224,37
2026-07-03T18:08:25.079Z,8.2,11,32.6,67.8,1002,43.3,224,34
2026-07-03T18:08:35.080Z,10.8,12.8,32.6,67.8,1002,43.3,224,45
2026-07-03T18:08:45.082Z,7.2,10.6,32.6,67.8,1002,43.4,224,29
2026-07-03T18:08:55.091Z,7,9.8,32.6,67.8,1002,43.4,224,29
2026-07-03T18:09:05.095Z,7.6,9.6,32.6,67.8,1002,43.5,223,31
2026-07-03T18:09:15.097Z,8,11,32.6,67.8,1002,43.5,223,33
2026-07-03T18:09:25.090Z,9,10,32.6,67.7,1002,43.6,224,37
2026-07-03T18:09:35.093Z,7.4,7.4,32.6,67.7,1002,43.6,225,30
2026-07-03T18:09:45.089Z,6,7,32.6,67.7,1002,43.6,225,25
2026-07-03T18:09:55.091Z,6.8,7.8,32.6,67.7,1002,43.6,225,28
2026-07-03T18:10:05.094Z,7.4,8.4,32.6,67.7,1002,43.7,225,30
2026-07-03T18:10:15.114Z,7.4,8.4,32.6,67.6,1002,43.7,225,30
2026-07-03T18:10:25.100Z,7.2,8.2,32.6,67.6,1002,43.7,225,29
2026-07-03T18:10:35.099Z,8.2,9.8,32.6,67.6,1002,43.7,225,34
2026-07-03T18:10:45.090Z,8,10,32.6,67.6,1002,43.8,225,33
2026-07-03T18:10:55.091Z,6.2,8.2,32.6,67.6,1002,43.8,225,25
2026-07-03T18:11:05.097Z,8.6,8.6,32.6,67.6,1002,43.8,224,35
2026-07-03T18:11:15.086Z,7.6,8.6,32.6,67.6,1002,43.8,223,31
2026-07-03T18:11:25.090Z,6.6,8.2,32.6,67.6,1002,43.8,223,27
2026-07-03T18:11:35.096Z,5,9.2,32.6,67.6,1001.9,43.9,223,20
2026-07-03T18:11:45.093Z,7.6,9.6,32.6,67.7,1001.9,43.9,223,31
2026-07-03T18:11:55.102Z,6.4,7.8,32.6,67.7,1001.9,43.9,223,26
2026-07-03T18:12:05.114Z,5.8,7.8,32.6,67.7,1001.9,44,223,24
2026-07-03T18:12:15.103Z,8.6,11,32.6,67.7,1001.9,44,223,35
2026-07-03T18:12:25.109Z,8.6,11.4,32.6,67.7,1001.9,44.1,223,35
2026-07-03T18:12:35.097Z,11,15,32.6,67.7,1001.9,44.1,223,45
2026-07-03T18:12:45.106Z,8.6,13.6,32.6,67.7,1001.9,44.2,223,35
2026-07-03T18:12:55.089Z,7,9.8,32.6,67.7,1001.9,44.2,223,29
2026-07-03T18:13:05.078Z,7.4,9.6,32.6,67.8,1001.9,44.3,223,30
2026-07-03T18:13:15.086Z,7.4,10.4,32.6,67.8,1001.9,44.3,223,30
2026-07-03T18:13:25.131Z,7.2,9.2,32.6,67.8,1001.9,44.4,223,29
2026-07-03T18:13:35.078Z,8,9.2,32.6,67.8,1001.9,44.4,223,33
2026-07-03T18:13:45.089Z,8.4,9.6,32.6,67.8,1001.9,44.5,223,34
2026-07-03T18:13:55.092Z,9.4,11,32.5,67.8,1001.9,44.5,223,39
2026-07-03T18:14:05.082Z,9,9.4,32.5,67.8,1001.9,44.5,224,37
2026-07-03T18:14:15.112Z,6.2,9,32.5,67.8,1001.9,44.6,224,25
2026-07-03T18:14:25.105Z,5.6,7,32.5,67.8,1001.9,44.6,224,23
2026-07-03T18:14:35.093Z,5.6,6.6,32.5,67.8,1001.9,44.6,224,23
2026-07-03T18:14:45.078Z,5,6,32.5,67.8,1001.9,44.7,224,20
2026-07-03T18:14:55.107Z,5.6,7.8,32.5,67.8,1001.9,44.7,224,23
2026-07-03T18:15:05.144Z,6,8,32.5,67.8,1001.9,44.7,224,25
2026-07-03T18:15:15.088Z,5.6,7.6,32.5,67.8,1001.9,44.7,224,23
2026-07-03T18:15:25.088Z,5.8,7,32.5,67.8,1001.9,44.7,224,24
2026-07-03T18:15:35.119Z,6.4,7.8,32.5,67.8,1001.9,44.7,224,26
2026-07-03T18:15:45.086Z,7.4,8.8,32.5,67.7,1001.9,44.7,224,30
2026-07-03T18:15:55.082Z,6.4,8.8,32.6,67.7,1001.9,44.7,224,26
2026-07-03T18:16:05.092Z,7.4,7.8,32.6,67.7,1001.9,44.7,224,30
2026-07-03T18:16:15.109Z,5,6,32.6,67.7,1001.9,44.7,223,20
2026-07-03T18:16:25.076Z,6,7,32.6,67.7,1001.8,44.7,223,25
2026-07-03T18:16:35.080Z,7,9,32.6,67.7,1001.8,44.7,223,29
2026-07-03T18:16:45.091Z,7.6,10.2,32.6,67.7,1001.8,44.7,224,31
2026-07-03T18:16:55.108Z,7,8,32.6,67.7,1001.8,44.7,223,29
2026-07-03T18:17:05.086Z,10.2,11.6,32.6,67.7,1001.8,44.7,223,42
2026-07-03T18:17:15.087Z,8.4,10.6,32.6,67.6,1001.8,44.7,223,34
2026-07-03T18:17:25.086Z,7,9,32.6,67.6,1001.8,44.7,223,29
2026-07-03T18:17:35.081Z,6.6,8.6,32.6,67.6,1001.8,44.7,223,27
2026-07-03T18:17:45.094Z,7.8,9.6,32.6,67.6,1001.8,44.8,223,32
2026-07-03T18:17:55.101Z,7.6,9,32.6,67.6,1001.8,44.8,223,31
2026-07-03T18:18:05.083Z,6.8,8.2,32.6,67.6,1001.8,44.8,223,28
2026-07-03T18:18:15.115Z,7.2,10.2,32.6,67.6,1001.8,44.8,223,29
2026-07-03T18:18:25.083Z,5.6,8.2,32.6,67.6,1001.8,44.8,222,23
2026-07-03T18:18:35.093Z,5.8,6.8,32.6,67.6,1001.8,44.8,222,24
2026-07-03T18:18:45.092Z,6,6.6,32.6,67.6,1001.8,44.9,222,25
2026-07-03T18:18:55.088Z,7,8.4,32.6,67.6,1001.8,44.9,222,29
2026-07-03T18:19:05.083Z,7.6,8.6,32.6,67.6,1001.8,44.9,222,31
2026-07-03T18:19:15.100Z,6.6,7.8,32.6,67.6,1001.8,44.9,222,27
2026-07-03T18:19:25.123Z,5.4,6.4,32.6,67.6,1001.8,45,222,22
2026-07-03T18:19:35.109Z,6.8,7.2,32.6,67.6,1001.8,45,222,28
2026-07-03T18:19:45.096Z,7.2,9.6,32.6,67.7,1001.8,45,222,29
2026-07-03T18:19:55.093Z,5.4,8.4,32.6,67.7,1001.8,45,222,22
2026-07-03T18:20:05.093Z,5.8,7.2,32.6,67.6,1001.8,45,222,24
2026-07-03T18:20:15.125Z,5.4,5.4,32.6,67.6,1001.8,45,222,22
2026-07-03T18:20:25.112Z,5.8,6.6,32.6,67.6,1001.8,45,222,24
2026-07-03T18:20:35.101Z,4.6,6.4,32.6,67.6,1001.8,45,222,19
2026-07-03T18:20:45.103Z,5.6,7.6,32.6,67.6,1001.8,45,222,23
2026-07-03T18:20:55.085Z,5.4,7.4,32.6,67.6,1001.8,45,222,22
2026-07-03T18:21:05.102Z,6.8,8.2,32.6,67.6,1001.8,45,222,28
2026-07-03T18:21:15.088Z,6.8,7.8,32.6,67.5,1001.8,45,222,28
2026-07-03T18:21:25.100Z,5.4,6.4,32.6,67.5,1001.8,45,221,22
2026-07-03T18:21:35.094Z,5.6,7.6,32.6,67.5,1001.8,45,221,23
2026-07-03T18:21:45.096Z,5,7,32.6,67.5,1001.8,44.9,221,20
2026-07-03T18:21:55.086Z,4.6,6.6,32.6,67.5,1001.8,44.9,222,19
2026-07-03T18:22:05.090Z,5.8,6.8,32.6,67.5,1001.8,45,221,24
2026-07-03T18:22:15.092Z,6.4,6.4,32.6,67.5,1001.8,45,221,26
2026-07-03T18:22:25.090Z,6.6,6.6,32.6,67.5,1001.8,45,221,27
2026-07-03T18:22:35.086Z,4.2,5.8,32.6,67.5,1001.8,44.9,221,17
2026-07-03T18:22:45.103Z,4.6,5.6,32.6,67.5,1001.8,44.9,221,19
2026-07-03T18:22:55.111Z,6.4,7.2,32.6,67.5,1001.8,44.9,221,26
2026-07-03T18:23:05.091Z,5.2,6.2,32.6,67.5,1001.8,44.9,221,21
2026-07-03T18:23:15.092Z,6,8,32.6,67.5,1001.8,44.9,221,25
2026-07-03T18:23:25.130Z,5.8,6.2,32.6,67.5,1001.8,45,222,24
2026-07-03T18:23:35.091Z,5.4,5.6,32.6,67.5,1001.8,45,222,22
2026-07-03T18:23:45.103Z,5.6,5.6,32.6,67.6,1001.8,45,222,23
2026-07-03T18:23:55.086Z,5,5,32.6,67.6,1001.8,45,222,20
2026-07-03T18:24:05.086Z,4.8,4.8,32.6,67.6,1001.8,45,222,20
2026-07-03T18:24:15.086Z,5.4,5.4,32.6,67.6,1001.8,45.1,221,22
2026-07-03T18:24:25.088Z,5.8,5.8,32.6,67.6,1001.8,45.1,222,24
2026-07-03T18:24:35.087Z,5.8,5.8,32.6,67.6,1001.8,45.2,222,24
2026-07-03T18:24:45.097Z,5.4,6.4,32.5,67.7,1001.8,45.2,222,22
2026-07-03T18:24:55.096Z,5.6,7.2,32.5,67.7,1001.8,45.2,222,23
2026-07-03T18:25:05.075Z,5.2,5.6,32.5,67.7,1001.8,45.3,221,21
2026-07-03T18:25:15.153Z,7,7,32.5,67.7,1001.8,45.3,221,29
2026-07-03T18:25:25.085Z,5.6,6,32.5,67.6,1001.7,45.3,221,23
2026-07-03T18:25:35.072Z,5.6,5.6,32.5,67.6,1001.7,45.3,221,23
2026-07-03T18:25:45.076Z,5,5,32.5,67.6,1001.7,45.3,221,20
2026-07-03T18:25:55.086Z,5.4,5.8,32.5,67.5,1001.7,45.3,221,22
2026-07-03T18:26:05.092Z,5.4,5.8,32.6,67.5,1001.7,45.3,221,22
2026-07-03T18:26:15.102Z,5,5,32.6,67.5,1001.7,45.3,221,20
2026-07-03T18:26:25.097Z,5,6,32.6,67.5,1001.7,45.3,221,20
2026-07-03T18:26:35.092Z,3.8,5.4,32.6,67.5,1001.7,45.3,219,15
2026-07-03T18:26:45.090Z,4.8,5,32.6,67.5,1001.7,45.4,219,20
2026-07-03T18:26:55.074Z,5,5,32.6,67.5,1001.7,45.4,221,20
2026-07-03T18:27:05.096Z,3.6,4.4,32.6,67.5,1001.7,45.4,221,14
2026-07-03T18:27:15.071Z,4.4,5.4,32.6,67.5,1001.7,45.4,221,18
2026-07-03T18:27:25.073Z,4.4,5.6,32.6,67.5,1001.7,45.5,221,18
2026-07-03T18:27:35.075Z,5.4,7.4,32.6,67.5,1001.7,45.5,221,22
2026-07-03T18:27:45.074Z,3.8,5.4,32.6,67.5,1001.7,45.5,221,15
2026-07-03T18:27:55.107Z,5.2,5.4,32.6,67.5,1001.7,45.5,221,21
2026-07-03T18:28:05.076Z,5.8,6.2,32.6,67.4,1001.7,45.5,222,24
2026-07-03T18:28:15.075Z,5.6,5.8,32.6,67.4,1001.7,45.5,222,23
2026-07-03T18:28:25.081Z,5.8,6.6,32.6,67.4,1001.7,45.5,223,24
2026-07-03T18:28:35.074Z,4.2,5.2,32.6,67.4,1001.7,45.5,223,17
2026-07-03T18:28:45.079Z,4.4,6,32.6,67.4,1001.7,45.5,223,18
2026-07-03T18:28:55.083Z,5.2,6.2,32.6,67.4,1001.7,45.5,223,21
2026-07-03T18:29:05.097Z,6.4,6.4,32.6,67.4,1001.7,45.5,223,26
2026-07-03T18:29:15.101Z,6,6,32.6,67.4,1001.7,45.5,223,25
2026-07-03T18:29:25.080Z,6.6,6.6,32.6,67.4,1001.7,45.6,223,27
2026-07-03T18:29:35.083Z,4.6,4.6,32.6,67.4,1001.7,45.6,223,19
2026-07-03T18:29:45.087Z,4.8,5.2,32.6,67.4,1001.7,45.6,222,20
2026-07-03T18:29:55.077Z,5.8,5.8,32.6,67.4,1001.7,45.6,222,24
2026-07-03T18:30:05.080Z,5,5,32.6,67.4,1001.7,45.6,222,20
2026-07-03T18:30:15.087Z,4.6,6.4,32.6,67.4,1001.7,45.6,221,19
2026-07-03T18:30:25.088Z,4.6,5.4,32.6,67.4,1001.7,45.6,221,19
2026-07-03T18:30:35.079Z,5,5,32.6,67.4,1001.7,45.6,220,20
2026-07-03T18:30:45.075Z,3.6,5.8,32.6,67.4,1001.7,45.6,220,14
2026-07-03T18:30:55.083Z,2.8,3.8,32.6,67.4,1001.7,45.6,221,13
2026-07-03T18:31:05.085Z,3,3.4,32.6,67.4,1001.7,45.6,220,13
2026-07-03T18:31:15.084Z,3.6,3.6,32.6,67.4,1001.7,45.6,220,14
2026-07-03T18:31:25.086Z,3.2,5,32.6,67.4,1001.7,45.6,220,13
2026-07-03T18:31:35.089Z,5.4,6.2,32.6,67.4,1001.7,45.6,220,22
2026-07-03T18:31:45.080Z,4.4,4.4,32.6,67.4,1001.7,45.6,220,18
2026-07-03T18:31:55.098Z,3.8,3.8,32.6,67.4,1001.7,45.6,220,15
2026-07-03T18:32:05.081Z,4.6,4.6,32.5,67.5,1001.7,45.6,220,19
2026-07-03T18:32:15.074Z,3.8,3.8,32.5,67.5,1001.7,45.7,220,15
2026-07-03T18:32:25.075Z,4.8,5.6,32.5,67.5,1001.7,45.7,220,20
2026-07-03T18:32:35.074Z,5.4,6.4,32.5,67.5,1001.7,45.8,220,22
2026-07-03T18:32:45.075Z,4.6,4.8,32.5,67.6,1001.7,45.8,219,19
2026-07-03T18:32:55.080Z,4,4,32.5,67.6,1001.7,45.8,219,16
2026-07-03T18:33:05.075Z,3.6,3.6,32.5,67.6,1001.7,45.8,219,14
2026-07-03T18:33:15.078Z,4.8,5.2,32.5,67.6,1001.6,45.9,219,20
2026-07-03T18:33:25.082Z,3.4,4.2,32.5,67.7,1001.6,45.9,219,14
2026-07-03T18:33:35.090Z,3,3.2,32.4,67.7,1001.6,45.9,220,13
2026-07-03T18:33:45.074Z,3.8,4.8,32.4,67.7,1001.6,46,220,15
2026-07-03T18:33:55.074Z,3.4,5.4,32.4,67.8,1001.6,46,221,14
2026-07-03T18:34:05.066Z,3,4,32.4,67.8,1001.6,46,220,13
2026-07-03T18:34:15.072Z,4.2,4.2,32.4,67.8,1001.6,46.1,221,17
2026-07-03T18:34:25.067Z,5,5,32.4,67.9,1001.6,46.1,221,20
2026-07-03T18:34:35.086Z,4,4,32.4,67.9,1001.6,46.1,221,16
2026-07-03T18:34:45.070Z,3.2,3.2,32.4,67.9,1001.6,46.1,221,13
2026-07-03T18:34:55.081Z,2.6,2.6,32.4,67.9,1001.6,46.2,221,13
2026-07-03T18:35:05.082Z,2,2,32.3,68,1001.6,46.2,221,13
2026-07-03T18:35:15.081Z,4,4.8,32.3,68,1001.6,46.2,221,16
2026-07-03T18:35:25.080Z,5,6,32.3,68,1001.6,46.3,221,20
2026-07-03T18:35:35.076Z,4.6,5.6,32.3,68,1001.6,46.3,221,19
2026-07-03T18:35:45.080Z,5.2,5.4,32.3,68,1001.6,46.3,221,21
2026-07-03T18:35:55.077Z,4.4,4.4,32.3,68,1001.6,46.4,222,18
2026-07-03T18:36:05.083Z,4.4,4.4,32.3,68.1,1001.6,46.4,222,18
2026-07-03T18:36:15.079Z,3.4,3.4,32.3,68.1,1001.6,46.4,222,14
2026-07-03T18:36:25.082Z,4.4,4.4,32.3,68.1,1001.6,46.5,222,18
2026-07-03T18:36:35.084Z,4.4,4.4,32.3,68.1,1001.6,46.4,222,18
2026-07-03T18:36:45.084Z,5.6,6,32.3,68.1,1001.6,46.5,222,23
2026-07-03T18:36:55.080Z,4.4,4.4,32.3,68.1,1001.6,46.5,222,18
2026-07-03T18:37:05.087Z,6.2,6.8,32.3,68.1,1001.6,46.5,221,25
2026-07-03T18:37:15.095Z,6,7,32.3,68.1,1001.6,46.6,221,25
2026-07-03T18:37:25.096Z,3.8,4.4,32.3,68.1,1001.6,46.6,221,15
2026-07-03T18:37:35.088Z,2.4,2.6,32.3,68.1,1001.6,46.6,221,13
2026-07-03T18:37:45.086Z,3,3.4,32.3,68.1,1001.6,46.7,221,13
2026-07-03T18:37:55.086Z,3.4,4.2,32.2,68.1,1001.6,46.7,221,14
2026-07-03T18:38:05.093Z,4.8,4.8,32.2,68.1,1001.6,46.7,221,20
2026-07-03T18:38:15.080Z,4.6,4.6,32.2,68.1,1001.6,46.7,221,19
2026-07-03T18:38:25.096Z,2.8,2.8,32.2,68.1,1001.6,46.8,221,13
2026-07-03T18:38:35.078Z,3.2,3.2,32.2,68.1,1001.6,46.8,220,13
2026-07-03T18:38:45.100Z,4,4,32.2,68.1,1001.6,46.8,219,16
2026-07-03T18:38:55.082Z,4.6,4.6,32.2,68.1,1001.6,46.8,219,19
2026-07-03T18:39:05.081Z,3.4,3.4,32.2,68.1,1001.6,46.8,219,14
2026-07-03T18:39:15.081Z,3.6,4,32.2,68.1,1001.6,46.9,219,14
2026-07-03T18:39:25.079Z,2.4,3.4,32.2,68,1001.6,46.9,219,13
2026-07-03T18:39:35.081Z,1.4,2.8,32.2,68,1001.6,46.9,219,13
2026-07-03T18:39:45.075Z,4.4,5,32.2,68,1001.6,46.9,219,18
2026-07-03T18:39:55.100Z,4.6,4.6,32.2,68,1001.6,47,218,19
2026-07-03T18:40:05.081Z,3.4,3.4,32.2,68,1001.6,47,218,14
2026-07-03T18:40:15.090Z,4.6,5,32.2,68,1001.6,47,218,19
2026-07-03T18:40:25.092Z,4.8,5,32.2,68,1001.6,47,218,20
2026-07-03T18:40:35.098Z,5.6,6.6,32.2,68,1001.6,47,218,23
2026-07-03T18:40:45.077Z,4.6,5.8,32.2,68,1001.6,47,218,19
2026-07-03T18:40:55.063Z,4.8,5.8,32.2,68,1001.5,47,218,20
2026-07-03T18:41:05.076Z,3.6,5.2,32.2,68,1001.5,47,218,14
2026-07-03T18:41:15.089Z,4.4,4.4,32.2,68,1001.5,47,218,18
2026-07-03T18:41:25.078Z,4,4.2,32.2,67.9,1001.5,47.1,218,16
2026-07-03T18:41:35.065Z,4.6,5.2,32.2,67.9,1001.5,47.1,218,19
2026-07-03T18:41:45.079Z,3.2,3.2,32.2,67.9,1001.5,47.1,218,13
2026-07-03T18:41:55.087Z,3.4,3.4,32.2,68,1001.5,47.1,218,14
2026-07-03T18:42:05.089Z,3.8,3.8,32.2,68,1001.5,47.1,218,15
2026-07-03T18:42:15.086Z,4.2,4.6,32.2,68,1001.5,47.1,218,17
2026-07-03T18:42:25.077Z,4,4,32.2,68,1001.5,47.2,218,16
2026-07-03T18:42:35.078Z,4.4,4.4,32.2,68,1001.5,47.2,218,18
2026-07-03T18:42:45.073Z,3.2,4.2,32.2,68.1,1001.5,47.2,218,13
2026-07-03T18:42:55.084Z,1.8,2.8,32.2,68.1,1001.5,47.3,217,13
2026-07-03T18:43:05.090Z,2.6,3.4,32.2,68.1,1001.5,47.3,217,13
2026-07-03T18:43:15.072Z,3,4.4,32.2,68.1,1001.5,47.3,217,13
2026-07-03T18:43:25.107Z,3.6,5.2,32.2,68.1,1001.5,47.4,217,14
2026-07-03T18:43:35.070Z,3.6,4.6,32.2,68.1,1001.5,47.4,217,14
2026-07-03T18:43:45.089Z,2.4,4.4,32.1,68.1,1001.5,47.4,217,13
2026-07-03T18:43:55.072Z,4,6.6,32.1,68.2,1001.5,47.5,217,16
2026-07-03T18:44:05.078Z,3.4,5,32.1,68.2,1001.5,47.5,218,14
2026-07-03T18:44:15.071Z,4.8,4.8,32.1,68.2,1001.5,47.6,218,20
2026-07-03T18:44:25.074Z,3.2,3.2,32.1,68.2,1001.5,47.6,219,13
2026-07-03T18:44:35.075Z,3.8,3.8,32.1,68.2,1001.5,47.7,219,15
2026-07-03T18:44:45.074Z,6.4,6.4,32.1,68.3,1001.5,47.7,219,26
2026-07-03T18:44:55.085Z,4.8,4.8,32.1,68.3,1001.5,47.8,220,20
2026-07-03T18:45:05.071Z,3.6,3.6,32.1,68.3,1001.5,47.8,221,14
2026-07-03T18:45:15.077Z,5.4,5.4,32.1,68.3,1001.5,47.9,221,22
2026-07-03T18:45:25.147Z,4.2,5.2,32.1,68.3,1001.5,48,221,17
2026-07-03T18:45:35.074Z,7.8,9.6,32.1,68.3,1001.5,48,222,32
2026-07-03T18:45:45.081Z,7,10.6,32,68.3,1001.5,48.1,222,29
2026-07-03T18:45:55.077Z,4.2,6.6,32,68.4,1001.5,48.2,221,17
2026-07-03T18:46:05.093Z,4.6,5.4,32,68.4,1001.5,48.2,221,19
2026-07-03T18:46:15.077Z,5.6,5.6,32,68.4,1001.5,48.3,221,23
2026-07-03T18:46:25.079Z,4.8,4.8,32,68.4,1001.5,48.3,221,20
2026-07-03T18:46:35.079Z,3,3,32,68.4,1001.5,48.4,219,13
2026-07-03T18:46:45.089Z,4.6,4.6,32,68.4,1001.5,48.4,219,19
2026-07-03T18:46:55.077Z,5.8,5.8,32,68.4,1001.5,48.4,219,24
2026-07-03T18:47:05.082Z,4,4.8,32,68.4,1001.5,48.5,219,16
2026-07-03T18:47:15.071Z,3,3,32,68.3,1001.5,48.5,219,13
2026-07-03T18:47:25.085Z,3,3.2,32,68.3,1001.5,48.5,219,13
2026-07-03T18:47:35.074Z,2.6,3.6,32,68.3,1001.5,48.6,219,13
2026-07-03T18:47:45.084Z,4,4,32,68.3,1001.5,48.6,219,16
2026-07-03T18:47:55.069Z,5,5,32,68.3,1001.5,48.7,219,20
2026-07-03T18:48:05.077Z,4.8,5,32,68.3,1001.5,48.7,219,20
2026-07-03T18:48:15.070Z,4,4.6,32,68.3,1001.5,48.7,219,16
2026-07-03T18:48:25.074Z,3.8,5.6,32,68.3,1001.5,48.7,219,15
2026-07-03T18:48:35.071Z,3,4,32,68.3,1001.5,48.8,218,13
2026-07-03T18:48:45.079Z,3,5,32,68.3,1001.4,48.8,218,13
2026-07-03T18:48:55.076Z,4.8,7.6,32,68.3,1001.4,48.8,218,20
2026-07-03T18:49:05.068Z,5.8,7.6,32,68.3,1001.4,48.8,218,24
2026-07-03T18:49:15.073Z,4.4,6,32,68.3,1001.4,48.8,218,18
2026-07-03T18:49:25.070Z,4.8,6.8,32,68.2,1001.4,48.8,218,20
2026-07-03T18:49:35.076Z,4.2,5,32,68.2,1001.4,48.8,218,17
2026-07-03T18:49:45.073Z,3.8,4,32,68.2,1001.4,48.8,218,15
2026-07-03T18:49:55.072Z,5,5,32,68.1,1001.4,48.8,218,20
2026-07-03T18:50:05.079Z,3.4,3.4,32.1,68.1,1001.4,48.7,218,14
2026-07-03T18:50:15.078Z,4,4.8,32.1,68,1001.4,48.7,218,16
2026-07-03T18:50:25.076Z,3.8,4.8,32.1,68,1001.4,48.7,218,15
2026-07-03T18:50:35.077Z,4.8,5.8,32.1,67.9,1001.4,48.6,218,20
2026-07-03T18:50:45.074Z,4,4.8,32.1,67.9,1001.4,48.6,218,16
2026-07-03T18:50:55.061Z,3.8,4.8,32.1,67.9,1001.4,48.6,216,15
2026-07-03T18:51:05.062Z,4,5,32.1,67.9,1001.4,48.5,216,16
2026-07-03T18:51:15.060Z,3.6,3.6,32.1,67.8,1001.4,48.5,216,14
2026-07-03T18:51:25.066Z,3.8,3.8,32.1,67.8,1001.4,48.5,215,15
2026-07-03T18:51:35.068Z,3,3,32.2,67.8,1001.4,48.5,215,13
2026-07-03T18:51:45.056Z,4,4.6,32.2,67.8,1001.4,48.5,214,16
2026-07-03T18:51:55.077Z,4.4,5.2,32.2,67.8,1001.4,48.4,214,18
2026-07-03T18:52:05.074Z,3,4.8,32.2,67.7,1001.4,48.4,214,13
2026-07-03T18:52:15.085Z,3.2,3.8,32.2,67.7,1001.4,48.4,215,13
2026-07-03T18:52:25.066Z,2.8,2.8,32.2,67.6,1001.4,48.4,215,13
2026-07-03T18:52:35.071Z,4.6,4.6,32.2,67.6,1001.4,48.4,217,19
2026-07-03T18:52:45.070Z,3.4,3.4,32.2,67.6,1001.4,48.4,218,14
2026-07-03T18:52:55.070Z,2.4,2.4,32.2,67.6,1001.4,48.3,217,13
2026-07-03T18:53:05.081Z,4,4,32.2,67.5,1001.4,48.3,217,16
2026-07-03T18:53:15.070Z,4,4,32.2,67.5,1001.4,48.3,217,16
2026-07-03T18:53:25.071Z,4.4,4.4,32.2,67.5,1001.4,48.2,217,18
2026-07-03T18:53:35.067Z,5,6,32.2,67.5,1001.4,48.2,217,20
2026-07-03T18:53:45.070Z,4.8,4.8,32.3,67.4,1001.4,48.2,217,20
2026-07-03T18:53:55.067Z,4.8,5.6,32.3,67.4,1001.4,48.2,217,20
2026-07-03T18:54:05.073Z,4.6,5.4,32.3,67.4,1001.4,48.2,217,19
2026-07-03T18:54:15.069Z,4,4.2,32.3,67.3,1001.4,48.1,216,16
2026-07-03T18:54:25.077Z,3,3,32.3,67.3,1001.4,48.1,215,13
2026-07-03T18:54:35.071Z,3.6,4,32.3,67.3,1001.4,48.1,215,14
2026-07-03T18:54:45.066Z,4.2,4.2,32.3,67.3,1001.4,48.1,215,17
2026-07-03T18:54:55.074Z,5.4,5.4,32.3,67.2,1001.5,48.1,215,22
2026-07-03T18:55:05.068Z,4.2,4.8,32.3,67.2,1001.5,48,214,17
2026-07-03T18:55:15.189Z,4,4,32.3,67.2,1001.5,48,214,16
2026-07-03T18:55:25.069Z,4,5,32.3,67.2,1001.5,48,214,16
2026-07-03T18:55:35.075Z,3,3.2,32.3,67.2,1001.5,47.9,214,13
2026-07-03T18:55:45.074Z,5.4,5.4,32.4,67.2,1001.5,47.9,214,22
2026-07-03T18:55:55.059Z,4,5.4,32.4,67.2,1001.5,47.9,214,16
2026-07-03T18:56:05.064Z,2.8,4.6,32.4,67.1,1001.5,47.9,214,13
2026-07-03T18:56:15.059Z,2.6,5.2,32.4,67.1,1001.5,47.8,213,13
2026-07-03T18:56:25.060Z,2.4,3.4,32.4,67.1,1001.5,47.8,213,13
2026-07-03T18:56:35.058Z,3,3,32.4,67.1,1001.5,47.8,213,13
2026-07-03T18:56:45.061Z,3.4,4.4,32.4,67.1,1001.5,47.8,213,14
2026-07-03T18:56:55.068Z,4,5,32.4,67.1,1001.5,47.8,213,16
2026-07-03T18:57:05.083Z,3.2,4.2,32.4,67.1,1001.5,47.8,214,13
2026-07-03T18:57:15.067Z,4.6,5,32.4,67,1001.5,47.8,214,19
2026-07-03T18:57:25.074Z,3.2,5.4,32.4,67,1001.5,47.8,213,13
2026-07-03T18:57:35.070Z,4,6,32.4,67,1001.5,47.7,214,16
2026-07-03T18:57:45.075Z,3.4,4.4,32.4,67,1001.5,47.7,214,14
2026-07-03T18:57:55.068Z,4.4,5.6,32.4,67,1001.5,47.7,214,18
2026-07-03T18:58:05.065Z,3.4,4.6,32.4,67,1001.5,47.6,214,14
2026-07-03T18:58:15.066Z,3.2,4.6,32.4,67,1001.5,47.6,214,13
2026-07-03T18:58:25.065Z,3.6,3.6,32.4,66.9,1001.5,47.6,214,14
2026-07-03T18:58:35.074Z,3,4,32.4,66.9,1001.5,47.5,214,13
2026-07-03T18:58:45.070Z,4.6,5.6,32.4,66.9,1001.5,47.5,214,19
2026-07-03T18:58:55.069Z,6,6,32.5,66.9,1001.5,47.5,214,25
2026-07-03T18:59:05.072Z,5.8,5.8,32.5,66.8,1001.5,47.5,214,24
2026-07-03T18:59:15.079Z,5.6,7.2,32.5,66.8,1001.5,47.5,214,23
2026-07-03T18:59:25.069Z,2.6,4.6,32.5,66.8,1001.5,47.4,214,13
2026-07-03T18:59:35.071Z,2.6,5,32.5,66.7,1001.5,47.4,214,13
2026-07-03T18:59:45.068Z,4,5.8,32.5,66.7,1001.5,47.4,214,16
2026-07-03T18:59:55.070Z,4,4,32.5,66.7,1001.5,47.3,214,16
2026-07-03T19:00:05.074Z,4.4,4.4,32.5,66.7,1001.5,47.3,214,18
2026-07-03T19:00:15.068Z,3,3,32.5,66.7,1001.5,47.4,214,13
2026-07-03T19:00:25.071Z,3.6,4.4,32.5,66.7,1001.5,47.3,214,14
2026-07-03T19:00:35.080Z,3.4,5.4,32.5,66.7,1001.5,47.3,214,14
2026-07-03T19:00:45.068Z,3.6,5.4,32.5,66.7,1001.5,47.3,212,14
2026-07-03T19:00:55.063Z,4,5,32.5,66.7,1001.5,47.3,214,16
2026-07-03T19:01:05.063Z,5.6,5.8,32.5,66.7,1001.5,47.3,214,23
2026-07-03T19:01:15.064Z,5,5,32.5,66.6,1001.5,47.3,214,20
2026-07-03T19:01:25.058Z,6,6.4,32.6,66.6,1001.5,47.3,212,25
2026-07-03T19:01:35.062Z,4.6,5.6,32.6,66.6,1001.5,47.3,212,19
2026-07-03T19:01:45.058Z,4.4,6,32.6,66.6,1001.5,47.3,212,18
2026-07-03T19:01:55.066Z,3.4,4.2,32.6,66.6,1001.5,47.3,211,14
2026-07-03T19:02:05.064Z,3.2,4.2,32.6,66.6,1001.5,47.3,211,13
2026-07-03T19:02:15.063Z,4.6,4.6,32.6,66.6,1001.5,47.3,212,19
2026-07-03T19:02:25.067Z,5.2,5.2,32.6,66.6,1001.5,47.3,212,21
2026-07-03T19:02:35.072Z,5,5.4,32.6,66.6,1001.5,47.3,213,20
2026-07-03T19:02:45.063Z,4.4,4.4,32.6,66.6,1001.5,47.3,213,18
2026-07-03T19:02:55.068Z,4.6,5.2,32.6,66.6,1001.5,47.3,212,19
2026-07-03T19:03:05.070Z,4.6,4.6,32.6,66.6,1001.5,47.3,212,19
2026-07-03T19:03:15.074Z,4.6,4.6,32.6,66.6,1001.5,47.2,212,19
2026-07-03T19:03:25.064Z,4.6,6,32.6,66.7,1001.5,47.3,212,19
2026-07-03T19:03:35.063Z,5,6.4,32.5,66.7,1001.5,47.3,213,20
2026-07-03T19:03:45.062Z,3.4,6,32.5,66.7,1001.5,47.2,213,14
2026-07-03T19:03:55.067Z,5.2,6.2,32.5,66.8,1001.5,47.2,213,21
2026-07-03T19:04:05.074Z,5,6,32.5,66.8,1001.5,47.3,213,20
2026-07-03T19:04:15.069Z,3.8,5.6,32.5,66.8,1001.5,47.3,213,15
2026-07-03T19:04:25.071Z,2.8,3.8,32.5,66.8,1001.5,47.3,213,13
2026-07-03T19:04:35.068Z,4.2,5,32.5,66.8,1001.5,47.3,213,17
2026-07-03T19:04:45.075Z,4.6,4.6,32.5,66.7,1001.5,47.3,213,19
2026-07-03T19:04:55.051Z,3.6,4,32.5,66.7,1001.5,47.2,214,14
2026-07-03T19:05:05.050Z,4,4,32.5,66.7,1001.5,47.2,214,16
2026-07-03T19:05:15.053Z,3.6,5,32.5,66.7,1001.5,47.2,214,14
2026-07-03T19:05:25.065Z,4.4,4.4,32.5,66.7,1001.5,47.2,214,18
2026-07-03T19:05:35.051Z,4.4,4.4,32.5,66.8,1001.5,47.2,215,18
2026-07-03T19:05:45.049Z,4.8,4.8,32.5,66.8,1001.5,47.2,215,20
2026-07-03T19:05:55.050Z,4.2,5.2,32.5,66.8,1001.5,47.2,215,17
2026-07-03T19:06:05.052Z,5,6,32.5,66.8,1001.5,47.2,215,20
2026-07-03T19:06:15.053Z,5.6,6.2,32.5,66.8,1001.5,47.2,215,23
2026-07-03T19:06:25.059Z,5.2,6,32.5,66.8,1001.5,47.2,215,21
2026-07-03T19:06:35.126Z,5.4,6.4,32.5,66.8,1001.5,47.2,215,22
2026-07-03T19:06:45.070Z,3.8,5.6,32.5,66.8,1001.5,47.2,215,15
2026-07-03T19:06:55.066Z,3.6,4.6,32.5,66.8,1001.5,47.2,215,14
2026-07-03T19:07:05.063Z,3.6,4.6,32.5,66.8,1001.5,47.2,215,14
2026-07-03T19:07:15.064Z,4,5,32.5,66.8,1001.5,47.2,215,16
2026-07-03T19:07:25.140Z,4.6,5.6,32.5,66.8,1001.5,47.2,215,19
2026-07-03T19:07:35.064Z,4.4,4.6,32.5,66.8,1001.5,47.2,215,18
2026-07-03T19:07:45.064Z,6.4,6.8,32.5,66.8,1001.5,47.2,215,26
2026-07-03T19:07:55.073Z,4.4,4.4,32.5,66.9,1001.5,47.2,215,18
2026-07-03T19:08:05.139Z,5.2,5.2,32.5,66.9,1001.5,47.2,214,21
2026-07-03T19:08:15.085Z,5.4,5.6,32.5,66.9,1001.5,47.2,215,22
2026-07-03T19:08:25.064Z,6.8,6.8,32.5,66.9,1001.5,47.2,215,28
2026-07-03T19:08:35.152Z,7.4,7.4,32.5,66.9,1001.5,47.2,215,30
2026-07-03T19:08:45.067Z,7,7.2,32.5,66.9,1001.5,47.2,215,29
2026-07-03T19:08:55.108Z,6,6.6,32.5,66.9,1001.5,47.2,215,25
2026-07-03T19:09:05.056Z,5.6,6.6,32.5,66.9,1001.5,47.2,215,23
2026-07-03T19:09:15.050Z,5.6,5.6,32.5,66.9,1001.5,47.1,215,23
2026-07-03T19:09:25.111Z,4.2,4.2,32.5,66.9,1001.5,47.2,215,17
2026-07-03T19:09:35.049Z,3.6,3.6,32.5,66.9,1001.5,47.1,215,14
2026-07-03T19:09:45.079Z,6,6,32.5,66.9,1001.5,47.2,215,25
2026-07-03T19:09:55.062Z,4.6,5,32.5,66.9,1001.5,47.1,217,19
2026-07-03T19:10:05.065Z,4.8,5.8,32.5,66.9,1001.5,47.1,217,20
2026-07-03T19:10:15.076Z,5.4,5.8,32.5,66.9,1001.5,47.1,217,22
2026-07-03T19:10:25.060Z,5.4,7,32.5,67,1001.5,47.1,217,22
2026-07-03T19:10:35.168Z,4.6,6,32.5,67,1001.5,47.1,217,19
2026-07-03T19:10:45.064Z,5.2,5.2,32.5,67,1001.5,47.1,217,21
2026-07-03T19:10:55.122Z,5.6,6.2,32.5,67.1,1001.5,47.1,217,23
2026-07-03T19:11:05.050Z,5.6,6.2,32.5,67.1,1001.5,47.1,217,23
2026-07-03T19:11:15.053Z,5.4,6,32.5,67.2,1001.5,47.1,218,22
2026-07-03T19:11:25.126Z,5.6,7.4,32.5,67.2,1001.5,47.1,218,23
2026-07-03T19:11:35.048Z,6,7.4,32.5,67.3,1001.5,47.2,218,25
2026-07-03T19:11:45.094Z,6.6,7.8,32.5,67.3,1001.5,47.2,218,27
2026-07-03T19:11:55.057Z,7.8,8.4,32.4,67.4,1001.5,47.2,218,32
2026-07-03T19:12:05.055Z,6.4,6.4,32.4,67.4,1001.5,47.2,220,26
2026-07-03T19:12:15.103Z,4,4,32.4,67.5,1001.5,47.2,221,16
2026-07-03T19:12:25.055Z,3.4,4.2,32.4,67.5,1001.5,47.2,221,14
2026-07-03T19:12:35.083Z,4.4,6.4,32.4,67.6,1001.5,47.2,222,18
2026-07-03T19:12:45.053Z,4.8,5.6,32.4,67.6,1001.5,47.2,223,20
2026-07-03T19:12:55.058Z,6,7,32.4,67.6,1001.5,47.2,223,25
2026-07-03T19:13:05.080Z,6.2,6.8,32.4,67.7,1001.5,47.2,223,25
2026-07-03T19:13:15.065Z,6.6,6.6,32.3,67.7,1001.5,47.2,224,27
2026-07-03T19:13:25.150Z,6.4,7,32.3,67.7,1001.5,47.2,224,26
2026-07-03T19:13:35.057Z,8.4,9.2,32.3,67.8,1001.5,47.3,224,34
2026-07-03T19:13:45.119Z,10.4,12,32.3,67.8,1001.5,47.3,225,43
2026-07-03T19:13:55.046Z,10,11,32.3,67.8,1001.5,47.3,225,41
2026-07-03T19:14:05.048Z,11.6,13,32.3,67.8,1001.5,47.3,225,48
2026-07-03T19:14:15.112Z,12.6,16.4,32.3,67.8,1001.5,47.3,225,52
2026-07-03T19:14:25.051Z,13.4,17.6,32.3,67.9,1001.5,47.4,225,53
2026-07-03T19:14:35.063Z,14.4,18.4,32.3,67.9,1001.5,47.4,225,55
2026-07-03T19:14:45.049Z,14.6,18.2,32.3,67.9,1001.5,47.4,225,56
2026-07-03T19:14:55.057Z,17.4,20.8,32.3,67.9,1001.5,47.4,225,62
2026-07-03T19:15:05.092Z,17.2,20.4,32.3,67.9,1001.5,47.4,225,61
2026-07-03T19:15:15.055Z,18.6,20.6,32.3,67.9,1001.5,47.4,226,64
2026-07-03T19:15:25.163Z,18.4,20.4,32.3,67.9,1001.5,47.4,226,64
2026-07-03T19:15:35.057Z,20.4,22.6,32.3,68,1001.5,47.4,226,68
2026-07-03T19:15:45.053Z,20,23,32.2,68,1001.5,47.4,226,67
2026-07-03T19:15:55.168Z,19.4,21.8,32.2,68,1001.5,47.4,226,66
2026-07-03T19:16:05.058Z,21.6,21.8,32.2,68,1001.5,47.4,226,70
2026-07-03T19:16:15.139Z,21,21.4,32.2,68,1001.5,47.4,226,69
2026-07-03T19:16:25.058Z,22,24.8,32.2,68.1,1001.5,47.4,225,71
2026-07-03T19:16:35.105Z,20,24,32.2,68.1,1001.5,47.4,226,67
2026-07-03T19:16:45.054Z,19,22,32.2,68.1,1001.5,47.4,226,65
2026-07-03T19:16:55.050Z,19.6,21.4,32.2,68.1,1001.5,47.4,225,66
2026-07-03T19:17:05.101Z,19,21,32.2,68.1,1001.5,47.5,225,65
2026-07-03T19:17:15.046Z,20.4,21.4,32.2,68.1,1001.5,47.5,225,68
2026-07-03T19:17:25.067Z,19,21,32.2,68.1,1001.5,47.5,225,65
2026-07-03T19:17:35.043Z,19,20.2,32.2,68.1,1001.5,47.5,226,65
2026-07-03T19:17:45.046Z,19,19.2,32.2,68.1,1001.5,47.5,226,65
2026-07-03T19:17:55.074Z,17.2,18.2,32.2,68.1,1001.5,47.5,226,61
2026-07-03T19:18:05.045Z,18.4,18.6,32.2,68.1,1001.5,47.5,226,64
2026-07-03T19:18:15.144Z,19,19,32.2,68.1,1001.5,47.5,226,65
2026-07-03T19:18:25.047Z,19.4,19.4,32.2,68.1,1001.5,47.5,226,66
2026-07-03T19:18:35.045Z,19.4,19.4,32.2,68.2,1001.5,47.5,226,66
2026-07-03T19:18:45.147Z,19.4,20.4,32.2,68.2,1001.5,47.5,226,66
2026-07-03T19:18:55.050Z,18.8,19.8,32.2,68.2,1001.5,47.5,226,65
2026-07-03T19:19:05.053Z,18.2,21,32.2,68.2,1001.5,47.6,226,63
2026-07-03T19:19:15.056Z,18.4,19.6,32.2,68.1,1001.5,47.6,226,64
2026-07-03T19:19:25.073Z,17,17,32.2,68.1,1001.5,47.6,225,61
2026-07-03T19:19:35.052Z,15.2,15.6,32.2,68.1,1001.5,47.6,225,57
2026-07-03T19:19:45.054Z,17,19,32.2,68.1,1001.5,47.6,225,61
2026-07-03T19:19:55.090Z,16.8,19.8,32.2,68.1,1001.5,47.5,225,60
2026-07-03T19:20:05.052Z,15.6,19,32.2,68.1,1001.5,47.5,225,58
2026-07-03T19:20:15.121Z,14.4,18.4,32.2,68,1001.5,47.5,225,55
2026-07-03T19:20:25.045Z,14.4,17.8,32.2,68,1001.5,47.5,225,55
2026-07-03T19:20:35.047Z,14.8,17.8,32.2,68,1001.5,47.5,225,56
2026-07-03T19:20:45.062Z,15,19,32.2,68,1001.5,47.4,225,57
2026-07-03T19:20:55.050Z,14.4,18,32.2,68,1001.5,47.4,225,55
2026-07-03T19:21:05.131Z,12.4,16,32.2,68,1001.5,47.4,225,51
2026-07-03T19:21:15.044Z,14,18,32.2,68,1001.5,47.4,225,54
2026-07-03T19:21:25.050Z,14.2,17.4,32.2,68,1001.5,47.4,225,55
2026-07-03T19:21:35.136Z,13,16,32.2,68,1001.5,47.4,225,52
2026-07-03T19:21:45.059Z,14.2,16.6,32.2,68,1001.5,47.3,226,55
2026-07-03T19:21:55.112Z,14.2,16.2,32.2,68,1001.5,47.3,226,55
2026-07-03T19:22:05.052Z,14.4,15.4,32.2,68,1001.5,47.4,226,55
2026-07-03T19:22:15.054Z,13.6,15.6,32.2,68,1001.5,47.3,226,54
2026-07-03T19:22:25.053Z,13.4,16.4,32.2,68,1001.5,47.4,226,53
2026-07-03T19:22:35.053Z,13.4,17,32.2,68,1001.5,47.4,226,53
2026-07-03T19:22:45.084Z,14.4,17,32.2,68,1001.5,47.3,226,55
2026-07-03T19:22:55.052Z,15,17,32.2,68,1001.5,47.3,225,57
2026-07-03T19:23:05.050Z,14.8,17.8,32.2,68,1001.5,47.3,226,56
2026-07-03T19:23:15.046Z,15.6,18.6,32.2,68,1001.5,47.3,226,58
2026-07-03T19:23:25.047Z,14.4,17.4,32.2,68,1001.5,47.3,226,55
2026-07-03T19:23:35.154Z,14,16.4,32.2,68,1001.5,47.3,226,54
2026-07-03T19:23:45.050Z,15,17,32.2,68,1001.5,47.3,226,57
2026-07-03T19:23:55.067Z,14.8,16.8,32.2,68,1001.5,47.3,225,56
2026-07-03T19:24:05.053Z,14.6,16.6,32.2,68,1001.5,47.3,225,56
2026-07-03T19:24:15.050Z,15.4,17.4,32.2,68,1001.4,47.3,225,57
2026-07-03T19:24:25.133Z,15.2,17.2,32.2,68,1001.4,47.4,225,57
2026-07-03T19:24:35.065Z,14.4,16.4,32.2,68.1,1001.4,47.4,225,55
2026-07-03T19:24:45.052Z,14,16.4,32.2,68.1,1001.4,47.4,225,54
2026-07-03T19:24:55.052Z,15.4,16.6,32.2,68.1,1001.4,47.4,225,57
2026-07-03T19:25:05.053Z,16.6,18,32.2,68.1,1001.4,47.5,224,60
2026-07-03T19:25:15.087Z,17,19.4,32.2,68.1,1001.5,47.5,224,61
2026-07-03T19:25:25.050Z,16.2,19.2,32.2,68.1,1001.5,47.5,225,59
2026-07-03T19:25:35.072Z,15.6,18.6,32.2,68.1,1001.5,47.5,225,58
2026-07-03T19:25:45.052Z,14.6,17.6,32.2,68.1,1001.5,47.5,225,56
2026-07-03T19:25:55.114Z,15.4,18.6,32.2,68.1,1001.5,47.5,225,57
2026-07-03T19:26:05.047Z,16.6,19,32.2,68.1,1001.5,47.6,225,60
2026-07-03T19:26:15.046Z,19,19.4,32.2,68.1,1001.5,47.6,225,65
2026-07-03T19:26:25.133Z,17,17.4,32.2,68.1,1001.5,47.6,225,61
2026-07-03T19:26:35.053Z,18,20,32.2,68.2,1001.5,47.6,224,63
2026-07-03T19:26:45.118Z,18,18.8,32.2,68.2,1001.5,47.6,224,63
2026-07-03T19:26:55.053Z,18.4,18.4,32.2,68.2,1001.5,47.7,224,64
2026-07-03T19:27:05.059Z,17.4,18,32.2,68.2,1001.5,47.7,224,62
2026-07-03T19:27:15.126Z,15.8,16,32.2,68.2,1001.5,47.6,224,58
2026-07-03T19:27:25.055Z,15.8,17,32.2,68.2,1001.5,47.6,224,58
2026-07-03T19:27:35.101Z,19,20.8,32.2,68.2,1001.5,47.7,225,65
2026-07-03T19:27:45.059Z,18.4,20.8,32.2,68.2,1001.5,47.7,225,64
2026-07-03T19:27:55.062Z,18.2,19.2,32.2,68.2,1001.5,47.7,225,63
2026-07-03T19:28:05.106Z,18.8,19,32.2,68.2,1001.5,47.7,225,65
2026-07-03T19:28:15.059Z,19.8,20.8,32.2,68.2,1001.5,47.8,225,67
2026-07-03T19:28:25.174Z,19.4,20.4,32.2,68.2,1001.5,47.8,225,66
2026-07-03T19:28:35.054Z,20,21,32.2,68.2,1001.5,47.8,225,67
2026-07-03T19:28:45.136Z,19.6,19.6,32.2,68.3,1001.5,47.8,225,66
2026-07-03T19:28:55.067Z,19.6,19.6,32.2,68.3,1001.5,47.8,225,66
2026-07-03T19:29:05.053Z,19.6,20.2,32.2,68.3,1001.5,47.9,225,66
2026-07-03T19:29:15.142Z,20.6,22.2,32.2,68.3,1001.5,47.9,225,68
2026-07-03T19:29:25.055Z,20.6,23,32.2,68.3,1001.5,47.9,224,68
2026-07-03T19:29:35.116Z,19,20.8,32.2,68.3,1001.5,47.9,224,65
2026-07-03T19:29:45.055Z,18.2,18.8,32.2,68.3,1001.5,47.9,224,63
2026-07-03T19:29:55.058Z,18.2,18.6,32.2,68.3,1001.5,47.9,224,63
2026-07-03T19:30:05.119Z,18,20,32.2,68.3,1001.5,47.8,224,63
2026-07-03T19:30:15.057Z,17,19.2,32.2,68.3,1001.5,47.8,224,61
2026-07-03T19:30:25.079Z,17,18,32.2,68.3,1001.5,47.8,224,61
2026-07-03T19:30:35.071Z,17.4,18.4,32.2,68.3,1001.5,47.8,224,62
2026-07-03T19:30:45.057Z,17.8,20.8,32.2,68.3,1001.5,47.8,224,62
2026-07-03T19:30:55.096Z,19.4,20.2,32.2,68.3,1001.5,47.8,225,66
2026-07-03T19:31:05.051Z,19,20.2,32.2,68.3,1001.5,47.8,225,65
2026-07-03T19:31:15.157Z,19.8,21.4,32.2,68.3,1001.5,47.7,225,67
2026-07-03T19:31:25.053Z,19.8,21,32.2,68.3,1001.5,47.7,225,67
2026-07-03T19:31:35.060Z,20.8,21.8,32.2,68.4,1001.5,47.7,226,69
2026-07-03T19:31:45.161Z,19.4,21,32.2,68.4,1001.5,47.7,226,66
2026-07-03T19:31:55.076Z,19.2,23.4,32.2,68.4,1001.5,47.7,226,65
2026-07-03T19:32:05.122Z,20.6,24,32.2,68.4,1001.5,47.7,226,68
2026-07-03T19:32:15.054Z,20,23,32.2,68.4,1001.5,47.7,225,67
2026-07-03T19:32:25.091Z,20.4,22.8,32.2,68.4,1001.5,47.7,226,68
2026-07-03T19:32:35.064Z,20.8,22.8,32.2,68.4,1001.5,47.7,226,69
2026-07-03T19:32:45.057Z,20.8,20.8,32.2,68.4,1001.5,47.7,226,69
2026-07-03T19:32:55.099Z,20.8,20.8,32.2,68.4,1001.5,47.7,226,69
2026-07-03T19:33:05.049Z,22.4,22.4,32.2,68.5,1001.5,47.7,226,72
2026-07-03T19:33:15.185Z,20,21,32.1,68.5,1001.5,47.6,226,67
2026-07-03T19:33:25.055Z,19.6,22.4,32.1,68.5,1001.5,47.6,226,66
2026-07-03T19:33:35.053Z,20.2,21.8,32.1,68.5,1001.5,47.6,225,68
2026-07-03T19:33:45.079Z,19,21,32.1,68.5,1001.5,47.6,225,65
2026-07-03T19:33:55.050Z,20.2,22,32.1,68.5,1001.5,47.6,225,68
2026-07-03T19:34:05.144Z,21.2,21.6,32.1,68.5,1001.5,47.6,226,70
2026-07-03T19:34:15.061Z,22.6,23.6,32.1,68.5,1001.5,47.6,226,73
2026-07-03T19:34:25.054Z,24,25,32.1,68.5,1001.5,47.6,226,76
2026-07-03T19:34:35.147Z,25.2,26.2,32.1,68.5,1001.5,47.6,226,78
2026-07-03T19:34:45.064Z,26.2,27.2,32.1,68.5,1001.5,47.5,226,80
2026-07-03T19:34:55.112Z,26.6,26.6,32.1,68.5,1001.5,47.5,226,81
2026-07-03T19:35:05.053Z,25.8,26.8,32.1,68.5,1001.5,47.5,226,79
2026-07-03T19:35:15.094Z,24.4,24.4,32.1,68.5,1001.5,47.5,226,76
2026-07-03T19:35:25.050Z,24,25.2,32.1,68.5,1001.5,47.5,226,76
2026-07-03T19:35:35.060Z,24.2,25.2,32.1,68.5,1001.5,47.5,226,76
2026-07-03T19:35:45.069Z,23.4,25,32.1,68.5,1001.5,47.5,226,74
2026-07-03T19:35:55.061Z,25,26,32.1,68.5,1001.5,47.5,226,78
2026-07-03T19:36:05.164Z,25.2,26.6,32.1,68.5,1001.5,47.5,226,78
2026-07-03T19:36:15.049Z,26,27,32.1,68.6,1001.5,47.5,227,80
2026-07-03T19:36:25.056Z,26.2,27.6,32.1,68.6,1001.5,47.5,227,80
2026-07-03T19:36:35.161Z,27,28.4,32.1,68.6,1001.5,47.5,227,82
2026-07-03T19:36:45.049Z,26,28.6,32.1,68.6,1001.5,47.5,227,80
2026-07-03T19:36:55.049Z,25.8,28.6,32.1,68.6,1001.5,47.5,227,79
2026-07-03T19:37:05.079Z,26.6,30,32.1,68.7,1001.5,47.5,227,81
2026-07-03T19:37:15.050Z,27,31.2,32.1,68.7,1001.5,47.5,227,82
2026-07-03T19:37:25.064Z,27.2,33.8,32.1,68.7,1001.5,47.5,227,82
2026-07-03T19:37:35.080Z,25.2,31.8,32.1,68.7,1001.5,47.5,227,78
2026-07-03T19:37:45.059Z,24.4,29.4,32.1,68.7,1001.5,47.5,227,76
2026-07-03T19:37:55.065Z,24.8,27.4,32.1,68.7,1001.5,47.5,227,77
2026-07-03T19:38:05.056Z,24.4,26.4,32.1,68.7,1001.5,47.5,228,76
2026-07-03T19:38:15.054Z,24,24.2,32.1,68.7,1001.5,47.5,228,76
2026-07-03T19:38:25.052Z,24.8,27.2,32.1,68.7,1001.5,47.5,228,77
2026-07-03T19:38:35.061Z,25.6,29.4,32.1,68.7,1001.5,47.4,228,79
2026-07-03T19:38:45.049Z,24,28.6,32.1,68.7,1001.5,47.4,228,76
2026-07-03T19:38:55.060Z,25.6,28.2,32.1,68.7,1001.5,47.4,228,79
2026-07-03T19:39:05.053Z,25.8,29.4,32.1,68.7,1001.5,47.4,228,79
2026-07-03T19:39:15.054Z,24.6,26.6,32.1,68.7,1001.5,47.4,227,77
2026-07-03T19:39:25.141Z,25.6,27.6,32.1,68.8,1001.5,47.4,227,79
2026-07-03T19:39:35.040Z,26.8,27.8,32.1,68.8,1001.5,47.4,228,81
2026-07-03T19:39:45.043Z,29.2,30.2,32.1,68.8,1001.5,47.3,228,86
2026-07-03T19:39:55.048Z,28.8,30.6,32.1,68.8,1001.5,47.3,229,86
2026-07-03T19:40:05.044Z,28.4,32.8,32.1,68.8,1001.5,47.3,227,85
2026-07-03T19:40:15.043Z,30,32.6,32.1,68.8,1001.5,47.3,229,88
2026-07-03T19:40:25.053Z,29.8,32.2,32.1,68.9,1001.5,47.3,229,88
2026-07-03T19:40:35.046Z,31,36.4,32.1,68.9,1001.5,47.3,229,90
2026-07-03T19:40:45.043Z,32,37.4,32.1,68.9,1001.5,47.3,228,92
2026-07-03T19:40:55.047Z,29.8,34,32.1,68.9,1001.5,47.3,228,88
2026-07-03T19:41:05.047Z,28.8,31,32,68.9,1001.5,47.3,229,86
2026-07-03T19:41:15.055Z,30.6,33.6,32,68.9,1001.5,47.3,229,89
2026-07-03T19:41:25.052Z,29.8,32.6,32,68.9,1001.5,47.3,229,88
2026-07-03T19:41:35.054Z,30,32,32,68.9,1001.5,47.3,229,88
2026-07-03T19:41:45.045Z,30,32.6,32,68.9,1001.5,47.3,228,88
2026-07-03T19:41:55.067Z,29,31.4,32,68.9,1001.5,47.3,229,86
2026-07-03T19:42:05.047Z,29.4,32.8,32,68.9,1001.5,47.3,228,87
2026-07-03T19:42:15.048Z,29,31.6,32,68.9,1001.5,47.3,229,86
2026-07-03T19:42:25.050Z,27.4,30.4,32,68.9,1001.5,47.2,229,83
2026-07-03T19:42:35.051Z,29,32.4,32,68.9,1001.5,47.3,230,86
2026-07-03T19:42:45.047Z,29,31.6,32,68.9,1001.5,47.3,230,86
2026-07-03T19:42:55.050Z,29.4,31.4,32,68.9,1001.5,47.3,230,87
2026-07-03T19:43:05.046Z,29.6,31.6,32,69,1001.5,47.3,230,87
2026-07-03T19:43:15.059Z,30,33,32,69,1001.5,47.3,229,88
2026-07-03T19:43:25.047Z,30.4,33.6,32,69,1001.5,47.3,229,89
2026-07-03T19:43:35.052Z,29.6,33.6,32,69,1001.5,47.3,230,87
2026-07-03T19:43:45.056Z,29.8,33.6,32,69,1001.5,47.3,230,88
2026-07-03T19:43:55.045Z,30.6,32.6,32,69,1001.5,47.3,230,89
2026-07-03T19:44:05.048Z,31.2,33.4,32,69,1001.5,47.3,230,91
2026-07-03T19:44:15.051Z,29.4,33.4,32,69,1001.5,47.3,230,87
2026-07-03T19:44:25.049Z,29,32,32,69,1001.5,47.3,229,86
2026-07-03T19:44:35.059Z,30,33.8,32,69,1001.5,47.3,229,88
2026-07-03T19:44:45.063Z,28.6,31.8,32,69.1,1001.5,47.3,229,85
2026-07-03T19:44:55.058Z,27.4,32,32,69.1,1001.5,47.3,229,83
2026-07-03T19:45:05.050Z,27.6,32,32,69.1,1001.5,47.3,230,83
2026-07-03T19:45:15.052Z,26.2,29.6,32,69.1,1001.5,47.3,230,80
2026-07-03T19:45:25.048Z,25.8,28,32,69.1,1001.5,47.3,229,79
2026-07-03T19:45:35.062Z,25,27.8,32,69.1,1001.5,47.3,229,78
2026-07-03T19:45:45.055Z,27,30.4,32,69.1,1001.5,47.3,230,82
2026-07-03T19:45:55.062Z,26.2,29,32,69.1,1001.5,47.3,229,80
2026-07-03T19:46:05.038Z,26.2,29.2,32,69.1,1001.5,47.4,230,80
2026-07-03T19:46:15.046Z,27.4,29.4,32,69.1,1001.5,47.3,230,83
2026-07-03T19:46:25.058Z,27,28.6,32,69.1,1001.5,47.4,230,82
2026-07-03T19:46:35.047Z,26.6,28.6,32,69.1,1001.5,47.3,230,81
2026-07-03T19:46:45.045Z,26.6,28.6,32,69.1,1001.5,47.3,230,81
2026-07-03T19:46:55.043Z,25.8,29.6,32,69.1,1001.5,47.3,229,79
2026-07-03T19:47:05.044Z,26.4,30.2,32,69.1,1001.5,47.4,229,81
2026-07-03T19:47:15.050Z,27.6,31.6,32,69.1,1001.5,47.4,229,83
2026-07-03T19:47:25.045Z,28.4,33.2,32,69.1,1001.5,47.4,229,85
2026-07-03T19:47:35.047Z,28.6,32.6,32,69.1,1001.5,47.4,229,85
2026-07-03T19:47:45.064Z,28.2,32.6,32,69.1,1001.5,47.4,229,84
2026-07-03T19:47:55.050Z,27.4,31.4,31.9,69.1,1001.5,47.4,229,83
2026-07-03T19:48:05.049Z,26,28.4,31.9,69.1,1001.5,47.5,229,80
2026-07-03T19:48:15.049Z,25,26,31.9,69.1,1001.5,47.5,229,78
2026-07-03T19:48:25.045Z,25.2,25.4,31.9,69.1,1001.5,47.5,229,78
2026-07-03T19:48:35.051Z,27,28,31.9,69.1,1001.5,47.5,228,82
2026-07-03T19:48:45.045Z,25.6,28.6,31.9,69.1,1001.5,47.6,227,79
2026-07-03T19:48:55.050Z,24,26,31.9,69.1,1001.4,47.6,227,76
2026-07-03T19:49:05.039Z,25.2,27.4,31.9,69.1,1001.4,47.6,227,78
2026-07-03T19:49:15.037Z,26.2,29,31.9,69.1,1001.4,47.6,227,80
2026-07-03T19:49:25.040Z,25,26.6,31.9,69.1,1001.4,47.6,227,78
2026-07-03T19:49:35.039Z,26.4,28,31.9,69.1,1001.4,47.6,227,81
2026-07-03T19:49:45.033Z,25.6,25.8,31.9,69.1,1001.4,47.7,227,79
2026-07-03T19:49:55.032Z,25.4,26.4,31.9,69.1,1001.4,47.7,227,78
2026-07-03T19:50:05.039Z,26.2,26.2,31.9,69.1,1001.4,47.7,227,80
2026-07-03T19:50:15.045Z,26.4,26.4,31.9,69.1,1001.4,47.7,227,81
2026-07-03T19:50:25.036Z,26.8,26.8,31.9,69.1,1001.4,47.8,227,81
2026-07-03T19:50:35.045Z,24,25,31.9,69.1,1001.4,47.8,227,76
2026-07-03T19:50:45.042Z,27,29.4,31.9,69.1,1001.4,47.8,227,82
2026-07-03T19:50:55.040Z,26.4,30.4,31.9,69.1,1001.4,47.8,227,81
2026-07-03T19:51:05.051Z,26.4,31.2,31.9,69.1,1001.4,47.8,227,81
2026-07-03T19:51:15.045Z,25,29.6,31.9,69.1,1001.4,47.8,228,78
2026-07-03T19:51:25.040Z,23.6,27.4,31.9,69.1,1001.4,47.8,228,75
2026-07-03T19:51:35.055Z,22.8,26.8,31.9,69.1,1001.4,47.8,228,73
2026-07-03T19:51:45.044Z,23,27,31.9,69.1,1001.4,47.9,228,73
2026-07-03T19:51:55.045Z,25,29.8,31.9,69.1,1001.4,47.9,228,78
2026-07-03T19:52:05.046Z,25.2,30.2,31.9,69.2,1001.4,47.9,228,78
2026-07-03T19:52:15.028Z,26,30,31.9,69.2,1001.4,47.9,228,80
2026-07-03T19:52:25.042Z,26.8,28.2,31.9,69.2,1001.4,47.9,228,81
2026-07-03T19:52:35.032Z,25.8,28.4,31.9,69.2,1001.4,47.9,227,79
2026-07-03T19:52:45.036Z,22,26,31.9,69.2,1001.4,47.9,227,71
2026-07-03T19:52:55.031Z,24,26.8,31.9,69.2,1001.4,47.9,227,76
2026-07-03T19:53:05.046Z,20.4,22.6,31.9,69.2,1001.3,48,226,68
2026-07-03T19:53:15.035Z,21,23.2,31.9,69.2,1001.3,48,226,69
2026-07-03T19:53:25.044Z,22.6,26.6,31.9,69.2,1001.3,48,226,73
2026-07-03T19:53:35.039Z,23.2,26.6,31.9,69.2,1001.3,48,225,74
2026-07-03T19:53:45.066Z,24,26,31.9,69.2,1001.3,48.1,225,76
2026-07-03T19:53:55.042Z,22.6,24,31.9,69.2,1001.3,48.1,225,73
2026-07-03T19:54:05.048Z,23,23.4,31.9,69.2,1001.3,48.1,225,73
2026-07-03T19:54:15.039Z,24.2,25.4,31.9,69.2,1001.3,48.1,225,76
2026-07-03T19:54:25.048Z,24.6,27.6,31.9,69.2,1001.3,48.1,225,77
2026-07-03T19:54:35.047Z,24,27,31.9,69.2,1001.3,48.1,225,76
2026-07-03T19:54:45.047Z,23.4,27,31.9,69.2,1001.3,48.1,225,74
2026-07-03T19:54:55.046Z,24.8,27.8,31.9,69.2,1001.3,48.1,225,77
2026-07-03T19:55:05.042Z,25,27,31.9,69.2,1001.3,48.2,225,78
2026-07-03T19:55:15.036Z,26,28.6,31.9,69.2,1001.3,48.2,226,80
2026-07-03T19:55:25.042Z,24,26.4,31.9,69.2,1001.3,48.2,226,76
2026-07-03T19:55:35.039Z,24.4,26.8,31.9,69.3,1001.3,48.2,226,76
2026-07-03T19:55:45.040Z,24.6,28.8,31.9,69.3,1001.3,48.2,226,77
2026-07-03T19:55:55.050Z,25.6,30.8,31.9,69.3,1001.3,48.2,226,79
2026-07-03T19:56:05.057Z,24.8,28.8,31.8,69.3,1001.3,48.2,226,77
2026-07-03T19:56:15.042Z,24.6,28,31.8,69.3,1001.3,48.3,226,77
2026-07-03T19:56:25.039Z,24.2,26.2,31.8,69.3,1001.3,48.2,226,76
2026-07-03T19:56:35.042Z,24.8,27,31.8,69.3,1001.3,48.3,226,77
2026-07-03T19:56:45.049Z,23.4,26.4,31.8,69.3,1001.3,48.3,226,74
2026-07-03T19:56:55.044Z,24,28.6,31.8,69.3,1001.3,48.3,226,76
2026-07-03T19:57:05.048Z,23,28,31.8,69.3,1001.3,48.3,226,73
2026-07-03T19:57:15.044Z,24.6,27.8,31.8,69.3,1001.3,48.3,226,77
2026-07-03T19:57:25.044Z,23.6,27.2,31.8,69.3,1001.3,48.3,226,75
2026-07-03T19:57:35.094Z,25,27,31.8,69.3,1001.3,48.2,226,78
2026-07-03T19:57:45.040Z,25,27.8,31.8,69.3,1001.3,48.3,226,78
2026-07-03T19:57:55.049Z,25.8,28.8,31.8,69.3,1001.3,48.3,226,79
2026-07-03T19:58:05.051Z,25,29,31.8,69.3,1001.3,48.2,226,78
2026-07-03T19:58:15.040Z,26,31,31.8,69.3,1001.3,48.2,225,80
2026-07-03T19:58:25.045Z,25.2,30.2,31.8,69.3,1001.3,48.3,226,78
2026-07-03T19:58:35.050Z,25,29,31.8,69.3,1001.3,48.3,226,78
2026-07-03T19:58:45.048Z,25.4,28.4,31.8,69.4,1001.3,48.3,226,78
2026-07-03T19:58:55.043Z,23.6,27.2,31.8,69.4,1001.3,48.3,226,75
2026-07-03T19:59:05.041Z,24.4,26.6,31.8,69.4,1001.3,48.3,226,76
2026-07-03T19:59:15.043Z,25.6,28.6,31.8,69.4,1001.3,48.3,227,79
2026-07-03T19:59:25.040Z,24.6,26.6,31.8,69.4,1001.3,48.3,227,77
2026-07-03T19:59:35.042Z,24.6,25.6,31.8,69.4,1001.3,48.4,227,77
2026-07-03T19:59:45.042Z,24,25,31.8,69.4,1001.3,48.4,226,76
2026-07-03T19:59:55.043Z,22.6,23.2,31.8,69.4,1001.3,48.4,226,73
2026-07-03T20:00:05.040Z,21,24.2,31.8,69.4,1001.3,48.4,226,69
2026-07-03T20:00:15.036Z,20,25,31.8,69.4,1001.3,48.4,226,67
2026-07-03T20:00:25.041Z,21.6,24.6,31.8,69.4,1001.3,48.4,226,70
2026-07-03T20:00:35.041Z,23,25.4,31.8,69.4,1001.3,48.5,226,73
2026-07-03T20:00:45.033Z,23.8,27.8,31.8,69.4,1001.3,48.5,226,75
2026-07-03T20:00:55.037Z,23.6,26.6,31.8,69.4,1001.3,48.5,226,75
2026-07-03T20:01:05.039Z,23,25.8,31.8,69.4,1001.3,48.5,225,73
2026-07-03T20:01:15.041Z,24,28.4,31.8,69.4,1001.3,48.5,225,76
2026-07-03T20:01:25.039Z,24.8,27.8,31.8,69.4,1001.3,48.5,225,77
2026-07-03T20:01:35.049Z,24.2,29,31.8,69.4,1001.3,48.5,225,76
2026-07-03T20:01:45.046Z,23.6,27.6,31.8,69.4,1001.3,48.5,225,75
2026-07-03T20:01:55.036Z,23.6,26.4,31.8,69.4,1001.3,48.5,225,75
2026-07-03T20:02:05.046Z,25,26,31.8,69.3,1001.3,48.5,225,78
2026-07-03T20:02:15.038Z,26.8,28.4,31.8,69.3,1001.3,48.4,225,81
2026-07-03T20:02:25.043Z,25.4,27.4,31.8,69.3,1001.3,48.4,225,78
2026-07-03T20:02:35.049Z,24.8,25.2,31.8,69.3,1001.3,48.5,225,77
2026-07-03T20:02:45.037Z,23.4,23.8,31.8,69.3,1001.3,48.4,225,74
2026-07-03T20:02:55.038Z,23,24,31.8,69.3,1001.2,48.4,225,73
2026-07-03T20:03:05.033Z,23.6,24.8,31.8,69.3,1001.2,48.5,225,75
2026-07-03T20:03:15.031Z,23.4,25,31.8,69.3,1001.2,48.4,225,74
2026-07-03T20:03:25.033Z,21.8,23.6,31.8,69.3,1001.2,48.4,225,71
2026-07-03T20:03:35.041Z,20.8,24,31.8,69.3,1001.2,48.4,226,69
2026-07-03T20:03:45.030Z,22.8,24.8,31.8,69.3,1001.2,48.4,226,73
2026-07-03T20:03:55.029Z,24.4,26,31.8,69.3,1001.2,48.4,226,76
2026-07-03T20:04:05.032Z,23,24,31.8,69.3,1001.2,48.3,227,73
2026-07-03T20:04:15.037Z,24,25.2,31.8,69.3,1001.2,48.3,227,76
2026-07-03T20:04:25.034Z,25.2,26.6,31.8,69.3,1001.2,48.3,227,78
2026-07-03T20:04:35.030Z,24,24.2,31.8,69.3,1001.2,48.3,227,76
2026-07-03T20:04:45.031Z,24.2,26.8,31.8,69.3,1001.2,48.4,227,76
2026-07-03T20:04:55.034Z,24,27.4,31.8,69.3,1001.2,48.4,227,76
2026-07-03T20:05:05.041Z,23.2,27.4,31.8,69.3,1001.2,48.4,227,74
2026-07-03T20:05:15.036Z,21.2,25.4,31.8,69.3,1001.2,48.4,227,70
2026-07-03T20:05:25.143Z,22,25,31.8,69.3,1001.2,48.4,227,71
2026-07-03T20:05:35.036Z,21.8,25.8,31.8,69.3,1001.2,48.4,227,71
2026-07-03T20:05:45.040Z,22.4,25.2,31.8,69.3,1001.2,48.4,227,72
2026-07-03T20:05:55.069Z,23.4,25.4,31.8,69.3,1001.2,48.5,226,74
2026-07-03T20:06:05.039Z,23,25,31.8,69.3,1001.2,48.5,226,73
2026-07-03T20:06:15.035Z,24.8,25.8,31.8,69.3,1001.2,48.5,227,77
2026-07-03T20:06:25.041Z,23,24.4,31.8,69.3,1001.2,48.5,226,73
2026-07-03T20:06:35.041Z,22.4,25.8,31.8,69.4,1001.2,48.5,226,72
2026-07-03T20:06:45.037Z,23.6,28,31.8,69.4,1001.2,48.5,226,75
2026-07-03T20:06:55.049Z,25,28.8,31.8,69.4,1001.2,48.6,226,78
2026-07-03T20:07:05.038Z,23.2,27.2,31.8,69.4,1001.2,48.6,226,74
2026-07-03T20:07:15.029Z,23.2,26.8,31.8,69.4,1001.2,48.7,226,74
2026-07-03T20:07:25.027Z,21.6,24.6,31.8,69.4,1001.2,48.7,226,70
2026-07-03T20:07:35.030Z,23.4,25.4,31.8,69.4,1001.2,48.8,226,74
2026-07-03T20:07:45.028Z,23.8,25.4,31.8,69.4,1001.2,48.8,226,75
2026-07-03T20:07:55.028Z,25,26,31.8,69.4,1001.2,48.8,226,78
2026-07-03T20:08:05.040Z,24,25,31.8,69.4,1001.2,48.8,226,76
2026-07-03T20:08:15.037Z,22,23,31.8,69.4,1001.2,48.8,226,71
2026-07-03T20:08:25.044Z,23.4,25.2,31.8,69.4,1001.2,48.8,226,74
2026-07-03T20:08:35.051Z,22,24,31.8,69.4,1001.2,48.8,226,71
2026-07-03T20:08:45.045Z,23.4,25,31.8,69.4,1001.2,48.8,226,74
2026-07-03T20:08:55.045Z,23.8,25.4,31.8,69.4,1001.2,48.8,225,75
2026-07-03T20:09:05.021Z,25.6,28.4,31.8,69.4,1001.2,48.8,226,79
2026-07-03T20:09:15.025Z,25.4,28.4,31.8,69.4,1001.2,48.8,226,78
2026-07-03T20:09:25.023Z,23,26,31.8,69.4,1001.2,48.8,227,73
2026-07-03T20:09:35.022Z,23.4,25.4,31.8,69.4,1001.2,48.8,227,74
2026-07-03T20:09:45.038Z,22.4,22.4,31.8,69.3,1001.2,48.8,227,72
2026-07-03T20:09:55.027Z,24,24,31.8,69.3,1001.2,48.8,227,76
2026-07-03T20:10:05.041Z,23.6,25.2,31.8,69.3,1001.2,48.8,227,75
2026-07-03T20:10:15.045Z,25.8,26.8,31.8,69.3,1001.2,48.8,227,79
2026-07-03T20:10:25.039Z,23,23,31.8,69.3,1001.2,48.8,227,73
2026-07-03T20:10:35.037Z,21.6,23.2,31.8,69.3,1001.2,48.8,227,70
2026-07-03T20:10:45.037Z,20.8,23.4,31.8,69.3,1001.2,48.8,227,69
2026-07-03T20:10:55.039Z,22.8,25.8,31.8,69.2,1001.2,48.8,226,73
2026-07-03T20:11:05.027Z,22.6,25.6,31.8,69.2,1001.2,48.8,226,73
2026-07-03T20:11:15.020Z,22.8,26.2,31.8,69.2,1001.2,48.8,225,73
2026-07-03T20:11:25.028Z,23,25.8,31.8,69.1,1001.2,48.9,225,73
2026-07-03T20:11:35.029Z,22.6,24.4,31.8,69.1,1001.2,48.8,225,73
2026-07-03T20:11:45.019Z,23,25.2,31.8,69.1,1001.2,48.8,225,73
2026-07-03T20:11:55.021Z,24,26,31.8,69,1001.2,48.8,225,76
2026-07-03T20:12:05.035Z,24.8,26.6,31.9,69,1001.2,48.8,224,77
2026-07-03T20:12:15.034Z,24,25.2,31.9,68.9,1001.2,48.8,224,76
2026-07-03T20:12:25.032Z,23.6,26.6,31.9,68.9,1001.2,48.7,224,75
2026-07-03T20:12:35.043Z,23.2,24.2,31.9,68.9,1001.2,48.7,224,74
2026-07-03T20:12:45.044Z,24,26,31.9,68.8,1001.2,48.6,224,76
2026-07-03T20:12:55.037Z,22.4,23.4,31.9,68.8,1001.2,48.6,224,72
2026-07-03T20:13:05.027Z,21.6,23.6,31.9,68.8,1001.2,48.6,224,70
2026-07-03T20:13:15.033Z,22.8,25,31.9,68.8,1001.2,48.6,223,73
2026-07-03T20:13:25.024Z,21.6,23.8,31.9,68.8,1001.2,48.6,223,70
2026-07-03T20:13:35.035Z,21.4,23.8,31.9,68.8,1001.2,48.6,223,70
2026-07-03T20:13:45.030Z,22,22.4,31.9,68.8,1001.2,48.6,223,71
2026-07-03T20:13:55.028Z,22.6,23.4,31.9,68.8,1001.2,48.6,223,73
2026-07-03T20:14:05.048Z,21.6,24,31.9,68.7,1001.2,48.6,222,70
2026-07-03T20:14:15.029Z,22,25,31.9,68.7,1001.2,48.6,222,71
2026-07-03T20:14:25.037Z,23.2,25.2,31.9,68.7,1001.2,48.6,222,74
2026-07-03T20:14:35.033Z,23.2,25.2,31.9,68.7,1001.2,48.6,222,74
2026-07-03T20:14:45.032Z,21.4,23,31.9,68.7,1001.2,48.6,222,70
2026-07-03T20:14:55.043Z,19.4,20,31.9,68.7,1001.2,48.6,222,66
2026-07-03T20:15:05.066Z,21.2,21.2,31.9,68.7,1001.2,48.5,221,70
2026-07-03T20:15:15.033Z,25.4,25.8,31.9,68.7,1001.2,48.6,222,78
2026-07-03T20:15:25.033Z,24.8,27.2,31.9,68.7,1001.2,48.6,222,77
2026-07-03T20:15:35.033Z,22.6,24.4,31.9,68.7,1001.2,48.6,222,73
2026-07-03T20:15:45.038Z,22.6,23.2,31.9,68.7,1001.2,48.6,223,73
2026-07-03T20:15:55.032Z,25.4,26.4,31.9,68.7,1001.2,48.6,223,78
2026-07-03T20:16:05.032Z,24,24.2,31.9,68.7,1001.2,48.6,223,76
2026-07-03T20:16:15.036Z,23.4,25.2,31.9,68.6,1001.2,48.6,223,74
2026-07-03T20:16:25.039Z,24.6,25,31.9,68.6,1001.2,48.6,223,77
2026-07-03T20:16:35.029Z,23.4,23.6,31.9,68.6,1001.2,48.6,223,74
2026-07-03T20:16:45.039Z,23,24.2,31.9,68.5,1001.2,48.6,223,73
2026-07-03T20:16:55.030Z,22.4,25,32,68.5,1001.2,48.5,223,72
2026-07-03T20:17:05.027Z,22.2,25,32,68.5,1001.2,48.5,223,72
2026-07-03T20:17:15.025Z,25,26.4,32,68.5,1001.2,48.5,223,78
2026-07-03T20:17:25.032Z,25.4,25.8,32,68.5,1001.2,48.5,223,78
2026-07-03T20:17:35.022Z,25.4,27.4,32,68.5,1001.2,48.5,223,78
2026-07-03T20:17:45.032Z,24.6,28.6,32,68.5,1001.2,48.5,223,77
2026-07-03T20:17:55.027Z,24.2,26.6,32,68.5,1001.2,48.4,223,76
2026-07-03T20:18:05.054Z,26.2,26.8,32,68.4,1001.2,48.4,223,80
2026-07-03T20:18:15.016Z,28.4,29,32,68.4,1001.2,48.4,224,85
2026-07-03T20:18:25.025Z,26,28.6,32,68.4,1001.2,48.4,224,80
2026-07-03T20:18:35.040Z,24.2,27,32,68.4,1001.2,48.4,224,76
2026-07-03T20:18:45.129Z,23.6,25.4,32,68.4,1001.2,48.4,224,75
2026-07-03T20:18:55.033Z,25.2,26.6,32,68.4,1001.2,48.3,224,78
2026-07-03T20:19:05.032Z,25.8,28.4,32,68.4,1001.2,48.3,224,79
2026-07-03T20:19:15.031Z,24.8,29,32,68.4,1001.2,48.3,223,77
2026-07-03T20:19:25.026Z,24.2,27.4,32,68.3,1001.2,48.3,223,76
2026-07-03T20:19:35.036Z,24,26,32,68.3,1001.2,48.3,223,76
2026-07-03T20:19:45.041Z,21.8,23.8,32,68.3,1001.2,48.3,223,71
2026-07-03T20:19:55.045Z,22.6,25.2,32,68.2,1001.2,48.3,223,73
2026-07-03T20:20:05.027Z,23.2,24.4,32,68.2,1001.2,48.3,223,74
2026-07-03T20:20:15.018Z,21.4,23,32,68.2,1001.2,48.3,223,70
2026-07-03T20:20:25.030Z,21.2,25.6,32,68.2,1001.2,48.3,223,70
2026-07-03T20:20:35.020Z,21,24.2,32,68.2,1001.2,48.3,222,69
2026-07-03T20:20:45.017Z,20.8,23.2,32,68.2,1001.2,48.3,222,69
2026-07-03T20:20:55.018Z,20.8,24.8,32,68.1,1001.2,48.4,222,69
2026-07-03T20:21:05.028Z,21,24.6,32,68.1,1001.2,48.4,222,69
2026-07-03T20:21:15.019Z,21,24,32,68.1,1001.2,48.4,222,69
2026-07-03T20:21:25.023Z,22,24.8,32,68.1,1001.2,48.4,221,71
2026-07-03T20:21:35.074Z,23.4,23.6,32,68.1,1001.2,48.5,221,74
2026-07-03T20:21:45.023Z,22.4,23.4,32,68,1001.2,48.5,221,72
2026-07-03T20:21:55.026Z,22,24,32,68,1001.2,48.5,220,71
2026-07-03T20:22:05.038Z,21.4,23.4,32,68,1001.2,48.4,220,70
2026-07-03T20:22:15.034Z,20.4,22.2,32,67.9,1001.2,48.4,220,68
2026-07-03T20:22:25.033Z,21.2,24.2,32,67.9,1001.2,48.4,220,70
2026-07-03T20:22:35.026Z,24.4,25.8,32,67.9,1001.2,48.4,220,76
2026-07-03T20:22:45.036Z,24.2,24.2,32.1,67.8,1001.2,48.4,219,76
2026-07-03T20:22:55.030Z,24,24.4,32.1,67.8,1001.2,48.4,219,76
2026-07-03T20:23:05.015Z,23.8,26.6,32.1,67.8,1001.2,48.4,219,75
2026-07-03T20:23:15.019Z,21.8,23.8,32.1,67.7,1001.2,48.4,219,71
2026-07-03T20:23:25.021Z,21,22,32.1,67.7,1001.2,48.4,219,69
2026-07-03T20:23:35.015Z,23,23,32.1,67.7,1001.2,48.4,219,73
2026-07-03T20:23:45.024Z,22.8,22.8,32.1,67.6,1001.2,48.3,219,73
2026-07-03T20:23:55.013Z,21.8,22.4,32.1,67.6,1001.2,48.3,219,71
2026-07-03T20:24:05.030Z,20.4,22,32.1,67.6,1001.2,48.3,219,68
2026-07-03T20:24:15.021Z,22,24,32.1,67.6,1001.2,48.3,219,71
2026-07-03T20:24:25.018Z,21,22.6,32.1,67.6,1001.2,48.3,219,69
2026-07-03T20:24:35.022Z,19.4,21.4,32.1,67.6,1001.2,48.4,219,66
2026-07-03T20:24:45.020Z,19.8,22.8,32.1,67.6,1001.2,48.3,219,67
2026-07-03T20:24:55.021Z,22.6,26,32.1,67.6,1001.2,48.3,219,73
2026-07-03T20:25:05.017Z,22.6,25.6,32.1,67.6,1001.2,48.3,219,73
2026-07-03T20:25:15.011Z,21.4,24.8,32.1,67.6,1001.2,48.4,219,70
2026-07-03T20:25:25.019Z,21.4,24.8,32.1,67.6,1001.2,48.4,219,70
2026-07-03T20:25:35.027Z,19.4,22.4,32.1,67.5,1001.2,48.4,219,66
2026-07-03T20:25:45.018Z,20.2,23.2,32.1,67.5,1001.2,48.4,219,68
2026-07-03T20:25:55.020Z,23.2,25.6,32.1,67.5,1001.2,48.4,219,74
2026-07-03T20:26:05.022Z,21.4,24,32.1,67.4,1001.2,48.4,218,70
2026-07-03T20:26:15.025Z,20.2,23,32.1,67.4,1001.2,48.5,218,68
2026-07-03T20:26:25.026Z,22.6,23,32.1,67.4,1001.2,48.5,218,73
2026-07-03T20:26:35.026Z,22.6,23.6,32.1,67.3,1001.2,48.5,218,73
2026-07-03T20:26:45.022Z,21.4,23.4,32.1,67.3,1001.2,48.5,218,70
2026-07-03T20:26:55.018Z,21.4,22.4,32.1,67.3,1001.2,48.5,216,70
2026-07-03T20:27:05.025Z,21,22.8,32.2,67.3,1001.2,48.5,216,69
2026-07-03T20:27:15.027Z,21.8,22.8,32.2,67.3,1001.2,48.6,216,71
2026-07-03T20:27:25.030Z,21,22,32.2,67.3,1001.2,48.6,216,69
2026-07-03T20:27:35.027Z,21.4,22.4,32.1,67.3,1001.2,48.6,217,70
2026-07-03T20:27:45.027Z,21,23,32.1,67.3,1001.2,48.6,217,69
2026-07-03T20:27:55.025Z,21.4,23.4,32.1,67.3,1001.2,48.6,218,70
2026-07-03T20:28:05.025Z,22.2,24.2,32.1,67.3,1001.2,48.6,217,72
2026-07-03T20:28:15.028Z,22.4,22.4,32.2,67.3,1001.2,48.6,218,72
2026-07-03T20:28:25.024Z,22.2,22.2,32.2,67.2,1001.2,48.6,218,72
2026-07-03T20:28:35.020Z,21.8,22.8,32.2,67.2,1001.2,48.5,218,71
2026-07-03T20:28:45.022Z,20.2,22.4,32.2,67.2,1001.2,48.5,218,68
2026-07-03T20:28:55.022Z,20.4,22,32.2,67.2,1001.2,48.5,218,68
2026-07-03T20:29:05.010Z,20.2,22.2,32.2,67.2,1001.2,48.5,218,68
2026-07-03T20:29:15.013Z,22.4,22.6,32.2,67.1,1001.2,48.5,218,72
2026-07-03T20:29:25.022Z,21.4,22.6,32.2,67.1,1001.2,48.5,218,70
2026-07-03T20:29:35.010Z,22.2,24.4,32.2,67.1,1001.2,48.6,216,72
2026-07-03T20:29:45.019Z,22,23.2,32.2,67.1,1001.2,48.6,216,71
2026-07-03T20:29:55.017Z,22,24,32.2,67.1,1001.2,48.6,216,71
2026-07-03T20:30:05.018Z,20.8,23.2,32.2,67.1,1001.2,48.6,216,69
2026-07-03T20:30:15.024Z,20.6,22.6,32.2,67.1,1001.2,48.6,215,68
2026-07-03T20:30:25.021Z,20,22.8,32.2,67.1,1001.2,48.7,215,67
2026-07-03T20:30:35.018Z,18.2,20.8,32.2,67.1,1001.2,48.7,214,63
2026-07-03T20:30:45.015Z,17.6,19.2,32.2,67.1,1001.2,48.7,214,62
2026-07-03T20:30:55.021Z,17.2,19.2,32.2,67.1,1001.2,48.7,214,61
2026-07-03T20:31:05.017Z,18.2,20.2,32.2,67.1,1001.2,48.8,214,63
2026-07-03T20:31:15.011Z,19.6,21,32.2,67.1,1001.2,48.8,214,66
2026-07-03T20:31:25.012Z,19.6,20.8,32.2,67.1,1001.2,48.8,214,66
2026-07-03T20:31:35.011Z,20.4,21.4,32.2,67.1,1001.2,48.9,215,68
2026-07-03T20:31:45.009Z,20.4,20.8,32.2,67,1001.2,48.9,214,68
2026-07-03T20:31:55.014Z,18.2,19.2,32.2,67,1001.2,48.9,214,63
2026-07-03T20:32:05.034Z,18,19,32.2,67,1001.2,48.9,214,63
2026-07-03T20:32:15.022Z,18,19,32.2,67,1001.2,49,214,63
2026-07-03T20:32:25.025Z,16.4,17.4,32.2,67,1001.2,49,215,60
2026-07-03T20:32:35.030Z,15,16,32.2,67,1001.2,49,215,57
2026-07-03T20:32:45.020Z,17,18,32.2,67,1001.2,49,215,61
2026-07-03T20:32:55.021Z,16.6,16.6,32.2,67,1001.2,49,214,60
2026-07-03T20:33:05.023Z,18.2,19,32.2,67,1001.2,49,213,63
2026-07-03T20:33:15.016Z,18.4,20.4,32.2,67,1001.2,49,213,64
2026-07-03T20:33:25.019Z,18.6,20.6,32.2,67,1001.2,49.1,213,64
2026-07-03T20:33:35.017Z,16.2,18.8,32.2,67,1001.2,49.1,213,59
2026-07-03T20:33:45.018Z,16.6,17.6,32.2,67,1001.2,49.1,213,60
2026-07-03T20:33:55.017Z,15.4,17.4,32.2,67,1001.2,49.1,213,57
2026-07-03T20:34:05.020Z,16,18.2,32.2,67,1001.2,49.1,213,59
2026-07-03T20:34:15.023Z,18,19.8,32.2,67,1001.2,49.1,213,63
2026-07-03T20:34:25.031Z,18.8,19.8,32.2,67,1001.2,49.1,213,65
2026-07-03T20:34:35.017Z,18.8,21,32.2,67,1001.2,49.1,213,65
2026-07-03T20:34:45.021Z,18.2,20.4,32.2,67,1001.2,49.1,213,63
2026-07-03T20:34:55.018Z,18.4,20.2,32.2,67,1001.2,49.2,213,64
2026-07-03T20:35:05.023Z,18.4,18.6,32.1,67,1001.2,49.2,213,64
2026-07-03T20:35:15.035Z,16.2,16.6,32.1,67,1001.2,49.2,213,59
2026-07-03T20:35:25.029Z,16.8,17.8,32.1,67.1,1001.2,49.2,213,60
2026-07-03T20:35:35.027Z,16.4,18.4,32.1,67,1001.2,49.2,213,60
2026-07-03T20:35:45.055Z,17,21,32.1,67,1001.2,49.2,212,61
2026-07-03T20:35:55.024Z,18.4,22.4,32.1,67,1001.2,49.2,212,64
2026-07-03T20:36:05.017Z,20,24.6,32.1,67,1001.2,49.2,213,67
2026-07-03T20:36:15.017Z,18,21,32.1,67.1,1001.2,49.3,213,63
2026-07-03T20:36:25.023Z,15.8,19.4,32.1,67.1,1001.2,49.3,213,58
2026-07-03T20:36:35.028Z,13.4,17,32.1,67.1,1001.2,49.3,213,53
2026-07-03T20:36:45.023Z,15.8,19,32.1,67.1,1001.2,49.3,214,58
2026-07-03T20:36:55.021Z,16.8,17.8,32.1,67.1,1001.2,49.3,214,60
2026-07-03T20:37:05.025Z,16,18,32.1,67.1,1001.2,49.3,214,59
2026-07-03T20:37:15.032Z,18,19,32.1,67.1,1001.2,49.3,214,63
2026-07-03T20:37:25.027Z,17.8,18.8,32.1,67.1,1001.2,49.3,213,62
2026-07-03T20:37:35.018Z,16.4,17.4,32.1,67.1,1001.2,49.3,213,60
2026-07-03T20:37:45.018Z,16.6,16.6,32.1,67.1,1001.2,49.3,213,60
2026-07-03T20:37:55.017Z,16.2,16.2,32.1,67.1,1001.2,49.4,213,59
2026-07-03T20:38:05.022Z,16,17,32.1,67.1,1001.2,49.4,213,59
2026-07-03T20:38:15.016Z,15.6,17.6,32.1,67.2,1001.2,49.4,212,58
2026-07-03T20:38:25.017Z,15.8,18.8,32.1,67.2,1001.2,49.4,212,58
2026-07-03T20:38:35.033Z,18,21,32.1,67.2,1001.2,49.4,212,63
2026-07-03T20:38:45.018Z,17,21,32.1,67.2,1001.2,49.4,212,61
2026-07-03T20:38:55.021Z,14.4,17.2,32.1,67.2,1001.2,49.5,213,55
2026-07-03T20:39:05.019Z,15.2,17.4,32.1,67.2,1001.2,49.5,212,57
2026-07-03T20:39:15.009Z,16.2,18,32.1,67.2,1001.2,49.5,213,59
2026-07-03T20:39:25.008Z,17,18.6,32.1,67.2,1001.2,49.5,213,61
2026-07-03T20:39:35.018Z,16,16.8,32.1,67.2,1001.2,49.5,213,59
2026-07-03T20:39:45.008Z,16.4,16.4,32.1,67.2,1001.2,49.5,213,60
2026-07-03T20:39:55.008Z,16.6,17,32.1,67.2,1001.2,49.5,213,60
2026-07-03T20:40:05.012Z,18,20.8,32,67.2,1001.2,49.6,213,63
2026-07-03T20:40:15.006Z,16.6,18.6,32,67.2,1001.2,49.6,213,60
2026-07-03T20:40:25.013Z,16.6,17.8,32,67.2,1001.2,49.6,213,60
2026-07-03T20:40:35.132Z,17.6,19.6,32,67.2,1001.2,49.6,213,62
2026-07-03T20:40:45.007Z,18.8,20.2,32,67.2,1001.2,49.7,213,65
2026-07-03T20:40:55.010Z,17.4,18.4,32,67.3,1001.2,49.7,213,62
2026-07-03T20:41:05.028Z,15.4,17.4,32,67.3,1001.2,49.7,213,57
2026-07-03T20:41:15.018Z,17.2,18.2,32,67.3,1001.2,49.7,213,61
2026-07-03T20:41:25.022Z,17,17,32,67.3,1001.2,49.6,213,61
2026-07-03T20:41:35.019Z,16.8,17.4,32,67.2,1001.2,49.6,213,60
2026-07-03T20:41:45.022Z,16.8,17,32,67.2,1001.2,49.6,214,60
2026-07-03T20:41:55.028Z,15.4,16.4,32,67.2,1001.2,49.6,214,57
2026-07-03T20:42:05.018Z,15.8,16.8,32,67.2,1001.2,49.6,214,58
2026-07-03T20:42:15.018Z,15.6,18.6,32.1,67.2,1001.2,49.5,214,58
2026-07-03T20:42:25.023Z,15.4,18.4,32.1,67.1,1001.2,49.5,214,57
2026-07-03T20:42:35.017Z,16.8,18.4,32.1,67.1,1001.2,49.5,214,60
2026-07-03T20:42:45.030Z,16.4,17.2,32.1,67.1,1001.2,49.4,214,60
2026-07-03T20:42:55.028Z,17.4,18.4,32.1,67.1,1001.2,49.4,214,62
2026-07-03T20:43:05.024Z,17.4,18.4,32.1,67.1,1001.2,49.4,214,62
2026-07-03T20:43:15.012Z,17.6,18.6,32.1,67.1,1001.2,49.4,215,62
2026-07-03T20:43:25.018Z,17.6,17.6,32.1,67.1,1001.2,49.4,215,62
2026-07-03T20:43:35.017Z,18,18.8,32.1,67.1,1001.2,49.5,214,63
2026-07-03T20:43:45.027Z,17.8,19.6,32.1,67.1,1001.2,49.4,215,62
2026-07-03T20:43:55.015Z,17,18.2,32.1,67.1,1001.2,49.4,215,61
2026-07-03T20:44:05.006Z,15.6,17.8,32.1,67,1001.2,49.5,215,58
2026-07-03T20:44:15.015Z,16.2,19.4,32.1,67,1001.2,49.5,215,59
2026-07-03T20:44:25.008Z,16.6,16.8,32.1,67,1001.2,49.5,213,60
2026-07-03T20:44:35.006Z,16.4,16.4,32.1,67,1001.2,49.6,213,60
2026-07-03T20:44:45.002Z,17.6,17.6,32.1,67,1001.2,49.6,214,62
2026-07-03T20:44:55.010Z,16.4,17.4,32.1,67,1001.2,49.6,213,60
2026-07-03T20:45:05.005Z,16.6,18.6,32.1,67,1001.2,49.7,213,60
2026-07-03T20:45:15.008Z,17,18.2,32,67,1001.2,49.7,213,61
2026-07-03T20:45:25.013Z,15.4,16.4,32,67,1001.2,49.7,213,57
2026-07-03T20:45:35.008Z,15.8,16.8,32,67.1,1001.2,49.8,213,58
2026-07-03T20:45:45.020Z,13.6,16.4,32,67,1001.2,49.8,211,54
2026-07-03T20:45:55.007Z,12.2,16,32,67.1,1001.2,49.9,211,51
2026-07-03T20:46:05.026Z,10,14,32,67.1,1001.2,49.9,211,41
2026-07-03T20:46:15.023Z,9.2,13.6,32,67,1001.2,50,211,38
2026-07-03T20:46:25.016Z,9.2,13.4,32,67,1001.2,50,210,38
2026-07-03T20:46:35.010Z,7.4,11,32,67,1001.2,50.1,210,30
2026-07-03T20:46:45.023Z,8.2,11,32,67,1001.2,50.1,210,34
2026-07-03T20:46:55.018Z,8.6,12.2,32,67,1001.2,50.1,210,35
2026-07-03T20:47:05.011Z,9.4,13.8,32,67,1001.2,50.2,210,39
2026-07-03T20:47:15.013Z,9.8,16.4,32,67,1001.2,50.2,210,40
2026-07-03T20:47:25.005Z,12,15.6,32,67,1001.2,50.2,210,50
2026-07-03T20:47:35.005Z,10.8,14.8,32,67,1001.2,50.3,210,45
2026-07-03T20:47:45.013Z,10,13,32,67,1001.2,50.3,210,41
2026-07-03T20:47:55.016Z,9.4,13,32,66.9,1001.2,50.3,210,39
2026-07-03T20:48:05.016Z,9,11.8,32,66.9,1001.2,50.3,210,37
2026-07-03T20:48:15.018Z,11,12,32,66.9,1001.2,50.3,210,45
2026-07-03T20:48:25.019Z,11,12.6,32,66.8,1001.2,50.3,211,45
2026-07-03T20:48:35.013Z,7.8,11,32,66.8,1001.2,50.3,211,32
2026-07-03T20:48:45.020Z,8.2,10.2,32,66.8,1001.2,50.3,211,34
2026-07-03T20:48:55.014Z,10.8,12.4,32,66.7,1001.2,50.3,212,45
2026-07-03T20:49:05.010Z,10.4,12.4,32,66.7,1001.2,50.2,213,43
2026-07-03T20:49:15.017Z,10,11,32,66.7,1001.2,50.2,215,41
2026-07-03T20:49:25.009Z,11,11.8,32,66.6,1001.2,50.2,221,45
2026-07-03T20:49:35.012Z,8.2,10.2,32.1,66.6,1001.2,50.1,223,34
2026-07-03T20:49:45.012Z,9.2,10.8,32.1,66.6,1001.2,50.1,225,38
2026-07-03T20:49:55.013Z,9.6,13.6,32.1,66.6,1001.2,50.1,226,40
2026-07-03T20:50:05.008Z,12.4,16.4,32.1,66.6,1001.2,50,226,51
2026-07-03T20:50:15.010Z,11.6,15.4,32.1,66.6,1001.2,50,226,48
2026-07-03T20:50:25.003Z,9.8,13.2,32.1,66.6,1001.2,50,226,40
2026-07-03T20:50:35.002Z,8.4,11.4,32.1,66.6,1001.2,50,226,34
2026-07-03T20:50:45.004Z,10.4,11.4,32.1,66.6,1001.2,50,226,43
2026-07-03T20:50:55.008Z,8.6,11.2,32.1,66.6,1001.2,49.9,226,35
2026-07-03T20:51:05.015Z,8,10.2,32.1,66.7,1001.2,49.9,226,33
2026-07-03T20:51:15.012Z,7.6,9.6,32.1,66.7,1001.2,49.9,226,31
2026-07-03T20:51:25.016Z,8,8.6,32.1,66.7,1001.2,49.9,226,33
2026-07-03T20:51:35.021Z,6.6,6.6,32.1,66.7,1001.2,49.9,226,27
2026-07-03T20:51:45.015Z,9.8,10.6,32.1,66.7,1001.2,49.9,226,40
2026-07-03T20:51:55.013Z,10.6,13.8,32.1,66.7,1001.2,49.9,226,44
2026-07-03T20:52:05.023Z,9.2,13.2,32,66.7,1001.2,49.8,226,38
2026-07-03T20:52:15.019Z,9,14.2,32,66.7,1001.2,49.8,225,37
2026-07-03T20:52:25.015Z,8.8,13.8,32,66.7,1001.2,49.8,225,36
2026-07-03T20:52:35.014Z,8.6,12.6,32.1,66.7,1001.2,49.8,225,35
2026-07-03T20:52:45.098Z,9,12.6,32.1,66.7,1001.2,49.8,224,37
2026-07-03T20:52:55.013Z,8.8,11.8,32.1,66.7,1001.2,49.8,223,36
2026-07-03T20:53:05.027Z,9.2,10.2,32.1,66.6,1001.2,49.8,222,38
2026-07-03T20:53:15.013Z,8,10,32.1,66.6,1001.2,49.7,222,33
2026-07-03T20:53:25.014Z,10.4,12.4,32.1,66.6,1001.2,49.7,222,43
2026-07-03T20:53:35.011Z,9.4,13,32.1,66.6,1001.2,49.7,222,39
2026-07-03T20:53:45.016Z,8,13.6,32.1,66.6,1001.2,49.7,222,33
2026-07-03T20:53:55.024Z,7.4,12.4,32.1,66.6,1001.2,49.7,221,30
2026-07-03T20:54:05.020Z,8,11.4,32.1,66.6,1001.2,49.7,221,33
2026-07-03T20:54:15.016Z,6.4,9.2,32.1,66.6,1001.2,49.6,221,26
2026-07-03T20:54:25.013Z,6.2,8.2,32.1,66.6,1001.2,49.6,220,25
2026-07-03T20:54:35.017Z,8.2,10,32.1,66.6,1001.2,49.6,220,34
2026-07-03T20:54:45.015Z,9.6,10.6,32.1,66.6,1001.2,49.6,219,40
2026-07-03T20:54:55.012Z,10,12,32.1,66.6,1001.2,49.6,219,41
2026-07-03T20:55:05.007Z,9.6,11.8,32.1,66.6,1001.2,49.6,219,40
2026-07-03T20:55:15.018Z,8,11.6,32.1,66.6,1001.2,49.6,219,33
2026-07-03T20:55:25.020Z,8.8,11.2,32.1,66.7,1001.2,49.6,219,36
2026-07-03T20:55:35.005Z,8,10.4,32.1,66.7,1001.2,49.5,219,33
2026-07-03T20:55:45.004Z,9.4,12.2,32.1,66.7,1001.2,49.5,219,39
2026-07-03T20:55:55.005Z,8.8,12.6,32.1,66.7,1001.2,49.5,219,36
2026-07-03T20:56:05.015Z,6,9.4,32.1,66.7,1001.2,49.5,219,25
2026-07-03T20:56:15.012Z,5.6,7.6,32,66.7,1001.2,49.5,218,23
2026-07-03T20:56:25.014Z,6.4,7.4,32,66.7,1001.2,49.5,218,26
2026-07-03T20:56:35.016Z,8,9,32,66.7,1001.2,49.5,218,33
2026-07-03T20:56:45.026Z,8.4,11,32,66.7,1001.2,49.5,218,34
2026-07-03T20:56:55.014Z,8,10.2,32,66.7,1001.2,49.5,218,33
2026-07-03T20:57:05.012Z,7,7,32,66.7,1001.2,49.5,218,29
2026-07-03T20:57:15.005Z,8,8,32,66.7,1001.2,49.5,218,33
2026-07-03T20:57:25.012Z,6.8,8.4,32,66.7,1001.2,49.5,218,28
2026-07-03T20:57:35.007Z,9,11,32,66.7,1001.2,49.5,218,37
2026-07-03T20:57:45.021Z,6.4,7.6,32,66.7,1001.2,49.5,218,26
2026-07-03T20:57:55.011Z,7.6,8.8,32,66.7,1001.2,49.5,218,31
2026-07-03T20:58:05.004Z,11.2,14,32,66.7,1001.2,49.5,217,46
2026-07-03T20:58:15.010Z,11,16,32,66.7,1001.2,49.5,217,45
2026-07-03T20:58:25.008Z,10,14.2,32,66.8,1001.2,49.5,217,41
2026-07-03T20:58:35.011Z,6.2,12,32,66.8,1001.2,49.5,217,25
2026-07-03T20:58:45.012Z,6.8,11.2,32,66.8,1001.2,49.5,218,28
2026-07-03T20:58:55.007Z,7.6,10,32,66.8,1001.2,49.5,217,31
2026-07-03T20:59:05.008Z,7.4,8.4,32,66.8,1001.2,49.6,217,30
2026-07-03T20:59:15.009Z,8,8.6,32,66.8,1001.2,49.6,217,33
2026-07-03T20:59:25.003Z,5.6,6.6,32,66.8,1001.2,49.6,217,23
2026-07-03T20:59:35.003Z,7,8,32,66.8,1001.2,49.7,217,29
2026-07-03T20:59:45.009Z,5.2,6.6,32,66.8,1001.2,49.7,217,21
2026-07-03T20:59:55.011Z,5.8,6.2,32,66.8,1001.2,49.7,217,24
2026-07-03T21:00:05.054Z,7.4,7.4,32,66.8,1001.2,49.7,217,30
2026-07-03T21:00:15.019Z,8.8,8.8,32,66.8,1001.2,49.7,216,36
2026-07-03T21:00:25.006Z,6.8,6.8,32,66.8,1001.2,49.8,215,28
2026-07-03T21:00:35.003Z,7,7,32,66.7,1001.2,49.8,214,29
2026-07-03T21:00:45.019Z,6.4,6.6,32,66.7,1001.2,49.9,214,26
2026-07-03T21:00:55.001Z,7.6,9.2,32,66.7,1001.2,49.9,213,31
2026-07-03T21:01:05.007Z,7.8,10.6,32,66.6,1001.2,49.9,213,32
2026-07-03T21:01:15.010Z,8.6,9.4,32,66.6,1001.2,49.9,213,35
2026-07-03T21:01:25.006Z,8,8,32,66.6,1001.2,49.9,211,33
2026-07-03T21:01:35.008Z,8.8,9.2,32,66.5,1001.2,49.9,211,36
2026-07-03T21:01:45.007Z,10.4,13.2,32,66.5,1001.2,49.9,211,43
2026-07-03T21:01:55.009Z,10,14,32,66.5,1001.2,49.9,211,41
2026-07-03T21:02:05.012Z,9.2,14,32,66.5,1001.2,49.9,211,38
2026-07-03T21:02:15.005Z,10.6,14,32,66.5,1001.2,49.9,211,44
2026-07-03T21:02:25.018Z,9,12.4,32,66.5,1001.2,49.9,211,37
2026-07-03T21:02:35.016Z,8.8,13,32,66.5,1001.2,50,211,36
2026-07-03T21:02:45.012Z,7.6,13.2,32,66.4,1001.2,50,211,31
2026-07-03T21:02:55.010Z,7,12,32,66.4,1001.2,50,210,29
2026-07-03T21:03:05.009Z,9,13,32,66.4,1001.2,50,210,37
2026-07-03T21:03:14.996Z,7.4,9.8,32,66.4,1001.2,50,210,30
2026-07-03T21:03:25.000Z,8,10.2,32,66.4,1001.2,50,210,33
2026-07-03T21:03:34.998Z,8.8,11.8,32,66.4,1001.2,50,211,36
2026-07-03T21:03:45.003Z,8,12.2,32,66.4,1001.2,50,210,33
2026-07-03T21:03:55.005Z,7.4,12,32,66.4,1001.2,50,211,30
2026-07-03T21:04:05.019Z,9.6,13.2,32,66.4,1001.2,50,210,40
2026-07-03T21:04:15.012Z,10.8,14,32,66.4,1001.2,50,210,45
2026-07-03T21:04:25.024Z,9.6,13.6,32,66.4,1001.2,50,211,40
2026-07-03T21:04:35.015Z,11.4,15.8,32,66.4,1001.2,50,211,47
2026-07-03T21:04:45.006Z,13,17,32,66.4,1001.2,50,211,52
2026-07-03T21:04:55.022Z,13.4,16.4,32,66.4,1001.2,50,212,53
2026-07-03T21:05:05.000Z,13.6,15.6,32,66.4,1001.2,50,212,54
2026-07-03T21:05:15.009Z,14,16,32,66.4,1001.2,50,211,54
2026-07-03T21:05:25.002Z,13,14,32,66.3,1001.2,50,210,52
2026-07-03T21:05:35.004Z,15,16,32,66.3,1001.2,50,210,57
2026-07-03T21:05:45.001Z,13.4,14.4,32,66.3,1001.2,50,210,53
2026-07-03T21:05:55.004Z,12.6,13.6,32,66.3,1001.2,49.9,210,52
2026-07-03T21:06:04.998Z,13.4,14.8,32,66.3,1001.2,50,210,53
2026-07-03T21:06:14.997Z,12.4,14.4,32,66.3,1001.2,49.9,210,51
2026-07-03T21:06:25.000Z,12.6,15.6,32,66.3,1001.2,49.9,210,52
2026-07-03T21:06:34.999Z,13.6,16.2,32,66.3,1001.2,49.9,210,54
2026-07-03T21:06:44.995Z,12.6,16,32,66.3,1001.2,49.9,210,52
2026-07-03T21:06:54.994Z,12.4,15,32,66.3,1001.2,49.9,210,51
2026-07-03T21:07:05.010Z,12.2,15.2,32,66.3,1001.2,49.9,210,51
2026-07-03T21:07:15.007Z,13,18,32,66.3,1001.2,49.9,210,52
2026-07-03T21:07:25.004Z,13.6,16.8,32,66.3,1001.2,49.9,210,54
2026-07-03T21:07:35.012Z,13,16,32,66.3,1001.2,49.8,210,52
2026-07-03T21:07:45.009Z,13,16,32,66.3,1001.2,49.8,210,52
2026-07-03T21:07:55.010Z,14.4,17.4,32,66.3,1001.2,49.8,210,55
2026-07-03T21:08:05.006Z,14,17,32,66.3,1001.2,49.8,210,54
2026-07-03T21:08:15.013Z,14.2,16.2,32,66.3,1001.2,49.8,210,55
2026-07-03T21:08:25.006Z,14,16,32.1,66.2,1001.2,49.7,210,54
2026-07-03T21:08:35.005Z,13.2,17,32.1,66.1,1001.2,49.7,210,53
2026-07-03T21:08:45.012Z,12.6,17,32.1,66.1,1001.2,49.6,210,52
2026-07-03T21:08:55.009Z,13.2,16.2,32.1,66,1001.2,49.5,210,53
2026-07-03T21:09:05.000Z,15.4,16.8,32.1,65.9,1001.2,49.4,210,57
2026-07-03T21:09:15.004Z,15.4,17.4,32.1,65.9,1001.2,49.4,210,57
2026-07-03T21:09:24.998Z,17,17,32.2,65.9,1001.2,49.4,210,61
2026-07-03T21:09:34.996Z,17,18,32.2,65.9,1001.2,49.3,210,61
2026-07-03T21:09:45.001Z,17.6,20.2,32.2,65.8,1001.2,49.3,210,62
2026-07-03T21:09:55.002Z,16,19.2,32.2,65.8,1001.2,49.3,210,59
2026-07-03T21:10:04.999Z,15.6,17.6,32.2,65.8,1001.2,49.3,210,58
2026-07-03T21:10:14.999Z,15.6,16.6,32.2,65.8,1001.2,49.3,210,58
2026-07-03T21:10:24.994Z,15.6,16.2,32.2,65.8,1001.2,49.3,209,58
2026-07-03T21:10:35.012Z,14.8,14.8,32.2,65.9,1001.2,49.3,209,56
2026-07-03T21:10:45.002Z,13,14,32.2,65.9,1001.2,49.3,209,52
2026-07-03T21:10:54.996Z,13.8,14.8,32.2,65.9,1001.2,49.4,209,54
2026-07-03T21:11:05.004Z,14.8,15.8,32.2,65.9,1001.2,49.4,209,56
2026-07-03T21:11:14.993Z,13.4,14.4,32.2,65.9,1001.2,49.4,209,53
2026-07-03T21:11:24.995Z,13.4,14.4,32.2,65.9,1001.2,49.5,209,53
2026-07-03T21:11:34.992Z,14,15,32.1,66,1001.2,49.5,209,54
2026-07-03T21:11:44.999Z,13.2,14.2,32.1,66,1001.2,49.6,209,53
2026-07-03T21:11:54.994Z,14.2,15.2,32.1,66,1001.2,49.6,209,55
2026-07-03T21:12:05.009Z,13.4,14.4,32.1,66.1,1001.2,49.6,209,53
2026-07-03T21:12:15.006Z,12.6,15,32.1,66.1,1001.2,49.7,208,52
2026-07-03T21:12:24.994Z,10,16,32.1,66.1,1001.2,49.7,209,41
2026-07-03T21:12:35.001Z,9.8,15.8,32.1,66.1,1001.2,49.7,209,40
2026-07-03T21:12:45.006Z,9.4,15,32.1,66.1,1001.2,49.8,209,39
2026-07-03T21:12:55.019Z,9.6,15.6,32.1,66.1,1001.2,49.8,208,40
2026-07-03T21:13:04.994Z,11,16,32.1,66.1,1001.2,49.8,209,45
2026-07-03T21:13:14.994Z,11,15,32.1,66.2,1001.2,49.8,209,45
2026-07-03T21:13:24.998Z,10.6,14.6,32.1,66.2,1001.2,49.9,209,44
2026-07-03T21:13:35.037Z,9,13,32,66.2,1001.2,49.9,209,37
2026-07-03T21:13:45.001Z,11.2,13.2,32,66.2,1001.2,49.9,210,46
2026-07-03T21:13:54.994Z,12.2,14.4,32,66.2,1001.2,49.9,210,51
2026-07-03T21:14:05.005Z,13.6,16.6,32,66.2,1001.2,49.9,210,54
2026-07-03T21:14:14.996Z,13.2,16.6,32,66.1,1001.2,49.9,209,53
2026-07-03T21:14:25.014Z,12.6,16.6,32,66.1,1001.2,49.9,209,52
2026-07-03T21:14:35.004Z,13.4,17.4,32,66.1,1001.2,49.9,209,53
2026-07-03T21:14:45.010Z,13.2,17.2,32.1,66.1,1001.2,49.9,209,53
2026-07-03T21:14:55.002Z,13.8,17.4,32.1,66.1,1001.2,49.9,209,54
2026-07-03T21:15:05.007Z,13.4,16.4,32.1,66,1001.2,49.8,209,53
2026-07-03T21:15:14.996Z,11.6,16.4,32.1,66,1001.2,49.8,209,48
2026-07-03T21:15:24.998Z,10.2,15.2,32.1,66,1001.2,49.8,209,42
2026-07-03T21:15:35.000Z,10.6,15.6,32.1,65.9,1001.2,49.8,209,44
2026-07-03T21:15:45.018Z,8.4,12.6,32.1,65.9,1001.2,49.7,209,34
2026-07-03T21:15:54.999Z,8,10.8,32.1,65.8,1001.2,49.7,209,33
2026-07-03T21:16:04.996Z,8.6,10.2,32.1,65.8,1001.2,49.6,209,35
2026-07-03T21:16:14.990Z,8.8,10.6,32.1,65.8,1001.2,49.6,209,36
2026-07-03T21:16:24.987Z,10,11,32.2,65.7,1001.2,49.6,209,41
2026-07-03T21:16:34.998Z,10.2,11.4,32.2,65.7,1001.2,49.5,208,42
2026-07-03T21:16:45.002Z,7.8,9.6,32.2,65.7,1001.2,49.5,208,32
2026-07-03T21:16:54.994Z,7.2,9.2,32.2,65.7,1001.2,49.5,208,29
2026-07-03T21:17:04.995Z,9.2,10.6,32.2,65.7,1001.2,49.5,208,38
2026-07-03T21:17:14.998Z,9.8,10.2,32.2,65.6,1001.2,49.4,208,40
2026-07-03T21:17:24.991Z,11,11,32.2,65.6,1001.2,49.3,208,45
2026-07-03T21:17:35.010Z,10.6,11.4,32.2,65.5,1001.2,49.3,208,44
2026-07-03T21:17:44.998Z,10.8,12.6,32.2,65.5,1001.2,49.2,208,45
2026-07-03T21:17:54.992Z,9,10.6,32.3,65.5,1001.2,49.1,208,37
2026-07-03T21:18:04.998Z,9,12,32.3,65.5,1001.2,49.1,208,37
2026-07-03T21:18:14.996Z,8,12,32.3,65.4,1001.2,49,208,33
2026-07-03T21:18:25.003Z,6.2,9.2,32.3,65.4,1001.2,49,208,25
2026-07-03T21:18:34.998Z,7,9,32.3,65.4,1001.2,48.9,209,29
2026-07-03T21:18:44.999Z,8,8.4,32.3,65.3,1001.2,48.8,208,33
2026-07-03T21:18:54.998Z,7.6,9.6,32.3,65.3,1001.2,48.8,209,31
2026-07-03T21:19:04.996Z,8,13.8,32.4,65.2,1001.2,48.7,209,33
2026-07-03T21:19:14.990Z,10,15.8,32.4,65.2,1001.2,48.6,208,41
2026-07-03T21:19:25.002Z,8.6,13.6,32.4,65.2,1001.2,48.5,208,35
2026-07-03T21:19:34.999Z,9.8,13.6,32.4,65.1,1001.2,48.4,208,40
2026-07-03T21:19:44.999Z,11.2,14.4,32.4,65.1,1001.2,48.3,208,46
2026-07-03T21:19:54.996Z,10.6,13.6,32.4,65.1,1001.2,48.3,208,44
2026-07-03T21:20:04.995Z,10.4,13.4,32.4,65.1,1001.2,48.3,208,43
2026-07-03T21:20:14.996Z,11.4,14,32.4,65.1,1001.2,48.3,208,47
2026-07-03T21:20:25.004Z,12.4,15.4,32.4,65.2,1001.2,48.3,208,51
2026-07-03T21:20:34.998Z,13,15,32.4,65.2,1001.2,48.3,208,52
2026-07-03T21:20:45.002Z,12.4,16,32.4,65.2,1001.2,48.3,208,51
2026-07-03T21:20:54.997Z,12.2,16.2,32.4,65.2,1001.2,48.3,208,51
2026-07-03T21:21:05.002Z,10.6,14.8,32.4,65.2,1001.2,48.4,208,44
2026-07-03T21:21:14.999Z,7.8,13.6,32.4,65.2,1001.2,48.4,208,32
2026-07-03T21:21:24.999Z,6.6,13.4,32.4,65.2,1001.2,48.4,208,27
2026-07-03T21:21:35.001Z,8.6,14,32.4,65.2,1001.2,48.4,208,35
2026-07-03T21:21:45.007Z,11,15.6,32.4,65.3,1001.2,48.4,208,45
2026-07-03T21:21:54.998Z,13.4,15.6,32.4,65.2,1001.2,48.4,208,53
2026-07-03T21:22:04.993Z,11.2,14.2,32.4,65.2,1001.2,48.4,208,46
2026-07-03T21:22:14.998Z,11.6,14.6,32.4,65.2,1001.2,48.3,208,48
2026-07-03T21:22:24.993Z,11.2,14.2,32.4,65.1,1001.2,48.3,208,46
2026-07-03T21:22:34.993Z,12.8,14.8,32.4,65.1,1001.2,48.3,208,52
2026-07-03T21:22:45.000Z,12,14,32.4,65.1,1001.2,48.2,208,50
2026-07-03T21:22:55.000Z,11,13.6,32.4,65.1,1001.2,48.2,208,45
2026-07-03T21:23:04.988Z,10.8,13.8,32.4,65,1001.2,48.2,208,45
2026-07-03T21:23:14.988Z,12,15,32.4,65,1001.2,48.1,208,50
2026-07-03T21:23:24.983Z,13,15.4,32.4,65,1001.2,48.1,208,52
2026-07-03T21:23:34.988Z,13.6,16.2,32.4,65,1001.2,48.1,208,54
2026-07-03T21:23:45.004Z,14,16.6,32.4,65,1001.2,48.1,208,54
2026-07-03T21:23:55.001Z,11.4,14.4,32.4,65,1001.2,48,208,47
2026-07-03T21:24:04.993Z,10.2,14.8,32.4,64.9,1001.2,48,208,42
2026-07-03T21:24:14.991Z,10,14.6,32.4,64.9,1001.2,48,208,41
2026-07-03T21:24:24.995Z,10.6,14,32.4,64.9,1001.2,48,208,44
2026-07-03T21:24:34.995Z,13,16,32.5,64.8,1001.2,47.9,208,52
2026-07-03T21:24:45.071Z,11.8,14.8,32.5,64.8,1001.2,47.9,208,49
2026-07-03T21:24:54.996Z,13.2,15.8,32.5,64.8,1001.2,47.9,208,53
2026-07-03T21:25:04.992Z,12.4,14.6,32.5,64.8,1001.2,47.9,208,51
2026-07-03T21:25:14.999Z,8.4,10.4,32.5,64.8,1001.2,47.9,208,34
2026-07-03T21:25:24.994Z,7.6,10.6,32.5,64.8,1001.2,47.9,208,31
2026-07-03T21:25:34.988Z,6.6,10.2,32.5,64.8,1001.2,48,208,27
2026-07-03T21:25:44.989Z,9.4,11.6,32.5,64.8,1001.2,48,208,39
2026-07-03T21:25:54.987Z,9,11.4,32.5,64.9,1001.2,48,208,37
2026-07-03T21:26:05.007Z,10.4,12.4,32.5,64.9,1001.2,48,208,43
2026-07-03T21:26:15.017Z,9,11,32.5,64.8,1001.2,48,208,37
2026-07-03T21:26:25.000Z,9.4,11.4,32.5,64.8,1001.2,48,208,39
2026-07-03T21:26:34.993Z,9.8,11,32.5,64.8,1001.2,47.9,208,40
2026-07-03T21:26:45.001Z,9,9.6,32.5,64.8,1001.2,47.9,208,37
2026-07-03T21:26:54.995Z,8,9,32.5,64.8,1001.2,47.9,208,33
2026-07-03T21:27:05.002Z,7.4,10.6,32.5,64.7,1001.2,47.8,208,30
2026-07-03T21:27:14.989Z,7,10.4,32.5,64.7,1001.2,47.8,208,29
2026-07-03T21:27:24.993Z,8.4,12,32.5,64.7,1001.2,47.8,208,34
2026-07-03T21:27:34.993Z,8,11,32.5,64.7,1001.2,47.7,208,33
2026-07-03T21:27:44.994Z,8,9,32.5,64.7,1001.2,47.7,208,33
2026-07-03T21:27:54.989Z,9.2,10.2,32.5,64.8,1001.2,47.7,208,38
2026-07-03T21:28:04.993Z,9.6,10.8,32.5,64.8,1001.2,47.7,208,40
2026-07-03T21:28:14.990Z,8.6,8.6,32.5,64.8,1001.2,47.6,208,35
2026-07-03T21:28:24.988Z,10,10,32.5,64.8,1001.2,47.6,208,41
2026-07-03T21:28:34.995Z,9,9.6,32.5,64.8,1001.2,47.6,208,37
2026-07-03T21:28:44.992Z,7.4,9.4,32.5,64.8,1001.2,47.6,208,30
2026-07-03T21:28:54.997Z,7.2,8.8,32.5,64.8,1001.2,47.6,208,29
2026-07-03T21:29:04.993Z,7,8,32.5,64.8,1001.2,47.6,208,29
2026-07-03T21:29:14.998Z,7,8.6,32.5,64.8,1001.2,47.6,208,29
2026-07-03T21:29:24.994Z,7,8,32.5,64.8,1001.2,47.5,208,29
2026-07-03T21:29:34.994Z,8,9.6,32.5,64.8,1001.2,47.5,208,33
2026-07-03T21:29:44.992Z,7,8.8,32.5,64.8,1001.2,47.5,208,29
2026-07-03T21:29:54.995Z,8,9,32.5,64.8,1001.2,47.5,208,33
2026-07-03T21:30:04.988Z,7.6,9.4,32.5,64.8,1001.2,47.5,208,31
2026-07-03T21:30:14.984Z,7.8,7.8,32.5,64.8,1001.2,47.5,208,32
2026-07-03T21:30:24.988Z,8.2,9.2,32.5,64.8,1001.2,47.5,208,34
2026-07-03T21:30:34.985Z,9.4,9.4,32.5,64.8,1001.2,47.4,208,39
2026-07-03T21:30:44.990Z,8,9,32.5,64.8,1001.2,47.4,208,33
2026-07-03T21:30:54.993Z,8.4,10,32.5,64.8,1001.2,47.4,208,34
2026-07-03T21:31:04.983Z,7,8.8,32.5,64.8,1001.2,47.4,208,29
2026-07-03T21:31:14.982Z,7.4,9,32.5,64.8,1001.2,47.4,208,30
2026-07-03T21:31:24.979Z,9.6,10.6,32.5,64.8,1001.2,47.3,208,40
2026-07-03T21:31:34.987Z,9.4,10.4,32.5,64.8,1001.2,47.3,208,39
2026-07-03T21:31:44.982Z,10,11,32.5,64.8,1001.2,47.3,208,41
2026-07-03T21:31:54.992Z,11.4,13.2,32.5,64.8,1001.2,47.3,208,47
2026-07-03T21:32:04.986Z,11.4,15.4,32.5,64.8,1001.2,47.3,208,47
2026-07-03T21:32:14.984Z,12,16,32.5,64.8,1001.2,47.3,208,50
2026-07-03T21:32:24.985Z,11.4,15.4,32.5,64.8,1001.2,47.3,208,47
2026-07-03T21:32:34.985Z,10.4,17.2,32.5,64.8,1001.2,47.3,208,43
2026-07-03T21:32:44.984Z,12.2,17,32.5,64.8,1001.2,47.3,208,51
2026-07-03T21:32:54.987Z,11.8,14.8,32.5,64.9,1001.2,47.3,208,49
2026-07-03T21:33:04.996Z,9,13,32.5,64.9,1001.2,47.3,208,37
2026-07-03T21:33:14.996Z,10.4,12.4,32.5,64.9,1001.2,47.3,208,43
2026-07-03T21:33:25.029Z,7.6,9.6,32.5,65,1001.2,47.3,208,31
2026-07-03T21:33:34.991Z,9,11,32.5,65,1001.2,47.3,211,37
2026-07-03T21:33:44.995Z,11.2,13,32.4,65,1001.2,47.3,211,46
2026-07-03T21:33:54.997Z,15.2,15.2,32.4,65.1,1001.2,47.3,211,57
2026-07-03T21:34:04.985Z,15.8,16.4,32.4,65.1,1001.2,47.3,212,58
2026-07-03T21:34:14.981Z,16.2,16.8,32.4,65.2,1001.2,47.4,221,59
2026-07-03T21:34:24.984Z,15.6,15.6,32.4,65.2,1001.2,47.4,225,58
2026-07-03T21:34:34.987Z,15.6,15.6,32.4,65.2,1001.2,47.5,225,58
2026-07-03T21:34:44.982Z,16.6,17,32.4,65.2,1001.2,47.5,225,60
2026-07-03T21:34:54.977Z,17.4,17.6,32.4,65.2,1001.2,47.6,225,62
2026-07-03T21:35:04.992Z,18,18,32.3,65.2,1001.2,47.6,225,63
2026-07-03T21:35:14.989Z,15.2,15.2,32.3,65.2,1001.2,47.7,225,57
2026-07-03T21:35:24.986Z,14.6,16.4,32.3,65.2,1001.2,47.8,225,56
2026-07-03T21:35:34.989Z,16.8,18,32.3,65.2,1001.2,47.8,225,60
2026-07-03T21:35:44.994Z,17.4,17.4,32.3,65.2,1001.2,47.9,225,62
2026-07-03T21:35:54.992Z,16.4,16.4,32.3,65.2,1001.2,47.9,224,60
2026-07-03T21:36:04.977Z,17,17.2,32.3,65.2,1001.2,48,224,61
2026-07-03T21:36:14.979Z,18.2,18.4,32.3,65.2,1001.2,48,224,63
2026-07-03T21:36:24.982Z,17.4,18.4,32.3,65.2,1001.2,48,222,62
2026-07-03T21:36:34.987Z,17.8,19.8,32.3,65.1,1001.2,48,222,62
2026-07-03T21:36:44.983Z,18.2,19.2,32.3,65.1,1001.2,48,222,63
2026-07-03T21:36:54.977Z,18.4,18.6,32.3,65.1,1001.2,48,222,64
2026-07-03T21:37:04.997Z,17.8,17.8,32.3,65.1,1001.2,48,219,62
2026-07-03T21:37:14.986Z,16.6,17.6,32.3,65.1,1001.2,48,219,60
2026-07-03T21:37:24.982Z,15.4,16.6,32.3,65.1,1001.2,48,219,57
2026-07-03T21:37:34.986Z,17.8,18.6,32.3,65.1,1001.2,48.1,219,62
2026-07-03T21:37:44.983Z,16.2,17.2,32.3,65.1,1001.2,48.1,218,59
2026-07-03T21:37:54.987Z,17,17,32.3,65.1,1001.2,48.1,216,61
2026-07-03T21:38:04.990Z,16.8,16.8,32.3,65.1,1001.2,48.1,216,60
2026-07-03T21:38:14.990Z,17.6,17.6,32.3,65.1,1001.2,48.1,215,62
2026-07-03T21:38:25.000Z,18,19,32.3,65.1,1001.2,48.2,215,63
2026-07-03T21:38:34.990Z,18.4,19.2,32.3,65.2,1001.2,48.2,215,64
2026-07-03T21:38:44.998Z,20.4,20.6,32.3,65.2,1001.2,48.2,215,68
2026-07-03T21:38:54.992Z,20.6,20.6,32.3,65.2,1001.2,48.3,215,68
2026-07-03T21:39:04.986Z,20.2,21.2,32.3,65.2,1001.2,48.3,215,68
2026-07-03T21:39:14.986Z,22,22,32.2,65.2,1001.2,48.4,215,71
2026-07-03T21:39:24.987Z,21.6,22.6,32.2,65.2,1001.2,48.4,215,70
2026-07-03T21:39:34.994Z,22.4,23.4,32.2,65.2,1001.2,48.4,215,72
2026-07-03T21:39:44.985Z,21,23,32.2,65.2,1001.2,48.5,215,69
2026-07-03T21:39:54.985Z,22,24.2,32.2,65.2,1001.2,48.5,215,71
2026-07-03T21:40:04.989Z,21.8,24.2,32.2,65.2,1001.2,48.6,214,71
2026-07-03T21:40:14.999Z,22,24.6,32.2,65.2,1001.2,48.6,214,71
2026-07-03T21:40:24.993Z,22.6,25.4,32.2,65.3,1001.2,48.6,214,73
2026-07-03T21:40:34.983Z,22.2,25.2,32.2,65.3,1001.2,48.6,214,72
2026-07-03T21:40:44.984Z,22.4,25.4,32.2,65.3,1001.2,48.7,214,72
2026-07-03T21:40:54.994Z,23.4,26.4,32.2,65.3,1001.2,48.7,212,74
2026-07-03T21:41:04.986Z,24,25,32.2,65.3,1001.2,48.7,212,76
2026-07-03T21:41:14.985Z,25,26,32.2,65.3,1001.3,48.7,212,78
2026-07-03T21:41:24.983Z,23.6,23.6,32.2,65.3,1001.3,48.7,212,75
2026-07-03T21:41:34.992Z,24,25,32.2,65.3,1001.3,48.8,212,76
2026-07-03T21:41:44.990Z,23.6,25.6,32.2,65.3,1001.3,48.8,212,75
2026-07-03T21:41:54.985Z,23.2,25.6,32.1,65.3,1001.3,48.7,212,74
2026-07-03T21:42:04.988Z,23,26,32.1,65.3,1001.3,48.7,212,73
2026-07-03T21:42:14.984Z,22.4,26.4,32.1,65.3,1001.3,48.7,212,72
2026-07-03T21:42:24.985Z,24.2,27.8,32.1,65.3,1001.3,48.7,212,76
2026-07-03T21:42:34.984Z,23.6,26.6,32.1,65.3,1001.3,48.7,212,75
2026-07-03T21:42:44.983Z,23.8,25.6,32.1,65.3,1001.3,48.7,212,75
2026-07-03T21:42:54.994Z,23,25,32.1,65.3,1001.3,48.7,212,73
2026-07-03T21:43:04.990Z,22.6,24,32.1,65.3,1001.3,48.7,211,73
2026-07-03T21:43:14.991Z,21,24.6,32.2,65.2,1001.2,48.7,211,69
2026-07-03T21:43:24.992Z,20.8,23,32.2,65.2,1001.2,48.7,211,69
2026-07-03T21:43:34.987Z,20.4,21.4,32.2,65.2,1001.2,48.7,211,68
2026-07-03T21:43:44.986Z,21.4,21.4,32.2,65.2,1001.2,48.7,210,70
2026-07-03T21:43:54.987Z,21.2,21.2,32.2,65.1,1001.2,48.7,210,70
2026-07-03T21:44:04.995Z,20.4,20.4,32.2,65.1,1001.2,48.7,210,68
2026-07-03T21:44:14.991Z,21.4,21.6,32.2,65.1,1001.2,48.7,209,70
2026-07-03T21:44:24.984Z,20.2,20.6,32.2,65.1,1001.2,48.7,209,68
2026-07-03T21:44:34.998Z,18.8,21,32.2,65.1,1001.2,48.7,209,65
2026-07-03T21:44:44.985Z,18.4,20.6,32.2,65,1001.2,48.7,208,64
2026-07-03T21:44:54.986Z,18.4,19.4,32.2,65,1001.2,48.7,208,64
2026-07-03T21:45:04.999Z,20,21,32.2,65,1001.2,48.7,208,67
2026-07-03T21:45:14.993Z,21,21,32.2,65,1001.2,48.7,208,69
2026-07-03T21:45:24.988Z,21.4,21.4,32.2,65,1001.2,48.7,208,70
2026-07-03T21:45:34.991Z,17.8,18.2,32.2,65,1001.2,48.8,208,62
2026-07-03T21:45:45.071Z,15.6,16.6,32.2,65,1001.2,48.8,208,58
2026-07-03T21:45:54.986Z,16,16.6,32.2,65,1001.2,48.8,208,59
2026-07-03T21:46:04.992Z,15.4,16,32.2,65,1001.2,48.8,208,57
2026-07-03T21:46:14.983Z,16.8,16.8,32.2,65,1001.2,48.8,208,60
2026-07-03T21:46:24.994Z,15.8,16.2,32.2,65,1001.2,48.9,208,58
2026-07-03T21:46:34.989Z,14.4,16.4,32.2,65,1001.2,48.9,208,55
2026-07-03T21:46:44.993Z,14.2,16.4,32.2,65,1001.2,48.9,208,55
2026-07-03T21:46:54.986Z,13.4,15.6,32.2,65,1001.2,49,208,53
2026-07-03T21:47:04.999Z,10.8,13.8,32.2,65,1001.2,49,208,45
2026-07-03T21:47:14.989Z,9,12,32.2,65,1001.2,49,208,37
2026-07-03T21:47:24.984Z,11.2,14.4,32.2,65,1001.2,49,208,46
2026-07-03T21:47:34.985Z,11.2,15,32.2,65,1001.2,49,208,46
2026-07-03T21:47:45.009Z,8.6,12.6,32.2,65,1001.2,49,208,35
2026-07-03T21:47:55.002Z,7.8,11.2,32.2,65,1001.2,49.1,208,32
2026-07-03T21:48:04.980Z,7.8,10,32.2,65,1001.2,49.1,208,32
2026-07-03T21:48:14.990Z,8.4,10.8,32.2,65.1,1001.3,49.1,208,34
2026-07-03T21:48:24.991Z,10.8,13.4,32.2,65,1001.3,49.1,208,45
2026-07-03T21:48:35.048Z,10.8,13,32.2,65,1001.3,49.1,208,45
2026-07-03T21:48:44.981Z,10.8,12.8,32.2,65,1001.3,49.1,208,45
2026-07-03T21:48:54.983Z,11,14,32.2,65,1001.3,49.1,207,45
2026-07-03T21:49:04.987Z,11.4,13.8,32.2,65,1001.3,49.1,207,47
2026-07-03T21:49:14.981Z,10.8,12.8,32.2,65,1001.3,49.1,207,45
2026-07-03T21:49:24.978Z,10,12.4,32.2,65,1001.3,49.1,207,41
2026-07-03T21:49:34.980Z,11.4,14.6,32.2,65,1001.3,49.1,207,47
2026-07-03T21:49:44.988Z,11,15,32.2,65,1001.3,49.1,207,45
2026-07-03T21:49:54.983Z,13.4,16.8,32.2,65,1001.3,49.1,207,53
2026-07-03T21:50:04.986Z,15.6,17.8,32.2,65,1001.3,49.1,207,58
2026-07-03T21:50:14.986Z,15.6,16.6,32.2,65,1001.3,49.1,207,58
2026-07-03T21:50:24.979Z,15.4,17.4,32.2,65,1001.3,49.1,207,57
2026-07-03T21:50:34.976Z,15.4,17.4,32.2,65,1001.3,49,207,57
2026-07-03T21:50:44.995Z,16.2,17.4,32.2,65,1001.3,49,208,59
2026-07-03T21:50:54.993Z,17.4,19,32.2,65,1001.3,49,208,62
2026-07-03T21:51:04.972Z,16.4,17.4,32.2,65,1001.3,49,208,60
2026-07-03T21:51:14.991Z,16.2,17.2,32.2,65,1001.3,48.9,208,59
2026-07-03T21:51:24.971Z,17.4,17.4,32.2,65,1001.3,48.8,208,62
2026-07-03T21:51:34.983Z,17.6,18.8,32.2,65,1001.3,48.8,208,62
2026-07-03T21:51:44.982Z,18.4,19.4,32.2,65,1001.3,48.8,208,64
2026-07-03T21:51:54.972Z,17.2,19.2,32.2,65,1001.3,48.7,208,61
2026-07-03T21:52:04.971Z,16.6,17.6,32.2,64.9,1001.3,48.7,208,60
2026-07-03T21:52:14.978Z,15,16,32.2,64.9,1001.3,48.6,208,57
2026-07-03T21:52:24.980Z,16,16.6,32.2,64.9,1001.3,48.5,208,59
2026-07-03T21:52:34.971Z,16.6,16.8,32.2,64.9,1001.3,48.5,208,60
2026-07-03T21:52:44.972Z,16.2,18.6,32.3,64.9,1001.3,48.4,208,59
2026-07-03T21:52:54.972Z,16.6,18.6,32.3,64.9,1001.3,48.4,208,60
2026-07-03T21:53:04.982Z,16,18,32.3,64.9,1001.3,48.3,208,59
2026-07-03T21:53:14.984Z,16.4,18.2,32.3,64.9,1001.3,48.2,208,60
2026-07-03T21:53:24.984Z,16.4,18,32.3,64.8,1001.3,48.2,209,60
2026-07-03T21:53:34.990Z,14.8,17.8,32.3,64.8,1001.3,48.1,209,56
2026-07-03T21:53:44.979Z,14,17,32.3,64.8,1001.3,48,208,54
2026-07-03T21:53:54.985Z,15,18,32.3,64.7,1001.3,48,208,57
2026-07-03T21:54:04.993Z,15.4,17.6,32.3,64.7,1001.3,47.9,208,57
2026-07-03T21:54:14.983Z,14.6,16.6,32.3,64.7,1001.3,47.8,208,56
2026-07-03T21:54:24.974Z,15.4,16.4,32.4,64.6,1001.3,47.7,208,57
2026-07-03T21:54:34.978Z,14.8,16.2,32.4,64.6,1001.3,47.7,208,56
2026-07-03T21:54:44.983Z,13.6,15.4,32.4,64.6,1001.3,47.6,208,54
2026-07-03T21:54:54.977Z,14,16,32.4,64.6,1001.3,47.6,208,54
2026-07-03T21:55:04.970Z,14,15,32.4,64.6,1001.3,47.5,208,54
2026-07-03T21:55:14.982Z,15,16,32.4,64.6,1001.3,47.5,208,57
2026-07-03T21:55:24.971Z,14.6,15.6,32.4,64.6,1001.3,47.4,208,56
2026-07-03T21:55:34.973Z,13.4,14.4,32.4,64.6,1001.3,47.4,208,53
2026-07-03T21:55:44.970Z,13.4,14.4,32.4,64.6,1001.3,47.3,208,53
2026-07-03T21:55:54.975Z,13.6,14.6,32.4,64.6,1001.3,47.3,208,54
2026-07-03T21:56:04.978Z,14.8,15.8,32.4,64.6,1001.3,47.3,209,56
2026-07-03T21:56:14.982Z,15,16.4,32.4,64.6,1001.3,47.3,208,57
2026-07-03T21:56:24.984Z,14.4,17.2,32.4,64.6,1001.3,47.3,209,55
2026-07-03T21:56:34.981Z,15.8,18.4,32.4,64.7,1001.3,47.3,209,58
2026-07-03T21:56:44.994Z,15.4,16.4,32.4,64.7,1001.3,47.2,209,57
2026-07-03T21:56:54.997Z,16.6,17.6,32.4,64.7,1001.3,47.2,209,60
2026-07-03T21:57:04.993Z,17.4,18.4,32.4,64.8,1001.3,47.2,209,62
2026-07-03T21:57:15.000Z,17.2,19.2,32.4,64.8,1001.3,47.2,210,61
2026-07-03T21:57:24.976Z,15.2,17.2,32.4,64.8,1001.3,47.2,209,57
2026-07-03T21:57:34.969Z,16.8,18,32.3,64.9,1001.3,47.2,212,60
2026-07-03T21:57:44.973Z,15.6,17.6,32.3,64.9,1001.3,47.2,212,58
2026-07-03T21:57:54.967Z,15.4,17.2,32.3,65,1001.3,47.3,212,57
2026-07-03T21:58:04.975Z,14.2,15.6,32.3,65,1001.3,47.3,212,55
2026-07-03T21:58:14.975Z,15,16,32.3,65,1001.3,47.3,212,57
2026-07-03T21:58:24.981Z,14.8,15.8,32.3,65,1001.3,47.3,212,56
2026-07-03T21:58:34.978Z,15,16,32.3,65,1001.3,47.4,212,57
2026-07-03T21:58:44.976Z,14.4,16,32.3,65.1,1001.3,47.4,212,55
2026-07-03T21:58:54.972Z,13.8,14.8,32.3,65.1,1001.3,47.4,212,54
2026-07-03T21:59:04.967Z,14.8,15.8,32.3,65,1001.3,47.5,211,56
2026-07-03T21:59:14.969Z,14,14.6,32.3,65,1001.3,47.5,212,54
2026-07-03T21:59:24.975Z,13.6,13.6,32.3,65,1001.3,47.5,211,54
2026-07-03T21:59:34.971Z,12,12,32.3,65,1001.3,47.4,211,50
2026-07-03T21:59:44.971Z,11.4,12.4,32.3,64.9,1001.3,47.4,211,47
2026-07-03T21:59:54.976Z,11.4,11.4,32.3,64.9,1001.3,47.4,211,47
2026-07-03T22:00:05.026Z,12,12.4,32.3,64.9,1001.3,47.4,211,50
2026-07-03T22:00:15.051Z,11,12,32.3,64.8,1001.3,47.4,211,45
2026-07-03T22:00:24.980Z,10.2,11.2,32.3,64.8,1001.3,47.4,211,42
2026-07-03T22:00:34.982Z,8.6,10,32.3,64.8,1001.3,47.3,211,35
2026-07-03T22:00:45.010Z,9.6,10.8,32.3,64.8,1001.3,47.3,211,40
2026-07-03T22:00:54.981Z,10.2,12,32.3,64.7,1001.3,47.3,211,42
2026-07-03T22:01:04.981Z,8.8,11.8,32.4,64.7,1001.3,47.3,210,36
2026-07-03T22:01:14.983Z,11.6,14,32.4,64.7,1001.3,47.3,210,48
2026-07-03T22:01:24.976Z,9.6,11.2,32.4,64.7,1001.3,47.3,210,40
2026-07-03T22:01:34.978Z,10,10.4,32.4,64.7,1001.3,47.3,210,41
2026-07-03T22:01:45.013Z,8.8,9.6,32.4,64.8,1001.3,47.3,210,36
2026-07-03T22:01:54.975Z,9.2,9.6,32.4,64.8,1001.3,47.4,210,38
2026-07-03T22:02:04.986Z,7.2,8,32.3,64.8,1001.3,47.4,210,29
2026-07-03T22:02:15.084Z,8.4,9.6,32.3,64.8,1001.3,47.4,210,34
2026-07-03T22:02:24.970Z,7.4,8.4,32.3,64.9,1001.3,47.5,210,30
2026-07-03T22:02:34.976Z,8,9,32.3,64.9,1001.3,47.5,210,33
2026-07-03T22:02:45.088Z,8.8,9.4,32.3,64.9,1001.3,47.6,208,36
2026-07-03T22:02:54.980Z,9.4,9.4,32.3,65,1001.3,47.7,209,39
2026-07-03T22:03:04.975Z,5.6,5.6,32.3,65,1001.3,47.7,209,23
2026-07-03T22:03:14.967Z,5.6,5.8,32.3,65,1001.3,47.8,209,23
2026-07-03T22:03:24.966Z,5,6,32.2,65.1,1001.3,47.9,209,20
2026-07-03T22:03:34.968Z,5,6,32.2,65.1,1001.3,48,208,20
2026-07-03T22:03:44.966Z,5,6,32.2,65.1,1001.3,48.1,208,20
2026-07-03T22:03:54.966Z,5,6,32.2,65.2,1001.3,48.2,209,20
2026-07-03T22:04:04.981Z,4.6,6.2,32.2,65.2,1001.3,48.3,209,19
2026-07-03T22:04:14.976Z,5.8,5.8,32.2,65.2,1001.3,48.4,209,24
2026-07-03T22:04:24.975Z,5.4,5.4,32.2,65.2,1001.3,48.4,209,22
2026-07-03T22:04:34.980Z,5.6,6.2,32.2,65.3,1001.3,48.5,210,23
2026-07-03T22:04:44.977Z,5.6,6.6,32.1,65.3,1001.3,48.6,210,23
2026-07-03T22:04:54.975Z,4.6,6.4,32.1,65.3,1001.3,48.7,210,19
2026-07-03T22:05:04.969Z,6.6,7.2,32.1,65.4,1001.3,48.8,210,27
2026-07-03T22:05:14.972Z,5.4,6.2,32.1,65.4,1001.3,48.9,210,22
2026-07-03T22:05:24.970Z,4.4,6.4,32.1,65.4,1001.3,49,210,18
2026-07-03T22:05:34.966Z,5.4,6.6,32.1,65.4,1001.3,49,210,22
2026-07-03T22:05:44.969Z,3.6,4.2,32.1,65.4,1001.3,49.1,210,14
2026-07-03T22:05:54.983Z,3,4.2,32.1,65.4,1001.3,49.2,210,13
2026-07-03T22:06:04.970Z,3.6,5.4,32.1,65.5,1001.3,49.3,210,14
2026-07-03T22:06:14.973Z,4,5,32,65.5,1001.3,49.4,209,16
2026-07-03T22:06:24.975Z,3.6,4.2,32,65.5,1001.3,49.4,209,14
2026-07-03T22:06:34.969Z,4.2,4.2,32,65.5,1001.3,49.5,209,17
2026-07-03T22:06:44.968Z,3.8,4.2,32,65.5,1001.3,49.6,209,15
2026-07-03T22:06:54.971Z,2.6,4.6,32,65.5,1001.3,49.6,209,13
2026-07-03T22:07:04.973Z,2.8,3.8,32,65.5,1001.3,49.7,209,13
2026-07-03T22:07:14.975Z,3,4,32,65.6,1001.3,49.8,208,13
2026-07-03T22:07:24.973Z,2.4,4.4,32,65.6,1001.3,49.8,208,13
2026-07-03T22:07:34.974Z,2.8,3.8,32,65.6,1001.3,49.9,208,13
2026-07-03T22:07:44.985Z,3,3,32,65.6,1001.3,49.9,208,13
2026-07-03T22:07:54.976Z,2.2,2.6,32,65.6,1001.2,50,208,13
2026-07-03T22:08:04.986Z,2,2.2,32,65.6,1001.2,50.1,208,13
2026-07-03T22:08:14.967Z,1.6,1.6,32,65.6,1001.2,50.1,208,13
2026-07-03T22:08:24.971Z,1,2,32,65.6,1001.2,50.2,208,13
2026-07-03T22:08:34.961Z,2,2.8,32,65.6,1001.2,50.2,208,13
2026-07-03T22:08:44.967Z,2.8,3.6,32,65.6,1001.2,50.3,208,13
2026-07-03T22:08:54.962Z,2.2,2.8,32,65.6,1001.2,50.3,208,13
2026-07-03T22:09:04.990Z,1.8,1.8,32,65.6,1001.2,50.4,208,13
2026-07-03T22:09:14.968Z,1,1.4,32,65.6,1001.2,50.4,208,13
2026-07-03T22:09:24.972Z,2,4,32,65.6,1001.2,50.4,208,13
2026-07-03T22:09:34.964Z,2,3.6,32,65.6,1001.2,50.4,208,13
2026-07-03T22:09:44.971Z,2.4,3.8,32,65.6,1001.2,50.4,208,13
2026-07-03T22:09:54.967Z,2,2,32,65.6,1001.2,50.5,208,13
2026-07-03T22:10:04.961Z,2.8,3,32,65.6,1001.2,50.5,208,13
2026-07-03T22:10:14.973Z,3,3,32,65.6,1001.2,50.5,208,13
2026-07-03T22:10:24.969Z,2.4,2.4,32,65.6,1001.2,50.5,208,13
2026-07-03T22:10:34.967Z,2.4,2.8,32,65.6,1001.3,50.6,208,13
2026-07-03T22:10:44.965Z,2.6,3.6,32,65.7,1001.3,50.6,208,13
2026-07-03T22:10:54.973Z,1.2,2.2,31.9,65.7,1001.3,50.6,208,13
2026-07-03T22:11:04.976Z,1.6,2.6,31.9,65.7,1001.3,50.6,208,13
2026-07-03T22:11:14.963Z,2,2,31.9,65.7,1001.3,50.7,209,13
2026-07-03T22:11:24.967Z,2.8,2.8,31.9,65.8,1001.3,50.7,209,13
2026-07-03T22:11:34.963Z,3.8,3.8,31.9,65.8,1001.3,50.7,209,15
2026-07-03T22:11:44.969Z,4.6,5,31.9,65.8,1001.3,50.8,209,19
2026-07-03T22:11:54.965Z,4,4,31.9,65.8,1001.3,50.8,209,16
2026-07-03T22:12:04.974Z,3.6,4.4,31.9,65.8,1001.3,50.8,209,14
2026-07-03T22:12:14.972Z,4,6,31.9,65.8,1001.3,50.8,209,16
2026-07-03T22:12:24.989Z,2.4,4.2,31.9,65.8,1001.3,50.8,209,13
2026-07-03T22:12:34.972Z,4,5.2,31.9,65.8,1001.3,50.9,210,16
2026-07-03T22:12:44.969Z,3.6,4.8,31.9,65.8,1001.3,50.9,210,14
2026-07-03T22:12:54.996Z,3.4,3.4,31.9,65.8,1001.3,50.9,210,14
2026-07-03T22:13:04.968Z,3,3.8,31.9,65.7,1001.3,50.9,210,13
2026-07-03T22:13:14.963Z,3,3.8,31.9,65.7,1001.3,50.9,210,13
2026-07-03T22:13:24.965Z,2.6,2.6,31.9,65.7,1001.3,50.9,210,13
2026-07-03T22:13:34.971Z,3.4,3.4,31.9,65.7,1001.3,50.9,210,14
2026-07-03T22:13:44.971Z,3,4,31.9,65.7,1001.3,50.9,210,13
2026-07-03T22:13:54.974Z,3.6,5.2,31.9,65.7,1001.3,50.9,210,14
2026-07-03T22:14:05.041Z,5.4,6.8,31.9,65.7,1001.3,50.9,210,22
2026-07-03T22:14:14.968Z,6,6.8,31.9,65.7,1001.3,50.9,210,25
2026-07-03T22:14:24.967Z,5,5,31.9,65.7,1001.3,51,209,20
2026-07-03T22:14:34.976Z,2.6,2.6,31.9,65.7,1001.3,51,209,13
2026-07-03T22:14:44.973Z,2.6,2.6,31.9,65.7,1001.3,51,209,13
2026-07-03T22:14:54.971Z,3.2,4,31.9,65.7,1001.3,51,209,13
2026-07-03T22:15:04.970Z,5.4,5.4,31.9,65.7,1001.3,51.1,210,22
2026-07-03T22:15:14.977Z,4.6,4.6,31.9,65.7,1001.3,51.1,209,19
2026-07-03T22:15:24.972Z,3.2,4.2,31.9,65.7,1001.3,51.1,209,13
2026-07-03T22:15:34.968Z,2.4,3.4,31.9,65.7,1001.3,51.2,209,13
2026-07-03T22:15:44.982Z,3.6,4.4,31.9,65.7,1001.3,51.2,209,14
2026-07-03T22:15:54.974Z,5,5,31.9,65.7,1001.3,51.2,209,20
2026-07-03T22:16:05.029Z,3.6,3.6,31.9,65.8,1001.3,51.2,209,14
2026-07-03T22:16:14.966Z,3.8,4,31.9,65.8,1001.3,51.2,208,15
2026-07-03T22:16:24.972Z,2.2,2.2,31.9,65.8,1001.3,51.3,208,13
2026-07-03T22:16:34.969Z,3.4,4.2,31.9,65.8,1001.3,51.3,208,14
2026-07-03T22:16:44.966Z,2.8,3.4,31.9,65.8,1001.3,51.3,208,13
2026-07-03T22:16:54.985Z,4.6,5.2,31.9,65.8,1001.3,51.3,208,19
2026-07-03T22:17:04.969Z,5.2,5.4,31.9,65.9,1001.3,51.4,208,21
2026-07-03T22:17:14.974Z,3.2,3.8,31.9,65.9,1001.3,51.4,208,13
2026-07-03T22:17:24.964Z,3.8,5,31.9,65.9,1001.3,51.4,208,15
2026-07-03T22:17:34.962Z,2.2,3.2,31.9,65.9,1001.3,51.4,208,13
2026-07-03T22:17:44.965Z,1.4,2.4,31.8,65.9,1001.3,51.5,208,13
2026-07-03T22:17:54.970Z,1.6,2.6,31.8,65.9,1001.3,51.5,209,13
2026-07-03T22:18:04.962Z,3,3.2,31.8,65.9,1001.3,51.5,209,13
2026-07-03T22:18:14.963Z,2.6,3.6,31.8,66,1001.3,51.5,209,13
2026-07-03T22:18:24.960Z,1.6,3,31.8,66,1001.3,51.6,209,13
2026-07-03T22:18:34.965Z,2.4,2.8,31.8,66,1001.3,51.6,209,13
2026-07-03T22:18:44.963Z,3,3.8,31.8,66,1001.3,51.6,209,13
2026-07-03T22:18:54.962Z,2.2,3.4,31.8,65.9,1001.3,51.6,209,13
2026-07-03T22:19:04.959Z,3,4.6,31.8,65.9,1001.3,51.5,209,13
2026-07-03T22:19:14.971Z,2,2,31.8,65.9,1001.3,51.5,208,13
2026-07-03T22:19:24.968Z,3,4,31.8,65.9,1001.3,51.5,209,13
2026-07-03T22:19:34.976Z,1.6,2.4,31.9,65.8,1001.3,51.5,209,13
2026-07-03T22:19:44.970Z,3.2,3.2,31.9,65.8,1001.3,51.5,208,13
2026-07-03T22:19:54.964Z,4.4,4.4,31.9,65.7,1001.3,51.5,208,18
2026-07-03T22:20:05.078Z,2.4,2.4,31.9,65.7,1001.3,51.4,208,13
2026-07-03T22:20:14.967Z,2,3,31.9,65.7,1001.3,51.4,208,13
2026-07-03T22:20:24.972Z,2.2,3.6,31.9,65.6,1001.3,51.4,208,13
2026-07-03T22:20:34.972Z,2,3,31.9,65.6,1001.3,51.4,208,13
2026-07-03T22:20:44.970Z,2.4,3.4,31.9,65.5,1001.3,51.4,208,13
2026-07-03T22:20:55.045Z,3.2,3.2,31.9,65.5,1001.3,51.4,208,13
2026-07-03T22:21:04.968Z,2.4,2.4,31.9,65.5,1001.3,51.4,208,13
2026-07-03T22:21:14.971Z,2.2,2.8,31.9,65.5,1001.3,51.4,208,13
2026-07-03T22:21:24.972Z,2.4,3.6,32,65.5,1001.3,51.4,208,13
2026-07-03T22:21:34.971Z,1.6,1.6,32,65.5,1001.3,51.4,208,13
2026-07-03T22:21:44.964Z,1.6,3.2,32,65.5,1001.3,51.4,208,13
2026-07-03T22:21:54.969Z,1.6,1.6,32,65.5,1001.3,51.4,208,13
2026-07-03T22:22:04.966Z,2.6,2.6,32,65.5,1001.3,51.5,208,13
2026-07-03T22:22:14.966Z,2.2,2.2,32,65.5,1001.3,51.5,208,13
2026-07-03T22:22:24.974Z,3.2,3.2,32,65.4,1001.3,51.4,208,13
2026-07-03T22:22:34.969Z,3.8,4,32,65.4,1001.3,51.5,208,15
2026-07-03T22:22:44.974Z,2.8,2.8,32,65.4,1001.3,51.5,208,13
2026-07-03T22:22:54.969Z,2.6,3.6,32,65.4,1001.3,51.4,208,13
2026-07-03T22:23:05.005Z,3.4,3.6,32,65.4,1001.3,51.4,208,14
2026-07-03T22:23:14.977Z,3,3,32,65.4,1001.3,51.4,208,13
2026-07-03T22:23:24.967Z,5,5,32,65.4,1001.3,51.4,208,20
2026-07-03T22:23:34.976Z,4.8,4.8,32,65.4,1001.3,51.4,208,20
2026-07-03T22:23:44.981Z,4,5,32,65.3,1001.3,51.4,208,16
2026-07-03T22:23:54.968Z,4.4,5.4,32,65.3,1001.3,51.4,208,18
2026-07-03T22:24:04.963Z,4.6,4.8,32,65.3,1001.3,51.4,208,19
2026-07-03T22:24:14.966Z,3,3,32,65.2,1001.3,51.3,208,13
2026-07-03T22:24:24.966Z,4,4,32,65.2,1001.3,51.3,208,16
2026-07-03T22:24:34.964Z,3.2,3.2,32,65.2,1001.3,51.2,208,13
2026-07-03T22:24:44.984Z,3.6,3.6,32,65.1,1001.3,51.2,208,14
2026-07-03T22:24:54.970Z,2.6,2.6,32.1,65.1,1001.3,51.2,208,13
2026-07-03T22:25:05.048Z,2.2,3.2,32.1,65,1001.3,51.2,208,13
2026-07-03T22:25:14.968Z,3.2,4.2,32.1,65,1001.3,51.2,208,13
2026-07-03T22:25:24.956Z,4.4,4.4,32.1,65,1001.3,51.2,208,18
2026-07-03T22:25:34.965Z,2.8,4.4,32.1,64.9,1001.3,51.1,207,12
2026-07-03T22:25:44.958Z,1.8,4.2,32.1,64.9,1001.3,51.2,207,12
2026-07-03T22:25:54.959Z,1.4,4.2,32.1,64.9,1001.3,51.2,207,12
2026-07-03T22:26:04.965Z,3,4.2,32.1,64.9,1001.3,51.2,207,12
2026-07-03T22:26:14.959Z,2.4,3.4,32.1,64.9,1001.3,51.2,207,12
2026-07-03T22:26:24.962Z,3,4,32.1,64.9,1001.3,51.2,207,12
2026-07-03T22:26:34.959Z,3.4,5,32.1,64.9,1001.3,51.2,207,14
2026-07-03T22:26:44.964Z,3,3,32.1,64.9,1001.3,51.2,207,12
2026-07-03T22:26:54.964Z,2.6,2.6,32.1,64.9,1001.3,51.3,207,12
2026-07-03T22:27:05.048Z,3,4,32.1,64.9,1001.3,51.3,207,12
2026-07-03T22:27:14.963Z,2,2,32.1,64.9,1001.3,51.3,207,12
2026-07-03T22:27:24.956Z,3.4,3.8,32.1,64.9,1001.3,51.4,206,14
2026-07-03T22:27:34.954Z,3.4,4.4,32.1,64.9,1001.3,51.4,206,14
2026-07-03T22:27:44.955Z,2.6,2.6,32.1,64.9,1001.3,51.4,207,12
2026-07-03T22:27:54.961Z,2.4,2.4,32.1,64.9,1001.3,51.4,206,12
2026-07-03T22:28:04.962Z,2.4,2.4,32.1,64.9,1001.3,51.5,206,12
2026-07-03T22:28:14.958Z,2,2,32.1,64.9,1001.3,51.5,206,12
2026-07-03T22:28:24.958Z,2,2.8,32.1,64.9,1001.3,51.5,206,12
2026-07-03T22:28:34.972Z,1.8,2.8,32.1,64.9,1001.3,51.6,206,12
2026-07-03T22:28:44.961Z,2.2,4,32.1,64.9,1001.3,51.6,206,12
2026-07-03T22:28:54.965Z,2.6,3,32.1,64.9,1001.3,51.6,206,12
2026-07-03T22:29:05.054Z,1.8,3,32.1,64.8,1001.3,51.6,206,12
2026-07-03T22:29:14.971Z,1,4,32.1,64.8,1001.3,51.6,206,12
2026-07-03T22:29:24.973Z,1.6,3.6,32.1,64.8,1001.3,51.6,206,12
2026-07-03T22:29:34.961Z,1.2,2,32.1,64.8,1001.3,51.7,206,12
2026-07-03T22:29:44.981Z,3,3,32.1,64.8,1001.3,51.7,206,12
2026-07-03T22:29:54.983Z,2.2,2.2,32.1,64.8,1001.3,51.7,206,12
2026-07-03T22:30:04.966Z,3.2,3.2,32.1,64.8,1001.3,51.7,206,13
2026-07-03T22:30:14.966Z,3.4,3.4,32.1,64.8,1001.3,51.8,205,14
2026-07-03T22:30:24.960Z,3.4,3.4,32.1,64.8,1001.3,51.8,205,14
2026-07-03T22:30:34.962Z,0.6,1.8,32.1,64.8,1001.3,51.8,205,12
2026-07-03T22:30:44.966Z,0.4,1.4,32.1,64.8,1001.3,51.8,206,12
2026-07-03T22:30:54.964Z,1.2,2.2,32.1,64.8,1001.3,51.8,205,12
2026-07-03T22:31:04.963Z,2,2.4,32.1,64.8,1001.3,51.8,205,12
2026-07-03T22:31:14.963Z,1.4,1.4,32.1,64.8,1001.3,51.9,205,12
2026-07-03T22:31:24.966Z,2.8,2.8,32.1,64.8,1001.3,51.9,205,12
2026-07-03T22:31:34.959Z,1.4,1.4,32.1,64.8,1001.3,51.9,205,12
2026-07-03T22:31:44.969Z,1,1.6,32.1,64.8,1001.3,51.9,205,12
2026-07-03T22:31:54.960Z,1.2,1.2,32.1,64.8,1001.3,51.9,205,12
2026-07-03T22:32:04.962Z,2,2,32.1,64.8,1001.3,51.9,204,12
2026-07-03T22:32:14.964Z,1,1,32.1,64.8,1001.3,51.9,204,12
2026-07-03T22:32:24.963Z,2,2,32.1,64.8,1001.3,51.9,204,12
2026-07-03T22:32:34.957Z,1.2,1.2,32.1,64.8,1001.3,51.9,203,12
2026-07-03T22:32:44.955Z,0,0,32.1,64.8,1001.3,51.9,203,12
2026-07-03T22:32:54.961Z,1,1.8,32.1,64.8,1001.3,52,203,12
2026-07-03T22:33:04.956Z,2,2,32.1,64.8,1001.3,52,203,12
2026-07-03T22:33:14.958Z,1.6,1.6,32.1,64.8,1001.3,52,203,12
2026-07-03T22:33:24.961Z,0.2,1.2,32.1,64.8,1001.3,52,203,12
2026-07-03T22:33:34.960Z,1.4,1.4,32.1,64.8,1001.3,52,203,12
2026-07-03T22:33:44.962Z,1.4,2.4,32.1,64.8,1001.3,52,203,12
2026-07-03T22:33:54.957Z,0.2,1.2,32.1,64.8,1001.3,52.1,203,12
2026-07-03T22:34:04.993Z,0.4,0.4,32.1,64.8,1001.3,52.1,203,12
2026-07-03T22:34:15.015Z,1,2,32.1,64.8,1001.3,52.1,204,12
2026-07-03T22:34:24.972Z,0,1.2,32.1,64.9,1001.3,52.1,205,12
2026-07-03T22:34:34.972Z,0,0.4,32.1,64.9,1001.3,52.1,205,12
2026-07-03T22:34:45.028Z,0,0.2,32.1,64.9,1001.3,52.1,205,12
2026-07-03T22:34:54.962Z,1,2.4,32,64.9,1001.3,52.1,205,12
2026-07-03T22:35:04.981Z,0.6,1.8,32,64.9,1001.3,52.1,205,12
2026-07-03T22:35:14.960Z,1,2,32.1,64.9,1001.3,52.2,205,12
2026-07-03T22:35:24.965Z,1,2,32.1,64.9,1001.3,52.2,205,12
2026-07-03T22:35:34.965Z,1.6,2.6,32.1,64.8,1001.3,52.2,205,12
2026-07-03T22:35:44.957Z,0.8,0.8,32.1,64.8,1001.3,52.2,205,12
2026-07-03T22:35:54.957Z,0,1,32.1,64.8,1001.3,52.2,205,12
2026-07-03T22:36:05.014Z,0,1,32.1,64.8,1001.3,52.2,204,12
2026-07-03T22:36:14.962Z,0.6,0.6,32.1,64.7,1001.3,52.2,204,12
2026-07-03T22:36:24.958Z,0.6,1.6,32.1,64.7,1001.3,52.2,204,12
2026-07-03T22:36:34.959Z,1.4,2.8,32.1,64.7,1001.3,52.2,204,12
2026-07-03T22:36:44.957Z,2.2,3.4,32.1,64.7,1001.3,52.2,203,12
2026-07-03T22:36:54.949Z,2.2,3,32.1,64.7,1001.3,52.2,203,12
2026-07-03T22:37:04.956Z,2.2,2.4,32.1,64.7,1001.3,52.2,202,12
2026-07-03T22:37:14.970Z,2.2,2.2,32.1,64.6,1001.3,52.1,203,12
2026-07-03T22:37:24.957Z,3,3.2,32.1,64.6,1001.3,52.1,203,12
2026-07-03T22:37:34.968Z,3,4.2,32.1,64.6,1001.3,52.1,203,12
2026-07-03T22:37:44.981Z,1.8,2,32.1,64.6,1001.3,52.1,204,12
2026-07-03T22:37:54.960Z,2,2.2,32.1,64.5,1001.3,52.1,204,12
2026-07-03T22:38:05.021Z,1.4,1.6,32.1,64.5,1001.3,52.1,204,12
2026-07-03T22:38:14.953Z,1.2,1.2,32.2,64.5,1001.3,52.1,204,12
2026-07-03T22:38:24.958Z,2,2,32.2,64.5,1001.3,52.1,204,12
2026-07-03T22:38:34.960Z,0.6,2.6,32.2,64.4,1001.3,52.1,204,12
2026-07-03T22:38:44.955Z,0.2,2.2,32.2,64.4,1001.3,52.1,204,12
2026-07-03T22:38:54.954Z,0.6,2.6,32.2,64.4,1001.3,52.1,204,12
2026-07-03T22:39:04.958Z,0.6,3,32.2,64.4,1001.3,52.1,204,12
2026-07-03T22:39:14.963Z,0,1.8,32.2,64.3,1001.3,52.1,203,12
2026-07-03T22:39:24.960Z,1,3,32.2,64.3,1001.3,52.1,203,12
2026-07-03T22:39:34.968Z,1.4,2.4,32.2,64.3,1001.3,52.1,202,12
2026-07-03T22:39:44.957Z,2.8,3,32.2,64.3,1001.3,52.1,202,12
2026-07-03T22:39:54.960Z,1.8,1.8,32.2,64.3,1001.3,52.1,202,12
2026-07-03T22:40:05.041Z,1,3.4,32.2,64.3,1001.3,52.1,202,12
2026-07-03T22:40:14.963Z,2,4.4,32.2,64.4,1001.3,52.1,202,12
2026-07-03T22:40:24.959Z,1.4,2.6,32.2,64.4,1001.3,52.1,202,12
2026-07-03T22:40:34.965Z,3,3.6,32.2,64.4,1001.3,52.1,202,12
2026-07-03T22:40:44.955Z,1.8,1.8,32.2,64.4,1001.3,52.1,202,12
2026-07-03T22:40:54.959Z,1,1,32.2,64.4,1001.3,52.1,203,12
2026-07-03T22:41:04.960Z,3.2,3.2,32.2,64.4,1001.3,52.1,203,13
2026-07-03T22:41:14.956Z,4.8,4.8,32.2,64.4,1001.3,52.1,203,20
2026-07-03T22:41:24.959Z,3.6,3.8,32.2,64.4,1001.3,52.1,204,14
2026-07-03T22:41:34.954Z,3.4,3.8,32.2,64.5,1001.3,52.1,205,14
2026-07-03T22:41:44.956Z,3.6,3.6,32.2,64.5,1001.3,52.2,206,14
2026-07-03T22:41:54.954Z,3.6,3.6,32.2,64.5,1001.3,52.2,206,14
2026-07-03T22:42:04.964Z,2.2,2.2,32.2,64.5,1001.3,52.2,206,12
2026-07-03T22:42:14.959Z,2.2,2.2,32.2,64.6,1001.3,52.3,207,12
2026-07-03T22:42:24.960Z,3.2,3.2,32.2,64.6,1001.3,52.3,207,13
2026-07-03T22:42:34.956Z,3.6,3.6,32.1,64.7,1001.3,52.3,207,14
2026-07-03T22:42:44.962Z,3.4,3.4,32.1,64.7,1001.3,52.3,208,14
2026-07-03T22:42:54.961Z,2.6,3.6,32.1,64.7,1001.3,52.4,208,13
2026-07-03T22:43:04.962Z,3.4,5.2,32.1,64.7,1001.3,52.4,208,14
2026-07-03T22:43:14.961Z,3.4,4,32.1,64.8,1001.3,52.4,208,14
2026-07-03T22:43:24.959Z,3.6,3.6,32.1,64.8,1001.3,52.4,208,14
2026-07-03T22:43:34.956Z,3.2,3.6,32.1,64.8,1001.3,52.5,208,13
2026-07-03T22:43:44.970Z,4.4,4.4,32.1,64.8,1001.3,52.4,208,18
2026-07-03T22:43:54.963Z,5.6,5.6,32.1,64.8,1001.3,52.5,208,23
2026-07-03T22:44:04.974Z,4.8,5.2,32.1,64.9,1001.3,52.5,207,20
2026-07-03T22:44:14.947Z,5,5.6,32.1,64.9,1001.3,52.5,207,20
2026-07-03T22:44:24.963Z,3.6,4.6,32.1,64.9,1001.3,52.5,208,14
2026-07-03T22:44:34.951Z,2.8,3.8,32,64.9,1001.3,52.5,208,13
2026-07-03T22:44:44.980Z,2.8,4,32,65,1001.3,52.5,208,13
2026-07-03T22:44:55.030Z,3.6,4.6,32,65,1001.3,52.5,208,14
2026-07-03T22:45:04.946Z,4,4.4,32,65,1001.3,52.5,208,16
2026-07-03T22:45:14.961Z,3.6,4,32,65,1001.3,52.4,208,14
2026-07-03T22:45:24.949Z,4,4.8,32,65,1001.3,52.5,208,16
2026-07-03T22:45:34.946Z,4.2,5.2,32,65,1001.4,52.5,208,17
2026-07-03T22:45:44.942Z,3.2,4.2,32,65.1,1001.4,52.5,208,13
2026-07-03T22:45:54.956Z,3.6,4.2,32,65.1,1001.4,52.5,208,14
2026-07-03T22:46:04.958Z,3.6,4.6,32,65.1,1001.4,52.5,208,14
2026-07-03T22:46:14.947Z,4,5,32,65.1,1001.4,52.5,208,16
2026-07-03T22:46:24.957Z,4.4,4.4,32,65.1,1001.4,52.5,208,18
2026-07-03T22:46:34.946Z,4.4,5.4,32,65.1,1001.4,52.5,208,18
2026-07-03T22:46:44.944Z,4.4,4.8,32,65.1,1001.4,52.5,208,18
2026-07-03T22:46:54.951Z,3.8,5.6,32,65.1,1001.4,52.4,208,15
2026-07-03T22:47:04.952Z,4.8,4.8,32,65.1,1001.4,52.4,208,20
2026-07-03T22:47:14.957Z,3,4.2,32,65.1,1001.4,52.4,208,13
2026-07-03T22:47:24.960Z,5.8,7,32,65.2,1001.4,52.4,208,24
2026-07-03T22:47:34.954Z,4.8,4.8,32,65.2,1001.4,52.4,208,20
2026-07-03T22:47:44.964Z,5,5,32,65.2,1001.4,52.4,208,20
2026-07-03T22:47:54.957Z,4.8,4.8,32,65.2,1001.4,52.5,208,20
2026-07-03T22:48:05.114Z,4.2,4.2,32,65.1,1001.4,52.4,208,17
2026-07-03T22:48:14.974Z,3.4,4,32,65.1,1001.4,52.4,208,14
2026-07-03T22:48:24.950Z,3.2,3.6,32,65.1,1001.4,52.4,208,13
2026-07-03T22:48:34.964Z,4.4,5.2,32,65.1,1001.4,52.4,208,18
2026-07-03T22:48:44.969Z,4.4,4.4,32,65.2,1001.4,52.4,208,18
2026-07-03T22:48:54.965Z,4,4,32,65.2,1001.4,52.4,208,16
2026-07-03T22:49:04.957Z,4.6,4.6,32,65.2,1001.4,52.4,208,19
2026-07-03T22:49:14.960Z,3.4,3.4,32,65.2,1001.4,52.5,208,14
2026-07-03T22:49:24.952Z,3.4,3.8,31.9,65.3,1001.4,52.5,208,14
2026-07-03T22:49:34.956Z,2.4,4,31.9,65.3,1001.4,52.5,208,13
2026-07-03T22:49:45.000Z,2.4,3.4,31.9,65.3,1001.4,52.6,208,13
2026-07-03T22:49:54.961Z,3.2,4.4,31.9,65.3,1001.4,52.6,208,13
2026-07-03T22:50:04.953Z,3.6,4.8,31.9,65.3,1001.4,52.6,208,14
2026-07-03T22:50:14.949Z,4,6.4,31.9,65.3,1001.4,52.6,208,16
2026-07-03T22:50:24.959Z,4.6,6.2,31.9,65.3,1001.4,52.6,208,19
2026-07-03T22:50:34.955Z,2.6,2.8,31.9,65.3,1001.4,52.6,208,13
2026-07-03T22:50:44.968Z,2.2,2.4,31.9,65.3,1001.4,52.7,208,13
2026-07-03T22:50:54.951Z,4,4,31.9,65.3,1001.4,52.7,208,16
2026-07-03T22:51:04.951Z,3.6,3.6,31.9,65.3,1001.4,52.7,208,14
2026-07-03T22:51:14.956Z,3.4,3.4,31.9,65.3,1001.4,52.7,208,14
2026-07-03T22:51:24.944Z,3.8,3.8,31.9,65.3,1001.4,52.7,208,15
2026-07-03T22:51:34.948Z,2.6,2.6,31.9,65.4,1001.4,52.7,208,13
2026-07-03T22:51:44.951Z,3.8,3.8,31.9,65.4,1001.4,52.8,208,15
2026-07-03T22:51:54.947Z,5.8,6.2,31.9,65.4,1001.4,52.8,208,24
2026-07-03T22:52:04.953Z,4.6,5,31.9,65.4,1001.4,52.8,208,19
2026-07-03T22:52:14.958Z,3.8,4.8,31.9,65.4,1001.4,52.8,208,15
2026-07-03T22:52:24.953Z,1.6,2.6,31.9,65.5,1001.4,52.8,208,13
2026-07-03T22:52:34.951Z,1.8,2.8,31.9,65.5,1001.4,52.8,208,13
2026-07-03T22:52:44.948Z,3,4.4,31.9,65.5,1001.4,52.8,208,13
2026-07-03T22:52:54.952Z,4,5,31.9,65.5,1001.4,52.8,208,16
2026-07-03T22:53:04.959Z,4,4.8,31.9,65.5,1001.4,52.7,208,16
2026-07-03T22:53:14.954Z,4.8,5.6,31.9,65.5,1001.4,52.8,208,20
2026-07-03T22:53:24.954Z,5,8.8,31.9,65.5,1001.4,52.7,208,20
2026-07-03T22:53:34.957Z,3.2,8.6,31.9,65.5,1001.4,52.7,208,13
2026-07-03T22:53:44.969Z,3.4,4.6,31.9,65.5,1001.4,52.8,208,14
2026-07-03T22:53:54.950Z,3.8,4,31.9,65.5,1001.4,52.7,208,15
2026-07-03T22:54:04.962Z,4,4,31.8,65.5,1001.4,52.8,209,16
2026-07-03T22:54:14.951Z,3.6,5,31.8,65.5,1001.4,52.8,209,14
2026-07-03T22:54:24.945Z,3,5,31.8,65.5,1001.4,52.8,208,13
2026-07-03T22:54:34.947Z,4.2,5.4,31.8,65.5,1001.4,52.8,208,17
2026-07-03T22:54:44.953Z,3.8,4.6,31.8,65.5,1001.5,52.8,208,15
2026-07-03T22:54:54.951Z,3.6,3.6,31.8,65.6,1001.5,52.8,208,14
2026-07-03T22:55:04.948Z,4,4,31.8,65.6,1001.5,52.9,208,16
2026-07-03T22:55:14.958Z,4.6,4.6,31.8,65.6,1001.5,52.9,208,19
2026-07-03T22:55:24.960Z,5,6,31.8,65.6,1001.5,52.9,208,20
2026-07-03T22:55:34.960Z,4.4,5,31.8,65.6,1001.5,53,208,18
2026-07-03T22:55:44.950Z,4.4,4.4,31.8,65.6,1001.5,53,208,18
2026-07-03T22:55:54.952Z,4,4,31.8,65.6,1001.5,53,208,16
2026-07-03T22:56:04.949Z,3.6,3.6,31.8,65.6,1001.5,53,208,14
2026-07-03T22:56:14.946Z,3.6,4.6,31.8,65.6,1001.5,53,208,14
2026-07-03T22:56:24.953Z,4.6,6,31.8,65.6,1001.5,53,208,19
2026-07-03T22:56:34.946Z,4.6,5.8,31.8,65.6,1001.5,53,208,19
2026-07-03T22:56:44.950Z,3.6,4.6,31.8,65.6,1001.5,53,208,14
2026-07-03T22:56:54.960Z,4.6,4.6,31.8,65.5,1001.5,53,208,19
2026-07-03T22:57:04.949Z,4.4,4.4,31.8,65.5,1001.5,52.9,208,18
2026-07-03T22:57:14.947Z,2.6,3.6,31.8,65.5,1001.5,52.9,208,13
2026-07-03T22:57:24.950Z,4.2,5.4,31.8,65.5,1001.5,52.9,208,17
2026-07-03T22:57:34.940Z,4.4,5.4,31.9,65.5,1001.5,52.9,208,18
2026-07-03T22:57:44.953Z,3.4,4.4,31.9,65.5,1001.5,52.9,208,14
2026-07-03T22:57:54.951Z,4.4,5.4,31.9,65.5,1001.5,52.9,208,18
2026-07-03T22:58:04.941Z,3.2,4.2,31.9,65.5,1001.5,52.8,208,13
2026-07-03T22:58:14.942Z,4.8,5.8,31.9,65.5,1001.5,52.8,208,20
2026-07-03T22:58:24.945Z,4.6,4.6,31.9,65.5,1001.5,52.9,208,19
2026-07-03T22:58:34.943Z,3.8,3.8,31.9,65.5,1001.5,52.9,208,15
2026-07-03T22:58:44.955Z,2.2,4.2,31.9,65.5,1001.5,52.9,208,13
2026-07-03T22:58:54.944Z,2.6,3.6,31.9,65.5,1001.5,52.9,208,13
2026-07-03T22:59:04.954Z,2.4,3.4,31.9,65.5,1001.5,53,209,13
2026-07-03T22:59:14.974Z,2.8,2.8,31.9,65.5,1001.5,53,209,13
2026-07-03T22:59:24.939Z,3,4,31.9,65.5,1001.5,52.9,209,13
2026-07-03T22:59:34.942Z,3,3,31.9,65.5,1001.5,53,209,13
2026-07-03T22:59:44.950Z,2.8,2.8,31.9,65.5,1001.5,53,209,13
2026-07-03T22:59:54.949Z,2.6,3.6,31.9,65.5,1001.5,53,209,13
2026-07-03T23:00:04.955Z,4,5,31.9,65.5,1001.5,53,209,16
2026-07-03T23:00:14.944Z,1.8,2.8,31.9,65.4,1001.5,53,209,13
2026-07-03T23:00:24.964Z,1.8,2.8,31.9,65.4,1001.6,53,209,13
2026-07-03T23:00:34.951Z,4,4,31.9,65.4,1001.6,53,209,16
2026-07-03T23:00:45.026Z,3.8,4.8,31.9,65.5,1001.6,53,209,15
2026-07-03T23:00:54.940Z,2.4,2.8,31.9,65.5,1001.6,53,208,13
2026-07-03T23:01:04.941Z,3.2,3.6,31.9,65.5,1001.6,53,208,13
2026-07-03T23:01:14.950Z,2.8,3.6,31.9,65.5,1001.6,53,208,13
2026-07-03T23:01:24.940Z,2.4,2.4,31.9,65.5,1001.6,53,208,13
2026-07-03T23:01:35.025Z,2.6,2.6,31.9,65.5,1001.6,53,208,13
2026-07-03T23:01:44.969Z,2.8,3.6,31.9,65.5,1001.6,53,208,13
2026-07-03T23:01:54.940Z,4,5,31.9,65.5,1001.6,53,209,16
2026-07-03T23:02:04.946Z,2.8,2.8,31.9,65.5,1001.6,53,209,13
2026-07-03T23:02:14.950Z,2.4,2.4,31.9,65.5,1001.6,53,209,13
2026-07-03T23:02:24.952Z,4,4,31.9,65.5,1001.6,52.9,209,16
2026-07-03T23:02:34.945Z,4.6,4.6,31.9,65.5,1001.6,52.9,209,19
2026-07-03T23:02:44.954Z,5,5,31.9,65.5,1001.6,53,209,20
2026-07-03T23:02:54.955Z,4.8,4.8,31.9,65.5,1001.6,53,210,20
2026-07-03T23:03:04.941Z,2.8,2.8,31.9,65.5,1001.6,53,209,13
2026-07-03T23:03:14.957Z,2.6,2.8,31.9,65.5,1001.6,53,210,13
2026-07-03T23:03:24.964Z,4.6,4.6,31.9,65.5,1001.6,53,210,19
2026-07-03T23:03:34.949Z,4.2,4.6,31.9,65.5,1001.6,53,210,17
2026-07-03T23:03:44.980Z,2.2,2.2,31.9,65.5,1001.6,53,210,13
2026-07-03T23:03:54.947Z,4,4.2,31.9,65.5,1001.6,53,210,16
2026-07-03T23:04:04.944Z,4,4.2,31.9,65.5,1001.6,53,210,16
2026-07-03T23:04:14.935Z,3.4,4,31.9,65.5,1001.6,53,210,14
2026-07-03T23:04:24.937Z,3.6,4.6,31.9,65.6,1001.6,53,210,14
2026-07-03T23:04:34.946Z,3.2,4.8,31.9,65.6,1001.6,53,210,13
2026-07-03T23:04:44.971Z,3,4.4,31.9,65.6,1001.6,53,210,13
2026-07-03T23:04:54.940Z,1.6,3,31.9,65.6,1001.6,53,210,13
2026-07-03T23:05:04.947Z,3.4,3.4,31.9,65.6,1001.6,52.9,210,14
2026-07-03T23:05:14.962Z,2.4,2.4,31.9,65.6,1001.6,52.9,211,13
2026-07-03T23:05:24.942Z,2.2,2.2,31.9,65.6,1001.6,52.9,211,13
2026-07-03T23:05:34.953Z,2.2,2.2,31.9,65.6,1001.6,52.9,211,13
2026-07-03T23:05:44.943Z,3.6,3.6,31.9,65.6,1001.6,53,211,14
2026-07-03T23:05:54.948Z,3.8,3.8,31.9,65.6,1001.6,53,211,15
2026-07-03T23:06:04.957Z,3.2,3.2,31.9,65.6,1001.6,53,211,13
2026-07-03T23:06:14.940Z,4,4,31.9,65.6,1001.6,53,210,16
2026-07-03T23:06:24.938Z,3.8,3.8,31.9,65.6,1001.6,53,210,15
2026-07-03T23:06:34.941Z,3,4,31.9,65.6,1001.6,53,211,13
2026-07-03T23:06:44.938Z,3.6,5.6,31.9,65.6,1001.6,53,210,14
2026-07-03T23:06:54.944Z,4.2,5,31.9,65.6,1001.6,53,210,17
2026-07-03T23:07:04.953Z,3.8,3.8,31.9,65.5,1001.6,53,210,15
2026-07-03T23:07:14.942Z,2.4,3.4,31.9,65.5,1001.6,53,210,13
2026-07-03T23:07:24.943Z,2.6,2.6,31.9,65.5,1001.6,53,210,13
2026-07-03T23:07:34.946Z,2,2,31.9,65.5,1001.6,53,210,13
2026-07-03T23:07:44.949Z,1.6,1.6,31.9,65.5,1001.6,53.1,210,13
2026-07-03T23:07:54.940Z,2.6,2.8,31.9,65.5,1001.6,53,210,13
2026-07-03T23:08:04.963Z,1.4,3.4,31.9,65.5,1001.6,53,210,13
2026-07-03T23:08:14.936Z,1.8,3.4,31.9,65.5,1001.6,53.1,210,13
2026-07-03T23:08:24.941Z,3.8,4,31.9,65.5,1001.6,53.1,210,15
2026-07-03T23:08:34.938Z,3.4,4,31.9,65.6,1001.6,53.1,210,14
2026-07-03T23:08:44.935Z,1.6,3.6,31.9,65.6,1001.6,53.1,210,13
2026-07-03T23:08:54.931Z,1.8,2.8,31.9,65.6,1001.6,53.1,210,13
2026-07-03T23:09:04.946Z,1.4,2.4,31.9,65.6,1001.6,53.1,210,13
2026-07-03T23:09:14.939Z,2.2,2.2,31.9,65.6,1001.6,53,210,13
2026-07-03T23:09:24.962Z,3.2,3.2,31.9,65.6,1001.6,53,210,13
2026-07-03T23:09:34.948Z,3.6,3.6,31.9,65.6,1001.6,53.1,210,14
2026-07-03T23:09:44.942Z,5,5.6,31.8,65.6,1001.6,53.1,211,20
2026-07-03T23:09:54.947Z,3.4,3.6,31.8,65.6,1001.6,53,211,14
2026-07-03T23:10:04.944Z,3.6,3.6,31.8,65.6,1001.6,53,211,14
2026-07-03T23:10:14.950Z,3.2,3.2,31.8,65.6,1001.6,53,212,13
2026-07-03T23:10:24.949Z,2.8,2.8,31.8,65.6,1001.6,53,212,13
2026-07-03T23:10:34.941Z,4.4,4.6,31.8,65.6,1001.6,53,212,18
2026-07-03T23:10:44.961Z,3.6,3.8,31.8,65.6,1001.6,53,212,14
2026-07-03T23:10:54.956Z,3.8,3.8,31.8,65.6,1001.6,53,212,15
2026-07-03T23:11:04.945Z,3,4,31.8,65.6,1001.6,53.1,212,13
2026-07-03T23:11:14.937Z,2.6,2.6,31.8,65.6,1001.6,53,212,13
2026-07-03T23:11:24.951Z,2.4,2.4,31.8,65.6,1001.6,53.1,212,13
2026-07-03T23:11:34.942Z,1.4,2.4,31.8,65.6,1001.6,53.1,213,13
2026-07-03T23:11:44.940Z,2.2,3,31.8,65.6,1001.6,53.1,213,13
2026-07-03T23:11:54.942Z,3.8,4.8,31.8,65.6,1001.6,53.1,213,15
2026-07-03T23:12:04.939Z,3,5.4,31.8,65.6,1001.6,53.1,213,13
2026-07-03T23:12:14.946Z,3,5,31.8,65.6,1001.6,53.1,213,13
2026-07-03T23:12:24.956Z,3.6,5.4,31.8,65.7,1001.6,53.2,213,14
2026-07-03T23:12:34.942Z,3.6,5.8,31.8,65.7,1001.6,53.2,213,14
2026-07-03T23:12:44.952Z,3,4,31.8,65.7,1001.6,53.2,213,13
2026-07-03T23:12:54.942Z,3,3.4,31.8,65.7,1001.6,53.3,212,13
2026-07-03T23:13:04.950Z,3,4,31.8,65.7,1001.6,53.3,212,13
2026-07-03T23:13:14.953Z,2.8,4.2,31.8,65.7,1001.6,53.3,212,13
2026-07-03T23:13:24.937Z,2.6,3.6,31.8,65.7,1001.6,53.3,212,13
2026-07-03T23:13:34.953Z,3.4,3.4,31.8,65.7,1001.6,53.4,212,14
2026-07-03T23:13:44.949Z,3.8,3.8,31.8,65.7,1001.6,53.4,212,15
2026-07-03T23:13:54.939Z,2.4,2.6,31.8,65.8,1001.6,53.4,212,13
2026-07-03T23:14:04.940Z,2.2,2.2,31.8,65.8,1001.6,53.4,212,13
2026-07-03T23:14:14.935Z,4,4.2,31.8,65.8,1001.6,53.4,212,16
2026-07-03T23:14:24.943Z,4.4,5.4,31.8,65.8,1001.6,53.5,212,18
2026-07-03T23:14:34.932Z,4,5,31.8,65.8,1001.6,53.4,212,16
2026-07-03T23:14:44.943Z,2,2.2,31.8,65.8,1001.6,53.5,212,13
2026-07-03T23:14:54.931Z,1.4,1.4,31.8,65.8,1001.6,53.5,211,13
2026-07-03T23:15:04.939Z,2.2,2.4,31.8,65.8,1001.6,53.5,212,13
2026-07-03T23:15:14.952Z,3,3.4,31.8,65.8,1001.6,53.5,212,13
2026-07-03T23:15:24.940Z,3.4,4.4,31.8,65.8,1001.7,53.5,212,14
2026-07-03T23:15:34.954Z,3,3.2,31.8,65.8,1001.7,53.6,212,13
2026-07-03T23:15:44.956Z,2.8,3.8,31.8,65.8,1001.7,53.6,211,13
2026-07-03T23:15:54.950Z,3.4,4.2,31.8,65.8,1001.7,53.6,211,14
2026-07-03T23:16:04.947Z,3.2,4.4,31.8,65.8,1001.7,53.7,211,13
2026-07-03T23:16:14.935Z,2.2,4,31.8,65.7,1001.7,53.7,212,13
2026-07-03T23:16:24.937Z,1.4,2.8,31.8,65.7,1001.7,53.7,212,13
2026-07-03T23:16:34.931Z,2.8,4.6,31.8,65.7,1001.7,53.7,212,13
2026-07-03T23:16:44.932Z,2,2.2,31.8,65.7,1001.7,53.7,212,13
2026-07-03T23:16:54.934Z,3,4,31.8,65.7,1001.7,53.7,211,13
2026-07-03T23:17:04.950Z,2.4,3.4,31.8,65.7,1001.7,53.6,211,13
2026-07-03T23:17:14.940Z,2.6,3.6,31.8,65.7,1001.7,53.6,211,13
2026-07-03T23:17:24.941Z,2.4,4.2,31.8,65.7,1001.7,53.6,211,13
2026-07-03T23:17:34.936Z,3.4,3.8,31.8,65.7,1001.7,53.6,211,14
2026-07-03T23:17:44.935Z,2,2.4,31.8,65.7,1001.7,53.6,210,13
2026-07-03T23:17:54.935Z,3,4,31.8,65.6,1001.7,53.6,210,13
2026-07-03T23:18:04.933Z,4,4.4,31.8,65.6,1001.7,53.6,210,16
2026-07-03T23:18:14.931Z,3.8,4.4,31.8,65.6,1001.7,53.6,210,15
2026-07-03T23:18:24.942Z,3,3,31.8,65.6,1001.7,53.6,211,13
2026-07-03T23:18:34.938Z,3,3,31.8,65.6,1001.7,53.6,211,13
2026-07-03T23:18:44.949Z,3,4,31.8,65.6,1001.7,53.5,211,13
2026-07-03T23:18:54.935Z,2.6,2.6,31.8,65.5,1001.7,53.5,212,13
2026-07-03T23:19:04.935Z,5,5.4,31.9,65.5,1001.7,53.5,212,20
2026-07-03T23:19:14.954Z,3,3,31.9,65.4,1001.7,53.4,213,13
2026-07-03T23:19:24.939Z,5,5,31.9,65.4,1001.7,53.3,213,20
2026-07-03T23:19:34.940Z,3.4,4.4,31.9,65.4,1001.7,53.2,215,14
2026-07-03T23:19:44.965Z,4,4,31.9,65.4,1001.7,53.1,217,16
2026-07-03T23:19:54.941Z,4.4,4.4,31.9,65.4,1001.7,53,219,18
2026-07-03T23:20:04.938Z,3.2,5.2,31.9,65.4,1001.7,52.9,225,14
2026-07-03T23:20:14.989Z,4,5.4,31.9,65.4,1001.7,52.9,230,16
2026-07-03T23:20:24.930Z,3.8,4.4,31.9,65.4,1001.7,52.9,234,15
2026-07-03T23:20:34.936Z,4.6,5.6,31.9,65.4,1001.7,52.9,234,19
2026-07-03T23:20:44.943Z,4,5.2,31.9,65.4,1001.7,52.9,235,16
2026-07-03T23:20:55.085Z,3.6,3.6,31.9,65.4,1001.7,52.8,235,14
2026-07-03T23:21:04.934Z,3,3,31.9,65.4,1001.7,52.9,236,14
2026-07-03T23:21:14.944Z,3.6,3.6,31.9,65.4,1001.7,52.8,236,14
2026-07-03T23:21:24.943Z,2.4,3.4,31.9,65.4,1001.7,52.8,236,14
2026-07-03T23:21:34.940Z,5.4,5.8,31.9,65.3,1001.7,52.7,236,22
2026-07-03T23:21:44.939Z,4.4,4.4,31.9,65.3,1001.7,52.7,235,18
2026-07-03T23:21:54.936Z,3.8,4,31.9,65.3,1001.7,52.7,235,15
2026-07-03T23:22:04.959Z,3.2,3.2,31.9,65.3,1001.7,52.6,235,14
2026-07-03T23:22:14.950Z,3.6,3.6,32,65.2,1001.7,52.6,234,14
2026-07-03T23:22:24.928Z,3.2,3.4,32,65.2,1001.7,52.5,234,14
2026-07-03T23:22:34.928Z,4.4,4.4,32,65.1,1001.7,52.5,231,18
2026-07-03T23:22:44.932Z,3.6,4,32,65.1,1001.7,52.4,230,14
2026-07-03T23:22:54.942Z,3.2,4.2,32,65.1,1001.7,52.4,230,14
2026-07-03T23:23:04.931Z,3.4,4.4,32,65.1,1001.7,52.3,229,14
2026-07-03T23:23:14.943Z,4.8,5.2,32,65,1001.7,52.3,229,20
2026-07-03T23:23:24.952Z,6,6.4,32,65,1001.7,52.3,229,25
2026-07-03T23:23:35.004Z,3.2,3.2,32.1,65,1001.7,52.2,228,14
2026-07-03T23:23:44.940Z,2,2,32.1,65,1001.6,52.1,228,14
2026-07-03T23:23:54.940Z,3.4,3.4,32.1,64.9,1001.6,52.1,227,14
2026-07-03T23:24:04.944Z,3.4,3.4,32.1,64.9,1001.6,52.1,227,14
2026-07-03T23:24:14.935Z,5.6,5.6,32.1,64.9,1001.6,52,227,23
2026-07-03T23:24:24.936Z,3.6,3.6,32.1,64.9,1001.6,52,227,14
2026-07-03T23:24:34.933Z,4.2,4.2,32.1,65,1001.6,51.9,227,17
2026-07-03T23:24:44.933Z,3.6,3.6,32.1,64.9,1001.6,51.9,226,14
2026-07-03T23:24:54.934Z,3,3,32.1,64.9,1001.6,51.9,226,14
2026-07-03T23:25:04.940Z,4,4.4,32.1,64.9,1001.6,51.9,226,16
2026-07-03T23:25:14.932Z,3.2,4.2,32.1,64.9,1001.6,51.8,226,14
2026-07-03T23:25:24.930Z,3.2,4.2,32.1,65,1001.6,51.9,225,14
2026-07-03T23:25:34.943Z,3.6,3.6,32.1,65,1001.6,51.9,225,14
2026-07-03T23:25:44.939Z,5,5,32.1,65,1001.6,51.9,225,20
2026-07-03T23:25:54.939Z,3,3,32.1,65,1001.6,51.9,224,14
2026-07-03T23:26:04.936Z,2.4,3,32.1,65,1001.6,51.9,224,14
2026-07-03T23:26:14.943Z,2.4,3,32.1,65.1,1001.6,51.9,224,14
2026-07-03T23:26:24.942Z,2.2,2.8,32.1,65.1,1001.6,51.9,225,14
2026-07-03T23:26:34.939Z,3.6,4.6,32.1,65.1,1001.7,51.9,225,14
2026-07-03T23:26:44.936Z,3.2,4.2,32,65.1,1001.7,52,225,14
2026-07-03T23:26:54.934Z,3.6,3.6,32,65.1,1001.7,52,226,14
2026-07-03T23:27:04.935Z,4,5.2,32,65.2,1001.7,52,228,16
2026-07-03T23:27:14.932Z,4.6,5.6,32,65.2,1001.7,52.1,229,19
2026-07-03T23:27:24.933Z,3,4.8,32,65.3,1001.7,52.1,230,14
2026-07-03T23:27:34.932Z,4,5,32,65.3,1001.7,52.1,230,16
2026-07-03T23:27:44.945Z,3.8,4.8,32,65.3,1001.7,52.1,231,15
2026-07-03T23:27:54.938Z,2.4,3.4,32,65.4,1001.7,52.1,231,14
2026-07-03T23:28:04.935Z,3,4,32,65.4,1001.7,52.2,231,14
2026-07-03T23:28:14.936Z,3,5.4,31.9,65.4,1001.7,52.2,233,14
2026-07-03T23:28:24.930Z,4.4,6,31.9,65.5,1001.7,52.2,233,18
2026-07-03T23:28:34.951Z,5.6,5.6,31.9,65.5,1001.7,52.3,233,23
2026-07-03T23:28:44.930Z,4.6,5,31.9,65.6,1001.7,52.3,233,19
2026-07-03T23:28:54.932Z,3.6,4,31.9,65.6,1001.7,52.4,231,14
2026-07-03T23:29:04.926Z,3.4,3.4,31.9,65.6,1001.7,52.4,231,14
2026-07-03T23:29:14.933Z,3.2,3.2,31.9,65.6,1001.7,52.5,231,14
2026-07-03T23:29:24.933Z,2.4,2.4,31.9,65.7,1001.7,52.6,231,14
2026-07-03T23:29:34.945Z,2.8,2.8,31.8,65.7,1001.7,52.6,231,14
2026-07-03T23:29:44.951Z,4,4,31.8,65.7,1001.7,52.7,230,16
2026-07-03T23:29:54.949Z,5.2,6.2,31.8,65.8,1001.7,52.7,229,21
2026-07-03T23:30:05.009Z,4.6,5.6,31.8,65.8,1001.7,52.7,229,19
2026-07-03T23:30:14.947Z,5,6,31.8,65.8,1001.7,52.7,229,20
2026-07-03T23:30:24.945Z,4.8,5.4,31.8,65.8,1001.7,52.8,229,20
2026-07-03T23:30:34.932Z,6,7,31.8,65.9,1001.7,52.8,229,25
2026-07-03T23:30:44.931Z,5.6,5.8,31.8,65.9,1001.7,52.8,228,23
2026-07-03T23:30:54.940Z,4,6,31.8,65.9,1001.7,52.9,227,16
2026-07-03T23:31:04.933Z,3.6,5.6,31.8,65.9,1001.7,52.9,227,14
2026-07-03T23:31:14.926Z,3.8,5.8,31.8,66,1001.7,53,227,15
2026-07-03T23:31:24.930Z,4,6,31.7,66,1001.7,53,226,16
2026-07-03T23:31:34.942Z,4.8,4.8,31.7,66,1001.7,53.1,226,20
2026-07-03T23:31:44.931Z,3.6,4.2,31.7,66,1001.7,53.1,226,14
2026-07-03T23:31:54.919Z,3.6,5,31.7,66,1001.7,53.1,226,14
2026-07-03T23:32:04.934Z,3.6,6.6,31.7,66,1001.7,53.1,226,14
2026-07-03T23:32:14.932Z,4.2,6.2,31.7,66,1001.7,53.1,226,17
2026-07-03T23:32:24.921Z,4.2,5.4,31.7,66,1001.7,53.1,226,17
2026-07-03T23:32:34.934Z,3.6,4.6,31.7,66,1001.7,53.2,225,14
2026-07-03T23:32:44.975Z,3.6,6.2,31.7,66,1001.7,53.2,225,14
2026-07-03T23:32:54.932Z,4,6.8,31.7,66,1001.7,53.3,224,16
2026-07-03T23:33:04.923Z,4,5.6,31.7,66,1001.7,53.3,224,16
2026-07-03T23:33:14.933Z,4.8,4.8,31.7,66,1001.7,53.4,224,20
2026-07-03T23:33:24.922Z,4.6,4.6,31.7,66,1001.7,53.4,223,19
2026-07-03T23:33:34.932Z,4,5.6,31.7,66,1001.7,53.4,223,16
2026-07-03T23:33:44.927Z,3,5.4,31.7,66,1001.7,53.4,223,13
2026-07-03T23:33:54.924Z,4,4.4,31.7,66,1001.7,53.4,222,16
2026-07-03T23:34:04.925Z,4.4,4.4,31.7,66,1001.7,53.4,222,18
2026-07-03T23:34:14.927Z,4.6,4.8,31.7,66,1001.7,53.3,222,19
2026-07-03T23:34:24.929Z,5.6,7.2,31.7,66,1001.7,53.3,222,23
2026-07-03T23:34:34.936Z,6.4,7.2,31.7,66,1001.7,53.3,222,26
2026-07-03T23:34:44.925Z,3,4,31.7,66,1001.7,53.3,222,13
2026-07-03T23:34:54.934Z,3,4,31.7,66,1001.7,53.3,222,13
2026-07-03T23:35:04.931Z,3.4,3.6,31.7,66,1001.7,53.3,223,14
2026-07-03T23:35:14.937Z,5,5.2,31.7,66,1001.7,53.3,223,20
2026-07-03T23:35:24.929Z,3.4,3.4,31.7,66,1001.7,53.3,223,14
2026-07-03T23:35:34.940Z,4.2,4.8,31.8,66,1001.7,53.3,223,17
2026-07-03T23:35:44.935Z,4.6,5.6,31.8,66,1001.7,53.3,223,19
2026-07-03T23:35:54.928Z,4.4,4.4,31.8,65.9,1001.7,53.2,223,18
2026-07-03T23:36:04.928Z,4.4,4.4,31.8,65.9,1001.7,53.2,223,18
2026-07-03T23:36:14.929Z,6,6,31.8,65.9,1001.7,53.1,223,25
2026-07-03T23:36:24.928Z,4.4,5.2,31.8,65.9,1001.7,53.1,223,18
2026-07-03T23:36:34.941Z,4.8,7.4,31.8,65.9,1001.7,53.1,224,20
2026-07-03T23:36:44.932Z,4.4,5.6,31.8,65.9,1001.7,53.1,224,18
2026-07-03T23:36:54.939Z,3.8,4.6,31.8,65.9,1001.7,53.1,223,15
2026-07-03T23:37:04.963Z,3.6,3.6,31.8,65.9,1001.7,53.1,223,14
2026-07-03T23:37:14.935Z,4,4.4,31.8,65.9,1001.6,53.1,222,16
2026-07-03T23:37:24.921Z,4.6,4.6,31.8,65.9,1001.6,53.2,222,19
2026-07-03T23:37:34.939Z,4.4,4.6,31.8,65.9,1001.6,53.2,222,18
2026-07-03T23:37:44.924Z,3.8,4.4,31.8,65.9,1001.6,53.2,221,15
2026-07-03T23:37:54.938Z,4,5,31.8,65.9,1001.6,53.2,221,16
2026-07-03T23:38:04.931Z,4.8,5.8,31.8,65.9,1001.6,53.3,221,20
2026-07-03T23:38:14.937Z,3,4,31.7,65.9,1001.6,53.3,221,13
2026-07-03T23:38:24.935Z,3.4,4.4,31.7,65.9,1001.6,53.3,221,14
2026-07-03T23:38:34.929Z,4,4.8,31.7,65.9,1001.6,53.4,221,16
2026-07-03T23:38:44.934Z,5,6,31.7,65.9,1001.6,53.3,221,20
2026-07-03T23:38:54.928Z,4.8,6.6,31.7,65.9,1001.6,53.4,221,20
2026-07-03T23:39:04.933Z,5.8,5.8,31.7,65.9,1001.6,53.3,221,24
2026-07-03T23:39:14.936Z,6,6,31.7,65.9,1001.6,53.4,221,25
2026-07-03T23:39:24.931Z,5.4,5.4,31.7,65.9,1001.6,53.4,220,22
2026-07-03T23:39:34.934Z,6.2,6.2,31.7,65.9,1001.6,53.4,221,25
2026-07-03T23:39:44.926Z,3.4,3.4,31.7,65.9,1001.6,53.5,221,14
2026-07-03T23:39:54.930Z,3.4,3.4,31.7,66,1001.6,53.4,221,14
2026-07-03T23:40:04.927Z,4.2,4.6,31.7,66,1001.6,53.5,220,17
2026-07-03T23:40:14.915Z,5,6,31.7,66,1001.6,53.5,221,20
2026-07-03T23:40:24.918Z,3.4,3.4,31.7,66,1001.6,53.5,221,14
2026-07-03T23:40:34.931Z,4.8,4.8,31.7,66,1001.6,53.5,221,20
2026-07-03T23:40:44.918Z,5,6,31.7,66,1001.6,53.5,221,20
2026-07-03T23:40:54.920Z,5,6,31.7,66,1001.6,53.5,221,20
2026-07-03T23:41:04.926Z,4,5,31.7,66,1001.6,53.5,221,16
2026-07-03T23:41:14.940Z,6,6.2,31.7,66,1001.6,53.6,221,25
2026-07-03T23:41:24.925Z,5.2,6.6,31.7,66,1001.6,53.6,221,21
2026-07-03T23:41:34.924Z,4.4,6.4,31.7,66,1001.6,53.6,221,18
2026-07-03T23:41:44.945Z,3.4,5.4,31.7,66,1001.6,53.6,221,14
2026-07-03T23:41:54.929Z,3.8,5.8,31.7,66,1001.6,53.6,221,15
2026-07-03T23:42:04.924Z,5.6,7.4,31.7,66,1001.6,53.6,221,23
2026-07-03T23:42:14.944Z,7.4,8.4,31.7,66,1001.6,53.6,219,30
2026-07-03T23:42:24.925Z,7,8.4,31.7,66,1001.6,53.6,219,29
2026-07-03T23:42:34.940Z,5.4,5.6,31.7,66,1001.6,53.6,219,22
2026-07-03T23:42:44.927Z,5.4,5.8,31.7,66,1001.6,53.6,219,22
2026-07-03T23:42:54.969Z,4.2,4.6,31.7,66,1001.6,53.6,219,17
2026-07-03T23:43:04.922Z,5,6.8,31.7,65.9,1001.6,53.6,219,20
2026-07-03T23:43:14.927Z,4.4,5.4,31.7,65.9,1001.6,53.6,219,18
2026-07-03T23:43:24.938Z,6,8,31.7,65.9,1001.6,53.6,219,25
2026-07-03T23:43:34.926Z,5.8,7.2,31.7,65.9,1001.6,53.5,219,24
2026-07-03T23:43:44.942Z,5.6,5.6,31.7,65.9,1001.6,53.5,219,23
2026-07-03T23:43:54.933Z,6,6.2,31.7,65.9,1001.6,53.4,219,25
2026-07-03T23:44:04.925Z,7.6,8,31.7,65.8,1001.6,53.4,219,31
2026-07-03T23:44:14.926Z,6.6,7.6,31.7,65.8,1001.6,53.4,219,27
2026-07-03T23:44:24.927Z,5.2,7,31.7,65.8,1001.6,53.4,219,21
2026-07-03T23:44:34.956Z,5.8,7.4,31.7,65.8,1001.6,53.4,219,24
2026-07-03T23:44:45.075Z,6.6,10.4,31.7,65.7,1001.6,53.3,220,27
2026-07-03T23:44:54.932Z,6.6,8.8,31.8,65.7,1001.6,53.3,221,27
2026-07-03T23:45:04.922Z,5,6,31.8,65.7,1001.6,53.3,221,20
2026-07-03T23:45:14.910Z,6,6,31.8,65.6,1001.6,53.2,221,25
2026-07-03T23:45:24.924Z,5.8,6.2,31.8,65.6,1001.6,53.2,221,24
2026-07-03T23:45:34.926Z,6.2,6.2,31.8,65.6,1001.6,53.2,219,25
2026-07-03T23:45:44.909Z,7,7.2,31.8,65.5,1001.6,53.2,220,29
2026-07-03T23:45:54.988Z,6.4,7.6,31.8,65.5,1001.6,53.2,219,26
2026-07-03T23:46:04.915Z,6.4,7.8,31.8,65.5,1001.6,53.1,219,26
2026-07-03T23:46:14.946Z,5,6.8,31.8,65.4,1001.6,53.1,219,20
2026-07-03T23:46:24.965Z,6,7.2,31.8,65.4,1001.6,53.1,219,25
2026-07-03T23:46:34.911Z,7,7,31.8,65.4,1001.6,53.1,219,29
2026-07-03T23:46:44.964Z,5.2,6.2,31.8,65.4,1001.6,53.1,219,21
2026-07-03T23:46:54.916Z,5.4,6.6,31.9,65.4,1001.6,53,219,22
2026-07-03T23:47:04.933Z,5.6,7.2,31.9,65.4,1001.6,53,219,23
2026-07-03T23:47:14.980Z,5.8,7.2,31.9,65.4,1001.6,53,219,24
2026-07-03T23:47:24.938Z,5.6,6.6,31.9,65.4,1001.6,52.9,219,23
2026-07-03T23:47:34.956Z,4.2,5.6,31.9,65.4,1001.6,52.9,219,17
2026-07-03T23:47:44.934Z,4.2,5.8,31.9,65.3,1001.6,52.9,219,17
2026-07-03T23:47:54.925Z,3.2,5.2,31.9,65.4,1001.6,52.9,219,13
2026-07-03T23:48:04.943Z,3.6,6,31.9,65.4,1001.6,52.9,219,14
2026-07-03T23:48:14.935Z,5.4,6.8,31.9,65.4,1001.5,52.9,219,22
2026-07-03T23:48:25.016Z,7.2,9.4,31.9,65.4,1001.5,52.9,219,29
2026-07-03T23:48:34.925Z,8.8,11.4,31.9,65.4,1001.5,52.9,219,36
2026-07-03T23:48:44.935Z,7.2,10.6,31.9,65.4,1001.5,52.9,219,29
2026-07-03T23:48:54.933Z,5.8,8.6,31.9,65.3,1001.5,52.9,219,24
2026-07-03T23:49:04.932Z,6.6,7,31.9,65.3,1001.5,52.9,219,27
2026-07-03T23:49:14.928Z,6.8,6.8,31.9,65.3,1001.5,52.9,219,28
2026-07-03T23:49:24.928Z,5.6,7.6,31.9,65.2,1001.5,52.8,218,23
2026-07-03T23:49:34.957Z,6,7,31.9,65.2,1001.5,52.8,218,25
2026-07-03T23:49:44.922Z,4.6,5.6,31.9,65.2,1001.5,52.9,218,19
2026-07-03T23:49:54.930Z,5.6,6.6,31.9,65.2,1001.5,52.8,217,23
2026-07-03T23:50:04.973Z,7.4,7.6,31.9,65.2,1001.5,52.9,217,30
2026-07-03T23:50:14.915Z,5.2,6.6,31.9,65.2,1001.5,52.9,217,21
2026-07-03T23:50:24.971Z,4.6,5.6,31.9,65.2,1001.5,52.9,217,19
2026-07-03T23:50:34.917Z,4,4,31.9,65.2,1001.5,52.9,216,16
2026-07-03T23:50:45.007Z,5.6,5.8,31.9,65.2,1001.5,52.9,216,23
2026-07-03T23:50:54.923Z,3.4,5,31.9,65.2,1001.5,52.9,215,14
2026-07-03T23:51:04.914Z,5,7.8,31.9,65.2,1001.5,52.9,215,20
2026-07-03T23:51:14.918Z,5.6,6.8,31.9,65.2,1001.5,52.9,215,23
2026-07-03T23:51:24.909Z,5,5,31.9,65.2,1001.5,52.9,214,20
2026-07-03T23:51:34.969Z,5.8,6.8,31.9,65.2,1001.5,52.9,215,24
2026-07-03T23:51:44.914Z,4.2,5,31.9,65.2,1001.5,52.9,215,17
2026-07-03T23:51:54.916Z,3.8,4.6,31.9,65.2,1001.5,52.9,214,15
2026-07-03T23:52:04.963Z,4,4.2,31.9,65.2,1001.5,53,214,16
2026-07-03T23:52:14.917Z,5,6,31.9,65.2,1001.5,53,214,20
2026-07-03T23:52:24.945Z,3.6,4.6,31.9,65.2,1001.5,53,214,14
2026-07-03T23:52:34.913Z,2.4,3.2,31.9,65.2,1001.5,53,214,13
2026-07-03T23:52:44.915Z,2.8,3.8,31.9,65.2,1001.5,53,214,13
2026-07-03T23:52:54.941Z,2.6,3.6,31.9,65.2,1001.5,53,215,13
2026-07-03T23:53:04.913Z,3.6,4.6,31.9,65.2,1001.5,53,214,14
2026-07-03T23:53:15.035Z,4.2,5,31.9,65.2,1001.5,53.1,214,17
2026-07-03T23:53:24.910Z,4.4,5,31.9,65.2,1001.5,53.1,214,18
2026-07-03T23:53:34.921Z,4.2,4.6,31.9,65.2,1001.5,53.1,214,17
2026-07-03T23:53:44.925Z,2.8,2.8,31.9,65.2,1001.5,53.1,215,13
2026-07-03T23:53:54.910Z,3.2,3.2,31.9,65.2,1001.5,53.1,215,13
2026-07-03T23:54:04.993Z,2.6,2.8,31.9,65.2,1001.5,53.1,214,13
2026-07-03T23:54:14.930Z,1,2,31.9,65.2,1001.5,53.1,214,13
2026-07-03T23:54:24.957Z,3,3.8,31.9,65.2,1001.5,53.1,214,13
2026-07-03T23:54:34.917Z,4,6,31.9,65.2,1001.5,53.1,214,16
2026-07-03T23:54:44.914Z,3,4.2,31.9,65.2,1001.5,53.1,213,13
2026-07-03T23:54:54.960Z,4.8,5.6,31.9,65.2,1001.5,53.1,214,20
2026-07-03T23:55:04.913Z,3.2,3.2,31.9,65.1,1001.5,53.2,213,13
2026-07-03T23:55:15.034Z,3,3,31.9,65.1,1001.5,53.2,213,13
2026-07-03T23:55:24.921Z,3,3.2,31.9,65.1,1001.5,53.1,213,13
2026-07-03T23:55:34.926Z,2.8,2.8,31.9,65.1,1001.5,53.1,212,13
2026-07-03T23:55:44.932Z,3,3,31.9,65,1001.5,53.1,212,13
2026-07-03T23:55:54.914Z,4,4,31.9,65,1001.5,53.1,212,16
2026-07-03T23:56:05.006Z,4,4.2,31.9,65,1001.5,53.1,212,16
2026-07-03T23:56:14.920Z,3.2,3.2,31.9,64.9,1001.5,53,212,13
2026-07-03T23:56:24.974Z,4.6,5.4,31.9,64.9,1001.5,53,211,19
2026-07-03T23:56:34.919Z,3.2,4.2,32,64.9,1001.5,53,211,13
2026-07-03T23:56:44.923Z,3.4,4.4,32,64.9,1001.5,53,210,14
2026-07-03T23:56:54.981Z,4,5,32,64.8,1001.5,53,210,16
2026-07-03T23:57:04.918Z,3.4,4.4,32,64.8,1001.5,53,211,14
2026-07-03T23:57:14.949Z,2.4,4.4,32,64.8,1001.5,53,210,13
2026-07-03T23:57:24.926Z,2.2,3.2,32,64.8,1001.5,53,210,13
2026-07-03T23:57:34.932Z,3.8,4,32,64.8,1001.5,53,210,15
2026-07-03T23:57:44.953Z,4.2,4.4,32,64.7,1001.5,53,210,17
2026-07-03T23:57:54.922Z,4.4,4.8,32,64.7,1001.5,53.1,210,18
2026-07-03T23:58:05.024Z,2.8,4.4,32,64.7,1001.4,53.1,210,13
2026-07-03T23:58:14.915Z,2,2.4,32,64.7,1001.4,53.1,210,13
2026-07-03T23:58:24.912Z,2.4,3.4,32,64.7,1001.4,53.1,209,13
2026-07-03T23:58:35.020Z,3,3.4,32,64.7,1001.4,53.1,209,13
2026-07-03T23:58:44.912Z,3.4,4,32,64.7,1001.4,53.1,209,14
2026-07-03T23:58:54.930Z,4.8,4.8,32,64.7,1001.4,53.1,209,20
2026-07-03T23:59:04.929Z,3.2,4.2,32,64.7,1001.4,53.1,209,13
2026-07-03T23:59:14.916Z,4,4,32,64.7,1001.4,53.2,209,16
2026-07-03T23:59:24.952Z,3.4,3.4,32,64.7,1001.4,53.2,209,14
2026-07-03T23:59:34.917Z,4,4,32,64.7,1001.4,53.2,209,16
2026-07-03T23:59:44.943Z,4,4,32,64.7,1001.4,53.2,209,16
2026-07-03T23:59:54.916Z,3.2,3.2,32,64.7,1001.4,53.1,209,13
